geo,agr_inp,unit,value
AT,ACS_INET,EUR,7081841120
AT11,ACS_INET,EUR,426684780
AT12,ACS_INET,EUR,2263485710
AT13,ACS_INET,EUR,116880640
AT21,ACS_INET,EUR,362274690
AT22,ACS_INET,EUR,1259690220
AT31,ACS_INET,EUR,1804223270
AT32,ACS_INET,EUR,325865920
AT33,ACS_INET,EUR,380920150
AT34,ACS_INET,EUR,141815760
BE,ACS_INET,EUR,8376670360
BE10,ACS_INET,EUR,6349410
BE21,ACS_INET,EUR,1576795010
BE22,ACS_INET,EUR,769612320
BE23,ACS_INET,EUR,1292774880
BE24,ACS_INET,EUR,418689590
BE25,ACS_INET,EUR,2255279260
BE31,ACS_INET,EUR,199101890
BE32,ACS_INET,EUR,642654270
BE33,ACS_INET,EUR,480236040
BE34,ACS_INET,EUR,308125320
BE35,ACS_INET,EUR,427052370
CY,ACS_INET,EUR,215654860
CY00,ACS_INET,EUR,215654860
CZ,ACS_INET,EUR,6504955260
CZ01,ACS_INET,EUR,21238350
CZ02,ACS_INET,EUR,1160835390
CZ03,ACS_INET,EUR,1044731210
CZ04,ACS_INET,EUR,416766520
CZ05,ACS_INET,EUR,1123042270
CZ06,ACS_INET,EUR,1775832540
CZ07,ACS_INET,EUR,674758990
CZ08,ACS_INET,EUR,287749990
DE,ACS_INET,EUR,49790735590
DE11,ACS_INET,EUR,1441784420
DE12,ACS_INET,EUR,470757130
DE13,ACS_INET,EUR,1022266560
DE14,ACS_INET,EUR,1705081200
DE21,ACS_INET,EUR,2309660520
DE22,ACS_INET,EUR,1739935520
DE23,ACS_INET,EUR,1065474020
DE24,ACS_INET,EUR,652761200
DE25,ACS_INET,EUR,842772480
DE26,ACS_INET,EUR,773498320
DE27,ACS_INET,EUR,1593456800
DE30,ACS_INET,EUR,4191570
DE40,ACS_INET,EUR,2034493220
DE50,ACS_INET,EUR,18752430
DE60,ACS_INET,EUR,146112890
DE71,ACS_INET,EUR,627754330
DE72,ACS_INET,EUR,324537670
DE73,ACS_INET,EUR,649025250
DE80,ACS_INET,EUR,
DE91,ACS_INET,EUR,834476030
DE92,ACS_INET,EUR,
DE93,ACS_INET,EUR,3167676020
DE94,ACS_INET,EUR,6214412940
DEA1,ACS_INET,EUR,1708045350
DEA2,ACS_INET,EUR,977808540
DEA3,ACS_INET,EUR,
DEA4,ACS_INET,EUR,1178422090
DEA5,ACS_INET,EUR,806976110
DEB1,ACS_INET,EUR,467482470
DEB2,ACS_INET,EUR,413508630
DEB3,ACS_INET,EUR,1237058570
DEC0,ACS_INET,EUR,104267730
DED2,ACS_INET,EUR,769950580
DED4,ACS_INET,EUR,751867610
DED5,ACS_INET,EUR,499523320
DEE0,ACS_INET,EUR,2251991260
DEF0,ACS_INET,EUR,3047097430
DEG0,ACS_INET,EUR,1523390860
DK,ACS_INET,EUR,10759025830
DK01,ACS_INET,EUR,286051530
DK02,ACS_INET,EUR,1268650500
DK03,ACS_INET,EUR,3591702810
DK04,ACS_INET,EUR,3353076230
DK05,ACS_INET,EUR,2259544750
EE,ACS_INET,EUR,1005826080
EE00,ACS_INET,EUR,1005826080
FI,ACS_INET,EUR,3426916670
FI19,ACS_INET,EUR,1283401380
FI1B,ACS_INET,EUR,173624250
FI1C,ACS_INET,EUR,837947030
FI1D,ACS_INET,EUR,1105360460
FI20,ACS_INET,EUR,26583550
FR,ACS_INET,EUR,62951271330
FR10,ACS_INET,EUR,989743720
FRB0,ACS_INET,EUR,3788701200
FRC1,ACS_INET,EUR,3514380350
FRC2,ACS_INET,EUR,1113520630
FRD1,ACS_INET,EUR,2664994800
FRD2,ACS_INET,EUR,1824799850
FRE1,ACS_INET,EUR,2829197260
FRE2,ACS_INET,EUR,3131408350
FRF1,ACS_INET,EUR,1353464610
FRF2,ACS_INET,EUR,4707059870
FRF3,ACS_INET,EUR,1611214440
FRG0,ACS_INET,EUR,6148289410
FRH0,ACS_INET,EUR,6955901920
FRI1,ACS_INET,EUR,4811750580
FRI2,ACS_INET,EUR,891232050
FRI3,ACS_INET,EUR,3761476210
FRJ1,ACS_INET,EUR,2183806320
FRJ2,ACS_INET,EUR,3035250630
FRK1,ACS_INET,EUR,1551627460
FRK2,ACS_INET,EUR,2970484610
FRL0,ACS_INET,EUR,2561539740
FRM0,ACS_INET,EUR,218566520
FRY1,ACS_INET,EUR,41255480
FRY2,ACS_INET,EUR,95772540
FRY3,ACS_INET,EUR,11017710
FRY4,ACS_INET,EUR,184031370
FRY5,ACS_INET,EUR,783700
HR,ACS_INET,EUR,1933267070
HR02,ACS_INET,EUR,1225407430
HR03,ACS_INET,EUR,234863230
HR05,ACS_INET,EUR,19225330
HR06,ACS_INET,EUR,453771080
HU,ACS_INET,EUR,7544898330
HU11,ACS_INET,EUR,11389860
HU12,ACS_INET,EUR,397679250
HU21,ACS_INET,EUR,888046350
HU22,ACS_INET,EUR,940444870
HU23,ACS_INET,EUR,1093715020
HU31,ACS_INET,EUR,636277170
HU32,ACS_INET,EUR,1774328950
HU33,ACS_INET,EUR,1803016860
IE,ACS_INET,EUR,9865711050
IE04,ACS_INET,EUR,1963975210
IE05,ACS_INET,EUR,5428849230
IE06,ACS_INET,EUR,2472886600
LU,ACS_INET,EUR,373841970
LU00,ACS_INET,EUR,373841970
LV,ACS_INET,EUR,1773804030
LV00,ACS_INET,EUR,1773804030
MT,ACS_INET,EUR,42993390
MT00,ACS_INET,EUR,42993390
NL,ACS_INET,EUR,21795480400
NL11,ACS_INET,EUR,1041521730
NL12,ACS_INET,EUR,1708930850
NL13,ACS_INET,EUR,1170078490
NL21,ACS_INET,EUR,2033760650
NL22,ACS_INET,EUR,2773694910
NL23,ACS_INET,EUR,1191927850
NL32,ACS_INET,EUR,1551719530
NL34,ACS_INET,EUR,746371430
NL35,ACS_INET,EUR,633009600
NL36,ACS_INET,EUR,3133744260
NL41,ACS_INET,EUR,4206651280
NL42,ACS_INET,EUR,1604069820
NO,ACS_INET,EUR,3999741100
NO02,ACS_INET,EUR,750051660
NO06,ACS_INET,EUR,696298040
NO07,ACS_INET,EUR,254273990
NO08,ACS_INET,EUR,682368940
NO09,ACS_INET,EUR,456760450
NO0A,ACS_INET,EUR,1159988020
PT,ACS_INET,EUR,1920746300
PT11,ACS_INET,EUR,241385470
PT15,ACS_INET,EUR,
PT19,ACS_INET,EUR,203642910
PT1A,ACS_INET,EUR,51441570
PT1B,ACS_INET,EUR,58696480
PT1C,ACS_INET,EUR,560223670
PT1D,ACS_INET,EUR,543614310
PT20,ACS_INET,EUR,80731480
PT30,ACS_INET,EUR,6244070
RO,ACS_INET,EUR,5896955520
RO11,ACS_INET,EUR,1038387560
RO12,ACS_INET,EUR,734598110
RO21,ACS_INET,EUR,793754010
RO22,ACS_INET,EUR,1174899590
RO31,ACS_INET,EUR,1071061250
RO32,ACS_INET,EUR,28699180
RO41,ACS_INET,EUR,261142100
RO42,ACS_INET,EUR,794413740
SE,ACS_INET,EUR,5827547050
SE11,ACS_INET,EUR,114854670
SE12,ACS_INET,EUR,1244579260
SE21,ACS_INET,EUR,1073944670
SE22,ACS_INET,EUR,1422652090
SE23,ACS_INET,EUR,1327299600
SE31,ACS_INET,EUR,324349540
SE32,ACS_INET,EUR,147954150
SE33,ACS_INET,EUR,171913070
SK,ACS_INET,EUR,2244398130
SK01,ACS_INET,EUR,128794980
SK02,ACS_INET,EUR,1175689880
SK03,ACS_INET,EUR,452161170
SK04,ACS_INET,EUR,487752110
AT,ACS_INET,HA,2438880
AT11,ACS_INET,HA,166640
AT12,ACS_INET,HA,843950
AT13,ACS_INET,HA,6220
AT21,ACS_INET,HA,190090
AT22,ACS_INET,HA,325190
AT31,ACS_INET,HA,481810
AT32,ACS_INET,HA,152530
AT33,ACS_INET,HA,208520
AT34,ACS_INET,HA,63930
BE,ACS_INET,HA,1104730
BE10,ACS_INET,HA,2640
BE21,ACS_INET,HA,82100
BE22,ACS_INET,HA,73170
BE23,ACS_INET,HA,130240
BE24,ACS_INET,HA,71410
BE25,ACS_INET,HA,179510
BE31,ACS_INET,HA,56850
BE32,ACS_INET,HA,164310
BE33,ACS_INET,HA,122910
BE34,ACS_INET,HA,100220
BE35,ACS_INET,HA,121380
CY,ACS_INET,HA,14810
CY00,ACS_INET,HA,14810
CZ,ACS_INET,HA,3482320
CZ01,ACS_INET,HA,16340
CZ02,ACS_INET,HA,543160
CZ03,ACS_INET,HA,729580
CZ04,ACS_INET,HA,302080
CZ05,ACS_INET,HA,560080
CZ06,ACS_INET,HA,724130
CZ07,ACS_INET,HA,393690
CZ08,ACS_INET,HA,213240
DE,ACS_INET,HA,16349380
DE11,ACS_INET,HA,451190
DE12,ACS_INET,HA,201080
DE13,ACS_INET,HA,312480
DE14,ACS_INET,HA,415840
DE21,ACS_INET,HA,725710
DE22,ACS_INET,HA,487540
DE23,ACS_INET,HA,377850
DE24,ACS_INET,HA,299060
DE25,ACS_INET,HA,296580
DE26,ACS_INET,HA,338190
DE27,ACS_INET,HA,491970
DE30,ACS_INET,HA,1910
DE40,ACS_INET,HA,1288390
DE50,ACS_INET,HA,7700
DE60,ACS_INET,HA,13990
DE71,ACS_INET,HA,236680
DE72,ACS_INET,HA,197800
DE73,ACS_INET,HA,323720
DE80,ACS_INET,HA,1338940
DE91,ACS_INET,HA,382160
DE92,ACS_INET,HA,465740
DE93,ACS_INET,HA,807420
DE94,ACS_INET,HA,898310
DEA1,ACS_INET,HA,219490
DEA2,ACS_INET,HA,274860
DEA3,ACS_INET,HA,392400
DEA4,ACS_INET,HA,316430
DEA5,ACS_INET,HA,248250
DEB1,ACS_INET,HA,253560
DEB2,ACS_INET,HA,175340
DEB3,ACS_INET,HA,270800
DEC0,ACS_INET,HA,70190
DED2,ACS_INET,HA,352150
DED4,ACS_INET,HA,307170
DED5,ACS_INET,HA,227890
DEE0,ACS_INET,HA,1139150
DEF0,ACS_INET,HA,976700
DEG0,ACS_INET,HA,764730
DK,ACS_INET,HA,2627260
DK01,ACS_INET,HA,108340
DK02,ACS_INET,HA,469550
DK03,ACS_INET,HA,774650
DK04,ACS_INET,HA,781310
DK05,ACS_INET,HA,493410
EE,ACS_INET,HA,936520
EE00,ACS_INET,HA,936520
FI,ACS_INET,HA,2143270
FI19,ACS_INET,HA,735990
FI1B,ACS_INET,HA,171590
FI1C,ACS_INET,HA,582670
FI1D,ACS_INET,HA,640640
FI20,ACS_INET,HA,12370
FR,ACS_INET,HA,24102130
FR10,ACS_INET,HA,514830
FRB0,ACS_INET,HA,2095750
FRC1,ACS_INET,HA,1626700
FRC2,ACS_INET,HA,580060
FRD1,ACS_INET,HA,1020180
FRD2,ACS_INET,HA,711730
FRE1,ACS_INET,HA,760870
FRE2,ACS_INET,HA,1259790
FRF1,ACS_INET,HA,314420
FRF2,ACS_INET,HA,1468910
FRF3,ACS_INET,HA,1065330
FRG0,ACS_INET,HA,1828330
FRH0,ACS_INET,HA,1351640
FRI1,ACS_INET,HA,1259390
FRI2,ACS_INET,HA,705880
FRI3,ACS_INET,HA,1470620
FRJ1,ACS_INET,HA,751470
FRJ2,ACS_INET,HA,2117930
FRK1,ACS_INET,HA,1230470
FRK2,ACS_INET,HA,1166190
FRL0,ACS_INET,HA,688260
FRM0,ACS_INET,HA,82570
FRY1,ACS_INET,HA,4110
FRY2,ACS_INET,HA,9830
FRY3,ACS_INET,HA,2760
FRY4,ACS_INET,HA,14070
FRY5,ACS_INET,HA,40
HR,ACS_INET,HA,1020760
HR02,ACS_INET,HA,656910
HR03,ACS_INET,HA,174330
HR05,ACS_INET,HA,7910
HR06,ACS_INET,HA,181610
HU,ACS_INET,HA,4727880
HU11,ACS_INET,HA,3090
HU12,ACS_INET,HA,266480
HU21,ACS_INET,HA,567180
HU22,ACS_INET,HA,510860
HU23,ACS_INET,HA,656800
HU31,ACS_INET,HA,562830
HU32,ACS_INET,HA,1026060
HU33,ACS_INET,HA,1134580
IE,ACS_INET,HA,5284960
IE04,ACS_INET,HA,1749960
IE05,ACS_INET,HA,2405530
IE06,ACS_INET,HA,1129470
LU,ACS_INET,HA,124500
LU00,ACS_INET,HA,124500
LV,ACS_INET,HA,1948660
LV00,ACS_INET,HA,1948660
MT,ACS_INET,HA,2160
MT00,ACS_INET,HA,2160
NL,ACS_INET,HA,1398210
NL11,ACS_INET,HA,123090
NL12,ACS_INET,HA,195510
NL13,ACS_INET,HA,116090
NL21,ACS_INET,HA,157550
NL22,ACS_INET,HA,169340
NL23,ACS_INET,HA,73470
NL32,ACS_INET,HA,97590
NL34,ACS_INET,HA,80530
NL35,ACS_INET,HA,57760
NL36,ACS_INET,HA,92140
NL41,ACS_INET,HA,170760
NL42,ACS_INET,HA,64380
NO,ACS_INET,HA,980300
NO02,ACS_INET,HA,202210
NO06,ACS_INET,HA,163610
NO07,ACS_INET,HA,87580
NO08,ACS_INET,HA,203800
NO09,ACS_INET,HA,94280
NO0A,ACS_INET,HA,228810
PT,ACS_INET,HA,476490
PT11,ACS_INET,HA,37700
PT15,ACS_INET,HA,7140
PT19,ACS_INET,HA,15660
PT1A,ACS_INET,HA,5950
PT1B,ACS_INET,HA,12020
PT1C,ACS_INET,HA,291970
PT1D,ACS_INET,HA,98620
PT20,ACS_INET,HA,7350
PT30,ACS_INET,HA,90
RO,ACS_INET,HA,5102440
RO11,ACS_INET,HA,822180
RO12,ACS_INET,HA,548980
RO21,ACS_INET,HA,669370
RO22,ACS_INET,HA,1097310
RO31,ACS_INET,HA,1045030
RO32,ACS_INET,HA,29510
RO41,ACS_INET,HA,250370
RO42,ACS_INET,HA,639690
SE,ACS_INET,HA,2798970
SE11,ACS_INET,HA,75930
SE12,ACS_INET,HA,702300
SE21,ACS_INET,HA,479920
SE22,ACS_INET,HA,518520
SE23,ACS_INET,HA,599900
SE31,ACS_INET,HA,223420
SE32,ACS_INET,HA,100000
SE33,ACS_INET,HA,98980
SK,ACS_INET,HA,1802380
SK01,ACS_INET,HA,67870
SK02,ACS_INET,HA,799670
SK03,ACS_INET,HA,417760
SK04,ACS_INET,HA,517080
AT,ACS_INET,HLD,91420
AT11,ACS_INET,HLD,4450
AT12,ACS_INET,HLD,24670
AT13,ACS_INET,HLD,400
AT21,ACS_INET,HLD,8020
AT22,ACS_INET,HLD,17400
AT31,ACS_INET,HLD,19370
AT32,ACS_INET,HLD,6160
AT33,ACS_INET,HLD,8680
AT34,ACS_INET,HLD,2280
BE,ACS_INET,HLD,26040
BE10,ACS_INET,HLD,60
BE21,ACS_INET,HLD,2820
BE22,ACS_INET,HLD,2150
BE23,ACS_INET,HLD,4550
BE24,ACS_INET,HLD,1910
BE25,ACS_INET,HLD,6140
BE31,ACS_INET,HLD,780
BE32,ACS_INET,HLD,2610
BE33,ACS_INET,HLD,2140
BE34,ACS_INET,HLD,1330
BE35,ACS_INET,HLD,1550
CY,ACS_INET,HLD,1470
CY00,ACS_INET,HLD,1470
CZ,ACS_INET,HLD,31030
CZ01,ACS_INET,HLD,250
CZ02,ACS_INET,HLD,4070
CZ03,ACS_INET,HLD,5480
CZ04,ACS_INET,HLD,2160
CZ05,ACS_INET,HLD,4650
CZ06,ACS_INET,HLD,8610
CZ07,ACS_INET,HLD,3610
CZ08,ACS_INET,HLD,2200
DE,ACS_INET,HLD,246130
DE11,ACS_INET,HLD,11560
DE12,ACS_INET,HLD,4110
DE13,ACS_INET,HLD,11110
DE14,ACS_INET,HLD,9590
DE21,ACS_INET,HLD,21130
DE22,ACS_INET,HLD,13370
DE23,ACS_INET,HLD,9750
DE24,ACS_INET,HLD,6770
DE25,ACS_INET,HLD,7240
DE26,ACS_INET,HLD,7330
DE27,ACS_INET,HLD,12860
DE30,ACS_INET,HLD,50
DE40,ACS_INET,HLD,5100
DE50,ACS_INET,HLD,130
DE60,ACS_INET,HLD,510
DE71,ACS_INET,HLD,5050
DE72,ACS_INET,HLD,3660
DE73,ACS_INET,HLD,6290
DE80,ACS_INET,HLD,4590
DE91,ACS_INET,HLD,3570
DE92,ACS_INET,HLD,5290
DE93,ACS_INET,HLD,9870
DE94,ACS_INET,HLD,14400
DEA1,ACS_INET,HLD,4810
DEA2,ACS_INET,HLD,4830
DEA3,ACS_INET,HLD,10030
DEA4,ACS_INET,HLD,6860
DEA5,ACS_INET,HLD,5660
DEB1,ACS_INET,HLD,4940
DEB2,ACS_INET,HLD,3670
DEB3,ACS_INET,HLD,6120
DEC0,ACS_INET,HLD,1020
DED2,ACS_INET,HLD,2380
DED4,ACS_INET,HLD,2500
DED5,ACS_INET,HLD,1140
DEE0,ACS_INET,HLD,3920
DEF0,ACS_INET,HLD,11600
DEG0,ACS_INET,HLD,3320
DK,ACS_INET,HLD,31310
DK01,ACS_INET,HLD,2000
DK02,ACS_INET,HLD,4960
DK03,ACS_INET,HLD,8660
DK04,ACS_INET,HLD,9530
DK05,ACS_INET,HLD,6170
EE,ACS_INET,HLD,9380
EE00,ACS_INET,HLD,9380
FI,ACS_INET,HLD,37720
FI19,ACS_INET,HLD,14260
FI1B,ACS_INET,HLD,2620
FI1C,ACS_INET,HLD,8930
FI1D,ACS_INET,HLD,11630
FI20,ACS_INET,HLD,280
FR,ACS_INET,HLD,280290
FR10,ACS_INET,HLD,3500
FRB0,ACS_INET,HLD,15440
FRC1,ACS_INET,HLD,13460
FRC2,ACS_INET,HLD,5100
FRD1,ACS_INET,HLD,10820
FRD2,ACS_INET,HLD,6330
FRE1,ACS_INET,HLD,9350
FRE2,ACS_INET,HLD,9850
FRF1,ACS_INET,HLD,7540
FRF2,ACS_INET,HLD,17660
FRF3,ACS_INET,HLD,7500
FRG0,ACS_INET,HLD,19610
FRH0,ACS_INET,HLD,18640
FRI1,ACS_INET,HLD,22650
FRI2,ACS_INET,HLD,7330
FRI3,ACS_INET,HLD,14910
FRJ1,ACS_INET,HLD,16430
FRJ2,ACS_INET,HLD,26110
FRK1,ACS_INET,HLD,13060
FRK2,ACS_INET,HLD,19340
FRL0,ACS_INET,HLD,11920
FRM0,ACS_INET,HLD,1240
FRY1,ACS_INET,HLD,450
FRY2,ACS_INET,HLD,300
FRY3,ACS_INET,HLD,100
FRY4,ACS_INET,HLD,1650
FRY5,ACS_INET,HLD,5
HR,ACS_INET,HLD,94970
HR02,ACS_INET,HLD,39490
HR03,ACS_INET,HLD,26450
HR05,ACS_INET,HLD,1760
HR06,ACS_INET,HLD,27280
HU,ACS_INET,HLD,149270
HU11,ACS_INET,HLD,230
HU12,ACS_INET,HLD,9170
HU21,ACS_INET,HLD,15330
HU22,ACS_INET,HLD,14770
HU23,ACS_INET,HLD,17020
HU31,ACS_INET,HLD,16410
HU32,ACS_INET,HLD,36700
HU33,ACS_INET,HLD,39640
IE,ACS_INET,HLD,96160
IE04,ACS_INET,HLD,39330
IE05,ACS_INET,HLD,39010
IE06,ACS_INET,HLD,17820
LU,ACS_INET,HLD,1610
LU00,ACS_INET,HLD,1610
LV,ACS_INET,HLD,51190
LV00,ACS_INET,HLD,51190
MT,ACS_INET,HLD,1470
MT00,ACS_INET,HLD,1470
NL,ACS_INET,HLD,28520
NL11,ACS_INET,HLD,1470
NL12,ACS_INET,HLD,2850
NL13,ACS_INET,HLD,1580
NL21,ACS_INET,HLD,3880
NL22,ACS_INET,HLD,4520
NL23,ACS_INET,HLD,1120
NL32,ACS_INET,HLD,1790
NL34,ACS_INET,HLD,1270
NL35,ACS_INET,HLD,1410
NL36,ACS_INET,HLD,2350
NL41,ACS_INET,HLD,4680
NL42,ACS_INET,HLD,1600
NO,ACS_INET,HLD,36800
NO02,ACS_INET,HLD,6610
NO06,ACS_INET,HLD,5240
NO07,ACS_INET,HLD,2800
NO08,ACS_INET,HLD,5930
NO09,ACS_INET,HLD,4240
NO0A,ACS_INET,HLD,11970
PT,ACS_INET,HLD,6500
PT11,ACS_INET,HLD,2220
PT15,ACS_INET,HLD,320
PT19,ACS_INET,HLD,910
PT1A,ACS_INET,HLD,100
PT1B,ACS_INET,HLD,90
PT1C,ACS_INET,HLD,1420
PT1D,ACS_INET,HLD,1130
PT20,ACS_INET,HLD,160
PT30,ACS_INET,HLD,140
RO,ACS_INET,HLD,574600
RO11,ACS_INET,HLD,165100
RO12,ACS_INET,HLD,68010
RO21,ACS_INET,HLD,88210
RO22,ACS_INET,HLD,59040
RO31,ACS_INET,HLD,95430
RO32,ACS_INET,HLD,3510
RO41,ACS_INET,HLD,35300
RO42,ACS_INET,HLD,60000
SE,ACS_INET,HLD,49290
SE11,ACS_INET,HLD,1550
SE12,ACS_INET,HLD,9450
SE21,ACS_INET,HLD,7950
SE22,ACS_INET,HLD,7560
SE23,ACS_INET,HLD,11620
SE31,ACS_INET,HLD,5650
SE32,ACS_INET,HLD,2710
SE33,ACS_INET,HLD,2810
SK,ACS_INET,HLD,16770
SK01,ACS_INET,HLD,560
SK02,ACS_INET,HLD,6490
SK03,ACS_INET,HLD,5120
SK04,ACS_INET,HLD,4610
AT,ACS_INET,LSU,2129080
AT11,ACS_INET,LSU,27770
AT12,ACS_INET,LSU,502560
AT13,ACS_INET,LSU,80
AT21,ACS_INET,LSU,164890
AT22,ACS_INET,LSU,436050
AT31,ACS_INET,LSU,685710
AT32,ACS_INET,LSU,124850
AT33,ACS_INET,LSU,135790
AT34,ACS_INET,LSU,51370
BE,ACS_INET,LSU,3022320
BE10,ACS_INET,LSU,140
BE21,ACS_INET,LSU,506380
BE22,ACS_INET,LSU,182000
BE23,ACS_INET,LSU,475620
BE24,ACS_INET,LSU,91440
BE25,ACS_INET,LSU,1059210
BE31,ACS_INET,LSU,29520
BE32,ACS_INET,LSU,194510
BE33,ACS_INET,LSU,160620
BE34,ACS_INET,LSU,164660
BE35,ACS_INET,LSU,158240
CY,ACS_INET,LSU,78840
CY00,ACS_INET,LSU,78840
CZ,ACS_INET,LSU,1618750
CZ01,ACS_INET,LSU,5170
CZ02,ACS_INET,LSU,275770
CZ03,ACS_INET,LSU,363420
CZ04,ACS_INET,LSU,94750
CZ05,ACS_INET,LSU,308850
CZ06,ACS_INET,LSU,343190
CZ07,ACS_INET,LSU,144060
CZ08,ACS_INET,LSU,83550
DE,ACS_INET,LSU,14862750
DE11,ACS_INET,LSU,401440
DE12,ACS_INET,LSU,70950
DE13,ACS_INET,LSU,172080
DE14,ACS_INET,LSU,404950
DE21,ACS_INET,LSU,717600
DE22,ACS_INET,LSU,563790
DE23,ACS_INET,LSU,364770
DE24,ACS_INET,LSU,189370
DE25,ACS_INET,LSU,288570
DE26,ACS_INET,LSU,132170
DE27,ACS_INET,LSU,561880
DE30,ACS_INET,LSU,430
DE40,ACS_INET,LSU,530430
DE50,ACS_INET,LSU,6230
DE60,ACS_INET,LSU,4620
DE71,ACS_INET,LSU,95650
DE72,ACS_INET,LSU,105380
DE73,ACS_INET,LSU,227440
DE80,ACS_INET,LSU,556780
DE91,ACS_INET,LSU,80270
DE92,ACS_INET,LSU,395820
DE93,ACS_INET,LSU,869580
DE94,ACS_INET,LSU,2911810
DEA1,ACS_INET,LSU,290210
DEA2,ACS_INET,LSU,169660
DEA3,ACS_INET,LSU,1275670
DEA4,ACS_INET,LSU,501050
DEA5,ACS_INET,LSU,313190
DEB1,ACS_INET,LSU,94410
DEB2,ACS_INET,LSU,120930
DEB3,ACS_INET,LSU,45860
DEC0,ACS_INET,LSU,31390
DED2,ACS_INET,LSU,171950
DED4,ACS_INET,LSU,208090
DED5,ACS_INET,LSU,104080
DEE0,ACS_INET,LSU,518800
DEF0,ACS_INET,LSU,1006310
DEG0,ACS_INET,LSU,359150
DK,ACS_INET,LSU,3592300
DK01,ACS_INET,LSU,79210
DK02,ACS_INET,LSU,309590
DK03,ACS_INET,LSU,1160490
DK04,ACS_INET,LSU,1183490
DK05,ACS_INET,LSU,859530
EE,ACS_INET,LSU,271590
EE00,ACS_INET,LSU,271590
FI,ACS_INET,LSU,865950
FI19,ACS_INET,LSU,351230
FI1B,ACS_INET,LSU,20320
FI1C,ACS_INET,LSU,187810
FI1D,ACS_INET,LSU,301640
FI20,ACS_INET,LSU,4950
FR,ACS_INET,LSU,17457580
FR10,ACS_INET,LSU,34920
FRB0,ACS_INET,LSU,557960
FRC1,ACS_INET,LSU,837110
FRC2,ACS_INET,LSU,421080
FRD1,ACS_INET,LSU,1201760
FRD2,ACS_INET,LSU,436500
FRE1,ACS_INET,LSU,641800
FRE2,ACS_INET,LSU,399640
FRF1,ACS_INET,LSU,218120
FRF2,ACS_INET,LSU,442150
FRF3,ACS_INET,LSU,610290
FRG0,ACS_INET,LSU,2746810
FRH0,ACS_INET,LSU,3526920
FRI1,ACS_INET,LSU,746800
FRI2,ACS_INET,LSU,687740
FRI3,ACS_INET,LSU,711220
FRJ1,ACS_INET,LSU,176810
FRJ2,ACS_INET,LSU,1027950
FRK1,ACS_INET,LSU,1018350
FRK2,ACS_INET,LSU,799280
FRL0,ACS_INET,LSU,124890
FRM0,ACS_INET,LSU,29590
FRY1,ACS_INET,LSU,4000
FRY2,ACS_INET,LSU,7080
FRY3,ACS_INET,LSU,
FRY4,ACS_INET,LSU,45630
FRY5,ACS_INET,LSU,
HR,ACS_INET,LSU,586060
HR02,ACS_INET,LSU,339010
HR03,ACS_INET,LSU,76640
HR05,ACS_INET,LSU,5340
HR06,ACS_INET,LSU,165070
HU,ACS_INET,LSU,1878590
HU11,ACS_INET,LSU,370
HU12,ACS_INET,LSU,78120
HU21,ACS_INET,LSU,226190
HU22,ACS_INET,LSU,226410
HU23,ACS_INET,LSU,277040
HU31,ACS_INET,LSU,129720
HU32,ACS_INET,LSU,500100
HU33,ACS_INET,LSU,440640
IE,ACS_INET,LSU,7245750
IE04,ACS_INET,LSU,1891460
IE05,ACS_INET,LSU,3684410
IE06,ACS_INET,LSU,1669880
LU,ACS_INET,LSU,149380
LU00,ACS_INET,LSU,149380
LV,ACS_INET,LSU,444830
LV00,ACS_INET,LSU,444830
MT,ACS_INET,LSU,15710
MT00,ACS_INET,LSU,15710
NL,ACS_INET,LSU,5162070
NL11,ACS_INET,LSU,219230
NL12,ACS_INET,LSU,468730
NL13,ACS_INET,LSU,245550
NL21,ACS_INET,LSU,735090
NL22,ACS_INET,LSU,907130
NL23,ACS_INET,LSU,96220
NL32,ACS_INET,LSU,132760
NL34,ACS_INET,LSU,63230
NL35,ACS_INET,LSU,197850
NL36,ACS_INET,LSU,138420
NL41,ACS_INET,LSU,1448800
NL42,ACS_INET,LSU,509050
NO,ACS_INET,LSU,1226790
NO02,ACS_INET,LSU,233010
NO06,ACS_INET,LSU,238750
NO07,ACS_INET,LSU,100140
NO08,ACS_INET,LSU,130080
NO09,ACS_INET,LSU,97280
NO0A,ACS_INET,LSU,427530
PT,ACS_INET,LSU,583730
PT11,ACS_INET,LSU,72640
PT15,ACS_INET,LSU,430
PT19,ACS_INET,LSU,96450
PT1A,ACS_INET,LSU,5760
PT1B,ACS_INET,LSU,12540
PT1C,ACS_INET,LSU,99300
PT1D,ACS_INET,LSU,263520
PT20,ACS_INET,LSU,31190
PT30,ACS_INET,LSU,1900
RO,ACS_INET,LSU,1556430
RO11,ACS_INET,LSU,358230
RO12,ACS_INET,LSU,334900
RO21,ACS_INET,LSU,202720
RO22,ACS_INET,LSU,221700
RO31,ACS_INET,LSU,150770
RO32,ACS_INET,LSU,2410
RO41,ACS_INET,LSU,32300
RO42,ACS_INET,LSU,253400
SE,ACS_INET,LSU,1575310
SE11,ACS_INET,LSU,17030
SE12,ACS_INET,LSU,319480
SE21,ACS_INET,LSU,375130
SE22,ACS_INET,LSU,302280
SE23,ACS_INET,LSU,379400
SE31,ACS_INET,LSU,89470
SE32,ACS_INET,LSU,46730
SE33,ACS_INET,LSU,45800
SK,ACS_INET,LSU,532080
SK01,ACS_INET,LSU,23580
SK02,ACS_INET,LSU,224830
SK03,ACS_INET,LSU,159210
SK04,ACS_INET,LSU,124460
AT,MAC_LSM,EUR,3946215460
AT11,MAC_LSM,EUR,64198470
AT12,MAC_LSM,EUR,1036460610
AT13,MAC_LSM,EUR,
AT21,MAC_LSM,EUR,252994160
AT22,MAC_LSM,EUR,778239470
AT31,MAC_LSM,EUR,1344529760
AT32,MAC_LSM,EUR,199346970
AT33,MAC_LSM,EUR,186453670
AT34,MAC_LSM,EUR,81900990
BE,MAC_LSM,EUR,4892040260
BE10,MAC_LSM,EUR,
BE21,MAC_LSM,EUR,865613730
BE22,MAC_LSM,EUR,358141820
BE23,MAC_LSM,EUR,775382190
BE24,MAC_LSM,EUR,185419780
BE25,MAC_LSM,EUR,1528375110
BE31,MAC_LSM,EUR,61897840
BE32,MAC_LSM,EUR,341753300
BE33,MAC_LSM,EUR,303468910
BE34,MAC_LSM,EUR,219134810
BE35,MAC_LSM,EUR,252323470
CY,MAC_LSM,EUR,344083380
CY00,MAC_LSM,EUR,344083380
CZ,MAC_LSM,EUR,3461632210
CZ01,MAC_LSM,EUR,6581480
CZ02,MAC_LSM,EUR,570963170
CZ03,MAC_LSM,EUR,676401660
CZ04,MAC_LSM,EUR,112129500
CZ05,MAC_LSM,EUR,654670220
CZ06,MAC_LSM,EUR,908050350
CZ07,MAC_LSM,EUR,386520510
CZ08,MAC_LSM,EUR,146315310
DE,MAC_LSM,EUR,30029806150
DE11,MAC_LSM,EUR,799657220
DE12,MAC_LSM,EUR,164309050
DE13,MAC_LSM,EUR,316734970
DE14,MAC_LSM,EUR,843581750
DE21,MAC_LSM,EUR,1371957830
DE22,MAC_LSM,EUR,1049573010
DE23,MAC_LSM,EUR,773606970
DE24,MAC_LSM,EUR,457078880
DE25,MAC_LSM,EUR,612129570
DE26,MAC_LSM,EUR,299092990
DE27,MAC_LSM,EUR,1044676290
DE30,MAC_LSM,EUR,358020
DE40,MAC_LSM,EUR,
DE50,MAC_LSM,EUR,12288920
DE60,MAC_LSM,EUR,9361500
DE71,MAC_LSM,EUR,212383250
DE72,MAC_LSM,EUR,204327850
DE73,MAC_LSM,EUR,444232870
DE80,MAC_LSM,EUR,
DE91,MAC_LSM,EUR,250495170
DE92,MAC_LSM,EUR,
DE93,MAC_LSM,EUR,1984484870
DE94,MAC_LSM,EUR,5067293060
DEA1,MAC_LSM,EUR,649344250
DEA2,MAC_LSM,EUR,380157740
DEA3,MAC_LSM,EUR,
DEA4,MAC_LSM,EUR,881031750
DEA5,MAC_LSM,EUR,584448080
DEB1,MAC_LSM,EUR,188843770
DEB2,MAC_LSM,EUR,246845120
DEB3,MAC_LSM,EUR,105568780
DEC0,MAC_LSM,EUR,62253680
DED2,MAC_LSM,EUR,499107030
DED4,MAC_LSM,EUR,594864550
DED5,MAC_LSM,EUR,283440180
DEE0,MAC_LSM,EUR,1258440910
DEF0,MAC_LSM,EUR,1961596130
DEG0,MAC_LSM,EUR,954996820
DK,MAC_LSM,EUR,7826865730
DK01,MAC_LSM,EUR,176581720
DK02,MAC_LSM,EUR,652476280
DK03,MAC_LSM,EUR,2652059850
DK04,MAC_LSM,EUR,2538336230
DK05,MAC_LSM,EUR,1807411650
EE,MAC_LSM,EUR,558171480
EE00,MAC_LSM,EUR,558171480
FI,MAC_LSM,EUR,1810041770
FI19,MAC_LSM,EUR,684388090
FI1B,MAC_LSM,EUR,44893540
FI1C,MAC_LSM,EUR,333304600
FI1D,MAC_LSM,EUR,741720810
FI20,MAC_LSM,EUR,5734730
FR,MAC_LSM,EUR,28705905460
FR10,MAC_LSM,EUR,79953860
FRB0,MAC_LSM,EUR,958563530
FRC1,MAC_LSM,EUR,1143441190
FRC2,MAC_LSM,EUR,922327140
FRD1,MAC_LSM,EUR,2046101320
FRD2,MAC_LSM,EUR,894053730
FRE1,MAC_LSM,EUR,1420347020
FRE2,MAC_LSM,EUR,900334330
FRF1,MAC_LSM,EUR,433506630
FRF2,MAC_LSM,EUR,869903070
FRF3,MAC_LSM,EUR,1121442750
FRG0,MAC_LSM,EUR,4586351000
FRH0,MAC_LSM,EUR,6173489670
FRI1,MAC_LSM,EUR,1096028740
FRI2,MAC_LSM,EUR,637431610
FRI3,MAC_LSM,EUR,1199224800
FRJ1,MAC_LSM,EUR,170378720
FRJ2,MAC_LSM,EUR,1373218520
FRK1,MAC_LSM,EUR,1140226080
FRK2,MAC_LSM,EUR,1291190190
FRL0,MAC_LSM,EUR,99617590
FRM0,MAC_LSM,EUR,11942710
FRY1,MAC_LSM,EUR,11854980
FRY2,MAC_LSM,EUR,15136940
FRY3,MAC_LSM,EUR,
FRY4,MAC_LSM,EUR,105947430
FRY5,MAC_LSM,EUR,
HR,MAC_LSM,EUR,824775560
HR02,MAC_LSM,EUR,543865920
HR03,MAC_LSM,EUR,57240190
HR05,MAC_LSM,EUR,5418730
HR06,MAC_LSM,EUR,218250730
HU,MAC_LSM,EUR,3357236840
HU11,MAC_LSM,EUR,
HU12,MAC_LSM,EUR,
HU21,MAC_LSM,EUR,421434220
HU22,MAC_LSM,EUR,460809710
HU23,MAC_LSM,EUR,505883520
HU31,MAC_LSM,EUR,242518350
HU32,MAC_LSM,EUR,814920630
HU33,MAC_LSM,EUR,748102930
LU,MAC_LSM,EUR,305958700
LU00,MAC_LSM,EUR,305958700
LV,MAC_LSM,EUR,554415590
LV00,MAC_LSM,EUR,554415590
MT,MAC_LSM,EUR,40682230
MT00,MAC_LSM,EUR,40682230
NL,MAC_LSM,EUR,13147034890
NL11,MAC_LSM,EUR,683705710
NL12,MAC_LSM,EUR,1446341230
NL13,MAC_LSM,EUR,777296230
NL21,MAC_LSM,EUR,1887896900
NL22,MAC_LSM,EUR,2211219610
NL23,MAC_LSM,EUR,334265500
NL32,MAC_LSM,EUR,416446160
NL34,MAC_LSM,EUR,209748520
NL35,MAC_LSM,EUR,514339330
NL36,MAC_LSM,EUR,413734710
NL41,MAC_LSM,EUR,3172572010
NL42,MAC_LSM,EUR,1079468980
NO,MAC_LSM,EUR,1770961530
NO02,MAC_LSM,EUR,366692250
NO06,MAC_LSM,EUR,385684300
NO07,MAC_LSM,EUR,124548710
NO08,MAC_LSM,EUR,194279520
NO09,MAC_LSM,EUR,125537620
NO0A,MAC_LSM,EUR,574219120
PT,MAC_LSM,EUR,2006427310
PT11,MAC_LSM,EUR,347613020
PT15,MAC_LSM,EUR,3378870
PT19,MAC_LSM,EUR,410560510
PT1A,MAC_LSM,EUR,25247890
PT1B,MAC_LSM,EUR,61693450
PT1C,MAC_LSM,EUR,392336310
PT1D,MAC_LSM,EUR,535052750
PT20,MAC_LSM,EUR,230544500
RO,MAC_LSM,EUR,2285778160
RO11,MAC_LSM,EUR,407379220
RO12,MAC_LSM,EUR,544273330
RO21,MAC_LSM,EUR,354785660
RO22,MAC_LSM,EUR,255098870
RO31,MAC_LSM,EUR,243484100
RO32,MAC_LSM,EUR,3219070
RO41,MAC_LSM,EUR,159687670
RO42,MAC_LSM,EUR,317850240
SE,MAC_LSM,EUR,3976512530
SE11,MAC_LSM,EUR,54157230
SE12,MAC_LSM,EUR,800690210
SE21,MAC_LSM,EUR,924302420
SE22,MAC_LSM,EUR,763358560
SE23,MAC_LSM,EUR,968636450
SE31,MAC_LSM,EUR,223574070
SE32,MAC_LSM,EUR,117699100
SE33,MAC_LSM,EUR,124094480
SK,MAC_LSM,EUR,689250390
SK01,MAC_LSM,EUR,49853510
SK02,MAC_LSM,EUR,348555260
SK03,MAC_LSM,EUR,145057880
SK04,MAC_LSM,EUR,145783740
AT,MAC_LSM,HA,1202120
AT11,MAC_LSM,HA,27840
AT12,MAC_LSM,HA,325720
AT13,MAC_LSM,HA,640
AT21,MAC_LSM,HA,117090
AT22,MAC_LSM,HA,186150
AT31,MAC_LSM,HA,327320
AT32,MAC_LSM,HA,80310
AT33,MAC_LSM,HA,104260
AT34,MAC_LSM,HA,32790
BE,MAC_LSM,HA,552960
BE10,MAC_LSM,HA,
BE21,MAC_LSM,HA,49690
BE22,MAC_LSM,HA,34310
BE23,MAC_LSM,HA,74480
BE24,MAC_LSM,HA,28110
BE25,MAC_LSM,HA,95190
BE31,MAC_LSM,HA,13710
BE32,MAC_LSM,HA,69590
BE33,MAC_LSM,HA,65840
BE34,MAC_LSM,HA,64930
BE35,MAC_LSM,HA,56900
CY,MAC_LSM,HA,15840
CY00,MAC_LSM,HA,15840
CZ,MAC_LSM,HA,1591950
CZ01,MAC_LSM,HA,2740
CZ02,MAC_LSM,HA,212450
CZ03,MAC_LSM,HA,366710
CZ04,MAC_LSM,HA,68630
CZ05,MAC_LSM,HA,284150
CZ06,MAC_LSM,HA,367590
CZ07,MAC_LSM,HA,199610
CZ08,MAC_LSM,HA,90070
DE,MAC_LSM,HA,7805610
DE11,MAC_LSM,HA,223100
DE12,MAC_LSM,HA,66870
DE13,MAC_LSM,HA,119040
DE14,MAC_LSM,HA,230410
DE21,MAC_LSM,HA,341340
DE22,MAC_LSM,HA,244200
DE23,MAC_LSM,HA,212360
DE24,MAC_LSM,HA,170620
DE25,MAC_LSM,HA,181700
DE26,MAC_LSM,HA,119320
DE27,MAC_LSM,HA,261140
DE30,MAC_LSM,HA,510
DE40,MAC_LSM,HA,577480
DE50,MAC_LSM,HA,4200
DE60,MAC_LSM,HA,4230
DE71,MAC_LSM,HA,83400
DE72,MAC_LSM,HA,92770
DE73,MAC_LSM,HA,165000
DE80,MAC_LSM,HA,472990
DE91,MAC_LSM,HA,92090
DE92,MAC_LSM,HA,210780
DE93,MAC_LSM,HA,457220
DE94,MAC_LSM,HA,677570
DEA1,MAC_LSM,HA,99800
DEA2,MAC_LSM,HA,105280
DEA3,MAC_LSM,HA,285610
DEA4,MAC_LSM,HA,173490
DEA5,MAC_LSM,HA,141850
DEB1,MAC_LSM,HA,89090
DEB2,MAC_LSM,HA,90870
DEB3,MAC_LSM,HA,44260
DEC0,MAC_LSM,HA,31820
DED2,MAC_LSM,HA,186240
DED4,MAC_LSM,HA,195000
DED5,MAC_LSM,HA,92530
DEE0,MAC_LSM,HA,394690
DEF0,MAC_LSM,HA,510250
DEG0,MAC_LSM,HA,356520
DK,MAC_LSM,HA,1234540
DK01,MAC_LSM,HA,41030
DK02,MAC_LSM,HA,126300
DK03,MAC_LSM,HA,413930
DK04,MAC_LSM,HA,387230
DK05,MAC_LSM,HA,266050
EE,MAC_LSM,HA,304460
EE00,MAC_LSM,HA,304460
FI,MAC_LSM,HA,697330
FI19,MAC_LSM,HA,235830
FI1B,MAC_LSM,HA,20630
FI1C,MAC_LSM,HA,121130
FI1D,MAC_LSM,HA,316370
FI20,MAC_LSM,HA,3350
FR,MAC_LSM,HA,11275920
FR10,MAC_LSM,HA,27840
FRB0,MAC_LSM,HA,507890
FRC1,MAC_LSM,HA,866490
FRC2,MAC_LSM,HA,458420
FRD1,MAC_LSM,HA,706200
FRD2,MAC_LSM,HA,284470
FRE1,MAC_LSM,HA,322360
FRE2,MAC_LSM,HA,295470
FRF1,MAC_LSM,HA,109310
FRF2,MAC_LSM,HA,412330
FRF3,MAC_LSM,HA,641810
FRG0,MAC_LSM,HA,1367110
FRH0,MAC_LSM,HA,1102380
FRI1,MAC_LSM,HA,364830
FRI2,MAC_LSM,HA,500200
FRI3,MAC_LSM,HA,529810
FRJ1,MAC_LSM,HA,232450
FRJ2,MAC_LSM,HA,899590
FRK1,MAC_LSM,HA,823650
FRK2,MAC_LSM,HA,613620
FRL0,MAC_LSM,HA,188830
FRM0,MAC_LSM,HA,11190
FRY1,MAC_LSM,HA,310
FRY2,MAC_LSM,HA,1030
FRY3,MAC_LSM,HA,2510
FRY4,MAC_LSM,HA,5830
FRY5,MAC_LSM,HA,
HR,MAC_LSM,HA,306150
HR02,MAC_LSM,HA,192130
HR03,MAC_LSM,HA,52950
HR05,MAC_LSM,HA,1780
HR06,MAC_LSM,HA,59300
HU,MAC_LSM,HA,1311860
HU11,MAC_LSM,HA,
HU12,MAC_LSM,HA,74890
HU21,MAC_LSM,HA,157810
HU22,MAC_LSM,HA,159970
HU23,MAC_LSM,HA,179200
HU31,MAC_LSM,HA,149110
HU32,MAC_LSM,HA,282670
HU33,MAC_LSM,HA,307130
LU,MAC_LSM,HA,95100
LU00,MAC_LSM,HA,95100
LV,MAC_LSM,HA,343800
LV00,MAC_LSM,HA,343800
MT,MAC_LSM,HA,450
MT00,MAC_LSM,HA,450
NL,MAC_LSM,HA,912550
NL11,MAC_LSM,HA,67790
NL12,MAC_LSM,HA,156730
NL13,MAC_LSM,HA,72390
NL21,MAC_LSM,HA,136910
NL22,MAC_LSM,HA,136870
NL23,MAC_LSM,HA,20740
NL32,MAC_LSM,HA,49520
NL34,MAC_LSM,HA,18640
NL35,MAC_LSM,HA,45830
NL36,MAC_LSM,HA,47170
NL41,MAC_LSM,HA,121930
NL42,MAC_LSM,HA,38030
NO,MAC_LSM,HA,363350
NO02,MAC_LSM,HA,75370
NO06,MAC_LSM,HA,68770
NO07,MAC_LSM,HA,38330
NO08,MAC_LSM,HA,45720
NO09,MAC_LSM,HA,30510
NO0A,MAC_LSM,HA,104650
PT,MAC_LSM,HA,558550
PT11,MAC_LSM,HA,28030
PT15,MAC_LSM,HA,1590
PT19,MAC_LSM,HA,29530
PT1A,MAC_LSM,HA,1740
PT1B,MAC_LSM,HA,12590
PT1C,MAC_LSM,HA,414440
PT1D,MAC_LSM,HA,42180
PT20,MAC_LSM,HA,28440
RO,MAC_LSM,HA,1027960
RO11,MAC_LSM,HA,212910
RO12,MAC_LSM,HA,273000
RO21,MAC_LSM,HA,167120
RO22,MAC_LSM,HA,112110
RO31,MAC_LSM,HA,102220
RO32,MAC_LSM,HA,1600
RO41,MAC_LSM,HA,63120
RO42,MAC_LSM,HA,95890
SE,MAC_LSM,HA,1417830
SE11,MAC_LSM,HA,34570
SE12,MAC_LSM,HA,302770
SE21,MAC_LSM,HA,326140
SE22,MAC_LSM,HA,195400
SE23,MAC_LSM,HA,310150
SE31,MAC_LSM,HA,125680
SE32,MAC_LSM,HA,66360
SE33,MAC_LSM,HA,56750
SK,MAC_LSM,HA,436930
SK01,MAC_LSM,HA,20330
SK02,MAC_LSM,HA,179760
SK03,MAC_LSM,HA,107480
SK04,MAC_LSM,HA,129370
AT,MAC_LSM,HLD,39400
AT11,MAC_LSM,HLD,460
AT12,MAC_LSM,HLD,9190
AT13,MAC_LSM,HLD,5
AT21,MAC_LSM,HLD,4230
AT22,MAC_LSM,HLD,7480
AT31,MAC_LSM,HLD,11270
AT32,MAC_LSM,HLD,2470
AT33,MAC_LSM,HLD,3400
AT34,MAC_LSM,HLD,900
BE,MAC_LSM,HLD,10010
BE10,MAC_LSM,HLD,5
BE21,MAC_LSM,HLD,1210
BE22,MAC_LSM,HLD,730
BE23,MAC_LSM,HLD,1760
BE24,MAC_LSM,HLD,490
BE25,MAC_LSM,HLD,2650
BE31,MAC_LSM,HLD,150
BE32,MAC_LSM,HLD,930
BE33,MAC_LSM,HLD,880
BE34,MAC_LSM,HLD,640
BE35,MAC_LSM,HLD,580
CY,MAC_LSM,HLD,440
CY00,MAC_LSM,HLD,440
CZ,MAC_LSM,HLD,2790
CZ01,MAC_LSM,HLD,20
CZ02,MAC_LSM,HLD,380
CZ03,MAC_LSM,HLD,640
CZ04,MAC_LSM,HLD,180
CZ05,MAC_LSM,HLD,540
CZ06,MAC_LSM,HLD,640
CZ07,MAC_LSM,HLD,220
CZ08,MAC_LSM,HLD,170
DE,MAC_LSM,HLD,77850
DE11,MAC_LSM,HLD,2990
DE12,MAC_LSM,HLD,720
DE13,MAC_LSM,HLD,1810
DE14,MAC_LSM,HLD,3080
DE21,MAC_LSM,HLD,7050
DE22,MAC_LSM,HLD,4470
DE23,MAC_LSM,HLD,3480
DE24,MAC_LSM,HLD,2130
DE25,MAC_LSM,HLD,2550
DE26,MAC_LSM,HLD,1360
DE27,MAC_LSM,HLD,4760
DE30,MAC_LSM,HLD,10
DE40,MAC_LSM,HLD,1100
DE50,MAC_LSM,HLD,40
DE60,MAC_LSM,HLD,40
DE71,MAC_LSM,HLD,1030
DE72,MAC_LSM,HLD,970
DE73,MAC_LSM,HLD,2090
DE80,MAC_LSM,HLD,1010
DE91,MAC_LSM,HLD,850
DE92,MAC_LSM,HLD,1800
DE93,MAC_LSM,HLD,3590
DE94,MAC_LSM,HLD,8180
DEA1,MAC_LSM,HLD,1560
DEA2,MAC_LSM,HLD,1300
DEA3,MAC_LSM,HLD,5860
DEA4,MAC_LSM,HLD,2730
DEA5,MAC_LSM,HLD,2240
DEB1,MAC_LSM,HLD,840
DEB2,MAC_LSM,HLD,820
DEB3,MAC_LSM,HLD,480
DEC0,MAC_LSM,HLD,270
DED2,MAC_LSM,HLD,420
DED4,MAC_LSM,HLD,580
DED5,MAC_LSM,HLD,220
DEE0,MAC_LSM,HLD,780
DEF0,MAC_LSM,HLD,3930
DEG0,MAC_LSM,HLD,690
DK,MAC_LSM,HLD,7430
DK01,MAC_LSM,HLD,370
DK02,MAC_LSM,HLD,880
DK03,MAC_LSM,HLD,2330
DK04,MAC_LSM,HLD,2280
DK05,MAC_LSM,HLD,1580
EE,MAC_LSM,HLD,1240
EE00,MAC_LSM,HLD,1240
FI,MAC_LSM,HLD,6310
FI19,MAC_LSM,HLD,2230
FI1B,MAC_LSM,HLD,160
FI1C,MAC_LSM,HLD,1000
FI1D,MAC_LSM,HLD,2880
FI20,MAC_LSM,HLD,40
FR,MAC_LSM,HLD,89670
FR10,MAC_LSM,HLD,210
FRB0,MAC_LSM,HLD,3050
FRC1,MAC_LSM,HLD,4730
FRC2,MAC_LSM,HLD,3190
FRD1,MAC_LSM,HLD,6230
FRD2,MAC_LSM,HLD,2130
FRE1,MAC_LSM,HLD,3340
FRE2,MAC_LSM,HLD,2100
FRF1,MAC_LSM,HLD,1120
FRF2,MAC_LSM,HLD,2050
FRF3,MAC_LSM,HLD,3370
FRG0,MAC_LSM,HLD,11160
FRH0,MAC_LSM,HLD,12510
FRI1,MAC_LSM,HLD,4700
FRI2,MAC_LSM,HLD,3470
FRI3,MAC_LSM,HLD,3710
FRJ1,MAC_LSM,HLD,1440
FRJ2,MAC_LSM,HLD,7690
FRK1,MAC_LSM,HLD,6110
FRK2,MAC_LSM,HLD,5860
FRL0,MAC_LSM,HLD,780
FRM0,MAC_LSM,HLD,120
FRY1,MAC_LSM,HLD,60
FRY2,MAC_LSM,HLD,80
FRY3,MAC_LSM,HLD,20
FRY4,MAC_LSM,HLD,420
FRY5,MAC_LSM,HLD,5
HR,MAC_LSM,HLD,17400
HR02,MAC_LSM,HLD,9670
HR03,MAC_LSM,HLD,2530
HR05,MAC_LSM,HLD,130
HR06,MAC_LSM,HLD,5070
HU,MAC_LSM,HLD,26100
HU11,MAC_LSM,HLD,10
HU12,MAC_LSM,HLD,1740
HU21,MAC_LSM,HLD,2920
HU22,MAC_LSM,HLD,2780
HU23,MAC_LSM,HLD,3740
HU31,MAC_LSM,HLD,2100
HU32,MAC_LSM,HLD,5790
HU33,MAC_LSM,HLD,7000
LU,MAC_LSM,HLD,850
LU00,MAC_LSM,HLD,850
LV,MAC_LSM,HLD,2530
LV00,MAC_LSM,HLD,2530
MT,MAC_LSM,HLD,280
MT00,MAC_LSM,HLD,280
NL,MAC_LSM,HLD,18430
NL11,MAC_LSM,HLD,850
NL12,MAC_LSM,HLD,2140
NL13,MAC_LSM,HLD,1050
NL21,MAC_LSM,HLD,3220
NL22,MAC_LSM,HLD,3560
NL23,MAC_LSM,HLD,330
NL32,MAC_LSM,HLD,750
NL34,MAC_LSM,HLD,300
NL35,MAC_LSM,HLD,1000
NL36,MAC_LSM,HLD,810
NL41,MAC_LSM,HLD,3440
NL42,MAC_LSM,HLD,980
NO,MAC_LSM,HLD,9920
NO02,MAC_LSM,HLD,1870
NO06,MAC_LSM,HLD,1550
NO07,MAC_LSM,HLD,840
NO08,MAC_LSM,HLD,920
NO09,MAC_LSM,HLD,870
NO0A,MAC_LSM,HLD,3870
PT,MAC_LSM,HLD,4900
PT11,MAC_LSM,HLD,1430
PT15,MAC_LSM,HLD,10
PT19,MAC_LSM,HLD,1280
PT1A,MAC_LSM,HLD,50
PT1B,MAC_LSM,HLD,60
PT1C,MAC_LSM,HLD,940
PT1D,MAC_LSM,HLD,610
PT20,MAC_LSM,HLD,520
RO,MAC_LSM,HLD,69570
RO11,MAC_LSM,HLD,12310
RO12,MAC_LSM,HLD,11920
RO21,MAC_LSM,HLD,7330
RO22,MAC_LSM,HLD,3080
RO31,MAC_LSM,HLD,8220
RO32,MAC_LSM,HLD,70
RO41,MAC_LSM,HLD,23860
RO42,MAC_LSM,HLD,2790
SE,MAC_LSM,HLD,14180
SE11,MAC_LSM,HLD,500
SE12,MAC_LSM,HLD,2650
SE21,MAC_LSM,HLD,3000
SE22,MAC_LSM,HLD,2070
SE23,MAC_LSM,HLD,3290
SE31,MAC_LSM,HLD,1330
SE32,MAC_LSM,HLD,780
SE33,MAC_LSM,HLD,560
SK,MAC_LSM,HLD,500
SK01,MAC_LSM,HLD,20
SK02,MAC_LSM,HLD,160
SK03,MAC_LSM,HLD,140
SK04,MAC_LSM,HLD,180
AT,MAC_LSM,LSU,1786730
AT11,MAC_LSM,LSU,24640
AT12,MAC_LSM,LSU,453310
AT13,MAC_LSM,LSU,40
AT21,MAC_LSM,LSU,132090
AT22,MAC_LSM,LSU,377600
AT31,MAC_LSM,LSU,615600
AT32,MAC_LSM,LSU,76310
AT33,MAC_LSM,LSU,75530
AT34,MAC_LSM,LSU,31620
BE,MAC_LSM,LSU,2657810
BE10,MAC_LSM,LSU,
BE21,MAC_LSM,LSU,486950
BE22,MAC_LSM,LSU,170200
BE23,MAC_LSM,LSU,402060
BE24,MAC_LSM,LSU,84880
BE25,MAC_LSM,LSU,951490
BE31,MAC_LSM,LSU,21590
BE32,MAC_LSM,LSU,154580
BE33,MAC_LSM,LSU,138430
BE34,MAC_LSM,LSU,124130
BE35,MAC_LSM,LSU,123490
CY,MAC_LSM,LSU,151310
CY00,MAC_LSM,LSU,151310
CZ,MAC_LSM,LSU,1192700
CZ01,MAC_LSM,LSU,3770
CZ02,MAC_LSM,LSU,236640
CZ03,MAC_LSM,LSU,228460
CZ04,MAC_LSM,LSU,49630
CZ05,MAC_LSM,LSU,235910
CZ06,MAC_LSM,LSU,287590
CZ07,MAC_LSM,LSU,100610
CZ08,MAC_LSM,LSU,50090
DE,MAC_LSM,LSU,13324740
DE11,MAC_LSM,LSU,365030
DE12,MAC_LSM,LSU,58920
DE13,MAC_LSM,LSU,127250
DE14,MAC_LSM,LSU,360960
DE21,MAC_LSM,LSU,574780
DE22,MAC_LSM,LSU,511290
DE23,MAC_LSM,LSU,323840
DE24,MAC_LSM,LSU,167510
DE25,MAC_LSM,LSU,265120
DE26,MAC_LSM,LSU,115280
DE27,MAC_LSM,LSU,456220
DE30,MAC_LSM,LSU,
DE40,MAC_LSM,LSU,445410
DE50,MAC_LSM,LSU,
DE60,MAC_LSM,LSU,3140
DE71,MAC_LSM,LSU,79000
DE72,MAC_LSM,LSU,83640
DE73,MAC_LSM,LSU,195410
DE80,MAC_LSM,LSU,464540
DE91,MAC_LSM,LSU,67800
DE92,MAC_LSM,LSU,383070
DE93,MAC_LSM,LSU,794360
DE94,MAC_LSM,LSU,2728490
DEA1,MAC_LSM,LSU,269450
DEA2,MAC_LSM,LSU,145580
DEA3,MAC_LSM,LSU,1244750
DEA4,MAC_LSM,LSU,486460
DEA5,MAC_LSM,LSU,285070
DEB1,MAC_LSM,LSU,73050
DEB2,MAC_LSM,LSU,101260
DEB3,MAC_LSM,LSU,37760
DEC0,MAC_LSM,LSU,25550
DED2,MAC_LSM,LSU,153290
DED4,MAC_LSM,LSU,185420
DED5,MAC_LSM,LSU,95340
DEE0,MAC_LSM,LSU,481910
DEF0,MAC_LSM,LSU,850130
DEG0,MAC_LSM,LSU,313430
DK,MAC_LSM,LSU,3289480
DK01,MAC_LSM,LSU,71610
DK02,MAC_LSM,LSU,282570
DK03,MAC_LSM,LSU,1061380
DK04,MAC_LSM,LSU,1090260
DK05,MAC_LSM,LSU,783660
EE,MAC_LSM,LSU,232180
EE00,MAC_LSM,LSU,232180
FI,MAC_LSM,LSU,774160
FI19,MAC_LSM,LSU,321130
FI1B,MAC_LSM,LSU,17700
FI1C,MAC_LSM,LSU,166800
FI1D,MAC_LSM,LSU,265260
FI20,MAC_LSM,LSU,3270
FR,MAC_LSM,LSU,15957870
FR10,MAC_LSM,LSU,31970
FRB0,MAC_LSM,LSU,486450
FRC1,MAC_LSM,LSU,749720
FRC2,MAC_LSM,LSU,414880
FRD1,MAC_LSM,LSU,1067730
FRD2,MAC_LSM,LSU,361460
FRE1,MAC_LSM,LSU,568190
FRE2,MAC_LSM,LSU,311910
FRF1,MAC_LSM,LSU,201240
FRF2,MAC_LSM,LSU,392040
FRF3,MAC_LSM,LSU,529780
FRG0,MAC_LSM,LSU,2731880
FRH0,MAC_LSM,LSU,3792690
FRI1,MAC_LSM,LSU,547360
FRI2,MAC_LSM,LSU,538100
FRI3,MAC_LSM,LSU,674840
FRJ1,MAC_LSM,LSU,113800
FRJ2,MAC_LSM,LSU,793510
FRK1,MAC_LSM,LSU,840010
FRK2,MAC_LSM,LSU,676990
FRL0,MAC_LSM,LSU,61270
FRM0,MAC_LSM,LSU,4720
FRY1,MAC_LSM,LSU,4300
FRY2,MAC_LSM,LSU,5780
FRY3,MAC_LSM,LSU,
FRY4,MAC_LSM,LSU,53860
FRY5,MAC_LSM,LSU,
HR,MAC_LSM,LSU,419310
HR02,MAC_LSM,LSU,261120
HR03,MAC_LSM,LSU,31670
HR05,MAC_LSM,LSU,3210
HR06,MAC_LSM,LSU,123300
HU,MAC_LSM,LSU,1712500
HU11,MAC_LSM,LSU,
HU12,MAC_LSM,LSU,
HU21,MAC_LSM,LSU,208250
HU22,MAC_LSM,LSU,215950
HU23,MAC_LSM,LSU,258160
HU31,MAC_LSM,LSU,113260
HU32,MAC_LSM,LSU,456180
HU33,MAC_LSM,LSU,392990
LU,MAC_LSM,LSU,134670
LU00,MAC_LSM,LSU,134670
LV,MAC_LSM,LSU,267800
LV00,MAC_LSM,LSU,267800
MT,MAC_LSM,LSU,22410
MT00,MAC_LSM,LSU,22410
NL,MAC_LSM,LSU,5433720
NL11,MAC_LSM,LSU,221510
NL12,MAC_LSM,LSU,443700
NL13,MAC_LSM,LSU,246780
NL21,MAC_LSM,LSU,774220
NL22,MAC_LSM,LSU,1014230
NL23,MAC_LSM,LSU,99340
NL32,MAC_LSM,LSU,113960
NL34,MAC_LSM,LSU,72020
NL35,MAC_LSM,LSU,189680
NL36,MAC_LSM,LSU,122160
NL41,MAC_LSM,LSU,1562310
NL42,MAC_LSM,LSU,573810
NO,MAC_LSM,LSU,726010
NO02,MAC_LSM,LSU,145230
NO06,MAC_LSM,LSU,147280
NO07,MAC_LSM,LSU,51020
NO08,MAC_LSM,LSU,79080
NO09,MAC_LSM,LSU,56810
NO0A,MAC_LSM,LSU,246590
PT,MAC_LSM,LSU,1347360
PT11,MAC_LSM,LSU,154020
PT15,MAC_LSM,LSU,2260
PT19,MAC_LSM,LSU,356920
PT1A,MAC_LSM,LSU,16260
PT1B,MAC_LSM,LSU,38590
PT1C,MAC_LSM,LSU,260290
PT1D,MAC_LSM,LSU,442030
PT20,MAC_LSM,LSU,77000
RO,MAC_LSM,LSU,1493920
RO11,MAC_LSM,LSU,255190
RO12,MAC_LSM,LSU,354420
RO21,MAC_LSM,LSU,227340
RO22,MAC_LSM,LSU,182520
RO31,MAC_LSM,LSU,161420
RO32,MAC_LSM,LSU,1860
RO41,MAC_LSM,LSU,94180
RO42,MAC_LSM,LSU,216980
SE,MAC_LSM,LSU,1428990
SE11,MAC_LSM,LSU,14810
SE12,MAC_LSM,LSU,290410
SE21,MAC_LSM,LSU,343720
SE22,MAC_LSM,LSU,277370
SE23,MAC_LSM,LSU,344280
SE31,MAC_LSM,LSU,77120
SE32,MAC_LSM,LSU,39680
SE33,MAC_LSM,LSU,41610
SK,MAC_LSM,LSU,249260
SK01,MAC_LSM,LSU,19800
SK02,MAC_LSM,LSU,119340
SK03,MAC_LSM,LSU,62150
SK04,MAC_LSM,LSU,47980
AT,MAC_PFRM,EUR,2399574020
AT11,MAC_PFRM,EUR,210187920
AT12,MAC_PFRM,EUR,811301110
AT13,MAC_PFRM,EUR,55466520
AT21,MAC_PFRM,EUR,84975560
AT22,MAC_PFRM,EUR,437539180
AT31,MAC_PFRM,EUR,620849820
AT32,MAC_PFRM,EUR,54357220
AT33,MAC_PFRM,EUR,102024450
AT34,MAC_PFRM,EUR,22872230
BE,MAC_PFRM,EUR,6085877030
BE10,MAC_PFRM,EUR,4736650
BE21,MAC_PFRM,EUR,1077807930
BE22,MAC_PFRM,EUR,594072100
BE23,MAC_PFRM,EUR,1017470690
BE24,MAC_PFRM,EUR,358263110
BE25,MAC_PFRM,EUR,1691834320
BE31,MAC_PFRM,EUR,177573840
BE32,MAC_PFRM,EUR,457095930
BE33,MAC_PFRM,EUR,282990310
BE34,MAC_PFRM,EUR,133359200
BE35,MAC_PFRM,EUR,290672950
CY,MAC_PFRM,EUR,7643780
CY00,MAC_PFRM,EUR,7643780
CZ,MAC_PFRM,EUR,2513646490
CZ01,MAC_PFRM,EUR,2993450
CZ02,MAC_PFRM,EUR,484783940
CZ03,MAC_PFRM,EUR,382271290
CZ04,MAC_PFRM,EUR,132438050
CZ05,MAC_PFRM,EUR,548205890
CZ06,MAC_PFRM,EUR,581060870
CZ07,MAC_PFRM,EUR,275039820
CZ08,MAC_PFRM,EUR,106853170
DE,MAC_PFRM,EUR,36496532470
DE11,MAC_PFRM,EUR,942823480
DE12,MAC_PFRM,EUR,343429520
DE13,MAC_PFRM,EUR,622190000
DE14,MAC_PFRM,EUR,1175158860
DE21,MAC_PFRM,EUR,1367299480
DE22,MAC_PFRM,EUR,1299432920
DE23,MAC_PFRM,EUR,659780390
DE24,MAC_PFRM,EUR,444450000
DE25,MAC_PFRM,EUR,666394890
DE26,MAC_PFRM,EUR,575162740
DE27,MAC_PFRM,EUR,943447810
DE30,MAC_PFRM,EUR,
DE40,MAC_PFRM,EUR,1529613630
DE50,MAC_PFRM,EUR,10616740
DE60,MAC_PFRM,EUR,84606520
DE71,MAC_PFRM,EUR,465463480
DE72,MAC_PFRM,EUR,183629450
DE73,MAC_PFRM,EUR,434514420
DE80,MAC_PFRM,EUR,1991724130
DE91,MAC_PFRM,EUR,745845590
DE92,MAC_PFRM,EUR,1312265760
DE93,MAC_PFRM,EUR,2760925680
DE94,MAC_PFRM,EUR,4678068430
DEA1,MAC_PFRM,EUR,1170520090
DEA2,MAC_PFRM,EUR,764864420
DEA3,MAC_PFRM,EUR,
DEA4,MAC_PFRM,EUR,788394460
DEA5,MAC_PFRM,EUR,542736320
DEB1,MAC_PFRM,EUR,304844960
DEB2,MAC_PFRM,EUR,251755920
DEB3,MAC_PFRM,EUR,972240610
DEC0,MAC_PFRM,EUR,56651440
DED2,MAC_PFRM,EUR,628845030
DED4,MAC_PFRM,EUR,589824010
DED5,MAC_PFRM,EUR,394123300
DEE0,MAC_PFRM,EUR,1716855110
DEF0,MAC_PFRM,EUR,2328704720
DEG0,MAC_PFRM,EUR,1170094510
DK,MAC_PFRM,EUR,7600320030
DK01,MAC_PFRM,EUR,178736210
DK02,MAC_PFRM,EUR,900871900
DK03,MAC_PFRM,EUR,2570995140
DK04,MAC_PFRM,EUR,2344699710
DK05,MAC_PFRM,EUR,1605017070
EE,MAC_PFRM,EUR,774106910
EE00,MAC_PFRM,EUR,774106910
FI,MAC_PFRM,EUR,2778093130
FI19,MAC_PFRM,EUR,1036982370
FI1B,MAC_PFRM,EUR,137517470
FI1C,MAC_PFRM,EUR,661214650
FI1D,MAC_PFRM,EUR,
FI20,MAC_PFRM,EUR,
FR,MAC_PFRM,EUR,50388313310
FR10,MAC_PFRM,EUR,972540740
FRB0,MAC_PFRM,EUR,3502561900
FRC1,MAC_PFRM,EUR,2823706320
FRC2,MAC_PFRM,EUR,643869470
FRD1,MAC_PFRM,EUR,2163820950
FRD2,MAC_PFRM,EUR,1741403050
FRE1,MAC_PFRM,EUR,2650265380
FRE2,MAC_PFRM,EUR,2997821680
FRF1,MAC_PFRM,EUR,1142415710
FRF2,MAC_PFRM,EUR,4279261140
FRF3,MAC_PFRM,EUR,1362361940
FRG0,MAC_PFRM,EUR,5607805690
FRH0,MAC_PFRM,EUR,4858541590
FRI1,MAC_PFRM,EUR,3483490760
FRI2,MAC_PFRM,EUR,399146930
FRI3,MAC_PFRM,EUR,3360007120
FRJ1,MAC_PFRM,EUR,1393506830
FRJ2,MAC_PFRM,EUR,2240829790
FRK1,MAC_PFRM,EUR,754166590
FRK2,MAC_PFRM,EUR,1866225530
FRL0,MAC_PFRM,EUR,1779003020
FRM0,MAC_PFRM,EUR,147159670
FRY1,MAC_PFRM,EUR,48560320
FRY2,MAC_PFRM,EUR,84947660
FRY3,MAC_PFRM,EUR,
FRY4,MAC_PFRM,EUR,83018180
FRY5,MAC_PFRM,EUR,
HR,MAC_PFRM,EUR,861846160
HR02,MAC_PFRM,EUR,648694900
HR03,MAC_PFRM,EUR,36511740
HR05,MAC_PFRM,EUR,4895600
HR06,MAC_PFRM,EUR,171743910
HU,MAC_PFRM,EUR,3158808910
HU11,MAC_PFRM,EUR,4075160
HU12,MAC_PFRM,EUR,144701520
HU21,MAC_PFRM,EUR,449348110
HU22,MAC_PFRM,EUR,403599610
HU23,MAC_PFRM,EUR,586699540
HU31,MAC_PFRM,EUR,266181890
HU32,MAC_PFRM,EUR,619079310
HU33,MAC_PFRM,EUR,685123750
IE,MAC_PFRM,EUR,8076015560
IE04,MAC_PFRM,EUR,1241650320
IE05,MAC_PFRM,EUR,4681868780
IE06,MAC_PFRM,EUR,2152496460
LU,MAC_PFRM,EUR,341256940
LU00,MAC_PFRM,EUR,341256940
LV,MAC_PFRM,EUR,954915610
LV00,MAC_PFRM,EUR,954915610
MT,MAC_PFRM,EUR,24314490
MT00,MAC_PFRM,EUR,24314490
NL,MAC_PFRM,EUR,7132029610
NL11,MAC_PFRM,EUR,504323950
NL12,MAC_PFRM,EUR,349806310
NL13,MAC_PFRM,EUR,
NL21,MAC_PFRM,EUR,
NL22,MAC_PFRM,EUR,514472630
NL23,MAC_PFRM,EUR,615784380
NL32,MAC_PFRM,EUR,778961950
NL34,MAC_PFRM,EUR,
NL35,MAC_PFRM,EUR,
NL36,MAC_PFRM,EUR,1321789630
NL41,MAC_PFRM,EUR,1171823500
NL42,MAC_PFRM,EUR,471653690
NO,MAC_PFRM,EUR,2488605580
NO02,MAC_PFRM,EUR,489293240
NO06,MAC_PFRM,EUR,415418510
NO07,MAC_PFRM,EUR,161763870
NO08,MAC_PFRM,EUR,470562530
NO09,MAC_PFRM,EUR,289817750
NO0A,MAC_PFRM,EUR,661749680
PT,MAC_PFRM,EUR,3140775250
PT11,MAC_PFRM,EUR,602786270
PT15,MAC_PFRM,EUR,154059140
PT19,MAC_PFRM,EUR,291919890
PT1A,MAC_PFRM,EUR,67992000
PT1B,MAC_PFRM,EUR,111248260
PT1C,MAC_PFRM,EUR,1228970950
PT1D,MAC_PFRM,EUR,538723860
PT20,MAC_PFRM,EUR,140648170
PT30,MAC_PFRM,EUR,4426710
RO,MAC_PFRM,EUR,1436199530
RO11,MAC_PFRM,EUR,120160950
RO12,MAC_PFRM,EUR,92363550
RO21,MAC_PFRM,EUR,229339790
RO22,MAC_PFRM,EUR,356234720
RO31,MAC_PFRM,EUR,343954480
RO32,MAC_PFRM,EUR,4344020
RO41,MAC_PFRM,EUR,143809320
RO42,MAC_PFRM,EUR,145992700
SE,MAC_PFRM,EUR,3490101890
SE11,MAC_PFRM,EUR,47387540
SE12,MAC_PFRM,EUR,756341480
SE21,MAC_PFRM,EUR,638674870
SE22,MAC_PFRM,EUR,966973760
SE23,MAC_PFRM,EUR,849952270
SE31,MAC_PFRM,EUR,137921910
SE32,MAC_PFRM,EUR,47605130
SE33,MAC_PFRM,EUR,45244930
SK,MAC_PFRM,EUR,383239410
SK01,MAC_PFRM,EUR,
SK02,MAC_PFRM,EUR,254455070
SK03,MAC_PFRM,EUR,
SK04,MAC_PFRM,EUR,53973030
AT,MAC_PFRM,HA,675550
AT11,MAC_PFRM,HA,64220
AT12,MAC_PFRM,HA,295850
AT13,MAC_PFRM,HA,2600
AT21,MAC_PFRM,HA,30270
AT22,MAC_PFRM,HA,74990
AT31,MAC_PFRM,HA,147230
AT32,MAC_PFRM,HA,19130
AT33,MAC_PFRM,HA,33840
AT34,MAC_PFRM,HA,7410
BE,MAC_PFRM,HA,829750
BE10,MAC_PFRM,HA,1920
BE21,MAC_PFRM,HA,62310
BE22,MAC_PFRM,HA,62110
BE23,MAC_PFRM,HA,108780
BE24,MAC_PFRM,HA,66670
BE25,MAC_PFRM,HA,154170
BE31,MAC_PFRM,HA,52380
BE32,MAC_PFRM,HA,122830
BE33,MAC_PFRM,HA,70820
BE34,MAC_PFRM,HA,43120
BE35,MAC_PFRM,HA,84650
CY,MAC_PFRM,HA,780
CY00,MAC_PFRM,HA,780
CZ,MAC_PFRM,HA,1215680
CZ01,MAC_PFRM,HA,2100
CZ02,MAC_PFRM,HA,231660
CZ03,MAC_PFRM,HA,226240
CZ04,MAC_PFRM,HA,60080
CZ05,MAC_PFRM,HA,217940
CZ06,MAC_PFRM,HA,274830
CZ07,MAC_PFRM,HA,139090
CZ08,MAC_PFRM,HA,63730
DE,MAC_PFRM,HA,12260590
DE11,MAC_PFRM,HA,283340
DE12,MAC_PFRM,HA,133160
DE13,MAC_PFRM,HA,154000
DE14,MAC_PFRM,HA,241270
DE21,MAC_PFRM,HA,404060
DE22,MAC_PFRM,HA,353980
DE23,MAC_PFRM,HA,233790
DE24,MAC_PFRM,HA,190550
DE25,MAC_PFRM,HA,231230
DE26,MAC_PFRM,HA,254340
DE27,MAC_PFRM,HA,288630
DE30,MAC_PFRM,HA,1000
DE40,MAC_PFRM,HA,1002310
DE50,MAC_PFRM,HA,3490
DE60,MAC_PFRM,HA,9280
DE71,MAC_PFRM,HA,160040
DE72,MAC_PFRM,HA,101930
DE73,MAC_PFRM,HA,201210
DE80,MAC_PFRM,HA,1123590
DE91,MAC_PFRM,HA,342490
DE92,MAC_PFRM,HA,424270
DE93,MAC_PFRM,HA,682430
DE94,MAC_PFRM,HA,730570
DEA1,MAC_PFRM,HA,181040
DEA2,MAC_PFRM,HA,199760
DEA3,MAC_PFRM,HA,294960
DEA4,MAC_PFRM,HA,230240
DEA5,MAC_PFRM,HA,156880
DEB1,MAC_PFRM,HA,151820
DEB2,MAC_PFRM,HA,101950
DEB3,MAC_PFRM,HA,204850
DEC0,MAC_PFRM,HA,35090
DED2,MAC_PFRM,HA,310920
DED4,MAC_PFRM,HA,252750
DED5,MAC_PFRM,HA,211020
DEE0,MAC_PFRM,HA,989500
DEF0,MAC_PFRM,HA,727730
DEG0,MAC_PFRM,HA,661130
DK,MAC_PFRM,HA,1964930
DK01,MAC_PFRM,HA,67340
DK02,MAC_PFRM,HA,368380
DK03,MAC_PFRM,HA,592760
DK04,MAC_PFRM,HA,574700
DK05,MAC_PFRM,HA,361750
EE,MAC_PFRM,HA,741470
EE00,MAC_PFRM,HA,741470
FI,MAC_PFRM,HA,1760750
FI19,MAC_PFRM,HA,619570
FI1B,MAC_PFRM,HA,139440
FI1C,MAC_PFRM,HA,473780
FI1D,MAC_PFRM,HA,517370
FI20,MAC_PFRM,HA,10590
FR,MAC_PFRM,HA,18611490
FR10,MAC_PFRM,HA,522460
FRB0,MAC_PFRM,HA,1959640
FRC1,MAC_PFRM,HA,1170060
FRC2,MAC_PFRM,HA,338870
FRD1,MAC_PFRM,HA,834660
FRD2,MAC_PFRM,HA,695010
FRE1,MAC_PFRM,HA,745150
FRE2,MAC_PFRM,HA,1250370
FRF1,MAC_PFRM,HA,265220
FRF2,MAC_PFRM,HA,1423600
FRF3,MAC_PFRM,HA,901170
FRG0,MAC_PFRM,HA,1812570
FRH0,MAC_PFRM,HA,1013850
FRI1,MAC_PFRM,HA,802910
FRI2,MAC_PFRM,HA,310940
FRI3,MAC_PFRM,HA,1384590
FRJ1,MAC_PFRM,HA,316610
FRJ2,MAC_PFRM,HA,1350430
FRK1,MAC_PFRM,HA,578360
FRK2,MAC_PFRM,HA,608870
FRL0,MAC_PFRM,HA,282300
FRM0,MAC_PFRM,HA,18850
FRY1,MAC_PFRM,HA,4910
FRY2,MAC_PFRM,HA,8940
FRY3,MAC_PFRM,HA,670
FRY4,MAC_PFRM,HA,10490
FRY5,MAC_PFRM,HA,
HR,MAC_PFRM,HA,477250
HR02,MAC_PFRM,HA,379770
HR03,MAC_PFRM,HA,17230
HR05,MAC_PFRM,HA,1790
HR06,MAC_PFRM,HA,78460
HU,MAC_PFRM,HA,2018570
HU11,MAC_PFRM,HA,1490
HU12,MAC_PFRM,HA,110260
HU21,MAC_PFRM,HA,274200
HU22,MAC_PFRM,HA,248120
HU23,MAC_PFRM,HA,357550
HU31,MAC_PFRM,HA,226130
HU32,MAC_PFRM,HA,357510
HU33,MAC_PFRM,HA,443300
IE,MAC_PFRM,HA,3584650
IE04,MAC_PFRM,HA,889110
IE05,MAC_PFRM,HA,1809740
IE06,MAC_PFRM,HA,885790
LU,MAC_PFRM,HA,114480
LU00,MAC_PFRM,HA,114480
LV,MAC_PFRM,HA,948320
LV00,MAC_PFRM,HA,948320
MT,MAC_PFRM,HA,2590
MT00,MAC_PFRM,HA,2590
NL,MAC_PFRM,HA,487100
NL11,MAC_PFRM,HA,66220
NL12,MAC_PFRM,HA,40380
NL13,MAC_PFRM,HA,52580
NL21,MAC_PFRM,HA,28080
NL22,MAC_PFRM,HA,31120
NL23,MAC_PFRM,HA,45920
NL32,MAC_PFRM,HA,41450
NL34,MAC_PFRM,HA,49860
NL35,MAC_PFRM,HA,
NL36,MAC_PFRM,HA,34770
NL41,MAC_PFRM,HA,61500
NL42,MAC_PFRM,HA,
NO,MAC_PFRM,HA,621790
NO02,MAC_PFRM,HA,131990
NO06,MAC_PFRM,HA,103460
NO07,MAC_PFRM,HA,54230
NO08,MAC_PFRM,HA,142980
NO09,MAC_PFRM,HA,61250
NO0A,MAC_PFRM,HA,127880
PT,MAC_PFRM,HA,1452180
PT11,MAC_PFRM,HA,142400
PT15,MAC_PFRM,HA,15500
PT19,MAC_PFRM,HA,106900
PT1A,MAC_PFRM,HA,11630
PT1B,MAC_PFRM,HA,25840
PT1C,MAC_PFRM,HA,961610
PT1D,MAC_PFRM,HA,168490
PT20,MAC_PFRM,HA,19630
PT30,MAC_PFRM,HA,170
RO,MAC_PFRM,HA,1444130
RO11,MAC_PFRM,HA,106180
RO12,MAC_PFRM,HA,68850
RO21,MAC_PFRM,HA,196980
RO22,MAC_PFRM,HA,381420
RO31,MAC_PFRM,HA,375580
RO32,MAC_PFRM,HA,4980
RO41,MAC_PFRM,HA,158840
RO42,MAC_PFRM,HA,151310
SE,MAC_PFRM,HA,1487400
SE11,MAC_PFRM,HA,32070
SE12,MAC_PFRM,HA,381550
SE21,MAC_PFRM,HA,240520
SE22,MAC_PFRM,HA,376630
SE23,MAC_PFRM,HA,336860
SE31,MAC_PFRM,HA,79460
SE32,MAC_PFRM,HA,19580
SE33,MAC_PFRM,HA,20730
SK,MAC_PFRM,HA,270480
SK01,MAC_PFRM,HA,22200
SK02,MAC_PFRM,HA,167210
SK03,MAC_PFRM,HA,30480
SK04,MAC_PFRM,HA,50590
AT,MAC_PFRM,HLD,15950
AT11,MAC_PFRM,HLD,1000
AT12,MAC_PFRM,HLD,5240
AT13,MAC_PFRM,HLD,140
AT21,MAC_PFRM,HLD,790
AT22,MAC_PFRM,HLD,2910
AT31,MAC_PFRM,HLD,4040
AT32,MAC_PFRM,HLD,570
AT33,MAC_PFRM,HLD,1080
AT34,MAC_PFRM,HLD,190
BE,MAC_PFRM,HLD,16800
BE10,MAC_PFRM,HLD,30
BE21,MAC_PFRM,HLD,1700
BE22,MAC_PFRM,HLD,1540
BE23,MAC_PFRM,HLD,3140
BE24,MAC_PFRM,HLD,1500
BE25,MAC_PFRM,HLD,4290
BE31,MAC_PFRM,HLD,620
BE32,MAC_PFRM,HLD,1700
BE33,MAC_PFRM,HLD,970
BE34,MAC_PFRM,HLD,430
BE35,MAC_PFRM,HLD,880
CY,MAC_PFRM,HLD,40
CY00,MAC_PFRM,HLD,40
CZ,MAC_PFRM,HLD,1610
CZ01,MAC_PFRM,HLD,30
CZ02,MAC_PFRM,HLD,320
CZ03,MAC_PFRM,HLD,220
CZ04,MAC_PFRM,HLD,100
CZ05,MAC_PFRM,HLD,240
CZ06,MAC_PFRM,HLD,460
CZ07,MAC_PFRM,HLD,150
CZ08,MAC_PFRM,HLD,90
DE,MAC_PFRM,HLD,119210
DE11,MAC_PFRM,HLD,5040
DE12,MAC_PFRM,HLD,1770
DE13,MAC_PFRM,HLD,3430
DE14,MAC_PFRM,HLD,4160
DE21,MAC_PFRM,HLD,9090
DE22,MAC_PFRM,HLD,7350
DE23,MAC_PFRM,HLD,4360
DE24,MAC_PFRM,HLD,2890
DE25,MAC_PFRM,HLD,4270
DE26,MAC_PFRM,HLD,4040
DE27,MAC_PFRM,HLD,5840
DE30,MAC_PFRM,HLD,10
DE40,MAC_PFRM,HLD,1970
DE50,MAC_PFRM,HLD,30
DE60,MAC_PFRM,HLD,220
DE71,MAC_PFRM,HLD,2230
DE72,MAC_PFRM,HLD,1030
DE73,MAC_PFRM,HLD,2450
DE80,MAC_PFRM,HLD,2290
DE91,MAC_PFRM,HLD,2370
DE92,MAC_PFRM,HLD,3770
DE93,MAC_PFRM,HLD,5970
DE94,MAC_PFRM,HLD,9340
DEA1,MAC_PFRM,HLD,2900
DEA2,MAC_PFRM,HLD,2350
DEA3,MAC_PFRM,HLD,5610
DEA4,MAC_PFRM,HLD,3520
DEA5,MAC_PFRM,HLD,2260
DEB1,MAC_PFRM,HLD,1820
DEB2,MAC_PFRM,HLD,1390
DEB3,MAC_PFRM,HLD,3330
DEC0,MAC_PFRM,HLD,290
DED2,MAC_PFRM,HLD,980
DED4,MAC_PFRM,HLD,1050
DED5,MAC_PFRM,HLD,640
DEE0,MAC_PFRM,HLD,2150
DEF0,MAC_PFRM,HLD,5620
DEG0,MAC_PFRM,HLD,1350
DK,MAC_PFRM,HLD,11120
DK01,MAC_PFRM,HLD,520
DK02,MAC_PFRM,HLD,1740
DK03,MAC_PFRM,HLD,3430
DK04,MAC_PFRM,HLD,3280
DK05,MAC_PFRM,HLD,2150
EE,MAC_PFRM,HLD,3380
EE00,MAC_PFRM,HLD,3380
FI,MAC_PFRM,HLD,27340
FI19,MAC_PFRM,HLD,10680
FI1B,MAC_PFRM,HLD,1830
FI1C,MAC_PFRM,HLD,6660
FI1D,MAC_PFRM,HLD,7960
FI20,MAC_PFRM,HLD,220
FR,MAC_PFRM,HLD,167930
FR10,MAC_PFRM,HLD,3350
FRB0,MAC_PFRM,HLD,12520
FRC1,MAC_PFRM,HLD,8170
FRC2,MAC_PFRM,HLD,2120
FRD1,MAC_PFRM,HLD,6360
FRD2,MAC_PFRM,HLD,5290
FRE1,MAC_PFRM,HLD,8260
FRE2,MAC_PFRM,HLD,9080
FRF1,MAC_PFRM,HLD,5170
FRF2,MAC_PFRM,HLD,13790
FRF3,MAC_PFRM,HLD,5030
FRG0,MAC_PFRM,HLD,15690
FRH0,MAC_PFRM,HLD,10630
FRI1,MAC_PFRM,HLD,10980
FRI2,MAC_PFRM,HLD,2220
FRI3,MAC_PFRM,HLD,11510
FRJ1,MAC_PFRM,HLD,5870
FRJ2,MAC_PFRM,HLD,13570
FRK1,MAC_PFRM,HLD,4100
FRK2,MAC_PFRM,HLD,7880
FRL0,MAC_PFRM,HLD,4390
FRM0,MAC_PFRM,HLD,350
FRY1,MAC_PFRM,HLD,300
FRY2,MAC_PFRM,HLD,350
FRY3,MAC_PFRM,HLD,10
FRY4,MAC_PFRM,HLD,950
FRY5,MAC_PFRM,HLD,5
HR,MAC_PFRM,HLD,18440
HR02,MAC_PFRM,HLD,11050
HR03,MAC_PFRM,HLD,1130
HR05,MAC_PFRM,HLD,160
HR06,MAC_PFRM,HLD,6110
HU,MAC_PFRM,HLD,15760
HU11,MAC_PFRM,HLD,20
HU12,MAC_PFRM,HLD,900
HU21,MAC_PFRM,HLD,1720
HU22,MAC_PFRM,HLD,1640
HU23,MAC_PFRM,HLD,2270
HU31,MAC_PFRM,HLD,1670
HU32,MAC_PFRM,HLD,3570
HU33,MAC_PFRM,HLD,3970
IE,MAC_PFRM,HLD,54090
IE04,MAC_PFRM,HLD,17760
IE05,MAC_PFRM,HLD,25000
IE06,MAC_PFRM,HLD,11330
LU,MAC_PFRM,HLD,1210
LU00,MAC_PFRM,HLD,1210
LV,MAC_PFRM,HLD,3310
LV00,MAC_PFRM,HLD,3310
MT,MAC_PFRM,HLD,1250
MT00,MAC_PFRM,HLD,1250
NL,MAC_PFRM,HLD,7500
NL11,MAC_PFRM,HLD,620
NL12,MAC_PFRM,HLD,430
NL13,MAC_PFRM,HLD,500
NL21,MAC_PFRM,HLD,510
NL22,MAC_PFRM,HLD,750
NL23,MAC_PFRM,HLD,640
NL32,MAC_PFRM,HLD,670
NL34,MAC_PFRM,HLD,680
NL35,MAC_PFRM,HLD,230
NL36,MAC_PFRM,HLD,740
NL41,MAC_PFRM,HLD,1270
NL42,MAC_PFRM,HLD,460
NO,MAC_PFRM,HLD,17360
NO02,MAC_PFRM,HLD,3310
NO06,MAC_PFRM,HLD,2530
NO07,MAC_PFRM,HLD,1330
NO08,MAC_PFRM,HLD,3180
NO09,MAC_PFRM,HLD,1920
NO0A,MAC_PFRM,HLD,5100
PT,MAC_PFRM,HLD,24490
PT11,MAC_PFRM,HLD,11830
PT15,MAC_PFRM,HLD,520
PT19,MAC_PFRM,HLD,3280
PT1A,MAC_PFRM,HLD,220
PT1B,MAC_PFRM,HLD,340
PT1C,MAC_PFRM,HLD,5210
PT1D,MAC_PFRM,HLD,2370
PT20,MAC_PFRM,HLD,560
PT30,MAC_PFRM,HLD,160
RO,MAC_PFRM,HLD,17740
RO11,MAC_PFRM,HLD,1560
RO12,MAC_PFRM,HLD,1830
RO21,MAC_PFRM,HLD,2810
RO22,MAC_PFRM,HLD,2570
RO31,MAC_PFRM,HLD,2090
RO32,MAC_PFRM,HLD,70
RO41,MAC_PFRM,HLD,5580
RO42,MAC_PFRM,HLD,1230
SE,MAC_PFRM,HLD,8970
SE11,MAC_PFRM,HLD,190
SE12,MAC_PFRM,HLD,1850
SE21,MAC_PFRM,HLD,1420
SE22,MAC_PFRM,HLD,2440
SE23,MAC_PFRM,HLD,2350
SE31,MAC_PFRM,HLD,460
SE32,MAC_PFRM,HLD,120
SE33,MAC_PFRM,HLD,150
SK,MAC_PFRM,HLD,260
SK01,MAC_PFRM,HLD,20
SK02,MAC_PFRM,HLD,160
SK03,MAC_PFRM,HLD,30
SK04,MAC_PFRM,HLD,60
AT,MAC_PFRM,LSU,536780
AT11,MAC_PFRM,LSU,7790
AT12,MAC_PFRM,LSU,117050
AT13,MAC_PFRM,LSU,
AT21,MAC_PFRM,LSU,31670
AT22,MAC_PFRM,LSU,115870
AT31,MAC_PFRM,LSU,211540
AT32,MAC_PFRM,LSU,18570
AT33,MAC_PFRM,LSU,27450
AT34,MAC_PFRM,LSU,6810
BE,MAC_PFRM,LSU,1844900
BE10,MAC_PFRM,LSU,
BE21,MAC_PFRM,LSU,250580
BE22,MAC_PFRM,LSU,120410
BE23,MAC_PFRM,LSU,347380
BE24,MAC_PFRM,LSU,63600
BE25,MAC_PFRM,LSU,687020
BE31,MAC_PFRM,LSU,20050
BE32,MAC_PFRM,LSU,124990
BE33,MAC_PFRM,LSU,64980
BE34,MAC_PFRM,LSU,71080
BE35,MAC_PFRM,LSU,94740
CY,MAC_PFRM,LSU,570
CY00,MAC_PFRM,LSU,570
CZ,MAC_PFRM,LSU,473220
CZ01,MAC_PFRM,LSU,
CZ02,MAC_PFRM,LSU,60060
CZ03,MAC_PFRM,LSU,99940
CZ04,MAC_PFRM,LSU,13620
CZ05,MAC_PFRM,LSU,96840
CZ06,MAC_PFRM,LSU,130380
CZ07,MAC_PFRM,LSU,51450
CZ08,MAC_PFRM,LSU,20820
DE,MAC_PFRM,LSU,9704050
DE11,MAC_PFRM,LSU,239080
DE12,MAC_PFRM,LSU,41620
DE13,MAC_PFRM,LSU,78430
DE14,MAC_PFRM,LSU,248400
DE21,MAC_PFRM,LSU,375910
DE22,MAC_PFRM,LSU,378460
DE23,MAC_PFRM,LSU,210570
DE24,MAC_PFRM,LSU,135690
DE25,MAC_PFRM,LSU,226750
DE26,MAC_PFRM,LSU,92340
DE27,MAC_PFRM,LSU,311530
DE30,MAC_PFRM,LSU,220
DE40,MAC_PFRM,LSU,314550
DE50,MAC_PFRM,LSU,3430
DE60,MAC_PFRM,LSU,3140
DE71,MAC_PFRM,LSU,54320
DE72,MAC_PFRM,LSU,53840
DE73,MAC_PFRM,LSU,141920
DE80,MAC_PFRM,LSU,349690
DE91,MAC_PFRM,LSU,62550
DE92,MAC_PFRM,LSU,335050
DE93,MAC_PFRM,LSU,736100
DE94,MAC_PFRM,LSU,2145820
DEA1,MAC_PFRM,LSU,191680
DEA2,MAC_PFRM,LSU,98690
DEA3,MAC_PFRM,LSU,712290
DEA4,MAC_PFRM,LSU,275370
DEA5,MAC_PFRM,LSU,188190
DEB1,MAC_PFRM,LSU,54640
DEB2,MAC_PFRM,LSU,75490
DEB3,MAC_PFRM,LSU,23360
DEC0,MAC_PFRM,LSU,17520
DED2,MAC_PFRM,LSU,119190
DED4,MAC_PFRM,LSU,138610
DED5,MAC_PFRM,LSU,59190
DEE0,MAC_PFRM,LSU,278550
DEF0,MAC_PFRM,LSU,726350
DEG0,MAC_PFRM,LSU,205520
DK,MAC_PFRM,LSU,2311630
DK01,MAC_PFRM,LSU,47020
DK02,MAC_PFRM,LSU,177320
DK03,MAC_PFRM,LSU,788830
DK04,MAC_PFRM,LSU,736930
DK05,MAC_PFRM,LSU,561530
EE,MAC_PFRM,LSU,144000
EE00,MAC_PFRM,LSU,144000
FI,MAC_PFRM,LSU,720620
FI19,MAC_PFRM,LSU,296520
FI1B,MAC_PFRM,LSU,15150
FI1C,MAC_PFRM,LSU,147450
FI1D,MAC_PFRM,LSU,257480
FI20,MAC_PFRM,LSU,4030
FR,MAC_PFRM,LSU,11397480
FR10,MAC_PFRM,LSU,20420
FRB0,MAC_PFRM,LSU,380640
FRC1,MAC_PFRM,LSU,447650
FRC2,MAC_PFRM,LSU,209000
FRD1,MAC_PFRM,LSU,909660
FRD2,MAC_PFRM,LSU,375600
FRE1,MAC_PFRM,LSU,527030
FRE2,MAC_PFRM,LSU,334840
FRF1,MAC_PFRM,LSU,129490
FRF2,MAC_PFRM,LSU,353960
FRF3,MAC_PFRM,LSU,482580
FRG0,MAC_PFRM,LSU,2371910
FRH0,MAC_PFRM,LSU,2233950
FRI1,MAC_PFRM,LSU,370640
FRI2,MAC_PFRM,LSU,298070
FRI3,MAC_PFRM,LSU,532310
FRJ1,MAC_PFRM,LSU,27500
FRJ2,MAC_PFRM,LSU,544950
FRK1,MAC_PFRM,LSU,423570
FRK2,MAC_PFRM,LSU,378810
FRL0,MAC_PFRM,LSU,29630
FRM0,MAC_PFRM,LSU,3200
FRY1,MAC_PFRM,LSU,2220
FRY2,MAC_PFRM,LSU,1430
FRY3,MAC_PFRM,LSU,530
FRY4,MAC_PFRM,LSU,7850
FRY5,MAC_PFRM,LSU,
HR,MAC_PFRM,LSU,188290
HR02,MAC_PFRM,LSU,129380
HR03,MAC_PFRM,LSU,8140
HR05,MAC_PFRM,LSU,1640
HR06,MAC_PFRM,LSU,49130
HU,MAC_PFRM,LSU,605070
HU11,MAC_PFRM,LSU,
HU12,MAC_PFRM,LSU,
HU21,MAC_PFRM,LSU,93490
HU22,MAC_PFRM,LSU,83000
HU23,MAC_PFRM,LSU,135970
HU31,MAC_PFRM,LSU,33810
HU32,MAC_PFRM,LSU,119970
HU33,MAC_PFRM,LSU,116840
IE,MAC_PFRM,LSU,5389950
IE04,MAC_PFRM,LSU,1117100
IE05,MAC_PFRM,LSU,2956040
IE06,MAC_PFRM,LSU,1316810
LU,MAC_PFRM,LSU,138910
LU00,MAC_PFRM,LSU,138910
LV,MAC_PFRM,LSU,152920
LV00,MAC_PFRM,LSU,152920
MT,MAC_PFRM,LSU,5450
MT00,MAC_PFRM,LSU,5450
NL,MAC_PFRM,LSU,623600
NL11,MAC_PFRM,LSU,49970
NL12,MAC_PFRM,LSU,66630
NL13,MAC_PFRM,LSU,45970
NL21,MAC_PFRM,LSU,83810
NL22,MAC_PFRM,LSU,65970
NL23,MAC_PFRM,LSU,30960
NL32,MAC_PFRM,LSU,29110
NL34,MAC_PFRM,LSU,10500
NL35,MAC_PFRM,LSU,22230
NL36,MAC_PFRM,LSU,20020
NL41,MAC_PFRM,LSU,159850
NL42,MAC_PFRM,LSU,38560
NO,MAC_PFRM,LSU,710890
NO02,MAC_PFRM,LSU,139330
NO06,MAC_PFRM,LSU,132120
NO07,MAC_PFRM,LSU,63660
NO08,MAC_PFRM,LSU,80880
NO09,MAC_PFRM,LSU,55350
NO0A,MAC_PFRM,LSU,239550
PT,MAC_PFRM,LSU,623940
PT11,MAC_PFRM,LSU,125310
PT15,MAC_PFRM,LSU,1620
PT19,MAC_PFRM,LSU,57350
PT1A,MAC_PFRM,LSU,3480
PT1B,MAC_PFRM,LSU,31460
PT1C,MAC_PFRM,LSU,258060
PT1D,MAC_PFRM,LSU,104660
PT20,MAC_PFRM,LSU,41930
PT30,MAC_PFRM,LSU,70
RO,MAC_PFRM,LSU,167820
RO11,MAC_PFRM,LSU,26090
RO12,MAC_PFRM,LSU,23570
RO21,MAC_PFRM,LSU,51640
RO22,MAC_PFRM,LSU,24820
RO31,MAC_PFRM,LSU,16720
RO32,MAC_PFRM,LSU,140
RO41,MAC_PFRM,LSU,5120
RO42,MAC_PFRM,LSU,19720
SE,MAC_PFRM,LSU,831360
SE11,MAC_PFRM,LSU,6090
SE12,MAC_PFRM,LSU,183050
SE21,MAC_PFRM,LSU,197840
SE22,MAC_PFRM,LSU,162010
SE23,MAC_PFRM,LSU,220880
SE31,MAC_PFRM,LSU,36410
SE32,MAC_PFRM,LSU,12910
SE33,MAC_PFRM,LSU,12180
SK,MAC_PFRM,LSU,79530
SK01,MAC_PFRM,LSU,
SK02,MAC_PFRM,LSU,49150
SK03,MAC_PFRM,LSU,13700
SK04,MAC_PFRM,LSU,
AT,MAC_ROB,EUR,851274530
AT11,MAC_ROB,EUR,44649870
AT12,MAC_ROB,EUR,201417660
AT13,MAC_ROB,EUR,20258210
AT21,MAC_ROB,EUR,38193620
AT22,MAC_ROB,EUR,140034610
AT31,MAC_ROB,EUR,306540720
AT32,MAC_ROB,EUR,58205060
AT33,MAC_ROB,EUR,24960710
AT34,MAC_ROB,EUR,17014060
BE,MAC_ROB,EUR,3904281930
BE10,MAC_ROB,EUR,
BE21,MAC_ROB,EUR,741649510
BE22,MAC_ROB,EUR,276628890
BE23,MAC_ROB,EUR,575767740
BE24,MAC_ROB,EUR,165653620
BE25,MAC_ROB,EUR,1408337580
BE31,MAC_ROB,EUR,64159620
BE32,MAC_ROB,EUR,229626510
BE33,MAC_ROB,EUR,214183700
BE34,MAC_ROB,EUR,71444230
BE35,MAC_ROB,EUR,156461530
CY,MAC_ROB,EUR,45838840
CY00,MAC_ROB,EUR,45838840
CZ,MAC_ROB,EUR,2077465210
CZ01,MAC_ROB,EUR,
CZ02,MAC_ROB,EUR,461741500
CZ03,MAC_ROB,EUR,372222940
CZ04,MAC_ROB,EUR,103438910
CZ05,MAC_ROB,EUR,387544620
CZ06,MAC_ROB,EUR,530166540
CZ07,MAC_ROB,EUR,133462150
CZ08,MAC_ROB,EUR,82728930
DE,MAC_ROB,EUR,23182756420
DE11,MAC_ROB,EUR,638998270
DE12,MAC_ROB,EUR,126744560
DE13,MAC_ROB,EUR,204363280
DE14,MAC_ROB,EUR,635700360
DE21,MAC_ROB,EUR,897533860
DE22,MAC_ROB,EUR,836283890
DE23,MAC_ROB,EUR,479252090
DE24,MAC_ROB,EUR,285295110
DE25,MAC_ROB,EUR,404493350
DE26,MAC_ROB,EUR,237498220
DE27,MAC_ROB,EUR,649171100
DE30,MAC_ROB,EUR,
DE40,MAC_ROB,EUR,
DE50,MAC_ROB,EUR,
DE60,MAC_ROB,EUR,9332160
DE71,MAC_ROB,EUR,172053460
DE72,MAC_ROB,EUR,103624530
DE73,MAC_ROB,EUR,286742300
DE80,MAC_ROB,EUR,
DE91,MAC_ROB,EUR,263610330
DE92,MAC_ROB,EUR,781703990
DE93,MAC_ROB,EUR,1551567960
DE94,MAC_ROB,EUR,4442382850
DEA1,MAC_ROB,EUR,619523320
DEA2,MAC_ROB,EUR,357514580
DEA3,MAC_ROB,EUR,
DEA4,MAC_ROB,EUR,765159290
DEA5,MAC_ROB,EUR,432356890
DEB1,MAC_ROB,EUR,129743510
DEB2,MAC_ROB,EUR,148301020
DEB3,MAC_ROB,EUR,174379950
DEC0,MAC_ROB,EUR,27896600
DED2,MAC_ROB,EUR,351837600
DED4,MAC_ROB,EUR,386139310
DED5,MAC_ROB,EUR,203927880
DEE0,MAC_ROB,EUR,1058493430
DEF0,MAC_ROB,EUR,1350441680
DEG0,MAC_ROB,EUR,802797510
DK,MAC_ROB,EUR,5835958380
DK01,MAC_ROB,EUR,135775730
DK02,MAC_ROB,EUR,746862000
DK03,MAC_ROB,EUR,1995993760
DK04,MAC_ROB,EUR,1752248720
DK05,MAC_ROB,EUR,1205078170
EE,MAC_ROB,EUR,517666510
EE00,MAC_ROB,EUR,517666510
FI,MAC_ROB,EUR,1861277840
FI19,MAC_ROB,EUR,706575020
FI1B,MAC_ROB,EUR,78847690
FI1C,MAC_ROB,EUR,411028000
FI1D,MAC_ROB,EUR,655896130
FI20,MAC_ROB,EUR,8931000
FR,MAC_ROB,EUR,29204155970
FR10,MAC_ROB,EUR,602684950
FRB0,MAC_ROB,EUR,2148054210
FRC1,MAC_ROB,EUR,995270330
FRC2,MAC_ROB,EUR,788596690
FRD1,MAC_ROB,EUR,1833759390
FRD2,MAC_ROB,EUR,1081971820
FRE1,MAC_ROB,EUR,1830815150
FRE2,MAC_ROB,EUR,1907374630
FRF1,MAC_ROB,EUR,448681800
FRF2,MAC_ROB,EUR,1624827910
FRF3,MAC_ROB,EUR,1077074570
FRG0,MAC_ROB,EUR,3763528850
FRH0,MAC_ROB,EUR,3963375990
FRI1,MAC_ROB,EUR,1500612350
FRI2,MAC_ROB,EUR,249095270
FRI3,MAC_ROB,EUR,1612597000
FRJ1,MAC_ROB,EUR,256250280
FRJ2,MAC_ROB,EUR,1233360760
FRK1,MAC_ROB,EUR,728820730
FRK2,MAC_ROB,EUR,1092950440
FRL0,MAC_ROB,EUR,404568130
FRM0,MAC_ROB,EUR,15449710
FRY1,MAC_ROB,EUR,9548730
FRY2,MAC_ROB,EUR,12443850
FRY3,MAC_ROB,EUR,3348610
FRY4,MAC_ROB,EUR,19093810
HR,MAC_ROB,EUR,407673270
HR02,MAC_ROB,EUR,279906480
HR03,MAC_ROB,EUR,14511690
HR05,MAC_ROB,EUR,3436750
HR06,MAC_ROB,EUR,109818360
HU,MAC_ROB,EUR,1587018210
HU11,MAC_ROB,EUR,
HU12,MAC_ROB,EUR,
HU21,MAC_ROB,EUR,227868970
HU22,MAC_ROB,EUR,206252080
HU23,MAC_ROB,EUR,311787670
HU31,MAC_ROB,EUR,110352380
HU32,MAC_ROB,EUR,304712350
HU33,MAC_ROB,EUR,357102480
IE,MAC_ROB,EUR,3123442810
IE04,MAC_ROB,EUR,240721920
IE05,MAC_ROB,EUR,1895665040
IE06,MAC_ROB,EUR,987055850
LU,MAC_ROB,EUR,202710040
LU00,MAC_ROB,EUR,202710040
LV,MAC_ROB,EUR,831175380
LV00,MAC_ROB,EUR,831175380
MT,MAC_ROB,EUR,23648660
MT00,MAC_ROB,EUR,23648660
NL,MAC_ROB,EUR,14843418050
NL11,MAC_ROB,EUR,849137000
NL12,MAC_ROB,EUR,1074854970
NL13,MAC_ROB,EUR,891086050
NL21,MAC_ROB,EUR,1486542270
NL22,MAC_ROB,EUR,1903118140
NL23,MAC_ROB,EUR,
NL32,MAC_ROB,EUR,956586240
NL34,MAC_ROB,EUR,582467770
NL35,MAC_ROB,EUR,
NL36,MAC_ROB,EUR,1290645170
NL41,MAC_ROB,EUR,3361517130
NL42,MAC_ROB,EUR,1321110070
NO,MAC_ROB,EUR,2101801390
NO02,MAC_ROB,EUR,440183520
NO06,MAC_ROB,EUR,411758390
NO07,MAC_ROB,EUR,130189240
NO08,MAC_ROB,EUR,339888870
NO09,MAC_ROB,EUR,219356600
NO0A,MAC_ROB,EUR,560424780
PT,MAC_ROB,EUR,395927520
PT11,MAC_ROB,EUR,72022340
PT15,MAC_ROB,EUR,611100
PT19,MAC_ROB,EUR,44743070
PT1A,MAC_ROB,EUR,1716150
PT1B,MAC_ROB,EUR,17222850
PT1C,MAC_ROB,EUR,116983200
PT1D,MAC_ROB,EUR,140212410
PT20,MAC_ROB,EUR,2416410
RO,MAC_ROB,EUR,1747821730
RO11,MAC_ROB,EUR,328884320
RO12,MAC_ROB,EUR,373785730
RO21,MAC_ROB,EUR,309182970
RO22,MAC_ROB,EUR,201689660
RO31,MAC_ROB,EUR,276245770
RO32,MAC_ROB,EUR,6664410
RO41,MAC_ROB,EUR,106996800
RO42,MAC_ROB,EUR,144372080
SE,MAC_ROB,EUR,3691599220
SE11,MAC_ROB,EUR,46833610
SE12,MAC_ROB,EUR,792152930
SE21,MAC_ROB,EUR,785374320
SE22,MAC_ROB,EUR,804315180
SE23,MAC_ROB,EUR,894318150
SE31,MAC_ROB,EUR,166321390
SE32,MAC_ROB,EUR,86524780
SE33,MAC_ROB,EUR,115758870
SK,MAC_ROB,EUR,430359730
SK01,MAC_ROB,EUR,
SK02,MAC_ROB,EUR,269344220
SK03,MAC_ROB,EUR,
SK04,MAC_ROB,EUR,69392120
AT,MAC_ROB,HA,194970
AT11,MAC_ROB,HA,4770
AT12,MAC_ROB,HA,52170
AT13,MAC_ROB,HA,220
AT21,MAC_ROB,HA,10520
AT22,MAC_ROB,HA,29420
AT31,MAC_ROB,HA,67050
AT32,MAC_ROB,HA,15980
AT33,MAC_ROB,HA,9520
AT34,MAC_ROB,HA,5320
BE,MAC_ROB,HA,375200
BE10,MAC_ROB,HA,
BE21,MAC_ROB,HA,34060
BE22,MAC_ROB,HA,22750
BE23,MAC_ROB,HA,47750
BE24,MAC_ROB,HA,24600
BE25,MAC_ROB,HA,83310
BE31,MAC_ROB,HA,15760
BE32,MAC_ROB,HA,50180
BE33,MAC_ROB,HA,45540
BE34,MAC_ROB,HA,17900
BE35,MAC_ROB,HA,33190
CY,MAC_ROB,HA,3800
CY00,MAC_ROB,HA,3800
CZ,MAC_ROB,HA,733550
CZ01,MAC_ROB,HA,1060
CZ02,MAC_ROB,HA,113650
CZ03,MAC_ROB,HA,167490
CZ04,MAC_ROB,HA,35560
CZ05,MAC_ROB,HA,123980
CZ06,MAC_ROB,HA,195790
CZ07,MAC_ROB,HA,59610
CZ08,MAC_ROB,HA,36410
DE,MAC_ROB,HA,5461320
DE11,MAC_ROB,HA,145710
DE12,MAC_ROB,HA,46800
DE13,MAC_ROB,HA,64000
DE14,MAC_ROB,HA,151540
DE21,MAC_ROB,HA,219270
DE22,MAC_ROB,HA,172500
DE23,MAC_ROB,HA,123520
DE24,MAC_ROB,HA,100320
DE25,MAC_ROB,HA,112310
DE26,MAC_ROB,HA,87000
DE27,MAC_ROB,HA,153580
DE30,MAC_ROB,HA,
DE40,MAC_ROB,HA,344640
DE50,MAC_ROB,HA,
DE60,MAC_ROB,HA,
DE71,MAC_ROB,HA,50680
DE72,MAC_ROB,HA,43150
DE73,MAC_ROB,HA,99530
DE80,MAC_ROB,HA,305550
DE91,MAC_ROB,HA,112030
DE92,MAC_ROB,HA,191350
DE93,MAC_ROB,HA,343110
DE94,MAC_ROB,HA,552140
DEA1,MAC_ROB,HA,88670
DEA2,MAC_ROB,HA,80060
DEA3,MAC_ROB,HA,222230
DEA4,MAC_ROB,HA,136820
DEA5,MAC_ROB,HA,90410
DEB1,MAC_ROB,HA,57220
DEB2,MAC_ROB,HA,50920
DEB3,MAC_ROB,HA,47980
DEC0,MAC_ROB,HA,12520
DED2,MAC_ROB,HA,116790
DED4,MAC_ROB,HA,112060
DED5,MAC_ROB,HA,63510
DEE0,MAC_ROB,HA,312080
DEF0,MAC_ROB,HA,354240
DEG0,MAC_ROB,HA,291980
DK,MAC_ROB,HA,1466660
DK01,MAC_ROB,HA,51790
DK02,MAC_ROB,HA,306600
DK03,MAC_ROB,HA,441080
DK04,MAC_ROB,HA,412640
DK05,MAC_ROB,HA,254540
EE,MAC_ROB,HA,322140
EE00,MAC_ROB,HA,322140
FI,MAC_ROB,HA,867990
FI19,MAC_ROB,HA,300330
FI1B,MAC_ROB,HA,62510
FI1C,MAC_ROB,HA,215890
FI1D,MAC_ROB,HA,285140
FI20,MAC_ROB,HA,4120
FR,MAC_ROB,HA,12241980
FR10,MAC_ROB,HA,318750
FRB0,MAC_ROB,HA,1280550
FRC1,MAC_ROB,HA,676770
FRC2,MAC_ROB,HA,395630
FRD1,MAC_ROB,HA,623730
FRD2,MAC_ROB,HA,405560
FRE1,MAC_ROB,HA,489340
FRE2,MAC_ROB,HA,812770
FRF1,MAC_ROB,HA,148310
FRF2,MAC_ROB,HA,836060
FRF3,MAC_ROB,HA,652320
FRG0,MAC_ROB,HA,1228190
FRH0,MAC_ROB,HA,872930
FRI1,MAC_ROB,HA,477580
FRI2,MAC_ROB,HA,186960
FRI3,MAC_ROB,HA,776210
FRJ1,MAC_ROB,HA,123140
FRJ2,MAC_ROB,HA,798720
FRK1,MAC_ROB,HA,502500
FRK2,MAC_ROB,HA,477290
FRL0,MAC_ROB,HA,148430
FRM0,MAC_ROB,HA,6510
FRY1,MAC_ROB,HA,540
FRY2,MAC_ROB,HA,1450
FRY3,MAC_ROB,HA,560
FRY4,MAC_ROB,HA,1190
HR,MAC_ROB,HA,105660
HR02,MAC_ROB,HA,74270
HR03,MAC_ROB,HA,12510
HR05,MAC_ROB,HA,590
HR06,MAC_ROB,HA,18280
HU,MAC_ROB,HA,812890
HU11,MAC_ROB,HA,
HU12,MAC_ROB,HA,
HU21,MAC_ROB,HA,105600
HU22,MAC_ROB,HA,103530
HU23,MAC_ROB,HA,157920
HU31,MAC_ROB,HA,84460
HU32,MAC_ROB,HA,142130
HU33,MAC_ROB,HA,184860
IE,MAC_ROB,HA,1015120
IE04,MAC_ROB,HA,84880
IE05,MAC_ROB,HA,605180
IE06,MAC_ROB,HA,325070
LU,MAC_ROB,HA,55880
LU00,MAC_ROB,HA,55880
LV,MAC_ROB,HA,707960
LV00,MAC_ROB,HA,707960
MT,MAC_ROB,HA,170
MT00,MAC_ROB,HA,170
NL,MAC_ROB,HA,925700
NL11,MAC_ROB,HA,97920
NL12,MAC_ROB,HA,113810
NL13,MAC_ROB,HA,84670
NL21,MAC_ROB,HA,96500
NL22,MAC_ROB,HA,102180
NL23,MAC_ROB,HA,52200
NL32,MAC_ROB,HA,63150
NL34,MAC_ROB,HA,65230
NL35,MAC_ROB,HA,30930
NL36,MAC_ROB,HA,52250
NL41,MAC_ROB,HA,121630
NL42,MAC_ROB,HA,45220
NO,MAC_ROB,HA,411080
NO02,MAC_ROB,HA,89670
NO06,MAC_ROB,HA,76550
NO07,MAC_ROB,HA,32580
NO08,MAC_ROB,HA,98540
NO09,MAC_ROB,HA,38510
NO0A,MAC_ROB,HA,75240
PT,MAC_ROB,HA,133840
PT11,MAC_ROB,HA,5880
PT15,MAC_ROB,HA,100
PT19,MAC_ROB,HA,5270
PT1A,MAC_ROB,HA,620
PT1B,MAC_ROB,HA,2210
PT1C,MAC_ROB,HA,59680
PT1D,MAC_ROB,HA,59830
PT20,MAC_ROB,HA,250
RO,MAC_ROB,HA,1304270
RO11,MAC_ROB,HA,210910
RO12,MAC_ROB,HA,231650
RO21,MAC_ROB,HA,229740
RO22,MAC_ROB,HA,175510
RO31,MAC_ROB,HA,242590
RO32,MAC_ROB,HA,6020
RO41,MAC_ROB,HA,95040
RO42,MAC_ROB,HA,112810
SE,MAC_ROB,HA,1249230
SE11,MAC_ROB,HA,28890
SE12,MAC_ROB,HA,303120
SE21,MAC_ROB,HA,234990
SE22,MAC_ROB,HA,232800
SE23,MAC_ROB,HA,289350
SE31,MAC_ROB,HA,79840
SE32,MAC_ROB,HA,36610
SE33,MAC_ROB,HA,43630
SK,MAC_ROB,HA,207560
SK01,MAC_ROB,HA,
SK02,MAC_ROB,HA,126600
SK03,MAC_ROB,HA,
SK04,MAC_ROB,HA,49780
AT,MAC_ROB,HLD,3850
AT11,MAC_ROB,HLD,40
AT12,MAC_ROB,HLD,850
AT13,MAC_ROB,HLD,30
AT21,MAC_ROB,HLD,200
AT22,MAC_ROB,HLD,710
AT31,MAC_ROB,HLD,1390
AT32,MAC_ROB,HLD,340
AT33,MAC_ROB,HLD,190
AT34,MAC_ROB,HLD,90
BE,MAC_ROB,HLD,7050
BE10,MAC_ROB,HLD,5
BE21,MAC_ROB,HLD,900
BE22,MAC_ROB,HLD,520
BE23,MAC_ROB,HLD,1100
BE24,MAC_ROB,HLD,390
BE25,MAC_ROB,HLD,2320
BE31,MAC_ROB,HLD,180
BE32,MAC_ROB,HLD,590
BE33,MAC_ROB,HLD,570
BE34,MAC_ROB,HLD,160
BE35,MAC_ROB,HLD,310
CY,MAC_ROB,HLD,120
CY00,MAC_ROB,HLD,120
CZ,MAC_ROB,HLD,1130
CZ01,MAC_ROB,HLD,5
CZ02,MAC_ROB,HLD,170
CZ03,MAC_ROB,HLD,290
CZ04,MAC_ROB,HLD,80
CZ05,MAC_ROB,HLD,180
CZ06,MAC_ROB,HLD,270
CZ07,MAC_ROB,HLD,60
CZ08,MAC_ROB,HLD,60
DE,MAC_ROB,HLD,46630
DE11,MAC_ROB,HLD,1690
DE12,MAC_ROB,HLD,400
DE13,MAC_ROB,HLD,700
DE14,MAC_ROB,HLD,1690
DE21,MAC_ROB,HLD,3750
DE22,MAC_ROB,HLD,2550
DE23,MAC_ROB,HLD,1690
DE24,MAC_ROB,HLD,940
DE25,MAC_ROB,HLD,1300
DE26,MAC_ROB,HLD,840
DE27,MAC_ROB,HLD,2410
DE30,MAC_ROB,HLD,5
DE40,MAC_ROB,HLD,600
DE50,MAC_ROB,HLD,20
DE60,MAC_ROB,HLD,20
DE71,MAC_ROB,HLD,460
DE72,MAC_ROB,HLD,320
DE73,MAC_ROB,HLD,840
DE80,MAC_ROB,HLD,670
DE91,MAC_ROB,HLD,720
DE92,MAC_ROB,HLD,1440
DE93,MAC_ROB,HLD,2460
DE94,MAC_ROB,HLD,6380
DEA1,MAC_ROB,HLD,1240
DEA2,MAC_ROB,HLD,760
DEA3,MAC_ROB,HLD,4420
DEA4,MAC_ROB,HLD,1870
DEA5,MAC_ROB,HLD,1170
DEB1,MAC_ROB,HLD,420
DEB2,MAC_ROB,HLD,390
DEB3,MAC_ROB,HLD,390
DEC0,MAC_ROB,HLD,80
DED2,MAC_ROB,HLD,200
DED4,MAC_ROB,HLD,250
DED5,MAC_ROB,HLD,140
DEE0,MAC_ROB,HLD,620
DEF0,MAC_ROB,HLD,2370
DEG0,MAC_ROB,HLD,410
DK,MAC_ROB,HLD,6570
DK01,MAC_ROB,HLD,350
DK02,MAC_ROB,HLD,1210
DK03,MAC_ROB,HLD,1920
DK04,MAC_ROB,HLD,1910
DK05,MAC_ROB,HLD,1170
EE,MAC_ROB,HLD,860
EE00,MAC_ROB,HLD,860
FI,MAC_ROB,HLD,8090
FI19,MAC_ROB,HLD,3110
FI1B,MAC_ROB,HLD,480
FI1C,MAC_ROB,HLD,1900
FI1D,MAC_ROB,HLD,2540
FI20,MAC_ROB,HLD,50
FR,MAC_ROB,HLD,80810
FR10,MAC_ROB,HLD,1700
FRB0,MAC_ROB,HLD,6740
FRC1,MAC_ROB,HLD,3230
FRC2,MAC_ROB,HLD,2530
FRD1,MAC_ROB,HLD,4290
FRD2,MAC_ROB,HLD,2490
FRE1,MAC_ROB,HLD,4260
FRE2,MAC_ROB,HLD,4620
FRF1,MAC_ROB,HLD,1460
FRF2,MAC_ROB,HLD,4290
FRF3,MAC_ROB,HLD,3020
FRG0,MAC_ROB,HLD,8710
FRH0,MAC_ROB,HLD,8140
FRI1,MAC_ROB,HLD,4180
FRI2,MAC_ROB,HLD,1040
FRI3,MAC_ROB,HLD,5010
FRJ1,MAC_ROB,HLD,770
FRJ2,MAC_ROB,HLD,5930
FRK1,MAC_ROB,HLD,3430
FRK2,MAC_ROB,HLD,4050
FRL0,MAC_ROB,HLD,700
FRM0,MAC_ROB,HLD,60
FRY1,MAC_ROB,HLD,20
FRY2,MAC_ROB,HLD,50
FRY3,MAC_ROB,HLD,20
FRY4,MAC_ROB,HLD,70
HR,MAC_ROB,HLD,2370
HR02,MAC_ROB,HLD,1000
HR03,MAC_ROB,HLD,510
HR05,MAC_ROB,HLD,20
HR06,MAC_ROB,HLD,830
HU,MAC_ROB,HLD,4170
HU11,MAC_ROB,HLD,5
HU12,MAC_ROB,HLD,180
HU21,MAC_ROB,HLD,410
HU22,MAC_ROB,HLD,500
HU23,MAC_ROB,HLD,720
HU31,MAC_ROB,HLD,350
HU32,MAC_ROB,HLD,880
HU33,MAC_ROB,HLD,1110
IE,MAC_ROB,HLD,10240
IE04,MAC_ROB,HLD,1380
IE05,MAC_ROB,HLD,5810
IE06,MAC_ROB,HLD,3050
LU,MAC_ROB,HLD,430
LU00,MAC_ROB,HLD,430
LV,MAC_ROB,HLD,1760
LV00,MAC_ROB,HLD,1760
MT,MAC_ROB,HLD,100
MT00,MAC_ROB,HLD,100
NL,MAC_ROB,HLD,17230
NL11,MAC_ROB,HLD,1060
NL12,MAC_ROB,HLD,1520
NL13,MAC_ROB,HLD,1020
NL21,MAC_ROB,HLD,2210
NL22,MAC_ROB,HLD,2670
NL23,MAC_ROB,HLD,770
NL32,MAC_ROB,HLD,1010
NL34,MAC_ROB,HLD,960
NL35,MAC_ROB,HLD,680
NL36,MAC_ROB,HLD,960
NL41,MAC_ROB,HLD,3250
NL42,MAC_ROB,HLD,1110
NO,MAC_ROB,HLD,8140
NO02,MAC_ROB,HLD,1540
NO06,MAC_ROB,HLD,1530
NO07,MAC_ROB,HLD,580
NO08,MAC_ROB,HLD,1690
NO09,MAC_ROB,HLD,770
NO0A,MAC_ROB,HLD,2040
PT,MAC_ROB,HLD,860
PT11,MAC_ROB,HLD,170
PT15,MAC_ROB,HLD,10
PT19,MAC_ROB,HLD,70
PT1A,MAC_ROB,HLD,5
PT1B,MAC_ROB,HLD,10
PT1C,MAC_ROB,HLD,280
PT1D,MAC_ROB,HLD,320
PT20,MAC_ROB,HLD,5
RO,MAC_ROB,HLD,38650
RO11,MAC_ROB,HLD,9410
RO12,MAC_ROB,HLD,9050
RO21,MAC_ROB,HLD,6380
RO22,MAC_ROB,HLD,2810
RO31,MAC_ROB,HLD,2920
RO32,MAC_ROB,HLD,20
RO41,MAC_ROB,HLD,5410
RO42,MAC_ROB,HLD,2660
SE,MAC_ROB,HLD,6850
SE11,MAC_ROB,HLD,160
SE12,MAC_ROB,HLD,1520
SE21,MAC_ROB,HLD,1290
SE22,MAC_ROB,HLD,1240
SE23,MAC_ROB,HLD,1730
SE31,MAC_ROB,HLD,410
SE32,MAC_ROB,HLD,250
SE33,MAC_ROB,HLD,250
SK,MAC_ROB,HLD,230
SK01,MAC_ROB,HLD,10
SK02,MAC_ROB,HLD,120
SK03,MAC_ROB,HLD,40
SK04,MAC_ROB,HLD,60
AT,MAC_ROB,LSU,303640
AT11,MAC_ROB,LSU,3560
AT12,MAC_ROB,LSU,64760
AT13,MAC_ROB,LSU,
AT21,MAC_ROB,LSU,15980
AT22,MAC_ROB,LSU,60280
AT31,MAC_ROB,LSU,123140
AT32,MAC_ROB,LSU,20360
AT33,MAC_ROB,LSU,9420
AT34,MAC_ROB,LSU,6150
BE,MAC_ROB,LSU,1999560
BE10,MAC_ROB,LSU,0
BE21,MAC_ROB,LSU,408710
BE22,MAC_ROB,LSU,130000
BE23,MAC_ROB,LSU,291570
BE24,MAC_ROB,LSU,64220
BE25,MAC_ROB,LSU,823790
BE31,MAC_ROB,LSU,13680
BE32,MAC_ROB,LSU,81410
BE33,MAC_ROB,LSU,85150
BE34,MAC_ROB,LSU,37150
BE35,MAC_ROB,LSU,63880
CY,MAC_ROB,LSU,17530
CY00,MAC_ROB,LSU,17530
CZ,MAC_ROB,LSU,781800
CZ01,MAC_ROB,LSU,
CZ02,MAC_ROB,LSU,188190
CZ03,MAC_ROB,LSU,135790
CZ04,MAC_ROB,LSU,35330
CZ05,MAC_ROB,LSU,153660
CZ06,MAC_ROB,LSU,195700
CZ07,MAC_ROB,LSU,40420
CZ08,MAC_ROB,LSU,29530
DE,MAC_ROB,LSU,9843810
DE11,MAC_ROB,LSU,263340
DE12,MAC_ROB,LSU,35000
DE13,MAC_ROB,LSU,70900
DE14,MAC_ROB,LSU,261170
DE21,MAC_ROB,LSU,341460
DE22,MAC_ROB,LSU,360930
DE23,MAC_ROB,LSU,192520
DE24,MAC_ROB,LSU,104850
DE25,MAC_ROB,LSU,178560
DE26,MAC_ROB,LSU,78860
DE27,MAC_ROB,LSU,274070
DE30,MAC_ROB,LSU,
DE40,MAC_ROB,LSU,280800
DE50,MAC_ROB,LSU,3420
DE60,MAC_ROB,LSU,1530
DE71,MAC_ROB,LSU,43830
DE72,MAC_ROB,LSU,40300
DE73,MAC_ROB,LSU,121360
DE80,MAC_ROB,LSU,300940
DE91,MAC_ROB,LSU,43370
DE92,MAC_ROB,LSU,299810
DE93,MAC_ROB,LSU,551620
DE94,MAC_ROB,LSU,2419390
DEA1,MAC_ROB,LSU,199200
DEA2,MAC_ROB,LSU,77890
DEA3,MAC_ROB,LSU,1066260
DEA4,MAC_ROB,LSU,404790
DEA5,MAC_ROB,LSU,215140
DEB1,MAC_ROB,LSU,41150
DEB2,MAC_ROB,LSU,56930
DEB3,MAC_ROB,LSU,18120
DEC0,MAC_ROB,LSU,10730
DED2,MAC_ROB,LSU,106890
DED4,MAC_ROB,LSU,125070
DED5,MAC_ROB,LSU,65940
DEE0,MAC_ROB,LSU,391520
DEF0,MAC_ROB,LSU,542320
DEG0,MAC_ROB,LSU,253810
DK,MAC_ROB,LSU,1813110
DK01,MAC_ROB,LSU,36760
DK02,MAC_ROB,LSU,146240
DK03,MAC_ROB,LSU,643560
DK04,MAC_ROB,LSU,561090
DK05,MAC_ROB,LSU,425460
EE,MAC_ROB,LSU,177530
EE00,MAC_ROB,LSU,177530
FI,MAC_ROB,LSU,630630
FI19,MAC_ROB,LSU,271670
FI1B,MAC_ROB,LSU,14520
FI1C,MAC_ROB,LSU,135160
FI1D,MAC_ROB,LSU,207040
FI20,MAC_ROB,LSU,2240
FR,MAC_ROB,LSU,8761490
FR10,MAC_ROB,LSU,12250
FRB0,MAC_ROB,LSU,268740
FRC1,MAC_ROB,LSU,298750
FRC2,MAC_ROB,LSU,307530
FRD1,MAC_ROB,LSU,789780
FRD2,MAC_ROB,LSU,210010
FRE1,MAC_ROB,LSU,365100
FRE2,MAC_ROB,LSU,208950
FRF1,MAC_ROB,LSU,98690
FRF2,MAC_ROB,LSU,253760
FRF3,MAC_ROB,LSU,400520
FRG0,MAC_ROB,LSU,1646280
FRH0,MAC_ROB,LSU,1851350
FRI1,MAC_ROB,LSU,270180
FRI2,MAC_ROB,LSU,188870
FRI3,MAC_ROB,LSU,352900
FRJ1,MAC_ROB,LSU,26860
FRJ2,MAC_ROB,LSU,390860
FRK1,MAC_ROB,LSU,412840
FRK2,MAC_ROB,LSU,366020
FRL0,MAC_ROB,LSU,28010
FRM0,MAC_ROB,LSU,2370
FRY1,MAC_ROB,LSU,1600
FRY2,MAC_ROB,LSU,
FRY3,MAC_ROB,LSU,
FRY4,MAC_ROB,LSU,7510
HR,MAC_ROB,LSU,245850
HR02,MAC_ROB,LSU,155510
HR03,MAC_ROB,LSU,9070
HR05,MAC_ROB,LSU,2440
HR06,MAC_ROB,LSU,78830
HU,MAC_ROB,LSU,501440
HU11,MAC_ROB,LSU,0
HU12,MAC_ROB,LSU,20510
HU21,MAC_ROB,LSU,73370
HU22,MAC_ROB,LSU,62910
HU23,MAC_ROB,LSU,102910
HU31,MAC_ROB,LSU,26080
HU32,MAC_ROB,LSU,116260
HU33,MAC_ROB,LSU,99400
IE,MAC_ROB,LSU,1593910
IE04,MAC_ROB,LSU,153520
IE05,MAC_ROB,LSU,951270
IE06,MAC_ROB,LSU,489120
LU,MAC_ROB,LSU,85480
LU00,MAC_ROB,LSU,85480
LV,MAC_ROB,LSU,200810
LV00,MAC_ROB,LSU,200810
MT,MAC_ROB,LSU,13800
MT00,MAC_ROB,LSU,13800
NL,MAC_ROB,LSU,4392430
NL11,MAC_ROB,LSU,172600
NL12,MAC_ROB,LSU,298400
NL13,MAC_ROB,LSU,183560
NL21,MAC_ROB,LSU,600180
NL22,MAC_ROB,LSU,781230
NL23,MAC_ROB,LSU,80220
NL32,MAC_ROB,LSU,75790
NL34,MAC_ROB,LSU,56200
NL35,MAC_ROB,LSU,144280
NL36,MAC_ROB,LSU,74710
NL41,MAC_ROB,LSU,1390140
NL42,MAC_ROB,LSU,535130
NO,MAC_ROB,LSU,655640
NO02,MAC_ROB,LSU,127030
NO06,MAC_ROB,LSU,138060
NO07,MAC_ROB,LSU,47920
NO08,MAC_ROB,LSU,80960
NO09,MAC_ROB,LSU,51310
NO0A,MAC_ROB,LSU,210360
PT,MAC_ROB,LSU,78900
PT11,MAC_ROB,LSU,31840
PT15,MAC_ROB,LSU,0
PT19,MAC_ROB,LSU,4760
PT1A,MAC_ROB,LSU,
PT1B,MAC_ROB,LSU,
PT1C,MAC_ROB,LSU,16750
PT1D,MAC_ROB,LSU,24150
PT20,MAC_ROB,LSU,800
RO,MAC_ROB,LSU,748720
RO11,MAC_ROB,LSU,170800
RO12,MAC_ROB,LSU,210820
RO21,MAC_ROB,LSU,125560
RO22,MAC_ROB,LSU,72870
RO31,MAC_ROB,LSU,80580
RO32,MAC_ROB,LSU,1480
RO41,MAC_ROB,LSU,31090
RO42,MAC_ROB,LSU,55520
SE,MAC_ROB,LSU,1150070
SE11,MAC_ROB,LSU,10190
SE12,MAC_ROB,LSU,251040
SE21,MAC_ROB,LSU,270170
SE22,MAC_ROB,LSU,223030
SE23,MAC_ROB,LSU,283580
SE31,MAC_ROB,LSU,50620
SE32,MAC_ROB,LSU,26260
SE33,MAC_ROB,LSU,35170
SK,MAC_ROB,LSU,156090
SK01,MAC_ROB,LSU,16790
SK02,MAC_ROB,LSU,85100
SK03,MAC_ROB,LSU,30790
SK04,MAC_ROB,LSU,23420
AT,MIS_USE,EUR,2641385480
AT11,MIS_USE,EUR,182218830
AT12,MIS_USE,EUR,925136360
AT13,MIS_USE,EUR,55707780
AT21,MIS_USE,EUR,103204600
AT22,MIS_USE,EUR,431920540
AT31,MIS_USE,EUR,692965270
AT32,MIS_USE,EUR,86156040
AT33,MIS_USE,EUR,120362270
AT34,MIS_USE,EUR,43713800
BE,MIS_USE,EUR,3994714750
BE10,MIS_USE,EUR,2830820
BE21,MIS_USE,EUR,1019280380
BE22,MIS_USE,EUR,407774840
BE23,MIS_USE,EUR,504443060
BE24,MIS_USE,EUR,182279700
BE25,MIS_USE,EUR,1003499510
BE31,MIS_USE,EUR,84237600
BE32,MIS_USE,EUR,249798020
BE33,MIS_USE,EUR,224981920
BE34,MIS_USE,EUR,124056370
BE35,MIS_USE,EUR,191532540
CY,MIS_USE,EUR,106705760
CY00,MIS_USE,EUR,106705760
CZ,MIS_USE,EUR,3139926300
CZ01,MIS_USE,EUR,8078160
CZ02,MIS_USE,EUR,568753820
CZ03,MIS_USE,EUR,477098550
CZ04,MIS_USE,EUR,203077170
CZ05,MIS_USE,EUR,653742320
CZ06,MIS_USE,EUR,818993570
CZ07,MIS_USE,EUR,306460640
CZ08,MIS_USE,EUR,103722060
DE,MIS_USE,EUR,23060763140
DE11,MIS_USE,EUR,519118650
DE12,MIS_USE,EUR,171281680
DE13,MIS_USE,EUR,296628640
DE14,MIS_USE,EUR,472503910
DE21,MIS_USE,EUR,658138660
DE22,MIS_USE,EUR,559753260
DE23,MIS_USE,EUR,324313140
DE24,MIS_USE,EUR,241092630
DE25,MIS_USE,EUR,294365950
DE26,MIS_USE,EUR,297210970
DE27,MIS_USE,EUR,485534880
DE30,MIS_USE,EUR,524900
DE40,MIS_USE,EUR,1110913930
DE50,MIS_USE,EUR,6600750
DE60,MIS_USE,EUR,29332970
DE71,MIS_USE,EUR,325692080
DE72,MIS_USE,EUR,140694530
DE73,MIS_USE,EUR,305795510
DE80,MIS_USE,EUR,
DE91,MIS_USE,EUR,501957140
DE92,MIS_USE,EUR,835849560
DE93,MIS_USE,EUR,1635725250
DE94,MIS_USE,EUR,3020743820
DEA1,MIS_USE,EUR,740838610
DEA2,MIS_USE,EUR,443052890
DEA3,MIS_USE,EUR,
DEA4,MIS_USE,EUR,548622010
DEA5,MIS_USE,EUR,336702320
DEB1,MIS_USE,EUR,161728450
DEB2,MIS_USE,EUR,121490050
DEB3,MIS_USE,EUR,449177820
DEC0,MIS_USE,EUR,29953370
DED2,MIS_USE,EUR,600774370
DED4,MIS_USE,EUR,670075270
DED5,MIS_USE,EUR,393010330
DEE0,MIS_USE,EUR,1519371930
DEF0,MIS_USE,EUR,1374481070
DEG0,MIS_USE,EUR,921447350
DK,MIS_USE,EUR,6031719420
DK01,MIS_USE,EUR,151817670
DK02,MIS_USE,EUR,736501880
DK03,MIS_USE,EUR,1956718590
DK04,MIS_USE,EUR,1872568760
DK05,MIS_USE,EUR,1314112520
EE,MIS_USE,EUR,807522910
EE00,MIS_USE,EUR,807522910
FI,MIS_USE,EUR,2832134390
FI19,MIS_USE,EUR,1055737820
FI1B,MIS_USE,EUR,129741230
FI1C,MIS_USE,EUR,690528280
FI1D,MIS_USE,EUR,937476830
FI20,MIS_USE,EUR,18650230
FR,MIS_USE,EUR,58160758670
FR10,MIS_USE,EUR,981459560
FRB0,MIS_USE,EUR,3551167170
FRC1,MIS_USE,EUR,3301576750
FRC2,MIS_USE,EUR,1131205670
FRD1,MIS_USE,EUR,2507176870
FRD2,MIS_USE,EUR,1736031310
FRE1,MIS_USE,EUR,2572391990
FRE2,MIS_USE,EUR,2973332900
FRF1,MIS_USE,EUR,1151749280
FRF2,MIS_USE,EUR,4323270470
FRF3,MIS_USE,EUR,1450695470
FRG0,MIS_USE,EUR,6114001510
FRH0,MIS_USE,EUR,6906388180
FRI1,MIS_USE,EUR,4071368090
FRI2,MIS_USE,EUR,805197000
FRI3,MIS_USE,EUR,3581193910
FRJ1,MIS_USE,EUR,1835845710
FRJ2,MIS_USE,EUR,2701168920
FRK1,MIS_USE,EUR,1382204390
FRK2,MIS_USE,EUR,2568773430
FRL0,MIS_USE,EUR,1979950260
FRM0,MIS_USE,EUR,216222840
FRY1,MIS_USE,EUR,64098440
FRY2,MIS_USE,EUR,106689580
FRY3,MIS_USE,EUR,11095030
FRY4,MIS_USE,EUR,135487090
FRY5,MIS_USE,EUR,1016840
HR,MIS_USE,EUR,573022120
HR02,MIS_USE,EUR,408154460
HR03,MIS_USE,EUR,
HR05,MIS_USE,EUR,
HR06,MIS_USE,EUR,123437170
HU,MIS_USE,EUR,4483607540
HU11,MIS_USE,EUR,7305500
HU12,MIS_USE,EUR,227734940
HU21,MIS_USE,EUR,614023660
HU22,MIS_USE,EUR,581938340
HU23,MIS_USE,EUR,732873420
HU31,MIS_USE,EUR,376906480
HU32,MIS_USE,EUR,1017968990
HU33,MIS_USE,EUR,924856200
IE,MIS_USE,EUR,6896619790
IE04,MIS_USE,EUR,1175127280
IE05,MIS_USE,EUR,4000040780
IE06,MIS_USE,EUR,1721451720
LU,MIS_USE,EUR,
LU00,MIS_USE,EUR,
LV,MIS_USE,EUR,713043760
LV00,MIS_USE,EUR,713043760
MT,MIS_USE,EUR,18897130
MT00,MIS_USE,EUR,18897130
NL,MIS_USE,EUR,21847030150
NL11,MIS_USE,EUR,1042190020
NL12,MIS_USE,EUR,1711924980
NL13,MIS_USE,EUR,1171507340
NL21,MIS_USE,EUR,2041814750
NL22,MIS_USE,EUR,2779909500
NL23,MIS_USE,EUR,1195735370
NL32,MIS_USE,EUR,1555763450
NL34,MIS_USE,EUR,749249900
NL35,MIS_USE,EUR,634878730
NL36,MIS_USE,EUR,3141143810
NL41,MIS_USE,EUR,4213921460
NL42,MIS_USE,EUR,1608990830
NO,MIS_USE,EUR,3999741100
NO02,MIS_USE,EUR,750051660
NO06,MIS_USE,EUR,696298040
NO07,MIS_USE,EUR,254273990
NO08,MIS_USE,EUR,682368940
NO09,MIS_USE,EUR,456760450
NO0A,MIS_USE,EUR,1159988020
PT,MIS_USE,EUR,1563450120
PT11,MIS_USE,EUR,235233030
PT15,MIS_USE,EUR,
PT19,MIS_USE,EUR,186757240
PT1A,MIS_USE,EUR,43068840
PT1B,MIS_USE,EUR,10564150
PT1C,MIS_USE,EUR,493391440
PT1D,MIS_USE,EUR,403679940
PT20,MIS_USE,EUR,54970180
RO,MIS_USE,EUR,635828640
RO11,MIS_USE,EUR,43107310
RO12,MIS_USE,EUR,50983690
RO21,MIS_USE,EUR,112737550
RO22,MIS_USE,EUR,187086290
RO31,MIS_USE,EUR,160977570
RO32,MIS_USE,EUR,736690
RO41,MIS_USE,EUR,29277350
RO42,MIS_USE,EUR,50922180
SE,MIS_USE,EUR,4025956980
SE11,MIS_USE,EUR,66932440
SE12,MIS_USE,EUR,874158600
SE21,MIS_USE,EUR,761052030
SE22,MIS_USE,EUR,1037068980
SE23,MIS_USE,EUR,903930750
SE31,MIS_USE,EUR,188108830
SE32,MIS_USE,EUR,89987630
SE33,MIS_USE,EUR,104717720
SK,MIS_USE,EUR,936550590
SK01,MIS_USE,EUR,60900130
SK02,MIS_USE,EUR,527722320
SK03,MIS_USE,EUR,169809090
SK04,MIS_USE,EUR,178119040
AT,MIS_USE,HA,790530
AT11,MIS_USE,HA,70760
AT12,MIS_USE,HA,335580
AT13,MIS_USE,HA,2680
AT21,MIS_USE,HA,41320
AT22,MIS_USE,HA,85000
AT31,MIS_USE,HA,163550
AT32,MIS_USE,HA,30270
AT33,MIS_USE,HA,45100
AT34,MIS_USE,HA,16260
BE,MIS_USE,HA,412450
BE10,MIS_USE,HA,1120
BE21,MIS_USE,HA,37110
BE22,MIS_USE,HA,30020
BE23,MIS_USE,HA,40400
BE24,MIS_USE,HA,21070
BE25,MIS_USE,HA,59070
BE31,MIS_USE,HA,25180
BE32,MIS_USE,HA,57340
BE33,MIS_USE,HA,55420
BE34,MIS_USE,HA,36510
BE35,MIS_USE,HA,49210
CY,MIS_USE,HA,5470
CY00,MIS_USE,HA,5470
CZ,MIS_USE,HA,1513090
CZ01,MIS_USE,HA,6760
CZ02,MIS_USE,HA,255490
CZ03,MIS_USE,HA,282220
CZ04,MIS_USE,HA,116930
CZ05,MIS_USE,HA,278150
CZ06,MIS_USE,HA,336320
CZ07,MIS_USE,HA,158610
CZ08,MIS_USE,HA,78620
DE,MIS_USE,HA,7680140
DE11,MIS_USE,HA,149390
DE12,MIS_USE,HA,70210
DE13,MIS_USE,HA,91040
DE14,MIS_USE,HA,128330
DE21,MIS_USE,HA,187700
DE22,MIS_USE,HA,144650
DE23,MIS_USE,HA,107580
DE24,MIS_USE,HA,103000
DE25,MIS_USE,HA,98980
DE26,MIS_USE,HA,123650
DE27,MIS_USE,HA,139890
DE30,MIS_USE,HA,690
DE40,MIS_USE,HA,684720
DE50,MIS_USE,HA,2100
DE60,MIS_USE,HA,3460
DE71,MIS_USE,HA,100010
DE72,MIS_USE,HA,74300
DE73,MIS_USE,HA,134050
DE80,MIS_USE,HA,720830
DE91,MIS_USE,HA,228000
DE92,MIS_USE,HA,257440
DE93,MIS_USE,HA,386630
DE94,MIS_USE,HA,410800
DEA1,MIS_USE,HA,101840
DEA2,MIS_USE,HA,114090
DEA3,MIS_USE,HA,178190
DEA4,MIS_USE,HA,152460
DEA5,MIS_USE,HA,89150
DEB1,MIS_USE,HA,89900
DEB2,MIS_USE,HA,52590
DEB3,MIS_USE,HA,95910
DEC0,MIS_USE,HA,18440
DED2,MIS_USE,HA,296360
DED4,MIS_USE,HA,266800
DED5,MIS_USE,HA,180490
DEE0,MIS_USE,HA,784360
DEF0,MIS_USE,HA,420230
DEG0,MIS_USE,HA,491850
DK,MIS_USE,HA,1295380
DK01,MIS_USE,HA,42120
DK02,MIS_USE,HA,261250
DK03,MIS_USE,HA,383050
DK04,MIS_USE,HA,384300
DK05,MIS_USE,HA,224660
EE,MIS_USE,HA,656220
EE00,MIS_USE,HA,656220
FI,MIS_USE,HA,1648320
FI19,MIS_USE,HA,562480
FI1B,MIS_USE,HA,124750
FI1C,MIS_USE,HA,453060
FI1D,MIS_USE,HA,498930
FI20,MIS_USE,HA,9090
FR,MIS_USE,HA,21843020
FR10,MIS_USE,HA,503180
FRB0,MIS_USE,HA,1923920
FRC1,MIS_USE,HA,1538560
FRC2,MIS_USE,HA,566000
FRD1,MIS_USE,HA,937610
FRD2,MIS_USE,HA,665160
FRE1,MIS_USE,HA,674440
FRE2,MIS_USE,HA,1195430
FRF1,MIS_USE,HA,256860
FRF2,MIS_USE,HA,1395620
FRF3,MIS_USE,HA,904550
FRG0,MIS_USE,HA,1834230
FRH0,MIS_USE,HA,1327410
FRI1,MIS_USE,HA,934840
FRI2,MIS_USE,HA,634490
FRI3,MIS_USE,HA,1459200
FRJ1,MIS_USE,HA,625400
FRJ2,MIS_USE,HA,1785080
FRK1,MIS_USE,HA,1067110
FRK2,MIS_USE,HA,1006290
FRL0,MIS_USE,HA,499370
FRM0,MIS_USE,HA,75120
FRY1,MIS_USE,HA,5830
FRY2,MIS_USE,HA,10890
FRY3,MIS_USE,HA,4330
FRY4,MIS_USE,HA,12110
FRY5,MIS_USE,HA,40
HR,MIS_USE,HA,292220
HR02,MIS_USE,HA,230630
HR03,MIS_USE,HA,28780
HR05,MIS_USE,HA,820
HR06,MIS_USE,HA,31990
HU,MIS_USE,HA,2424080
HU11,MIS_USE,HA,1440
HU12,MIS_USE,HA,131400
HU21,MIS_USE,HA,321870
HU22,MIS_USE,HA,285250
HU23,MIS_USE,HA,404170
HU31,MIS_USE,HA,294020
HU32,MIS_USE,HA,463650
HU33,MIS_USE,HA,522290
IE,MIS_USE,HA,2952860
IE04,MIS_USE,HA,787020
IE05,MIS_USE,HA,1475790
IE06,MIS_USE,HA,690060
LU,MIS_USE,HA,76460
LU00,MIS_USE,HA,76460
LV,MIS_USE,HA,687710
LV00,MIS_USE,HA,687710
MT,MIS_USE,HA,910
MT00,MIS_USE,HA,910
NL,MIS_USE,HA,1402030
NL11,MIS_USE,HA,123250
NL12,MIS_USE,HA,195800
NL13,MIS_USE,HA,116350
NL21,MIS_USE,HA,157890
NL22,MIS_USE,HA,169610
NL23,MIS_USE,HA,73830
NL32,MIS_USE,HA,98080
NL34,MIS_USE,HA,80860
NL35,MIS_USE,HA,57980
NL36,MIS_USE,HA,92510
NL41,MIS_USE,HA,171230
NL42,MIS_USE,HA,64660
NO,MIS_USE,HA,980300
NO02,MIS_USE,HA,202210
NO06,MIS_USE,HA,163610
NO07,MIS_USE,HA,87580
NO08,MIS_USE,HA,203800
NO09,MIS_USE,HA,94280
NO0A,MIS_USE,HA,228810
PT,MIS_USE,HA,432060
PT11,MIS_USE,HA,43450
PT15,MIS_USE,HA,3570
PT19,MIS_USE,HA,27320
PT1A,MIS_USE,HA,5730
PT1B,MIS_USE,HA,1010
PT1C,MIS_USE,HA,266000
PT1D,MIS_USE,HA,78450
PT20,MIS_USE,HA,6530
RO,MIS_USE,HA,579310
RO11,MIS_USE,HA,40300
RO12,MIS_USE,HA,26300
RO21,MIS_USE,HA,101510
RO22,MIS_USE,HA,180920
RO31,MIS_USE,HA,145000
RO32,MIS_USE,HA,830
RO41,MIS_USE,HA,25150
RO42,MIS_USE,HA,59290
SE,MIS_USE,HA,1680750
SE11,MIS_USE,HA,38580
SE12,MIS_USE,HA,422100
SE21,MIS_USE,HA,284700
SE22,MIS_USE,HA,349830
SE23,MIS_USE,HA,363570
SE31,MIS_USE,HA,119930
SE32,MIS_USE,HA,48560
SE33,MIS_USE,HA,53480
SK,MIS_USE,HA,722250
SK01,MIS_USE,HA,32290
SK02,MIS_USE,HA,350090
SK03,MIS_USE,HA,149230
SK04,MIS_USE,HA,190640
AT,MIS_USE,HLD,19290
AT11,MIS_USE,HLD,830
AT12,MIS_USE,HLD,6460
AT13,MIS_USE,HLD,90
AT21,MIS_USE,HLD,1280
AT22,MIS_USE,HLD,3040
AT31,MIS_USE,HLD,4820
AT32,MIS_USE,HLD,880
AT33,MIS_USE,HLD,1460
AT34,MIS_USE,HLD,430
BE,MIS_USE,HLD,6790
BE10,MIS_USE,HLD,20
BE21,MIS_USE,HLD,900
BE22,MIS_USE,HLD,600
BE23,MIS_USE,HLD,950
BE24,MIS_USE,HLD,360
BE25,MIS_USE,HLD,1410
BE31,MIS_USE,HLD,230
BE32,MIS_USE,HLD,690
BE33,MIS_USE,HLD,720
BE34,MIS_USE,HLD,400
BE35,MIS_USE,HLD,500
CY,MIS_USE,HLD,360
CY00,MIS_USE,HLD,360
CZ,MIS_USE,HLD,4230
CZ01,MIS_USE,HLD,70
CZ02,MIS_USE,HLD,850
CZ03,MIS_USE,HLD,450
CZ04,MIS_USE,HLD,280
CZ05,MIS_USE,HLD,1010
CZ06,MIS_USE,HLD,990
CZ07,MIS_USE,HLD,310
CZ08,MIS_USE,HLD,270
DE,MIS_USE,HLD,57300
DE11,MIS_USE,HLD,2080
DE12,MIS_USE,HLD,710
DE13,MIS_USE,HLD,1330
DE14,MIS_USE,HLD,1780
DE21,MIS_USE,HLD,3330
DE22,MIS_USE,HLD,2430
DE23,MIS_USE,HLD,1680
DE24,MIS_USE,HLD,1390
DE25,MIS_USE,HLD,1360
DE26,MIS_USE,HLD,1430
DE27,MIS_USE,HLD,2220
DE30,MIS_USE,HLD,5
DE40,MIS_USE,HLD,1220
DE50,MIS_USE,HLD,20
DE60,MIS_USE,HLD,80
DE71,MIS_USE,HLD,1180
DE72,MIS_USE,HLD,780
DE73,MIS_USE,HLD,1450
DE80,MIS_USE,HLD,1350
DE91,MIS_USE,HLD,1330
DE92,MIS_USE,HLD,1900
DE93,MIS_USE,HLD,2710
DE94,MIS_USE,HLD,4330
DEA1,MIS_USE,HLD,1380
DEA2,MIS_USE,HLD,1200
DEA3,MIS_USE,HLD,3280
DEA4,MIS_USE,HLD,1970
DEA5,MIS_USE,HLD,1210
DEB1,MIS_USE,HLD,800
DEB2,MIS_USE,HLD,530
DEB3,MIS_USE,HLD,1060
DEC0,MIS_USE,HLD,140
DED2,MIS_USE,HLD,1580
DED4,MIS_USE,HLD,1800
DED5,MIS_USE,HLD,680
DEE0,MIS_USE,HLD,1560
DEF0,MIS_USE,HLD,2910
DEG0,MIS_USE,HLD,1080
DK,MIS_USE,HLD,4970
DK01,MIS_USE,HLD,210
DK02,MIS_USE,HLD,930
DK03,MIS_USE,HLD,1500
DK04,MIS_USE,HLD,1470
DK05,MIS_USE,HLD,860
EE,MIS_USE,HLD,3680
EE00,MIS_USE,HLD,3680
FI,MIS_USE,HLD,24230
FI19,MIS_USE,HLD,9030
FI1B,MIS_USE,HLD,1610
FI1C,MIS_USE,HLD,5880
FI1D,MIS_USE,HLD,7510
FI20,MIS_USE,HLD,210
FR,MIS_USE,HLD,216090
FR10,MIS_USE,HLD,3230
FRB0,MIS_USE,HLD,12970
FRC1,MIS_USE,HLD,11150
FRC2,MIS_USE,HLD,4500
FRD1,MIS_USE,HLD,8580
FRD2,MIS_USE,HLD,5370
FRE1,MIS_USE,HLD,7420
FRE2,MIS_USE,HLD,8740
FRF1,MIS_USE,HLD,4780
FRF2,MIS_USE,HLD,14060
FRF3,MIS_USE,HLD,5350
FRG0,MIS_USE,HLD,17680
FRH0,MIS_USE,HLD,17360
FRI1,MIS_USE,HLD,14360
FRI2,MIS_USE,HLD,5570
FRI3,MIS_USE,HLD,12610
FRJ1,MIS_USE,HLD,11200
FRJ2,MIS_USE,HLD,18130
FRK1,MIS_USE,HLD,9480
FRK2,MIS_USE,HLD,13690
FRL0,MIS_USE,HLD,7040
FRM0,MIS_USE,HLD,1100
FRY1,MIS_USE,HLD,400
FRY2,MIS_USE,HLD,360
FRY3,MIS_USE,HLD,90
FRY4,MIS_USE,HLD,880
FRY5,MIS_USE,HLD,10
HR,MIS_USE,HLD,13780
HR02,MIS_USE,HLD,8760
HR03,MIS_USE,HLD,2720
HR05,MIS_USE,HLD,130
HR06,MIS_USE,HLD,2170
HU,MIS_USE,HLD,17050
HU11,MIS_USE,HLD,40
HU12,MIS_USE,HLD,1130
HU21,MIS_USE,HLD,2350
HU22,MIS_USE,HLD,1740
HU23,MIS_USE,HLD,2330
HU31,MIS_USE,HLD,2340
HU32,MIS_USE,HLD,3490
HU33,MIS_USE,HLD,3630
IE,MIS_USE,HLD,46570
IE04,MIS_USE,HLD,15960
IE05,MIS_USE,HLD,21240
IE06,MIS_USE,HLD,9380
LU,MIS_USE,HLD,720
LU00,MIS_USE,HLD,720
LV,MIS_USE,HLD,4080
LV00,MIS_USE,HLD,4080
MT,MIS_USE,HLD,650
MT00,MIS_USE,HLD,650
NL,MIS_USE,HLD,28690
NL11,MIS_USE,HLD,1480
NL12,MIS_USE,HLD,2860
NL13,MIS_USE,HLD,1580
NL21,MIS_USE,HLD,3900
NL22,MIS_USE,HLD,4540
NL23,MIS_USE,HLD,1120
NL32,MIS_USE,HLD,1820
NL34,MIS_USE,HLD,1280
NL35,MIS_USE,HLD,1420
NL36,MIS_USE,HLD,2380
NL41,MIS_USE,HLD,4700
NL42,MIS_USE,HLD,1610
NO,MIS_USE,HLD,36800
NO02,MIS_USE,HLD,6610
NO06,MIS_USE,HLD,5240
NO07,MIS_USE,HLD,2800
NO08,MIS_USE,HLD,5930
NO09,MIS_USE,HLD,4240
NO0A,MIS_USE,HLD,11970
PT,MIS_USE,HLD,5470
PT11,MIS_USE,HLD,2580
PT15,MIS_USE,HLD,120
PT19,MIS_USE,HLD,760
PT1A,MIS_USE,HLD,50
PT1B,MIS_USE,HLD,30
PT1C,MIS_USE,HLD,1140
PT1D,MIS_USE,HLD,580
PT20,MIS_USE,HLD,220
RO,MIS_USE,HLD,10850
RO11,MIS_USE,HLD,960
RO12,MIS_USE,HLD,1770
RO21,MIS_USE,HLD,1530
RO22,MIS_USE,HLD,920
RO31,MIS_USE,HLD,950
RO32,MIS_USE,HLD,30
RO41,MIS_USE,HLD,4030
RO42,MIS_USE,HLD,670
SE,MIS_USE,HLD,16190
SE11,MIS_USE,HLD,400
SE12,MIS_USE,HLD,3210
SE21,MIS_USE,HLD,2800
SE22,MIS_USE,HLD,2920
SE23,MIS_USE,HLD,3920
SE31,MIS_USE,HLD,1530
SE32,MIS_USE,HLD,670
SE33,MIS_USE,HLD,740
SK,MIS_USE,HLD,1110
SK01,MIS_USE,HLD,50
SK02,MIS_USE,HLD,430
SK03,MIS_USE,HLD,300
SK04,MIS_USE,HLD,340
AT,MIS_USE,LSU,728480
AT11,MIS_USE,LSU,13070
AT12,MIS_USE,LSU,193860
AT13,MIS_USE,LSU,40
AT21,MIS_USE,LSU,41850
AT22,MIS_USE,LSU,144000
AT31,MIS_USE,LSU,260360
AT32,MIS_USE,LSU,29790
AT33,MIS_USE,LSU,30290
AT34,MIS_USE,LSU,15220
BE,MIS_USE,LSU,1446960
BE10,MIS_USE,LSU,
BE21,MIS_USE,LSU,357290
BE22,MIS_USE,LSU,101700
BE23,MIS_USE,LSU,200590
BE24,MIS_USE,LSU,49060
BE25,MIS_USE,LSU,442400
BE31,MIS_USE,LSU,9260
BE32,MIS_USE,LSU,76620
BE33,MIS_USE,LSU,72900
BE34,MIS_USE,LSU,64560
BE35,MIS_USE,LSU,72600
CY,MIS_USE,LSU,40540
CY00,MIS_USE,LSU,40540
CZ,MIS_USE,LSU,749950
CZ01,MIS_USE,LSU,1010
CZ02,MIS_USE,LSU,134430
CZ03,MIS_USE,LSU,152460
CZ04,MIS_USE,LSU,47490
CZ05,MIS_USE,LSU,146930
CZ06,MIS_USE,LSU,179730
CZ07,MIS_USE,LSU,58390
CZ08,MIS_USE,LSU,29510
DE,MIS_USE,LSU,6576530
DE11,MIS_USE,LSU,149600
DE12,MIS_USE,LSU,25870
DE13,MIS_USE,LSU,56990
DE14,MIS_USE,LSU,147170
DE21,MIS_USE,LSU,186670
DE22,MIS_USE,LSU,165630
DE23,MIS_USE,LSU,107240
DE24,MIS_USE,LSU,72240
DE25,MIS_USE,LSU,107630
DE26,MIS_USE,LSU,43290
DE27,MIS_USE,LSU,153430
DE30,MIS_USE,LSU,150
DE40,MIS_USE,LSU,249770
DE50,MIS_USE,LSU,2470
DE60,MIS_USE,LSU,1090
DE71,MIS_USE,LSU,38030
DE72,MIS_USE,LSU,43070
DE73,MIS_USE,LSU,102820
DE80,MIS_USE,LSU,281120
DE91,MIS_USE,LSU,39890
DE92,MIS_USE,LSU,209630
DE93,MIS_USE,LSU,437780
DE94,MIS_USE,LSU,1410620
DEA1,MIS_USE,LSU,134540
DEA2,MIS_USE,LSU,53500
DEA3,MIS_USE,LSU,553700
DEA4,MIS_USE,LSU,207660
DEA5,MIS_USE,LSU,126110
DEB1,MIS_USE,LSU,33860
DEB2,MIS_USE,LSU,39540
DEB3,MIS_USE,LSU,12770
DEC0,MIS_USE,LSU,9710
DED2,MIS_USE,LSU,141650
DED4,MIS_USE,LSU,196350
DED5,MIS_USE,LSU,83980
DEE0,MIS_USE,LSU,314480
DEF0,MIS_USE,LSU,447740
DEG0,MIS_USE,LSU,188740
DK,MIS_USE,LSU,2099210
DK01,MIS_USE,LSU,49020
DK02,MIS_USE,LSU,181340
DK03,MIS_USE,LSU,684060
DK04,MIS_USE,LSU,665340
DK05,MIS_USE,LSU,519440
EE,MIS_USE,LSU,232670
EE00,MIS_USE,LSU,232670
FI,MIS_USE,LSU,755950
FI19,MIS_USE,LSU,302900
FI1B,MIS_USE,LSU,15590
FI1C,MIS_USE,LSU,168730
FI1D,MIS_USE,LSU,264750
FI20,MIS_USE,LSU,3980
FR,MIS_USE,LSU,16433530
FR10,MIS_USE,LSU,34190
FRB0,MIS_USE,LSU,522520
FRC1,MIS_USE,LSU,798480
FRC2,MIS_USE,LSU,434720
FRD1,MIS_USE,LSU,1098630
FRD2,MIS_USE,LSU,413530
FRE1,MIS_USE,LSU,599130
FRE2,MIS_USE,LSU,369600
FRF1,MIS_USE,LSU,210220
FRF2,MIS_USE,LSU,417740
FRF3,MIS_USE,LSU,563110
FRG0,MIS_USE,LSU,2685180
FRH0,MIS_USE,LSU,3521370
FRI1,MIS_USE,LSU,575700
FRI2,MIS_USE,LSU,623300
FRI3,MIS_USE,LSU,703550
FRJ1,MIS_USE,LSU,158800
FRJ2,MIS_USE,LSU,906990
FRK1,MIS_USE,LSU,902420
FRK2,MIS_USE,LSU,714830
FRL0,MIS_USE,LSU,96430
FRM0,MIS_USE,LSU,24270
FRY1,MIS_USE,LSU,5620
FRY2,MIS_USE,LSU,8060
FRY3,MIS_USE,LSU,
FRY4,MIS_USE,LSU,39810
FRY5,MIS_USE,LSU,
HR,MIS_USE,LSU,167930
HR02,MIS_USE,LSU,99070
HR03,MIS_USE,LSU,12560
HR05,MIS_USE,LSU,180
HR06,MIS_USE,LSU,56130
HU,MIS_USE,LSU,1393760
HU11,MIS_USE,LSU,
HU12,MIS_USE,LSU,
HU21,MIS_USE,LSU,182010
HU22,MIS_USE,LSU,183350
HU23,MIS_USE,LSU,212880
HU31,MIS_USE,LSU,89880
HU32,MIS_USE,LSU,383060
HU33,MIS_USE,LSU,291130
IE,MIS_USE,LSU,4778930
IE04,MIS_USE,LSU,1044840
IE05,MIS_USE,LSU,2562210
IE06,MIS_USE,LSU,1171880
LU,MIS_USE,LSU,101270
LU00,MIS_USE,LSU,101270
LV,MIS_USE,LSU,162100
LV00,MIS_USE,LSU,162100
MT,MIS_USE,LSU,7030
MT00,MIS_USE,LSU,7030
NL,MIS_USE,LSU,5178220
NL11,MIS_USE,LSU,219360
NL12,MIS_USE,LSU,469680
NL13,MIS_USE,LSU,245770
NL21,MIS_USE,LSU,739950
NL22,MIS_USE,LSU,910380
NL23,MIS_USE,LSU,96620
NL32,MIS_USE,LSU,133360
NL34,MIS_USE,LSU,63230
NL35,MIS_USE,LSU,198350
NL36,MIS_USE,LSU,139520
NL41,MIS_USE,LSU,1451660
NL42,MIS_USE,LSU,510330
NO,MIS_USE,LSU,1226790
NO02,MIS_USE,LSU,233010
NO06,MIS_USE,LSU,238750
NO07,MIS_USE,LSU,100140
NO08,MIS_USE,LSU,130080
NO09,MIS_USE,LSU,97280
NO0A,MIS_USE,LSU,427530
PT,MIS_USE,LSU,467360
PT11,MIS_USE,LSU,61870
PT15,MIS_USE,LSU,
PT19,MIS_USE,LSU,72590
PT1A,MIS_USE,LSU,3890
PT1B,MIS_USE,LSU,150
PT1C,MIS_USE,LSU,87330
PT1D,MIS_USE,LSU,217860
PT20,MIS_USE,LSU,23510
RO,MIS_USE,LSU,115810
RO11,MIS_USE,LSU,10710
RO12,MIS_USE,LSU,18920
RO21,MIS_USE,LSU,13970
RO22,MIS_USE,LSU,36460
RO31,MIS_USE,LSU,29500
RO32,MIS_USE,LSU,
RO41,MIS_USE,LSU,3280
RO42,MIS_USE,LSU,2930
SE,MIS_USE,LSU,1089530
SE11,MIS_USE,LSU,8550
SE12,MIS_USE,LSU,237230
SE21,MIS_USE,LSU,266400
SE22,MIS_USE,LSU,207060
SE23,MIS_USE,LSU,258520
SE31,MIS_USE,LSU,57200
SE32,MIS_USE,LSU,27740
SE33,MIS_USE,LSU,26830
SK,MIS_USE,LSU,220190
SK01,MIS_USE,LSU,15110
SK02,MIS_USE,LSU,98160
SK03,MIS_USE,LSU,59050
SK04,MIS_USE,LSU,47880
AT,TOTAL,EUR,7353132590
AT11,TOTAL,EUR,450436330
AT12,TOTAL,EUR,2332427320
AT13,TOTAL,EUR,122340390
AT21,TOTAL,EUR,387173720
AT22,TOTAL,EUR,1314390770
AT31,TOTAL,EUR,1852215230
AT32,TOTAL,EUR,340876820
AT33,TOTAL,EUR,402096680
AT34,TOTAL,EUR,151175330
BE,TOTAL,EUR,9434899550
BE10,TOTAL,EUR,7245820
BE21,TOTAL,EUR,1705887930
BE22,TOTAL,EUR,849136210
BE23,TOTAL,EUR,1414345490
BE24,TOTAL,EUR,472723780
BE25,TOTAL,EUR,2410827990
BE31,TOTAL,EUR,229150160
BE32,TOTAL,EUR,792594190
BE33,TOTAL,EUR,614160650
BE34,TOTAL,EUR,425704540
BE35,TOTAL,EUR,513122790
CY,TOTAL,EUR,862157470
CY00,TOTAL,EUR,862157470
CZ,TOTAL,EUR,6552523900
CZ01,TOTAL,EUR,21987060
CZ02,TOTAL,EUR,1168758040
CZ03,TOTAL,EUR,1054358160
CZ04,TOTAL,EUR,419052220
CZ05,TOTAL,EUR,1128039430
CZ06,TOTAL,EUR,1790613120
CZ07,TOTAL,EUR,677992380
CZ08,TOTAL,EUR,291723480
DE,TOTAL,EUR,50334399350
DE11,TOTAL,EUR,1454471140
DE12,TOTAL,EUR,475914180
DE13,TOTAL,EUR,1036929510
DE14,TOTAL,EUR,1724856550
DE21,TOTAL,EUR,2348304300
DE22,TOTAL,EUR,1765947800
DE23,TOTAL,EUR,1080921720
DE24,TOTAL,EUR,667141720
DE25,TOTAL,EUR,866682040
DE26,TOTAL,EUR,785494980
DE27,TOTAL,EUR,1628272550
DE30,TOTAL,EUR,4191570
DE40,TOTAL,EUR,2044041060
DE50,TOTAL,EUR,18796580
DE60,TOTAL,EUR,146131160
DE71,TOTAL,EUR,630374770
DE72,TOTAL,EUR,326018950
DE73,TOTAL,EUR,655797810
DE80,TOTAL,EUR,
DE91,TOTAL,EUR,846810510
DE92,TOTAL,EUR,
DE93,TOTAL,EUR,3192072890
DE94,TOTAL,EUR,6256952770
DEA1,TOTAL,EUR,1726882360
DEA2,TOTAL,EUR,1004226720
DEA3,TOTAL,EUR,
DEA4,TOTAL,EUR,1200355240
DEA5,TOTAL,EUR,833930980
DEB1,TOTAL,EUR,472542330
DEB2,TOTAL,EUR,419850830
DEB3,TOTAL,EUR,1245379130
DEC0,TOTAL,EUR,106689550
DED2,TOTAL,EUR,775554490
DED4,TOTAL,EUR,756529780
DED5,TOTAL,EUR,503082620
DEE0,TOTAL,EUR,2268097410
DEF0,TOTAL,EUR,3049184300
DEG0,TOTAL,EUR,1533844440
DK,TOTAL,EUR,10759025830
DK01,TOTAL,EUR,286051530
DK02,TOTAL,EUR,1268650500
DK03,TOTAL,EUR,3591702810
DK04,TOTAL,EUR,3353076230
DK05,TOTAL,EUR,2259544750
EE,TOTAL,EUR,1033359850
EE00,TOTAL,EUR,1033359850
FI,TOTAL,EUR,3567306990
FI19,TOTAL,EUR,1342650190
FI1B,TOTAL,EUR,181687740
FI1C,TOTAL,EUR,870971240
FI1D,TOTAL,EUR,1139474480
FI20,TOTAL,EUR,32523340
FR,TOTAL,EUR,69795874680
FR10,TOTAL,EUR,1067161420
FRB0,TOTAL,EUR,4021812380
FRC1,TOTAL,EUR,3724281750
FRC2,TOTAL,EUR,1289761110
FRD1,TOTAL,EUR,2945396200
FRD2,TOTAL,EUR,1945137220
FRE1,TOTAL,EUR,3003243780
FRE2,TOTAL,EUR,3241588040
FRF1,TOTAL,EUR,1392333430
FRF2,TOTAL,EUR,4913114050
FRF3,TOTAL,EUR,1699534230
FRG0,TOTAL,EUR,6727491630
FRH0,TOTAL,EUR,8027239190
FRI1,TOTAL,EUR,5314406630
FRI2,TOTAL,EUR,995287610
FRI3,TOTAL,EUR,4075156310
FRJ1,TOTAL,EUR,2459766360
FRJ2,TOTAL,EUR,3421842310
FRK1,TOTAL,EUR,1763470610
FRK2,TOTAL,EUR,3417107200
FRL0,TOTAL,EUR,2834877250
FRM0,TOTAL,EUR,326990780
FRY1,TOTAL,EUR,178183390
FRY2,TOTAL,EUR,189500580
FRY3,TOTAL,EUR,300600400
FRY4,TOTAL,EUR,395969160
FRY5,TOTAL,EUR,124621680
HR,TOTAL,EUR,2301622310
HR02,TOTAL,EUR,1401076460
HR03,TOTAL,EUR,323601710
HR05,TOTAL,EUR,23636770
HR06,TOTAL,EUR,553307370
HU,TOTAL,EUR,8099721510
HU11,TOTAL,EUR,11892250
HU12,TOTAL,EUR,425052010
HU21,TOTAL,EUR,934539520
HU22,TOTAL,EUR,1007915610
HU23,TOTAL,EUR,1160429560
HU31,TOTAL,EUR,680069740
HU32,TOTAL,EUR,1902278750
HU33,TOTAL,EUR,1977544070
IE,TOTAL,EUR,11265264230
IE04,TOTAL,EUR,2411270690
IE05,TOTAL,EUR,6104153530
IE06,TOTAL,EUR,2749840000
LU,TOTAL,EUR,393563270
LU00,TOTAL,EUR,393563270
LV,TOTAL,EUR,1778672860
LV00,TOTAL,EUR,1778672860
MT,TOTAL,EUR,102691760
MT00,TOTAL,EUR,102691760
NL,TOTAL,EUR,27544989750
NL11,TOTAL,EUR,1275065730
NL12,TOTAL,EUR,1908156070
NL13,TOTAL,EUR,1436270480
NL21,TOTAL,EUR,2351559760
NL22,TOTAL,EUR,3554397120
NL23,TOTAL,EUR,1425774220
NL32,TOTAL,EUR,2027574290
NL34,TOTAL,EUR,1035349720
NL35,TOTAL,EUR,747484060
NL36,TOTAL,EUR,4334127660
NL41,TOTAL,EUR,5272275860
NL42,TOTAL,EUR,2176954770
NO,TOTAL,EUR,3999741100
NO02,TOTAL,EUR,750051660
NO06,TOTAL,EUR,696298040
NO07,TOTAL,EUR,254273990
NO08,TOTAL,EUR,682368940
NO09,TOTAL,EUR,456760450
NO0A,TOTAL,EUR,1159988020
PT,TOTAL,EUR,8287602630
PT11,TOTAL,EUR,1365206050
PT15,TOTAL,EUR,546958770
PT19,TOTAL,EUR,1122088830
PT1A,TOTAL,EUR,129890800
PT1B,TOTAL,EUR,206487230
PT1C,TOTAL,EUR,2829406850
PT1D,TOTAL,EUR,1285309790
PT20,TOTAL,EUR,708688840
PT30,TOTAL,EUR,93565470
RO,TOTAL,EUR,14755321380
RO11,TOTAL,EUR,2103583760
RO12,TOTAL,EUR,1800912510
RO21,TOTAL,EUR,2317685500
RO22,TOTAL,EUR,2448096870
RO31,TOTAL,EUR,2611271890
RO32,TOTAL,EUR,76771820
RO41,TOTAL,EUR,1739969160
RO42,TOTAL,EUR,1657029880
SE,TOTAL,EUR,6076341930
SE11,TOTAL,EUR,123888390
SE12,TOTAL,EUR,1295320290
SE21,TOTAL,EUR,1120956200
SE22,TOTAL,EUR,1489422480
SE23,TOTAL,EUR,1379070400
SE31,TOTAL,EUR,339625090
SE32,TOTAL,EUR,152732950
SE33,TOTAL,EUR,175326140
SK,TOTAL,EUR,2252716210
SK01,TOTAL,EUR,128888590
SK02,TOTAL,EUR,1179654400
SK03,TOTAL,EUR,454053440
SK04,TOTAL,EUR,490119780
AT,TOTAL,HA,2571720
AT11,TOTAL,HA,177290
AT12,TOTAL,HA,880430
AT13,TOTAL,HA,6280
AT21,TOTAL,HA,204480
AT22,TOTAL,HA,346350
AT31,TOTAL,HA,499010
AT32,TOTAL,HA,161470
AT33,TOTAL,HA,226510
AT34,TOTAL,HA,69900
BE,TOTAL,HA,1353420
BE10,TOTAL,HA,2900
BE21,TOTAL,HA,92900
BE22,TOTAL,HA,84170
BE23,TOTAL,HA,153880
BE24,TOTAL,HA,84220
BE25,TOTAL,HA,201430
BE31,TOTAL,HA,65590
BE32,TOTAL,HA,210520
BE33,TOTAL,HA,161030
BE34,TOTAL,HA,144950
BE35,TOTAL,HA,151830
CY,TOTAL,HA,129850
CY00,TOTAL,HA,129850
CZ,TOTAL,HA,3521210
CZ01,TOTAL,HA,17320
CZ02,TOTAL,HA,549610
CZ03,TOTAL,HA,742440
CZ04,TOTAL,HA,306440
CZ05,TOTAL,HA,564530
CZ06,TOTAL,HA,727910
CZ07,TOTAL,HA,395910
CZ08,TOTAL,HA,217050
DE,TOTAL,HA,16585540
DE11,TOTAL,HA,458140
DE12,TOTAL,HA,203760
DE13,TOTAL,HA,318710
DE14,TOTAL,HA,424340
DE21,TOTAL,HA,740540
DE22,TOTAL,HA,496670
DE23,TOTAL,HA,385430
DE24,TOTAL,HA,306850
DE25,TOTAL,HA,304760
DE26,TOTAL,HA,347040
DE27,TOTAL,HA,505210
DE30,TOTAL,HA,1910
DE40,TOTAL,HA,1297550
DE50,TOTAL,HA,7760
DE60,TOTAL,HA,14010
DE71,TOTAL,HA,238860
DE72,TOTAL,HA,199150
DE73,TOTAL,HA,328640
DE80,TOTAL,HA,1346640
DE91,TOTAL,HA,388910
DE92,TOTAL,HA,474460
DE93,TOTAL,HA,815170
DE94,TOTAL,HA,908360
DEA1,TOTAL,HA,224790
DEA2,TOTAL,HA,284850
DEA3,TOTAL,HA,399510
DEA4,TOTAL,HA,322020
DEA5,TOTAL,HA,257810
DEB1,TOTAL,HA,257750
DEB2,TOTAL,HA,178900
DEB3,TOTAL,HA,275100
DEC0,TOTAL,HA,72580
DED2,TOTAL,HA,356220
DED4,TOTAL,HA,310570
DED5,TOTAL,HA,230460
DEE0,TOTAL,HA,1152070
DEF0,TOTAL,HA,977700
DEG0,TOTAL,HA,772310
DK,TOTAL,HA,2627260
DK01,TOTAL,HA,108340
DK02,TOTAL,HA,469550
DK03,TOTAL,HA,774650
DK04,TOTAL,HA,781310
DK05,TOTAL,HA,493410
EE,TOTAL,HA,978360
EE00,TOTAL,HA,978360
FI,TOTAL,HA,2264330
FI19,TOTAL,HA,780680
FI1B,TOTAL,HA,180540
FI1C,TOTAL,HA,616080
FI1D,TOTAL,HA,672500
FI20,TOTAL,HA,14540
FR,TOTAL,HA,27201240
FR10,TOTAL,HA,558230
FRB0,TOTAL,HA,2255700
FRC1,TOTAL,HA,1752120
FRC2,TOTAL,HA,674990
FRD1,TOTAL,HA,1168310
FRD2,TOTAL,HA,762050
FRE1,TOTAL,HA,808270
FRE2,TOTAL,HA,1305380
FRF1,TOTAL,HA,331860
FRF2,TOTAL,HA,1552370
FRF3,TOTAL,HA,1132090
FRG0,TOTAL,HA,2063070
FRH0,TOTAL,HA,1610570
FRI1,TOTAL,HA,1403010
FRI2,TOTAL,HA,829640
FRI3,TOTAL,HA,1681200
FRJ1,TOTAL,HA,890510
FRJ2,TOTAL,HA,2419300
FRK1,TOTAL,HA,1425190
FRK2,TOTAL,HA,1451770
FRL0,TOTAL,HA,834500
FRM0,TOTAL,HA,161650
FRY1,TOTAL,HA,27820
FRY2,TOTAL,HA,19780
FRY3,TOTAL,HA,39820
FRY4,TOTAL,HA,36610
FRY5,TOTAL,HA,5420
HR,TOTAL,HA,1251720
HR02,TOTAL,HA,770600
HR03,TOTAL,HA,233940
HR05,TOTAL,HA,9250
HR06,TOTAL,HA,237930
HU,TOTAL,HA,5180080
HU11,TOTAL,HA,3250
HU12,TOTAL,HA,296400
HU21,TOTAL,HA,607340
HU22,TOTAL,HA,562040
HU23,TOTAL,HA,708630
HU31,TOTAL,HA,603640
HU32,TOTAL,HA,1124080
HU33,TOTAL,HA,1274680
IE,TOTAL,HA,6754350
IE04,TOTAL,HA,2389820
IE05,TOTAL,HA,2996090
IE06,TOTAL,HA,1368440
LU,TOTAL,HA,133010
LU00,TOTAL,HA,133010
LV,TOTAL,HA,1969440
LV00,TOTAL,HA,1969440
MT,TOTAL,HA,8880
MT00,TOTAL,HA,8880
NL,TOTAL,HA,1806130
NL11,TOTAL,HA,159250
NL12,TOTAL,HA,224810
NL13,TOTAL,HA,147310
NL21,TOTAL,HA,195800
NL22,TOTAL,HA,224340
NL23,TOTAL,HA,88880
NL32,TOTAL,HA,125260
NL34,TOTAL,HA,119730
NL35,TOTAL,HA,71100
NL36,TOTAL,HA,116490
NL41,TOTAL,HA,236160
NL42,TOTAL,HA,96990
NO,TOTAL,HA,980300
NO02,TOTAL,HA,202210
NO06,TOTAL,HA,163610
NO07,TOTAL,HA,87580
NO08,TOTAL,HA,203800
NO09,TOTAL,HA,94280
NO0A,TOTAL,HA,228810
PT,TOTAL,HA,3861150
PT11,TOTAL,HA,619020
PT15,TOTAL,HA,95330
PT19,TOTAL,HA,499020
PT1A,TOTAL,HA,28610
PT1B,TOTAL,HA,51940
PT1C,TOTAL,HA,2110740
PT1D,TOTAL,HA,331200
PT20,TOTAL,HA,120590
PT30,TOTAL,HA,4700
RO,TOTAL,HA,12550330
RO11,TOTAL,HA,1748960
RO12,TOTAL,HA,1614710
RO21,TOTAL,HA,1817780
RO22,TOTAL,HA,2176830
RO31,TOTAL,HA,2225640
RO32,TOTAL,HA,70500
RO41,TOTAL,HA,1439110
RO42,TOTAL,HA,1456790
SE,TOTAL,HA,2984100
SE11,TOTAL,HA,83330
SE12,TOTAL,HA,749020
SE21,TOTAL,HA,508790
SE22,TOTAL,HA,552040
SE23,TOTAL,HA,638760
SE31,TOTAL,HA,243190
SE32,TOTAL,HA,104260
SE33,TOTAL,HA,104700
SK,TOTAL,HA,1808140
SK01,TOTAL,HA,67910
SK02,TOTAL,HA,800870
SK03,TOTAL,HA,419710
SK04,TOTAL,HA,519650
AT,TOTAL,HLD,101040
AT11,TOTAL,HLD,5180
AT12,TOTAL,HLD,26980
AT13,TOTAL,HLD,460
AT21,TOTAL,HLD,9070
AT22,TOTAL,HLD,19550
AT31,TOTAL,HLD,20630
AT32,TOTAL,HLD,6670
AT33,TOTAL,HLD,9810
AT34,TOTAL,HLD,2690
BE,TOTAL,HLD,34250
BE10,TOTAL,HLD,70
BE21,TOTAL,HLD,3320
BE22,TOTAL,HLD,2690
BE23,TOTAL,HLD,5810
BE24,TOTAL,HLD,2520
BE25,TOTAL,HLD,7410
BE31,TOTAL,HLD,1010
BE32,TOTAL,HLD,3750
BE33,TOTAL,HLD,3230
BE34,TOTAL,HLD,2260
BE35,TOTAL,HLD,2170
CY,TOTAL,HLD,32020
CY00,TOTAL,HLD,32020
CZ,TOTAL,HLD,33170
CZ01,TOTAL,HLD,260
CZ02,TOTAL,HLD,4280
CZ03,TOTAL,HLD,5650
CZ04,TOTAL,HLD,2210
CZ05,TOTAL,HLD,4990
CZ06,TOTAL,HLD,9700
CZ07,TOTAL,HLD,3750
CZ08,TOTAL,HLD,2320
DE,TOTAL,HLD,255010
DE11,TOTAL,HLD,11940
DE12,TOTAL,HLD,4200
DE13,TOTAL,HLD,11460
DE14,TOTAL,HLD,9910
DE21,TOTAL,HLD,21870
DE22,TOTAL,HLD,13820
DE23,TOTAL,HLD,10080
DE24,TOTAL,HLD,7200
DE25,TOTAL,HLD,7510
DE26,TOTAL,HLD,7670
DE27,TOTAL,HLD,13420
DE30,TOTAL,HLD,50
DE40,TOTAL,HLD,5370
DE50,TOTAL,HLD,130
DE60,TOTAL,HLD,510
DE71,TOTAL,HLD,5140
DE72,TOTAL,HLD,3700
DE73,TOTAL,HLD,6460
DE80,TOTAL,HLD,4750
DE91,TOTAL,HLD,3710
DE92,TOTAL,HLD,5480
DE93,TOTAL,HLD,10120
DE94,TOTAL,HLD,14730
DEA1,TOTAL,HLD,4950
DEA2,TOTAL,HLD,5160
DEA3,TOTAL,HLD,10380
DEA4,TOTAL,HLD,7120
DEA5,TOTAL,HLD,5950
DEB1,TOTAL,HLD,5130
DEB2,TOTAL,HLD,3850
DEB3,TOTAL,HLD,6340
DEC0,TOTAL,HLD,1070
DED2,TOTAL,HLD,2580
DED4,TOTAL,HLD,2700
DED5,TOTAL,HLD,1210
DEE0,TOTAL,HLD,4150
DEF0,TOTAL,HLD,11630
DEG0,TOTAL,HLD,3590
DK,TOTAL,HLD,31310
DK01,TOTAL,HLD,2000
DK02,TOTAL,HLD,4960
DK03,TOTAL,HLD,8660
DK04,TOTAL,HLD,9530
DK05,TOTAL,HLD,6170
EE,TOTAL,HLD,10710
EE00,TOTAL,HLD,10710
FI,TOTAL,HLD,42270
FI19,TOTAL,HLD,16050
FI1B,TOTAL,HLD,2850
FI1C,TOTAL,HLD,10020
FI1D,TOTAL,HLD,13020
FI20,TOTAL,HLD,330
FR,TOTAL,HLD,360410
FR10,TOTAL,HLD,3950
FRB0,TOTAL,HLD,17600
FRC1,TOTAL,HLD,15080
FRC2,TOTAL,HLD,6280
FRD1,TOTAL,HLD,14340
FRD2,TOTAL,HLD,7430
FRE1,TOTAL,HLD,10560
FRE2,TOTAL,HLD,10820
FRF1,TOTAL,HLD,8230
FRF2,TOTAL,HLD,20750
FRF3,TOTAL,HLD,8580
FRG0,TOTAL,HLD,23230
FRH0,TOTAL,HLD,23990
FRI1,TOTAL,HLD,27900
FRI2,TOTAL,HLD,9390
FRI3,TOTAL,HLD,17370
FRJ1,TOTAL,HLD,20560
FRJ2,TOTAL,HLD,33540
FRK1,TOTAL,HLD,16340
FRK2,TOTAL,HLD,25790
FRL0,TOTAL,HLD,14970
FRM0,TOTAL,HLD,2540
FRY1,TOTAL,HLD,5150
FRY2,TOTAL,HLD,2040
FRY3,TOTAL,HLD,5480
FRY4,TOTAL,HLD,5380
FRY5,TOTAL,HLD,3140
HR,TOTAL,HLD,146830
HR02,TOTAL,HLD,58710
HR03,TOTAL,HLD,45030
HR05,TOTAL,HLD,2360
HR06,TOTAL,HLD,40720
HU,TOTAL,HLD,189640
HU11,TOTAL,HLD,280
HU12,TOTAL,HLD,11970
HU21,TOTAL,HLD,18720
HU22,TOTAL,HLD,19000
HU23,TOTAL,HLD,20900
HU31,TOTAL,HLD,20020
HU32,TOTAL,HLD,46550
HU33,TOTAL,HLD,52210
IE,TOTAL,HLD,128050
IE04,TOTAL,HLD,54930
IE05,TOTAL,HLD,50360
IE06,TOTAL,HLD,22760
LU,TOTAL,HLD,1830
LU00,TOTAL,HLD,1830
LV,TOTAL,HLD,56390
LV00,TOTAL,HLD,56390
MT,TOTAL,HLD,7980
MT00,TOTAL,HLD,7980
NL,TOTAL,HLD,50560
NL11,TOTAL,HLD,2430
NL12,TOTAL,HLD,4050
NL13,TOTAL,HLD,2660
NL21,TOTAL,HLD,6430
NL22,TOTAL,HLD,8530
NL23,TOTAL,HLD,1610
NL32,TOTAL,HLD,3290
NL34,TOTAL,HLD,2700
NL35,TOTAL,HLD,2270
NL36,TOTAL,HLD,4250
NL41,TOTAL,HLD,8900
NL42,TOTAL,HLD,3460
NO,TOTAL,HLD,36800
NO02,TOTAL,HLD,6610
NO06,TOTAL,HLD,5240
NO07,TOTAL,HLD,2800
NO08,TOTAL,HLD,5930
NO09,TOTAL,HLD,4240
NO0A,TOTAL,HLD,11970
PT,TOTAL,HLD,261500
PT11,TOTAL,HLD,99810
PT15,TOTAL,HLD,11540
PT19,TOTAL,HLD,68240
PT1A,TOTAL,HLD,2460
PT1B,TOTAL,HLD,2920
PT1C,TOTAL,HLD,29660
PT1D,TOTAL,HLD,25410
PT20,TOTAL,HLD,9260
PT30,TOTAL,HLD,12200
RO,TOTAL,HLD,2859360
RO11,TOTAL,HLD,434410
RO12,TOTAL,HLD,315280
RO21,TOTAL,HLD,590540
RO22,TOTAL,HLD,321530
RO31,TOTAL,HLD,518670
RO32,TOTAL,HLD,16890
RO41,TOTAL,HLD,464410
RO42,TOTAL,HLD,197640
SE,TOTAL,HLD,56170
SE11,TOTAL,HLD,1790
SE12,TOTAL,HLD,10860
SE21,TOTAL,HLD,8930
SE22,TOTAL,HLD,8590
SE23,TOTAL,HLD,13480
SE31,TOTAL,HLD,6360
SE32,TOTAL,HLD,2960
SE33,TOTAL,HLD,3200
SK,TOTAL,HLD,17520
SK01,TOTAL,HLD,640
SK02,TOTAL,HLD,6970
SK03,TOTAL,HLD,5210
SK04,TOTAL,HLD,4710
AT,TOTAL,LSU,2220340
AT11,TOTAL,LSU,30470
AT12,TOTAL,LSU,519520
AT13,TOTAL,LSU,80
AT21,TOTAL,LSU,175440
AT22,TOTAL,LSU,458290
AT31,TOTAL,LSU,704430
AT32,TOTAL,LSU,131590
AT33,TOTAL,LSU,145580
AT34,TOTAL,LSU,54930
BE,TOTAL,LSU,3394540
BE10,TOTAL,LSU,140
BE21,TOTAL,LSU,553120
BE22,TOTAL,LSU,207470
BE23,TOTAL,LSU,511900
BE24,TOTAL,LSU,104240
BE25,TOTAL,LSU,1123880
BE31,TOTAL,LSU,33230
BE32,TOTAL,LSU,237580
BE33,TOTAL,LSU,203540
BE34,TOTAL,LSU,228230
BE35,TOTAL,LSU,191220
CY,TOTAL,LSU,238670
CY00,TOTAL,LSU,238670
CZ,TOTAL,LSU,1632170
CZ01,TOTAL,LSU,5210
CZ02,TOTAL,LSU,277030
CZ03,TOTAL,LSU,368710
CZ04,TOTAL,LSU,96120
CZ05,TOTAL,LSU,311080
CZ06,TOTAL,LSU,344010
CZ07,TOTAL,LSU,145190
CZ08,TOTAL,LSU,84810
DE,TOTAL,LSU,15019910
DE11,TOTAL,LSU,403970
DE12,TOTAL,LSU,72190
DE13,TOTAL,LSU,175400
DE14,TOTAL,LSU,410570
DE21,TOTAL,LSU,726070
DE22,TOTAL,LSU,574350
DE23,TOTAL,LSU,369620
DE24,TOTAL,LSU,192960
DE25,TOTAL,LSU,295520
DE26,TOTAL,LSU,134050
DE27,TOTAL,LSU,574040
DE30,TOTAL,LSU,430
DE40,TOTAL,LSU,533380
DE50,TOTAL,LSU,6240
DE60,TOTAL,LSU,4620
DE71,TOTAL,LSU,96100
DE72,TOTAL,LSU,105860
DE73,TOTAL,LSU,229720
DE80,TOTAL,LSU,559860
DE91,TOTAL,LSU,82460
DE92,TOTAL,LSU,406090
DE93,TOTAL,LSU,874840
DE94,TOTAL,LSU,2931270
DEA1,TOTAL,LSU,293650
DEA2,TOTAL,LSU,173370
DEA3,TOTAL,LSU,1286250
DEA4,TOTAL,LSU,511790
DEA5,TOTAL,LSU,319020
DEB1,TOTAL,LSU,95410
DEB2,TOTAL,LSU,122730
DEB3,TOTAL,LSU,46840
DEC0,TOTAL,LSU,32220
DED2,TOTAL,LSU,173330
DED4,TOTAL,LSU,209360
DED5,TOTAL,LSU,104450
DEE0,TOTAL,LSU,522900
DEF0,TOTAL,LSU,1006950
DEG0,TOTAL,LSU,362010
DK,TOTAL,LSU,3592300
DK01,TOTAL,LSU,79210
DK02,TOTAL,LSU,309590
DK03,TOTAL,LSU,1160490
DK04,TOTAL,LSU,1183490
DK05,TOTAL,LSU,859530
EE,TOTAL,LSU,277020
EE00,TOTAL,LSU,277020
FI,TOTAL,LSU,892990
FI19,TOTAL,LSU,366540
FI1B,TOTAL,LSU,20650
FI1C,TOTAL,LSU,191280
FI1D,TOTAL,LSU,307720
FI20,TOTAL,LSU,6790
FR,TOTAL,LSU,19576860
FR10,TOTAL,LSU,36040
FRB0,TOTAL,LSU,594580
FRC1,TOTAL,LSU,914540
FRC2,TOTAL,LSU,495960
FRD1,TOTAL,LSU,1342670
FRD2,TOTAL,LSU,472570
FRE1,TOTAL,LSU,678900
FRE2,TOTAL,LSU,417430
FRF1,TOTAL,LSU,225820
FRF2,TOTAL,LSU,471530
FRF3,TOTAL,LSU,644620
FRG0,TOTAL,LSU,3005320
FRH0,TOTAL,LSU,4082460
FRI1,TOTAL,LSU,830420
FRI2,TOTAL,LSU,768200
FRI3,TOTAL,LSU,793140
FRJ1,TOTAL,LSU,202530
FRJ2,TOTAL,LSU,1142140
FRK1,TOTAL,LSU,1163840
FRK2,TOTAL,LSU,951180
FRL0,TOTAL,LSU,148740
FRM0,TOTAL,LSU,58860
FRY1,TOTAL,LSU,27510
FRY2,TOTAL,LSU,15650
FRY3,TOTAL,LSU,14950
FRY4,TOTAL,LSU,67860
FRY5,TOTAL,LSU,9390
HR,TOTAL,LSU,682090
HR02,TOTAL,LSU,380550
HR03,TOTAL,LSU,101540
HR05,TOTAL,LSU,5880
HR06,TOTAL,LSU,194120
HU,TOTAL,LSU,1964350
HU11,TOTAL,LSU,370
HU12,TOTAL,LSU,83970
HU21,TOTAL,LSU,234640
HU22,TOTAL,LSU,234790
HU23,TOTAL,LSU,282340
HU31,TOTAL,LSU,137380
HU32,TOTAL,LSU,521760
HU33,TOTAL,LSU,469110
IE,TOTAL,LSU,8672790
IE04,TOTAL,LSU,2390760
IE05,TOTAL,LSU,4323650
IE06,TOTAL,LSU,1958380
LU,TOTAL,LSU,157530
LU00,TOTAL,LSU,157530
LV,TOTAL,LSU,445090
LV00,TOTAL,LSU,445090
MT,TOTAL,LSU,29040
MT00,TOTAL,LSU,29040
NL,TOTAL,LSU,5980210
NL11,TOTAL,LSU,249370
NL12,TOTAL,LSU,524140
NL13,TOTAL,LSU,275590
NL21,TOTAL,LSU,852610
NL22,TOTAL,LSU,1126670
NL23,TOTAL,LSU,105210
NL32,TOTAL,LSU,151310
NL34,TOTAL,LSU,80970
NL35,TOTAL,LSU,233170
NL36,TOTAL,LSU,163060
NL41,TOTAL,LSU,1626330
NL42,TOTAL,LSU,591770
NO,TOTAL,LSU,1226790
NO02,TOTAL,LSU,233010
NO06,TOTAL,LSU,238750
NO07,TOTAL,LSU,100140
NO08,TOTAL,LSU,130080
NO09,TOTAL,LSU,97280
NO0A,TOTAL,LSU,427530
PT,TOTAL,LSU,2214300
PT11,TOTAL,LSU,294510
PT15,TOTAL,LSU,15210
PT19,TOTAL,LSU,498770
PT1A,TOTAL,LSU,22310
PT1B,TOTAL,LSU,49570
PT1C,TOTAL,LSU,621100
PT1D,TOTAL,LSU,486570
PT20,TOTAL,LSU,215110
PT30,TOTAL,LSU,11150
RO,TOTAL,LSU,4213210
RO11,TOTAL,LSU,729720
RO12,TOTAL,LSU,778780
RO21,TOTAL,LSU,747390
RO22,TOTAL,LSU,535890
RO31,TOTAL,LSU,505560
RO32,TOTAL,LSU,8380
RO41,TOTAL,LSU,408710
RO42,TOTAL,LSU,498790
SE,TOTAL,LSU,1633020
SE11,TOTAL,LSU,18720
SE12,TOTAL,LSU,328770
SE21,TOTAL,LSU,389530
SE22,TOTAL,LSU,319240
SE23,TOTAL,LSU,389990
SE31,TOTAL,LSU,92580
SE32,TOTAL,LSU,47890
SE33,TOTAL,LSU,46290
SK,TOTAL,LSU,534040
SK01,TOTAL,LSU,23580
SK02,TOTAL,LSU,225200
SK03,TOTAL,LSU,159950
SK04,TOTAL,LSU,125300
