DATAFLOW,LAST UPDATE,freq,unit,hhtyp,geo,TIME_PERIOD,OBS_VALUE,OBS_FLAG,CONF_STATUS
ESTAT:ISOC_CI_IN_H(1.0),25/06/26 23:00:00,A,PC_HH,A1,AL,2018,56.73,,
ESTAT:ISOC_CI_IN_H(1.0),25/06/26 23:00:00,A,PC_HH,A1,AL,2020,58.56,,
ESTAT:ISOC_CI_IN_H(1.0),25/06/26 23:00:00,A,PC_HH,A1,AL,2021,70.76,,
ESTAT:ISOC_CI_IN_H(1.0),25/06/26 23:00:00,A,PC_HH,A1,AL,2022,89.59,,
ESTAT:ISOC_CI_IN_H(1.0),25/06/26 23:00:00,A,PC_HH,A1,AL,2023,83.19,,
ESTAT:ISOC_CI_IN_H(1.0),25/06/26 23:00:00,A,PC_HH,A1,AL,2024,93.15,,
ESTAT:ISOC_CI_IN_H(1.0),25/06/26 23:00:00,A,PC_HH,A1,AL,2025,95.59,,
ESTAT:ISOC_CI_IN_H(1.0),25/06/26 23:00:00,A,PC_HH,A1,AT,2002,20.08,,
ESTAT:ISOC_CI_IN_H(1.0),25/06/26 23:00:00,A,PC_HH,A1,AT,2003,24.53,,
ESTAT:ISOC_CI_IN_H(1.0),25/06/26 23:00:00,A,PC_HH,A1,AT,2004,31.01,,
ESTAT:ISOC_CI_IN_H(1.0),25/06/26 23:00:00,A,PC_HH,A1,AT,2005,32.67,,
ESTAT:ISOC_CI_IN_H(1.0),25/06/26 23:00:00,A,PC_HH,A1,AT,2006,37.60,,
ESTAT:ISOC_CI_IN_H(1.0),25/06/26 23:00:00,A,PC_HH,A1,AT,2007,43.30,,
ESTAT:ISOC_CI_IN_H(1.0),25/06/26 23:00:00,A,PC_HH,A1,AT,2008,55.32,,
ESTAT:ISOC_CI_IN_H(1.0),25/06/26 23:00:00,A,PC_HH,A1,AT,2009,50.66,,
ESTAT:ISOC_CI_IN_H(1.0),25/06/26 23:00:00,A,PC_HH,A1,AT,2010,53.97,,
ESTAT:ISOC_CI_IN_H(1.0),25/06/26 23:00:00,A,PC_HH,A1,AT,2011,58.48,,
ESTAT:ISOC_CI_IN_H(1.0),25/06/26 23:00:00,A,PC_HH,A1,AT,2012,67.89,,
ESTAT:ISOC_CI_IN_H(1.0),25/06/26 23:00:00,A,PC_HH,A1,AT,2013,68.60,,
ESTAT:ISOC_CI_IN_H(1.0),25/06/26 23:00:00,A,PC_HH,A1,AT,2014,68.41,,
ESTAT:ISOC_CI_IN_H(1.0),25/06/26 23:00:00,A,PC_HH,A1,AT,2015,70.08,,
ESTAT:ISOC_CI_IN_H(1.0),25/06/26 23:00:00,A,PC_HH,A1,AT,2016,72.48,,
ESTAT:ISOC_CI_IN_H(1.0),25/06/26 23:00:00,A,PC_HH,A1,AT,2017,81.14,,
ESTAT:ISOC_CI_IN_H(1.0),25/06/26 23:00:00,A,PC_HH,A1,AT,2018,79.03,,
ESTAT:ISOC_CI_IN_H(1.0),25/06/26 23:00:00,A,PC_HH,A1,AT,2019,83.54,,
ESTAT:ISOC_CI_IN_H(1.0),25/06/26 23:00:00,A,PC_HH,A1,AT,2020,82.55,,
ESTAT:ISOC_CI_IN_H(1.0),25/06/26 23:00:00,A,PC_HH,A1,AT,2021,90.39,,
ESTAT:ISOC_CI_IN_H(1.0),25/06/26 23:00:00,A,PC_HH,A1,AT,2022,87.67,,
ESTAT:ISOC_CI_IN_H(1.0),25/06/26 23:00:00,A,PC_HH,A1,AT,2023,90.50,,
ESTAT:ISOC_CI_IN_H(1.0),25/06/26 23:00:00,A,PC_HH,A1,AT,2024,91.49,,
ESTAT:ISOC_CI_IN_H(1.0),25/06/26 23:00:00,A,PC_HH,A1,AT,2025,91.59,,
ESTAT:ISOC_CI_IN_H(1.0),25/06/26 23:00:00,A,PC_HH,A1,BA,2018,45.15,,
ESTAT:ISOC_CI_IN_H(1.0),25/06/26 23:00:00,A,PC_HH,A1,BA,2019,60.28,,
ESTAT:ISOC_CI_IN_H(1.0),25/06/26 23:00:00,A,PC_HH,A1,BA,2020,46.08,,
ESTAT:ISOC_CI_IN_H(1.0),25/06/26 23:00:00,A,PC_HH,A1,BA,2021,62.66,,
ESTAT:ISOC_CI_IN_H(1.0),25/06/26 23:00:00,A,PC_HH,A1,BA,2023,63.91,,
ESTAT:ISOC_CI_IN_H(1.0),25/06/26 23:00:00,A,PC_HH,A1,BA,2024,61.45,,
ESTAT:ISOC_CI_IN_H(1.0),25/06/26 23:00:00,A,PC_HH,A1,BA,2025,65.79,,
ESTAT:ISOC_CI_IN_H(1.0),25/06/26 23:00:00,A,PC_HH,A1,BE,2005,29.75,,
ESTAT:ISOC_CI_IN_H(1.0),25/06/26 23:00:00,A,PC_HH,A1,BE,2006,33.40,,
ESTAT:ISOC_CI_IN_H(1.0),25/06/26 23:00:00,A,PC_HH,A1,BE,2007,39.55,,
ESTAT:ISOC_CI_IN_H(1.0),25/06/26 23:00:00,A,PC_HH,A1,BE,2008,43.08,,
ESTAT:ISOC_CI_IN_H(1.0),25/06/26 23:00:00,A,PC_HH,A1,BE,2009,44.45,,
ESTAT:ISOC_CI_IN_H(1.0),25/06/26 23:00:00,A,PC_HH,A1,BE,2010,51.50,,
ESTAT:ISOC_CI_IN_H(1.0),25/06/26 23:00:00,A,PC_HH,A1,BE,2011,56.50,,
ESTAT:ISOC_CI_IN_H(1.0),25/06/26 23:00:00,A,PC_HH,A1,BE,2012,58.47,,
ESTAT:ISOC_CI_IN_H(1.0),25/06/26 23:00:00,A,PC_HH,A1,BE,2013,63.45,,
ESTAT:ISOC_CI_IN_H(1.0),25/06/26 23:00:00,A,PC_HH,A1,BE,2014,67.49,,
ESTAT:ISOC_CI_IN_H(1.0),25/06/26 23:00:00,A,PC_HH,A1,BE,2015,64.99,,
ESTAT:ISOC_CI_IN_H(1.0),25/06/26 23:00:00,A,PC_HH,A1,BE,2016,70.10,,
ESTAT:ISOC_CI_IN_H(1.0),25/06/26 23:00:00,A,PC_HH,A1,BE,2017,72.68,,
ESTAT:ISOC_CI_IN_H(1.0),25/06/26 23:00:00,A,PC_HH,A1,BE,2018,75.31,,
ESTAT:ISOC_CI_IN_H(1.0),25/06/26 23:00:00,A,PC_HH,A1,BE,2019,78.20,,
ESTAT:ISOC_CI_IN_H(1.0),25/06/26 23:00:00,A,PC_HH,A1,BE,2020,80.63,,
ESTAT:ISOC_CI_IN_H(1.0),25/06/26 23:00:00,A,PC_HH,A1,BE,2021,82.93,,
ESTAT:ISOC_CI_IN_H(1.0),25/06/26 23:00:00,A,PC_HH,A1,BE,2022,88.41,,
ESTAT:ISOC_CI_IN_H(1.0),25/06/26 23:00:00,A,PC_HH,A1,BE,2023,88.07,,
ESTAT:ISOC_CI_IN_H(1.0),25/06/26 23:00:00,A,PC_HH,A1,BE,2024,88.95,,
ESTAT:ISOC_CI_IN_H(1.0),25/06/26 23:00:00,A,PC_HH,A1,BE,2025,87.70,,
ESTAT:ISOC_CI_IN_H(1.0),25/06/26 23:00:00,A,PC_HH,A1,BG,2004,4.40,,
ESTAT:ISOC_CI_IN_H(1.0),25/06/26 23:00:00,A,PC_HH,A1,BG,2007,9.64,,
ESTAT:ISOC_CI_IN_H(1.0),25/06/26 23:00:00,A,PC_HH,A1,BG,2008,13.71,,
ESTAT:ISOC_CI_IN_H(1.0),25/06/26 23:00:00,A,PC_HH,A1,BG,2009,10.80,,
ESTAT:ISOC_CI_IN_H(1.0),25/06/26 23:00:00,A,PC_HH,A1,BG,2010,15.24,,
ESTAT:ISOC_CI_IN_H(1.0),25/06/26 23:00:00,A,PC_HH,A1,BG,2011,19.99,,
ESTAT:ISOC_CI_IN_H(1.0),25/06/26 23:00:00,A,PC_HH,A1,BG,2012,27.19,,
ESTAT:ISOC_CI_IN_H(1.0),25/06/26 23:00:00,A,PC_HH,A1,BG,2013,30.28,,
ESTAT:ISOC_CI_IN_H(1.0),25/06/26 23:00:00,A,PC_HH,A1,BG,2014,30.23,,
ESTAT:ISOC_CI_IN_H(1.0),25/06/26 23:00:00,A,PC_HH,A1,BG,2015,32.51,,
ESTAT:ISOC_CI_IN_H(1.0),25/06/26 23:00:00,A,PC_HH,A1,BG,2016,38.58,,
ESTAT:ISOC_CI_IN_H(1.0),25/06/26 23:00:00,A,PC_HH,A1,BG,2017,44.37,,
ESTAT:ISOC_CI_IN_H(1.0),25/06/26 23:00:00,A,PC_HH,A1,BG,2018,47.52,,
ESTAT:ISOC_CI_IN_H(1.0),25/06/26 23:00:00,A,PC_HH,A1,BG,2019,49.90,,
ESTAT:ISOC_CI_IN_H(1.0),25/06/26 23:00:00,A,PC_HH,A1,BG,2020,54.86,,
ESTAT:ISOC_CI_IN_H(1.0),25/06/26 23:00:00,A,PC_HH,A1,BG,2021,64.24,,
ESTAT:ISOC_CI_IN_H(1.0),25/06/26 23:00:00,A,PC_HH,A1,BG,2022,68.51,,
ESTAT:ISOC_CI_IN_H(1.0),25/06/26 23:00:00,A,PC_HH,A1,BG,2023,77.93,,
ESTAT:ISOC_CI_IN_H(1.0),25/06/26 23:00:00,A,PC_HH,A1,BG,2024,84.13,,
ESTAT:ISOC_CI_IN_H(1.0),25/06/26 23:00:00,A,PC_HH,A1,BG,2025,83.35,,
ESTAT:ISOC_CI_IN_H(1.0),25/06/26 23:00:00,A,PC_HH,A1,CH,2014,80.27,,
ESTAT:ISOC_CI_IN_H(1.0),25/06/26 23:00:00,A,PC_HH,A1,CH,2017,86.84,b,
ESTAT:ISOC_CI_IN_H(1.0),25/06/26 23:00:00,A,PC_HH,A1,CH,2019,92.88,,
ESTAT:ISOC_CI_IN_H(1.0),25/06/26 23:00:00,A,PC_HH,A1,CH,2021,97.20,,
ESTAT:ISOC_CI_IN_H(1.0),25/06/26 23:00:00,A,PC_HH,A1,CH,2023,99.29,,
ESTAT:ISOC_CI_IN_H(1.0),25/06/26 23:00:00,A,PC_HH,A1,CH,2025,97.40,,
ESTAT:ISOC_CI_IN_H(1.0),25/06/26 23:00:00,A,PC_HH,A1,CY,2004,47.93,,
ESTAT:ISOC_CI_IN_H(1.0),25/06/26 23:00:00,A,PC_HH,A1,CY,2005,15.15,,
ESTAT:ISOC_CI_IN_H(1.0),25/06/26 23:00:00,A,PC_HH,A1,CY,2006,16.96,,
ESTAT:ISOC_CI_IN_H(1.0),25/06/26 23:00:00,A,PC_HH,A1,CY,2007,17.29,,
ESTAT:ISOC_CI_IN_H(1.0),25/06/26 23:00:00,A,PC_HH,A1,CY,2008,25.97,,
ESTAT:ISOC_CI_IN_H(1.0),25/06/26 23:00:00,A,PC_HH,A1,CY,2009,30.99,,
ESTAT:ISOC_CI_IN_H(1.0),25/06/26 23:00:00,A,PC_HH,A1,CY,2010,23.07,,
ESTAT:ISOC_CI_IN_H(1.0),25/06/26 23:00:00,A,PC_HH,A1,CY,2011,38.52,,
ESTAT:ISOC_CI_IN_H(1.0),25/06/26 23:00:00,A,PC_HH,A1,CY,2012,37.92,,
ESTAT:ISOC_CI_IN_H(1.0),25/06/26 23:00:00,A,PC_HH,A1,CY,2013,46.74,,
ESTAT:ISOC_CI_IN_H(1.0),25/06/26 23:00:00,A,PC_HH,A1,CY,2014,48.77,,
ESTAT:ISOC_CI_IN_H(1.0),25/06/26 23:00:00,A,PC_HH,A1,CY,2015,51.88,,
ESTAT:ISOC_CI_IN_H(1.0),25/06/26 23:00:00,A,PC_HH,A1,CY,2016,54.02,,
ESTAT:ISOC_CI_IN_H(1.0),25/06/26 23:00:00,A,PC_HH,A1,CY,2017,61.58,,
ESTAT:ISOC_CI_IN_H(1.0),25/06/26 23:00:00,A,PC_HH,A1,CY,2018,74.59,,
ESTAT:ISOC_CI_IN_H(1.0),25/06/26 23:00:00,A,PC_HH,A1,CY,2019,75.49,,
ESTAT:ISOC_CI_IN_H(1.0),25/06/26 23:00:00,A,PC_HH,A1,CY,2020,86.26,,
ESTAT:ISOC_CI_IN_H(1.0),25/06/26 23:00:00,A,PC_HH,A1,CY,2021,86.17,,
ESTAT:ISOC_CI_IN_H(1.0),25/06/26 23:00:00,A,PC_HH,A1,CY,2022,89.62,,
ESTAT:ISOC_CI_IN_H(1.0),25/06/26 23:00:00,A,PC_HH,A1,CY,2023,85.22,,
ESTAT:ISOC_CI_IN_H(1.0),25/06/26 23:00:00,A,PC_HH,A1,CY,2024,87.14,,
ESTAT:ISOC_CI_IN_H(1.0),25/06/26 23:00:00,A,PC_HH,A1,CY,2025,95.45,,
ESTAT:ISOC_CI_IN_H(1.0),25/06/26 23:00:00,A,PC_HH,A1,CZ,2004,6.87,,
ESTAT:ISOC_CI_IN_H(1.0),25/06/26 23:00:00,A,PC_HH,A1,CZ,2005,6.68,,
ESTAT:ISOC_CI_IN_H(1.0),25/06/26 23:00:00,A,PC_HH,A1,CZ,2006,14.09,,
ESTAT:ISOC_CI_IN_H(1.0),25/06/26 23:00:00,A,PC_HH,A1,CZ,2007,17.74,,
ESTAT:ISOC_CI_IN_H(1.0),25/06/26 23:00:00,A,PC_HH,A1,CZ,2008,28.37,,
ESTAT:ISOC_CI_IN_H(1.0),25/06/26 23:00:00,A,PC_HH,A1,CZ,2009,28.46,,
ESTAT:ISOC_CI_IN_H(1.0),25/06/26 23:00:00,A,PC_HH,A1,CZ,2010,35.14,,
ESTAT:ISOC_CI_IN_H(1.0),25/06/26 23:00:00,A,PC_HH,A1,CZ,2011,46.95,,
ESTAT:ISOC_CI_IN_H(1.0),25/06/26 23:00:00,A,PC_HH,A1,CZ,2012,48.86,,
ESTAT:ISOC_CI_IN_H(1.0),25/06/26 23:00:00,A,PC_HH,A1,CZ,2013,50.32,,
ESTAT:ISOC_CI_IN_H(1.0),25/06/26 23:00:00,A,PC_HH,A1,CZ,2014,58.69,,
ESTAT:ISOC_CI_IN_H(1.0),25/06/26 23:00:00,A,PC_HH,A1,CZ,2015,60.24,,
ESTAT:ISOC_CI_IN_H(1.0),25/06/26 23:00:00,A,PC_HH,A1,CZ,2016,66.17,,
ESTAT:ISOC_CI_IN_H(1.0),25/06/26 23:00:00,A,PC_HH,A1,CZ,2017,65.15,,
ESTAT:ISOC_CI_IN_H(1.0),25/06/26 23:00:00,A,PC_HH,A1,CZ,2018,69.65,,
ESTAT:ISOC_CI_IN_H(1.0),25/06/26 23:00:00,A,PC_HH,A1,CZ,2019,74.73,,
ESTAT:ISOC_CI_IN_H(1.0),25/06/26 23:00:00,A,PC_HH,A1,CZ,2020,72.04,,
ESTAT:ISOC_CI_IN_H(1.0),25/06/26 23:00:00,A,PC_HH,A1,CZ,2021,75.78,,
ESTAT:ISOC_CI_IN_H(1.0),25/06/26 23:00:00,A,PC_HH,A1,CZ,2022,82.45,,
ESTAT:ISOC_CI_IN_H(1.0),25/06/26 23:00:00,A,PC_HH,A1,CZ,2023,85.21,,
ESTAT:ISOC_CI_IN_H(1.0),25/06/26 23:00:00,A,PC_HH,A1,CZ,2024,85.71,,
ESTAT:ISOC_CI_IN_H(1.0),25/06/26 23:00:00,A,PC_HH,A1,CZ,2025,89.96,,
ESTAT:ISOC_CI_IN_H(1.0),25/06/26 23:00:00,A,PC_HH,A1,DE,2002,33.33,,
ESTAT:ISOC_CI_IN_H(1.0),25/06/26 23:00:00,A,PC_HH,A1,DE,2003,36.56,,
ESTAT:ISOC_CI_IN_H(1.0),25/06/26 23:00:00,A,PC_HH,A1,DE,2004,44.32,,
ESTAT:ISOC_CI_IN_H(1.0),25/06/26 23:00:00,A,PC_HH,A1,DE,2005,45.93,,
ESTAT:ISOC_CI_IN_H(1.0),25/06/26 23:00:00,A,PC_HH,A1,DE,2006,48.04,,
ESTAT:ISOC_CI_IN_H(1.0),25/06/26 23:00:00,A,PC_HH,A1,DE,2007,54.51,,
ESTAT:ISOC_CI_IN_H(1.0),25/06/26 23:00:00,A,PC_HH,A1,DE,2008,58.16,,
ESTAT:ISOC_CI_IN_H(1.0),25/06/26 23:00:00,A,PC_HH,A1,DE,2009,65.40,,
ESTAT:ISOC_CI_IN_H(1.0),25/06/26 23:00:00,A,PC_HH,A1,DE,2010,70.72,,
ESTAT:ISOC_CI_IN_H(1.0),25/06/26 23:00:00,A,PC_HH,A1,DE,2011,71.68,,
ESTAT:ISOC_CI_IN_H(1.0),25/06/26 23:00:00,A,PC_HH,A1,DE,2012,74.07,,
ESTAT:ISOC_CI_IN_H(1.0),25/06/26 23:00:00,A,PC_HH,A1,DE,2013,78.41,,
ESTAT:ISOC_CI_IN_H(1.0),25/06/26 23:00:00,A,PC_HH,A1,DE,2014,80.80,,
ESTAT:ISOC_CI_IN_H(1.0),25/06/26 23:00:00,A,PC_HH,A1,DE,2015,81.74,,
ESTAT:ISOC_CI_IN_H(1.0),25/06/26 23:00:00,A,PC_HH,A1,DE,2016,84.90,,
ESTAT:ISOC_CI_IN_H(1.0),25/06/26 23:00:00,A,PC_HH,A1,DE,2017,86.11,,
ESTAT:ISOC_CI_IN_H(1.0),25/06/26 23:00:00,A,PC_HH,A1,DE,2018,89.54,,
ESTAT:ISOC_CI_IN_H(1.0),25/06/26 23:00:00,A,PC_HH,A1,DE,2019,90.08,,
ESTAT:ISOC_CI_IN_H(1.0),25/06/26 23:00:00,A,PC_HH,A1,DE,2020,91.59,,
ESTAT:ISOC_CI_IN_H(1.0),25/06/26 23:00:00,A,PC_HH,A1,DE,2021,85.96,b,
ESTAT:ISOC_CI_IN_H(1.0),25/06/26 23:00:00,A,PC_HH,A1,DE,2022,85.48,,
ESTAT:ISOC_CI_IN_H(1.0),25/06/26 23:00:00,A,PC_HH,A1,DE,2023,86.17,,
ESTAT:ISOC_CI_IN_H(1.0),25/06/26 23:00:00,A,PC_HH,A1,DE,2024,86.96,,
ESTAT:ISOC_CI_IN_H(1.0),25/06/26 23:00:00,A,PC_HH,A1,DE,2025,89.09,,
ESTAT:ISOC_CI_IN_H(1.0),25/06/26 23:00:00,A,PC_HH,A1,DK,2002,35.42,,
ESTAT:ISOC_CI_IN_H(1.0),25/06/26 23:00:00,A,PC_HH,A1,DK,2003,47.32,,
ESTAT:ISOC_CI_IN_H(1.0),25/06/26 23:00:00,A,PC_HH,A1,DK,2004,53.05,,
ESTAT:ISOC_CI_IN_H(1.0),25/06/26 23:00:00,A,PC_HH,A1,DK,2005,59.54,,
ESTAT:ISOC_CI_IN_H(1.0),25/06/26 23:00:00,A,PC_HH,A1,DK,2006,63.87,,
ESTAT:ISOC_CI_IN_H(1.0),25/06/26 23:00:00,A,PC_HH,A1,DK,2007,63.30,,
ESTAT:ISOC_CI_IN_H(1.0),25/06/26 23:00:00,A,PC_HH,A1,DK,2008,68.39,,
ESTAT:ISOC_CI_IN_H(1.0),25/06/26 23:00:00,A,PC_HH,A1,DK,2009,73.87,,
ESTAT:ISOC_CI_IN_H(1.0),25/06/26 23:00:00,A,PC_HH,A1,DK,2010,77.92,,
ESTAT:ISOC_CI_IN_H(1.0),25/06/26 23:00:00,A,PC_HH,A1,DK,2011,80.67,,
ESTAT:ISOC_CI_IN_H(1.0),25/06/26 23:00:00,A,PC_HH,A1,DK,2012,82.83,,
ESTAT:ISOC_CI_IN_H(1.0),25/06/26 23:00:00,A,PC_HH,A1,DK,2013,83.48,,
ESTAT:ISOC_CI_IN_H(1.0),25/06/26 23:00:00,A,PC_HH,A1,DK,2014,86.38,,
ESTAT:ISOC_CI_IN_H(1.0),25/06/26 23:00:00,A,PC_HH,A1,DK,2015,84.28,,
ESTAT:ISOC_CI_IN_H(1.0),25/06/26 23:00:00,A,PC_HH,A1,DK,2016,87.29,,
ESTAT:ISOC_CI_IN_H(1.0),25/06/26 23:00:00,A,PC_HH,A1,DK,2017,92.84,,
ESTAT:ISOC_CI_IN_H(1.0),25/06/26 23:00:00,A,PC_HH,A1,DK,2018,84.96,,
ESTAT:ISOC_CI_IN_H(1.0),25/06/26 23:00:00,A,PC_HH,A1,DK,2019,90.59,,
ESTAT:ISOC_CI_IN_H(1.0),25/06/26 23:00:00,A,PC_HH,A1,DK,2020,88.71,,
ESTAT:ISOC_CI_IN_H(1.0),25/06/26 23:00:00,A,PC_HH,A1,DK,2021,90.98,,
ESTAT:ISOC_CI_IN_H(1.0),25/06/26 23:00:00,A,PC_HH,A1,DK,2022,89.15,,
ESTAT:ISOC_CI_IN_H(1.0),25/06/26 23:00:00,A,PC_HH,A1,DK,2023,91.36,,
ESTAT:ISOC_CI_IN_H(1.0),25/06/26 23:00:00,A,PC_HH,A1,DK,2024,93.86,,
ESTAT:ISOC_CI_IN_H(1.0),25/06/26 23:00:00,A,PC_HH,A1,DK,2025,94.27,,
ESTAT:ISOC_CI_IN_H(1.0),25/06/26 23:00:00,A,PC_HH,A1,EA,2002,21.18,,
ESTAT:ISOC_CI_IN_H(1.0),25/06/26 23:00:00,A,PC_HH,A1,EA,2003,25.35,,
ESTAT:ISOC_CI_IN_H(1.0),25/06/26 23:00:00,A,PC_HH,A1,EA,2004,31.85,,
ESTAT:ISOC_CI_IN_H(1.0),25/06/26 23:00:00,A,PC_HH,A1,EA,2005,37.53,,
ESTAT:ISOC_CI_IN_H(1.0),25/06/26 23:00:00,A,PC_HH,A1,EA,2006,36.13,,
ESTAT:ISOC_CI_IN_H(1.0),25/06/26 23:00:00,A,PC_HH,A1,EA,2007,43.18,,
ESTAT:ISOC_CI_IN_H(1.0),25/06/26 23:00:00,A,PC_HH,A1,EA,2008,46.86,,
ESTAT:ISOC_CI_IN_H(1.0),25/06/26 23:00:00,A,PC_HH,A1,EA,2009,52.95,,
ESTAT:ISOC_CI_IN_H(1.0),25/06/26 23:00:00,A,PC_HH,A1,EA,2010,57.99,,
ESTAT:ISOC_CI_IN_H(1.0),25/06/26 23:00:00,A,PC_HH,A1,EA,2011,59.40,,
ESTAT:ISOC_CI_IN_H(1.0),25/06/26 23:00:00,A,PC_HH,A1,EA,2012,63.34,,
ESTAT:ISOC_CI_IN_H(1.0),25/06/26 23:00:00,A,PC_HH,A1,EA,2013,67.22,,
ESTAT:ISOC_CI_IN_H(1.0),25/06/26 23:00:00,A,PC_HH,A1,EA,2014,70.06,,
ESTAT:ISOC_CI_IN_H(1.0),25/06/26 23:00:00,A,PC_HH,A1,EA,2015,71.27,,
ESTAT:ISOC_CI_IN_H(1.0),25/06/26 23:00:00,A,PC_HH,A1,EA,2016,75.24,,
ESTAT:ISOC_CI_IN_H(1.0),25/06/26 23:00:00,A,PC_HH,A1,EA,2017,77.85,,
ESTAT:ISOC_CI_IN_H(1.0),25/06/26 23:00:00,A,PC_HH,A1,EA,2018,81.30,,
ESTAT:ISOC_CI_IN_H(1.0),25/06/26 23:00:00,A,PC_HH,A1,EA,2019,83.69,,
ESTAT:ISOC_CI_IN_H(1.0),25/06/26 23:00:00,A,PC_HH,A1,EA,2020,85.54,e,
ESTAT:ISOC_CI_IN_H(1.0),25/06/26 23:00:00,A,PC_HH,A1,EA,2021,86.41,b,
ESTAT:ISOC_CI_IN_H(1.0),25/06/26 23:00:00,A,PC_HH,A1,EA,2022,86.88,,
ESTAT:ISOC_CI_IN_H(1.0),25/06/26 23:00:00,A,PC_HH,A1,EA,2023,87.62,,
ESTAT:ISOC_CI_IN_H(1.0),25/06/26 23:00:00,A,PC_HH,A1,EA,2024,89.12,,
ESTAT:ISOC_CI_IN_H(1.0),25/06/26 23:00:00,A,PC_HH,A1,EA,2025,90.13,,
ESTAT:ISOC_CI_IN_H(1.0),25/06/26 23:00:00,A,PC_HH,A1,EE,2004,11.25,,
ESTAT:ISOC_CI_IN_H(1.0),25/06/26 23:00:00,A,PC_HH,A1,EE,2005,22.16,,
ESTAT:ISOC_CI_IN_H(1.0),25/06/26 23:00:00,A,PC_HH,A1,EE,2006,23.36,,
ESTAT:ISOC_CI_IN_H(1.0),25/06/26 23:00:00,A,PC_HH,A1,EE,2007,30.81,,
ESTAT:ISOC_CI_IN_H(1.0),25/06/26 23:00:00,A,PC_HH,A1,EE,2008,35.37,,
ESTAT:ISOC_CI_IN_H(1.0),25/06/26 23:00:00,A,PC_HH,A1,EE,2009,34.99,,
ESTAT:ISOC_CI_IN_H(1.0),25/06/26 23:00:00,A,PC_HH,A1,EE,2010,42.95,,
ESTAT:ISOC_CI_IN_H(1.0),25/06/26 23:00:00,A,PC_HH,A1,EE,2011,48.85,,
ESTAT:ISOC_CI_IN_H(1.0),25/06/26 23:00:00,A,PC_HH,A1,EE,2012,56.28,,
ESTAT:ISOC_CI_IN_H(1.0),25/06/26 23:00:00,A,PC_HH,A1,EE,2013,62.40,,
ESTAT:ISOC_CI_IN_H(1.0),25/06/26 23:00:00,A,PC_HH,A1,EE,2014,70.93,b,
ESTAT:ISOC_CI_IN_H(1.0),25/06/26 23:00:00,A,PC_HH,A1,EE,2015,76.80,,
ESTAT:ISOC_CI_IN_H(1.0),25/06/26 23:00:00,A,PC_HH,A1,EE,2016,72.35,,
ESTAT:ISOC_CI_IN_H(1.0),25/06/26 23:00:00,A,PC_HH,A1,EE,2017,78.20,,
ESTAT:ISOC_CI_IN_H(1.0),25/06/26 23:00:00,A,PC_HH,A1,EE,2018,80.43,,
ESTAT:ISOC_CI_IN_H(1.0),25/06/26 23:00:00,A,PC_HH,A1,EE,2019,82.38,,
ESTAT:ISOC_CI_IN_H(1.0),25/06/26 23:00:00,A,PC_HH,A1,EE,2020,79.90,,
ESTAT:ISOC_CI_IN_H(1.0),25/06/26 23:00:00,A,PC_HH,A1,EE,2021,83.61,,
ESTAT:ISOC_CI_IN_H(1.0),25/06/26 23:00:00,A,PC_HH,A1,EE,2022,85.58,,
ESTAT:ISOC_CI_IN_H(1.0),25/06/26 23:00:00,A,PC_HH,A1,EE,2023,86.96,,
ESTAT:ISOC_CI_IN_H(1.0),25/06/26 23:00:00,A,PC_HH,A1,EE,2024,85.82,,
ESTAT:ISOC_CI_IN_H(1.0),25/06/26 23:00:00,A,PC_HH,A1,EE,2025,91.24,,
ESTAT:ISOC_CI_IN_H(1.0),25/06/26 23:00:00,A,PC_HH,A1,EL,2002,8.27,,
ESTAT:ISOC_CI_IN_H(1.0),25/06/26 23:00:00,A,PC_HH,A1,EL,2003,11.54,,
ESTAT:ISOC_CI_IN_H(1.0),25/06/26 23:00:00,A,PC_HH,A1,EL,2004,11.03,,
ESTAT:ISOC_CI_IN_H(1.0),25/06/26 23:00:00,A,PC_HH,A1,EL,2005,15.23,,
ESTAT:ISOC_CI_IN_H(1.0),25/06/26 23:00:00,A,PC_HH,A1,EL,2006,12.98,,
ESTAT:ISOC_CI_IN_H(1.0),25/06/26 23:00:00,A,PC_HH,A1,EL,2007,15.01,,
ESTAT:ISOC_CI_IN_H(1.0),25/06/26 23:00:00,A,PC_HH,A1,EL,2008,19.07,,
ESTAT:ISOC_CI_IN_H(1.0),25/06/26 23:00:00,A,PC_HH,A1,EL,2009,22.15,,
ESTAT:ISOC_CI_IN_H(1.0),25/06/26 23:00:00,A,PC_HH,A1,EL,2010,35.16,,
ESTAT:ISOC_CI_IN_H(1.0),25/06/26 23:00:00,A,PC_HH,A1,EL,2011,34.69,,
ESTAT:ISOC_CI_IN_H(1.0),25/06/26 23:00:00,A,PC_HH,A1,EL,2012,35.85,,
ESTAT:ISOC_CI_IN_H(1.0),25/06/26 23:00:00,A,PC_HH,A1,EL,2013,40.08,,
ESTAT:ISOC_CI_IN_H(1.0),25/06/26 23:00:00,A,PC_HH,A1,EL,2014,55.20,,
ESTAT:ISOC_CI_IN_H(1.0),25/06/26 23:00:00,A,PC_HH,A1,EL,2015,56.21,,
ESTAT:ISOC_CI_IN_H(1.0),25/06/26 23:00:00,A,PC_HH,A1,EL,2016,49.06,,
ESTAT:ISOC_CI_IN_H(1.0),25/06/26 23:00:00,A,PC_HH,A1,EL,2017,55.94,,
ESTAT:ISOC_CI_IN_H(1.0),25/06/26 23:00:00,A,PC_HH,A1,EL,2018,59.11,,
ESTAT:ISOC_CI_IN_H(1.0),25/06/26 23:00:00,A,PC_HH,A1,EL,2019,62.08,,
ESTAT:ISOC_CI_IN_H(1.0),25/06/26 23:00:00,A,PC_HH,A1,EL,2020,62.56,,
ESTAT:ISOC_CI_IN_H(1.0),25/06/26 23:00:00,A,PC_HH,A1,EL,2021,75.01,,
ESTAT:ISOC_CI_IN_H(1.0),25/06/26 23:00:00,A,PC_HH,A1,EL,2022,73.62,,
ESTAT:ISOC_CI_IN_H(1.0),25/06/26 23:00:00,A,PC_HH,A1,EL,2023,77.81,,
ESTAT:ISOC_CI_IN_H(1.0),25/06/26 23:00:00,A,PC_HH,A1,EL,2024,81.16,,
ESTAT:ISOC_CI_IN_H(1.0),25/06/26 23:00:00,A,PC_HH,A1,EL,2025,82.70,,
ESTAT:ISOC_CI_IN_H(1.0),25/06/26 23:00:00,A,PC_HH,A1,ES,2003,11.92,,
ESTAT:ISOC_CI_IN_H(1.0),25/06/26 23:00:00,A,PC_HH,A1,ES,2004,15.43,,
ESTAT:ISOC_CI_IN_H(1.0),25/06/26 23:00:00,A,PC_HH,A1,ES,2005,17.48,,
ESTAT:ISOC_CI_IN_H(1.0),25/06/26 23:00:00,A,PC_HH,A1,ES,2006,20.13,,
ESTAT:ISOC_CI_IN_H(1.0),25/06/26 23:00:00,A,PC_HH,A1,ES,2007,23.21,,
ESTAT:ISOC_CI_IN_H(1.0),25/06/26 23:00:00,A,PC_HH,A1,ES,2008,27.21,,
ESTAT:ISOC_CI_IN_H(1.0),25/06/26 23:00:00,A,PC_HH,A1,ES,2009,30.50,,
ESTAT:ISOC_CI_IN_H(1.0),25/06/26 23:00:00,A,PC_HH,A1,ES,2010,32.74,,
ESTAT:ISOC_CI_IN_H(1.0),25/06/26 23:00:00,A,PC_HH,A1,ES,2011,39.76,,
ESTAT:ISOC_CI_IN_H(1.0),25/06/26 23:00:00,A,PC_HH,A1,ES,2012,44.51,,
ESTAT:ISOC_CI_IN_H(1.0),25/06/26 23:00:00,A,PC_HH,A1,ES,2013,48.43,,
ESTAT:ISOC_CI_IN_H(1.0),25/06/26 23:00:00,A,PC_HH,A1,ES,2014,54.89,,
ESTAT:ISOC_CI_IN_H(1.0),25/06/26 23:00:00,A,PC_HH,A1,ES,2015,61.75,,
ESTAT:ISOC_CI_IN_H(1.0),25/06/26 23:00:00,A,PC_HH,A1,ES,2016,64.67,,
ESTAT:ISOC_CI_IN_H(1.0),25/06/26 23:00:00,A,PC_HH,A1,ES,2017,70.27,,
ESTAT:ISOC_CI_IN_H(1.0),25/06/26 23:00:00,A,PC_HH,A1,ES,2018,75.53,,
ESTAT:ISOC_CI_IN_H(1.0),25/06/26 23:00:00,A,PC_HH,A1,ES,2019,84.83,,
ESTAT:ISOC_CI_IN_H(1.0),25/06/26 23:00:00,A,PC_HH,A1,ES,2020,89.10,,
ESTAT:ISOC_CI_IN_H(1.0),25/06/26 23:00:00,A,PC_HH,A1,ES,2021,92.11,,
ESTAT:ISOC_CI_IN_H(1.0),25/06/26 23:00:00,A,PC_HH,A1,ES,2022,92.90,,
ESTAT:ISOC_CI_IN_H(1.0),25/06/26 23:00:00,A,PC_HH,A1,ES,2023,94.33,,
ESTAT:ISOC_CI_IN_H(1.0),25/06/26 23:00:00,A,PC_HH,A1,ES,2024,95.42,,
ESTAT:ISOC_CI_IN_H(1.0),25/06/26 23:00:00,A,PC_HH,A1,ES,2025,95.19,,
ESTAT:ISOC_CI_IN_H(1.0),25/06/26 23:00:00,A,PC_HH,A1,EU15,2002,23.19,,
ESTAT:ISOC_CI_IN_H(1.0),25/06/26 23:00:00,A,PC_HH,A1,EU15,2003,27.43,,
ESTAT:ISOC_CI_IN_H(1.0),25/06/26 23:00:00,A,PC_HH,A1,EU15,2004,32.97,,
ESTAT:ISOC_CI_IN_H(1.0),25/06/26 23:00:00,A,PC_HH,A1,EU15,2005,38.77,,
ESTAT:ISOC_CI_IN_H(1.0),25/06/26 23:00:00,A,PC_HH,A1,EU15,2006,38.41,,
ESTAT:ISOC_CI_IN_H(1.0),25/06/26 23:00:00,A,PC_HH,A1,EU15,2007,45.04,,
ESTAT:ISOC_CI_IN_H(1.0),25/06/26 23:00:00,A,PC_HH,A1,EU15,2008,48.63,,
ESTAT:ISOC_CI_IN_H(1.0),25/06/26 23:00:00,A,PC_HH,A1,EU15,2009,54.70,,
ESTAT:ISOC_CI_IN_H(1.0),25/06/26 23:00:00,A,PC_HH,A1,EU15,2010,59.80,,
ESTAT:ISOC_CI_IN_H(1.0),25/06/26 23:00:00,A,PC_HH,A1,EU15,2011,61.34,,
ESTAT:ISOC_CI_IN_H(1.0),25/06/26 23:00:00,A,PC_HH,A1,EU15,2012,65.29,,
ESTAT:ISOC_CI_IN_H(1.0),25/06/26 23:00:00,A,PC_HH,A1,EU15,2013,71.22,,
ESTAT:ISOC_CI_IN_H(1.0),25/06/26 23:00:00,A,PC_HH,A1,EU15,2014,71.74,,
ESTAT:ISOC_CI_IN_H(1.0),25/06/26 23:00:00,A,PC_HH,A1,EU15,2015,73.19,,
ESTAT:ISOC_CI_IN_H(1.0),25/06/26 23:00:00,A,PC_HH,A1,EU15,2016,77.35,,
ESTAT:ISOC_CI_IN_H(1.0),25/06/26 23:00:00,A,PC_HH,A1,EU15,2017,79.96,,
ESTAT:ISOC_CI_IN_H(1.0),25/06/26 23:00:00,A,PC_HH,A1,EU15,2018,82.55,,
ESTAT:ISOC_CI_IN_H(1.0),25/06/26 23:00:00,A,PC_HH,A1,EU25,2004,29.52,,
ESTAT:ISOC_CI_IN_H(1.0),25/06/26 23:00:00,A,PC_HH,A1,EU25,2005,34.56,,
ESTAT:ISOC_CI_IN_H(1.0),25/06/26 23:00:00,A,PC_HH,A1,EU25,2006,35.46,,
ESTAT:ISOC_CI_IN_H(1.0),25/06/26 23:00:00,A,PC_HH,A1,EU25,2007,41.73,,
ESTAT:ISOC_CI_IN_H(1.0),25/06/26 23:00:00,A,PC_HH,A1,EU25,2008,45.46,,
ESTAT:ISOC_CI_IN_H(1.0),25/06/26 23:00:00,A,PC_HH,A1,EU25,2009,51.75,,
ESTAT:ISOC_CI_IN_H(1.0),25/06/26 23:00:00,A,PC_HH,A1,EU25,2010,56.65,,
ESTAT:ISOC_CI_IN_H(1.0),25/06/26 23:00:00,A,PC_HH,A1,EU27_2007,2004,29.18,,
ESTAT:ISOC_CI_IN_H(1.0),25/06/26 23:00:00,A,PC_HH,A1,EU27_2007,2005,34.56,,
ESTAT:ISOC_CI_IN_H(1.0),25/06/26 23:00:00,A,PC_HH,A1,EU27_2007,2006,34.49,,
ESTAT:ISOC_CI_IN_H(1.0),25/06/26 23:00:00,A,PC_HH,A1,EU27_2007,2007,40.45,,
ESTAT:ISOC_CI_IN_H(1.0),25/06/26 23:00:00,A,PC_HH,A1,EU27_2007,2008,44.14,,
ESTAT:ISOC_CI_IN_H(1.0),25/06/26 23:00:00,A,PC_HH,A1,EU27_2007,2009,50.29,,
ESTAT:ISOC_CI_IN_H(1.0),25/06/26 23:00:00,A,PC_HH,A1,EU27_2007,2010,55.13,,
ESTAT:ISOC_CI_IN_H(1.0),25/06/26 23:00:00,A,PC_HH,A1,EU27_2007,2011,57.04,,
ESTAT:ISOC_CI_IN_H(1.0),25/06/26 23:00:00,A,PC_HH,A1,EU27_2007,2012,61.24,,
ESTAT:ISOC_CI_IN_H(1.0),25/06/26 23:00:00,A,PC_HH,A1,EU27_2007,2013,67.04,,
ESTAT:ISOC_CI_IN_H(1.0),25/06/26 23:00:00,A,PC_HH,A1,EU27_2007,2014,67.85,,
ESTAT:ISOC_CI_IN_H(1.0),25/06/26 23:00:00,A,PC_HH,A1,EU27_2007,2015,69.50,,
ESTAT:ISOC_CI_IN_H(1.0),25/06/26 23:00:00,A,PC_HH,A1,EU27_2007,2016,73.91,,
ESTAT:ISOC_CI_IN_H(1.0),25/06/26 23:00:00,A,PC_HH,A1,EU27_2007,2017,76.59,,
ESTAT:ISOC_CI_IN_H(1.0),25/06/26 23:00:00,A,PC_HH,A1,EU27_2007,2018,79.61,,
ESTAT:ISOC_CI_IN_H(1.0),25/06/26 23:00:00,A,PC_HH,A1,EU27_2020,2007,39.29,,
ESTAT:ISOC_CI_IN_H(1.0),25/06/26 23:00:00,A,PC_HH,A1,EU27_2020,2008,43.28,,
ESTAT:ISOC_CI_IN_H(1.0),25/06/26 23:00:00,A,PC_HH,A1,EU27_2020,2009,49.57,,
ESTAT:ISOC_CI_IN_H(1.0),25/06/26 23:00:00,A,PC_HH,A1,EU27_2020,2010,54.23,,
ESTAT:ISOC_CI_IN_H(1.0),25/06/26 23:00:00,A,PC_HH,A1,EU27_2020,2011,56.01,,
ESTAT:ISOC_CI_IN_H(1.0),25/06/26 23:00:00,A,PC_HH,A1,EU27_2020,2012,60.12,,
ESTAT:ISOC_CI_IN_H(1.0),25/06/26 23:00:00,A,PC_HH,A1,EU27_2020,2013,63.93,,
ESTAT:ISOC_CI_IN_H(1.0),25/06/26 23:00:00,A,PC_HH,A1,EU27_2020,2014,66.84,,
ESTAT:ISOC_CI_IN_H(1.0),25/06/26 23:00:00,A,PC_HH,A1,EU27_2020,2015,68.64,,
ESTAT:ISOC_CI_IN_H(1.0),25/06/26 23:00:00,A,PC_HH,A1,EU27_2020,2016,72.85,,
ESTAT:ISOC_CI_IN_H(1.0),25/06/26 23:00:00,A,PC_HH,A1,EU27_2020,2017,75.33,,
ESTAT:ISOC_CI_IN_H(1.0),25/06/26 23:00:00,A,PC_HH,A1,EU27_2020,2018,78.78,,
ESTAT:ISOC_CI_IN_H(1.0),25/06/26 23:00:00,A,PC_HH,A1,EU27_2020,2019,81.70,,
ESTAT:ISOC_CI_IN_H(1.0),25/06/26 23:00:00,A,PC_HH,A1,EU27_2020,2020,83.55,e,
ESTAT:ISOC_CI_IN_H(1.0),25/06/26 23:00:00,A,PC_HH,A1,EU27_2020,2021,85.09,b,
ESTAT:ISOC_CI_IN_H(1.0),25/06/26 23:00:00,A,PC_HH,A1,EU27_2020,2022,85.93,,
ESTAT:ISOC_CI_IN_H(1.0),25/06/26 23:00:00,A,PC_HH,A1,EU27_2020,2023,86.95,,
ESTAT:ISOC_CI_IN_H(1.0),25/06/26 23:00:00,A,PC_HH,A1,EU27_2020,2024,89.04,,
ESTAT:ISOC_CI_IN_H(1.0),25/06/26 23:00:00,A,PC_HH,A1,EU27_2020,2025,90.17,,
ESTAT:ISOC_CI_IN_H(1.0),25/06/26 23:00:00,A,PC_HH,A1,EU28,2007,40.27,,
ESTAT:ISOC_CI_IN_H(1.0),25/06/26 23:00:00,A,PC_HH,A1,EU28,2008,43.98,,
ESTAT:ISOC_CI_IN_H(1.0),25/06/26 23:00:00,A,PC_HH,A1,EU28,2009,50.11,,
ESTAT:ISOC_CI_IN_H(1.0),25/06/26 23:00:00,A,PC_HH,A1,EU28,2010,54.92,,
ESTAT:ISOC_CI_IN_H(1.0),25/06/26 23:00:00,A,PC_HH,A1,EU28,2011,56.87,,
ESTAT:ISOC_CI_IN_H(1.0),25/06/26 23:00:00,A,PC_HH,A1,EU28,2012,61.06,,
ESTAT:ISOC_CI_IN_H(1.0),25/06/26 23:00:00,A,PC_HH,A1,EU28,2013,66.78,,
ESTAT:ISOC_CI_IN_H(1.0),25/06/26 23:00:00,A,PC_HH,A1,EU28,2014,67.71,,
ESTAT:ISOC_CI_IN_H(1.0),25/06/26 23:00:00,A,PC_HH,A1,EU28,2015,69.43,,
ESTAT:ISOC_CI_IN_H(1.0),25/06/26 23:00:00,A,PC_HH,A1,EU28,2016,73.81,,
ESTAT:ISOC_CI_IN_H(1.0),25/06/26 23:00:00,A,PC_HH,A1,EU28,2017,76.46,,
ESTAT:ISOC_CI_IN_H(1.0),25/06/26 23:00:00,A,PC_HH,A1,EU28,2018,79.53,,
ESTAT:ISOC_CI_IN_H(1.0),25/06/26 23:00:00,A,PC_HH,A1,EU28,2019,82.66,,
ESTAT:ISOC_CI_IN_H(1.0),25/06/26 23:00:00,A,PC_HH,A1,FI,2002,27.64,,
ESTAT:ISOC_CI_IN_H(1.0),25/06/26 23:00:00,A,PC_HH,A1,FI,2003,30.23,,
ESTAT:ISOC_CI_IN_H(1.0),25/06/26 23:00:00,A,PC_HH,A1,FI,2004,33.31,,
ESTAT:ISOC_CI_IN_H(1.0),25/06/26 23:00:00,A,PC_HH,A1,FI,2005,34.76,,
ESTAT:ISOC_CI_IN_H(1.0),25/06/26 23:00:00,A,PC_HH,A1,FI,2006,45.30,,
ESTAT:ISOC_CI_IN_H(1.0),25/06/26 23:00:00,A,PC_HH,A1,FI,2007,51.05,,
ESTAT:ISOC_CI_IN_H(1.0),25/06/26 23:00:00,A,PC_HH,A1,FI,2008,52.76,,
ESTAT:ISOC_CI_IN_H(1.0),25/06/26 23:00:00,A,PC_HH,A1,FI,2009,62.61,,
ESTAT:ISOC_CI_IN_H(1.0),25/06/26 23:00:00,A,PC_HH,A1,FI,2010,66.52,,
ESTAT:ISOC_CI_IN_H(1.0),25/06/26 23:00:00,A,PC_HH,A1,FI,2011,72.13,,
ESTAT:ISOC_CI_IN_H(1.0),25/06/26 23:00:00,A,PC_HH,A1,FI,2012,77.55,,
ESTAT:ISOC_CI_IN_H(1.0),25/06/26 23:00:00,A,PC_HH,A1,FI,2013,80.43,,
ESTAT:ISOC_CI_IN_H(1.0),25/06/26 23:00:00,A,PC_HH,A1,FI,2014,81.25,,
ESTAT:ISOC_CI_IN_H(1.0),25/06/26 23:00:00,A,PC_HH,A1,FI,2015,81.61,,
ESTAT:ISOC_CI_IN_H(1.0),25/06/26 23:00:00,A,PC_HH,A1,FI,2016,84.19,,
ESTAT:ISOC_CI_IN_H(1.0),25/06/26 23:00:00,A,PC_HH,A1,FI,2017,88.82,,
ESTAT:ISOC_CI_IN_H(1.0),25/06/26 23:00:00,A,PC_HH,A1,FI,2018,89.53,,
ESTAT:ISOC_CI_IN_H(1.0),25/06/26 23:00:00,A,PC_HH,A1,FI,2019,90.71,,
ESTAT:ISOC_CI_IN_H(1.0),25/06/26 23:00:00,A,PC_HH,A1,FI,2020,92.40,,
ESTAT:ISOC_CI_IN_H(1.0),25/06/26 23:00:00,A,PC_HH,A1,FI,2021,93.78,,
ESTAT:ISOC_CI_IN_H(1.0),25/06/26 23:00:00,A,PC_HH,A1,FI,2022,95.88,,
ESTAT:ISOC_CI_IN_H(1.0),25/06/26 23:00:00,A,PC_HH,A1,FI,2023,94.92,,
ESTAT:ISOC_CI_IN_H(1.0),25/06/26 23:00:00,A,PC_HH,A1,FI,2024,95.11,,
ESTAT:ISOC_CI_IN_H(1.0),25/06/26 23:00:00,A,PC_HH,A1,FI,2025,96.31,,
ESTAT:ISOC_CI_IN_H(1.0),25/06/26 23:00:00,A,PC_HH,A1,FR,2002,10.18,,
ESTAT:ISOC_CI_IN_H(1.0),25/06/26 23:00:00,A,PC_HH,A1,FR,2003,13.66,,
ESTAT:ISOC_CI_IN_H(1.0),25/06/26 23:00:00,A,PC_HH,A1,FR,2004,20.28,,
ESTAT:ISOC_CI_IN_H(1.0),25/06/26 23:00:00,A,PC_HH,A1,FR,2006,24.97,,
ESTAT:ISOC_CI_IN_H(1.0),25/06/26 23:00:00,A,PC_HH,A1,FR,2007,38.75,,
ESTAT:ISOC_CI_IN_H(1.0),25/06/26 23:00:00,A,PC_HH,A1,FR,2008,43.74,,
ESTAT:ISOC_CI_IN_H(1.0),25/06/26 23:00:00,A,PC_HH,A1,FR,2009,51.36,,
ESTAT:ISOC_CI_IN_H(1.0),25/06/26 23:00:00,A,PC_HH,A1,FR,2010,57.69,,
ESTAT:ISOC_CI_IN_H(1.0),25/06/26 23:00:00,A,PC_HH,A1,FR,2011,55.74,,
ESTAT:ISOC_CI_IN_H(1.0),25/06/26 23:00:00,A,PC_HH,A1,FR,2012,63.58,,
ESTAT:ISOC_CI_IN_H(1.0),25/06/26 23:00:00,A,PC_HH,A1,FR,2013,66.18,,
ESTAT:ISOC_CI_IN_H(1.0),25/06/26 23:00:00,A,PC_HH,A1,FR,2014,67.28,,
ESTAT:ISOC_CI_IN_H(1.0),25/06/26 23:00:00,A,PC_HH,A1,FR,2015,66.31,,
ESTAT:ISOC_CI_IN_H(1.0),25/06/26 23:00:00,A,PC_HH,A1,FR,2016,73.51,,
ESTAT:ISOC_CI_IN_H(1.0),25/06/26 23:00:00,A,PC_HH,A1,FR,2017,73.76,,
ESTAT:ISOC_CI_IN_H(1.0),25/06/26 23:00:00,A,PC_HH,A1,FR,2018,77.91,,
ESTAT:ISOC_CI_IN_H(1.0),25/06/26 23:00:00,A,PC_HH,A1,FR,2019,81.61,,
ESTAT:ISOC_CI_IN_H(1.0),25/06/26 23:00:00,A,PC_HH,A1,FR,2021,86.01,,
ESTAT:ISOC_CI_IN_H(1.0),25/06/26 23:00:00,A,PC_HH,A1,FR,2022,86.33,,
ESTAT:ISOC_CI_IN_H(1.0),25/06/26 23:00:00,A,PC_HH,A1,FR,2023,87.08,,
ESTAT:ISOC_CI_IN_H(1.0),25/06/26 23:00:00,A,PC_HH,A1,FR,2024,89.73,,
ESTAT:ISOC_CI_IN_H(1.0),25/06/26 23:00:00,A,PC_HH,A1,FR,2025,89.81,,
ESTAT:ISOC_CI_IN_H(1.0),25/06/26 23:00:00,A,PC_HH,A1,HR,2007,12.49,,
ESTAT:ISOC_CI_IN_H(1.0),25/06/26 23:00:00,A,PC_HH,A1,HR,2008,19.34,,
ESTAT:ISOC_CI_IN_H(1.0),25/06/26 23:00:00,A,PC_HH,A1,HR,2009,22.16,,
ESTAT:ISOC_CI_IN_H(1.0),25/06/26 23:00:00,A,PC_HH,A1,HR,2010,20.47,,
ESTAT:ISOC_CI_IN_H(1.0),25/06/26 23:00:00,A,PC_HH,A1,HR,2011,28.79,,
ESTAT:ISOC_CI_IN_H(1.0),25/06/26 23:00:00,A,PC_HH,A1,HR,2012,30.58,,
ESTAT:ISOC_CI_IN_H(1.0),25/06/26 23:00:00,A,PC_HH,A1,HR,2013,30.94,,
ESTAT:ISOC_CI_IN_H(1.0),25/06/26 23:00:00,A,PC_HH,A1,HR,2014,31.30,,
ESTAT:ISOC_CI_IN_H(1.0),25/06/26 23:00:00,A,PC_HH,A1,HR,2015,35.08,,
ESTAT:ISOC_CI_IN_H(1.0),25/06/26 23:00:00,A,PC_HH,A1,HR,2016,39.25,,
ESTAT:ISOC_CI_IN_H(1.0),25/06/26 23:00:00,A,PC_HH,A1,HR,2017,32.21,,
ESTAT:ISOC_CI_IN_H(1.0),25/06/26 23:00:00,A,PC_HH,A1,HR,2018,49.78,,
ESTAT:ISOC_CI_IN_H(1.0),25/06/26 23:00:00,A,PC_HH,A1,HR,2019,43.31,,
ESTAT:ISOC_CI_IN_H(1.0),25/06/26 23:00:00,A,PC_HH,A1,HR,2020,64.09,,
ESTAT:ISOC_CI_IN_H(1.0),25/06/26 23:00:00,A,PC_HH,A1,HR,2021,62.82,,
ESTAT:ISOC_CI_IN_H(1.0),25/06/26 23:00:00,A,PC_HH,A1,HR,2022,64.21,,
ESTAT:ISOC_CI_IN_H(1.0),25/06/26 23:00:00,A,PC_HH,A1,HR,2023,69.35,,
ESTAT:ISOC_CI_IN_H(1.0),25/06/26 23:00:00,A,PC_HH,A1,HR,2024,74.35,,
ESTAT:ISOC_CI_IN_H(1.0),25/06/26 23:00:00,A,PC_HH,A1,HR,2025,71.80,,
ESTAT:ISOC_CI_IN_H(1.0),25/06/26 23:00:00,A,PC_HH,A1,HU,2004,3.99,,
ESTAT:ISOC_CI_IN_H(1.0),25/06/26 23:00:00,A,PC_HH,A1,HU,2005,11.35,,
ESTAT:ISOC_CI_IN_H(1.0),25/06/26 23:00:00,A,PC_HH,A1,HU,2006,16.83,,
ESTAT:ISOC_CI_IN_H(1.0),25/06/26 23:00:00,A,PC_HH,A1,HU,2007,20.02,,
ESTAT:ISOC_CI_IN_H(1.0),25/06/26 23:00:00,A,PC_HH,A1,HU,2008,23.11,,
ESTAT:ISOC_CI_IN_H(1.0),25/06/26 23:00:00,A,PC_HH,A1,HU,2009,29.91,,
ESTAT:ISOC_CI_IN_H(1.0),25/06/26 23:00:00,A,PC_HH,A1,HU,2010,32.47,,
ESTAT:ISOC_CI_IN_H(1.0),25/06/26 23:00:00,A,PC_HH,A1,HU,2011,37.38,,
ESTAT:ISOC_CI_IN_H(1.0),25/06/26 23:00:00,A,PC_HH,A1,HU,2012,40.56,,
ESTAT:ISOC_CI_IN_H(1.0),25/06/26 23:00:00,A,PC_HH,A1,HU,2013,44.35,,
ESTAT:ISOC_CI_IN_H(1.0),25/06/26 23:00:00,A,PC_HH,A1,HU,2014,47.61,,
ESTAT:ISOC_CI_IN_H(1.0),25/06/26 23:00:00,A,PC_HH,A1,HU,2015,52.60,,
ESTAT:ISOC_CI_IN_H(1.0),25/06/26 23:00:00,A,PC_HH,A1,HU,2016,59.96,,
ESTAT:ISOC_CI_IN_H(1.0),25/06/26 23:00:00,A,PC_HH,A1,HU,2017,65.76,,
ESTAT:ISOC_CI_IN_H(1.0),25/06/26 23:00:00,A,PC_HH,A1,HU,2018,66.92,,
ESTAT:ISOC_CI_IN_H(1.0),25/06/26 23:00:00,A,PC_HH,A1,HU,2019,71.25,,
ESTAT:ISOC_CI_IN_H(1.0),25/06/26 23:00:00,A,PC_HH,A1,HU,2020,73.73,,
ESTAT:ISOC_CI_IN_H(1.0),25/06/26 23:00:00,A,PC_HH,A1,HU,2021,81.05,,
ESTAT:ISOC_CI_IN_H(1.0),25/06/26 23:00:00,A,PC_HH,A1,HU,2022,80.09,,
ESTAT:ISOC_CI_IN_H(1.0),25/06/26 23:00:00,A,PC_HH,A1,HU,2023,83.82,,
ESTAT:ISOC_CI_IN_H(1.0),25/06/26 23:00:00,A,PC_HH,A1,HU,2024,89.71,,
ESTAT:ISOC_CI_IN_H(1.0),25/06/26 23:00:00,A,PC_HH,A1,HU,2025,89.55,,
ESTAT:ISOC_CI_IN_H(1.0),25/06/26 23:00:00,A,PC_HH,A1,IE,2003,15.16,,
ESTAT:ISOC_CI_IN_H(1.0),25/06/26 23:00:00,A,PC_HH,A1,IE,2004,16.18,,
ESTAT:ISOC_CI_IN_H(1.0),25/06/26 23:00:00,A,PC_HH,A1,IE,2005,21.74,,
ESTAT:ISOC_CI_IN_H(1.0),25/06/26 23:00:00,A,PC_HH,A1,IE,2006,21.88,,
ESTAT:ISOC_CI_IN_H(1.0),25/06/26 23:00:00,A,PC_HH,A1,IE,2007,30.21,,
ESTAT:ISOC_CI_IN_H(1.0),25/06/26 23:00:00,A,PC_HH,A1,IE,2008,32.16,,
ESTAT:ISOC_CI_IN_H(1.0),25/06/26 23:00:00,A,PC_HH,A1,IE,2009,35.52,,
ESTAT:ISOC_CI_IN_H(1.0),25/06/26 23:00:00,A,PC_HH,A1,IE,2010,42.26,,
ESTAT:ISOC_CI_IN_H(1.0),25/06/26 23:00:00,A,PC_HH,A1,IE,2011,51.45,,
ESTAT:ISOC_CI_IN_H(1.0),25/06/26 23:00:00,A,PC_HH,A1,IE,2012,55.23,,
ESTAT:ISOC_CI_IN_H(1.0),25/06/26 23:00:00,A,PC_HH,A1,IE,2013,54.48,,
ESTAT:ISOC_CI_IN_H(1.0),25/06/26 23:00:00,A,PC_HH,A1,IE,2014,56.29,,
ESTAT:ISOC_CI_IN_H(1.0),25/06/26 23:00:00,A,PC_HH,A1,IE,2015,59.87,,
ESTAT:ISOC_CI_IN_H(1.0),25/06/26 23:00:00,A,PC_HH,A1,IE,2016,65.77,,
ESTAT:ISOC_CI_IN_H(1.0),25/06/26 23:00:00,A,PC_HH,A1,IE,2017,65.39,,
ESTAT:ISOC_CI_IN_H(1.0),25/06/26 23:00:00,A,PC_HH,A1,IE,2018,71.75,,
ESTAT:ISOC_CI_IN_H(1.0),25/06/26 23:00:00,A,PC_HH,A1,IE,2019,74.64,,
ESTAT:ISOC_CI_IN_H(1.0),25/06/26 23:00:00,A,PC_HH,A1,IE,2020,88.39,,
ESTAT:ISOC_CI_IN_H(1.0),25/06/26 23:00:00,A,PC_HH,A1,IE,2021,93.14,b,
ESTAT:ISOC_CI_IN_H(1.0),25/06/26 23:00:00,A,PC_HH,A1,IE,2022,,u,
ESTAT:ISOC_CI_IN_H(1.0),25/06/26 23:00:00,A,PC_HH,A1,IE,2023,77.35,,
ESTAT:ISOC_CI_IN_H(1.0),25/06/26 23:00:00,A,PC_HH,A1,IE,2024,68.82,,
ESTAT:ISOC_CI_IN_H(1.0),25/06/26 23:00:00,A,PC_HH,A1,IE,2025,79.32,,
ESTAT:ISOC_CI_IN_H(1.0),25/06/26 23:00:00,A,PC_HH,A1,IS,2004,45.12,,
ESTAT:ISOC_CI_IN_H(1.0),25/06/26 23:00:00,A,PC_HH,A1,IS,2005,54.43,,
ESTAT:ISOC_CI_IN_H(1.0),25/06/26 23:00:00,A,PC_HH,A1,IS,2006,55.93,,
ESTAT:ISOC_CI_IN_H(1.0),25/06/26 23:00:00,A,PC_HH,A1,IS,2007,58.56,,
ESTAT:ISOC_CI_IN_H(1.0),25/06/26 23:00:00,A,PC_HH,A1,IS,2008,72.31,,
ESTAT:ISOC_CI_IN_H(1.0),25/06/26 23:00:00,A,PC_HH,A1,IS,2009,75.28,,
ESTAT:ISOC_CI_IN_H(1.0),25/06/26 23:00:00,A,PC_HH,A1,IS,2010,70.78,,
ESTAT:ISOC_CI_IN_H(1.0),25/06/26 23:00:00,A,PC_HH,A1,IS,2011,82.57,,
ESTAT:ISOC_CI_IN_H(1.0),25/06/26 23:00:00,A,PC_HH,A1,IS,2012,86.30,,
ESTAT:ISOC_CI_IN_H(1.0),25/06/26 23:00:00,A,PC_HH,A1,IS,2013,92.09,,
ESTAT:ISOC_CI_IN_H(1.0),25/06/26 23:00:00,A,PC_HH,A1,IS,2014,90.11,,
ESTAT:ISOC_CI_IN_H(1.0),25/06/26 23:00:00,A,PC_HH,A1,IS,2017,95.12,,
ESTAT:ISOC_CI_IN_H(1.0),25/06/26 23:00:00,A,PC_HH,A1,IS,2018,97.67,,
ESTAT:ISOC_CI_IN_H(1.0),25/06/26 23:00:00,A,PC_HH,A1,IS,2019,93.28,,
ESTAT:ISOC_CI_IN_H(1.0),25/06/26 23:00:00,A,PC_HH,A1,IS,2020,96.48,,
ESTAT:ISOC_CI_IN_H(1.0),25/06/26 23:00:00,A,PC_HH,A1,IS,2021,96.43,,
ESTAT:ISOC_CI_IN_H(1.0),25/06/26 23:00:00,A,PC_HH,A1,IT,2002,11.02,,
ESTAT:ISOC_CI_IN_H(1.0),25/06/26 23:00:00,A,PC_HH,A1,IT,2003,22.36,,
ESTAT:ISOC_CI_IN_H(1.0),25/06/26 23:00:00,A,PC_HH,A1,IT,2004,21.06,,
ESTAT:ISOC_CI_IN_H(1.0),25/06/26 23:00:00,A,PC_HH,A1,IT,2005,20.85,,
ESTAT:ISOC_CI_IN_H(1.0),25/06/26 23:00:00,A,PC_HH,A1,IT,2006,20.95,,
ESTAT:ISOC_CI_IN_H(1.0),25/06/26 23:00:00,A,PC_HH,A1,IT,2007,24.45,,
ESTAT:ISOC_CI_IN_H(1.0),25/06/26 23:00:00,A,PC_HH,A1,IT,2008,27.67,,
ESTAT:ISOC_CI_IN_H(1.0),25/06/26 23:00:00,A,PC_HH,A1,IT,2009,34.13,,
ESTAT:ISOC_CI_IN_H(1.0),25/06/26 23:00:00,A,PC_HH,A1,IT,2010,38.94,,
ESTAT:ISOC_CI_IN_H(1.0),25/06/26 23:00:00,A,PC_HH,A1,IT,2011,41.91,,
ESTAT:ISOC_CI_IN_H(1.0),25/06/26 23:00:00,A,PC_HH,A1,IT,2012,43.17,,
ESTAT:ISOC_CI_IN_H(1.0),25/06/26 23:00:00,A,PC_HH,A1,IT,2013,49.19,,
ESTAT:ISOC_CI_IN_H(1.0),25/06/26 23:00:00,A,PC_HH,A1,IT,2014,56.09,,
ESTAT:ISOC_CI_IN_H(1.0),25/06/26 23:00:00,A,PC_HH,A1,IT,2015,59.06,,
ESTAT:ISOC_CI_IN_H(1.0),25/06/26 23:00:00,A,PC_HH,A1,IT,2016,63.91,,
ESTAT:ISOC_CI_IN_H(1.0),25/06/26 23:00:00,A,PC_HH,A1,IT,2017,68.99,,
ESTAT:ISOC_CI_IN_H(1.0),25/06/26 23:00:00,A,PC_HH,A1,IT,2018,73.17,,
ESTAT:ISOC_CI_IN_H(1.0),25/06/26 23:00:00,A,PC_HH,A1,IT,2019,73.55,,
ESTAT:ISOC_CI_IN_H(1.0),25/06/26 23:00:00,A,PC_HH,A1,IT,2020,77.47,,
ESTAT:ISOC_CI_IN_H(1.0),25/06/26 23:00:00,A,PC_HH,A1,IT,2021,80.36,,
ESTAT:ISOC_CI_IN_H(1.0),25/06/26 23:00:00,A,PC_HH,A1,IT,2022,83.78,,
ESTAT:ISOC_CI_IN_H(1.0),25/06/26 23:00:00,A,PC_HH,A1,IT,2023,84.78,,
ESTAT:ISOC_CI_IN_H(1.0),25/06/26 23:00:00,A,PC_HH,A1,IT,2024,88.05,,
ESTAT:ISOC_CI_IN_H(1.0),25/06/26 23:00:00,A,PC_HH,A1,IT,2025,89.16,,
ESTAT:ISOC_CI_IN_H(1.0),25/06/26 23:00:00,A,PC_HH,A1,LT,2004,3.04,,
ESTAT:ISOC_CI_IN_H(1.0),25/06/26 23:00:00,A,PC_HH,A1,LT,2005,4.71,,
ESTAT:ISOC_CI_IN_H(1.0),25/06/26 23:00:00,A,PC_HH,A1,LT,2006,11.85,,
ESTAT:ISOC_CI_IN_H(1.0),25/06/26 23:00:00,A,PC_HH,A1,LT,2007,16.26,,
ESTAT:ISOC_CI_IN_H(1.0),25/06/26 23:00:00,A,PC_HH,A1,LT,2008,25.61,,
ESTAT:ISOC_CI_IN_H(1.0),25/06/26 23:00:00,A,PC_HH,A1,LT,2009,32.44,,
ESTAT:ISOC_CI_IN_H(1.0),25/06/26 23:00:00,A,PC_HH,A1,LT,2010,33.51,,
ESTAT:ISOC_CI_IN_H(1.0),25/06/26 23:00:00,A,PC_HH,A1,LT,2011,31.49,,
ESTAT:ISOC_CI_IN_H(1.0),25/06/26 23:00:00,A,PC_HH,A1,LT,2012,31.66,,
ESTAT:ISOC_CI_IN_H(1.0),25/06/26 23:00:00,A,PC_HH,A1,LT,2013,38.11,,
ESTAT:ISOC_CI_IN_H(1.0),25/06/26 23:00:00,A,PC_HH,A1,LT,2014,44.32,,
ESTAT:ISOC_CI_IN_H(1.0),25/06/26 23:00:00,A,PC_HH,A1,LT,2015,46.19,,
ESTAT:ISOC_CI_IN_H(1.0),25/06/26 23:00:00,A,PC_HH,A1,LT,2016,52.34,,
ESTAT:ISOC_CI_IN_H(1.0),25/06/26 23:00:00,A,PC_HH,A1,LT,2017,56.74,,
ESTAT:ISOC_CI_IN_H(1.0),25/06/26 23:00:00,A,PC_HH,A1,LT,2018,61.99,,
ESTAT:ISOC_CI_IN_H(1.0),25/06/26 23:00:00,A,PC_HH,A1,LT,2019,65.77,,
ESTAT:ISOC_CI_IN_H(1.0),25/06/26 23:00:00,A,PC_HH,A1,LT,2020,69.93,,
ESTAT:ISOC_CI_IN_H(1.0),25/06/26 23:00:00,A,PC_HH,A1,LT,2021,77.64,,
ESTAT:ISOC_CI_IN_H(1.0),25/06/26 23:00:00,A,PC_HH,A1,LT,2022,80.20,,
ESTAT:ISOC_CI_IN_H(1.0),25/06/26 23:00:00,A,PC_HH,A1,LT,2023,82.31,,
ESTAT:ISOC_CI_IN_H(1.0),25/06/26 23:00:00,A,PC_HH,A1,LT,2024,84.45,,
ESTAT:ISOC_CI_IN_H(1.0),25/06/26 23:00:00,A,PC_HH,A1,LT,2025,84.94,,
ESTAT:ISOC_CI_IN_H(1.0),25/06/26 23:00:00,A,PC_HH,A1,LU,2002,26.66,,
ESTAT:ISOC_CI_IN_H(1.0),25/06/26 23:00:00,A,PC_HH,A1,LU,2003,30.56,,
ESTAT:ISOC_CI_IN_H(1.0),25/06/26 23:00:00,A,PC_HH,A1,LU,2004,47.09,,
ESTAT:ISOC_CI_IN_H(1.0),25/06/26 23:00:00,A,PC_HH,A1,LU,2005,45.40,,
ESTAT:ISOC_CI_IN_H(1.0),25/06/26 23:00:00,A,PC_HH,A1,LU,2006,51.91,,
ESTAT:ISOC_CI_IN_H(1.0),25/06/26 23:00:00,A,PC_HH,A1,LU,2007,61.49,,
ESTAT:ISOC_CI_IN_H(1.0),25/06/26 23:00:00,A,PC_HH,A1,LU,2008,63.24,,
ESTAT:ISOC_CI_IN_H(1.0),25/06/26 23:00:00,A,PC_HH,A1,LU,2009,74.76,,
ESTAT:ISOC_CI_IN_H(1.0),25/06/26 23:00:00,A,PC_HH,A1,LU,2010,80.81,,
ESTAT:ISOC_CI_IN_H(1.0),25/06/26 23:00:00,A,PC_HH,A1,LU,2011,81.99,,
ESTAT:ISOC_CI_IN_H(1.0),25/06/26 23:00:00,A,PC_HH,A1,LU,2012,85.80,,
ESTAT:ISOC_CI_IN_H(1.0),25/06/26 23:00:00,A,PC_HH,A1,LU,2013,87.56,,
ESTAT:ISOC_CI_IN_H(1.0),25/06/26 23:00:00,A,PC_HH,A1,LU,2014,90.91,,
ESTAT:ISOC_CI_IN_H(1.0),25/06/26 23:00:00,A,PC_HH,A1,LU,2015,92.02,,
ESTAT:ISOC_CI_IN_H(1.0),25/06/26 23:00:00,A,PC_HH,A1,LU,2016,94.47,,
ESTAT:ISOC_CI_IN_H(1.0),25/06/26 23:00:00,A,PC_HH,A1,LU,2017,94.23,,
ESTAT:ISOC_CI_IN_H(1.0),25/06/26 23:00:00,A,PC_HH,A1,LU,2018,87.44,b,
ESTAT:ISOC_CI_IN_H(1.0),25/06/26 23:00:00,A,PC_HH,A1,LU,2019,89.32,,
ESTAT:ISOC_CI_IN_H(1.0),25/06/26 23:00:00,A,PC_HH,A1,LU,2020,84.71,,
ESTAT:ISOC_CI_IN_H(1.0),25/06/26 23:00:00,A,PC_HH,A1,LU,2021,97.97,,
ESTAT:ISOC_CI_IN_H(1.0),25/06/26 23:00:00,A,PC_HH,A1,LU,2022,94.86,,
ESTAT:ISOC_CI_IN_H(1.0),25/06/26 23:00:00,A,PC_HH,A1,LU,2023,98.45,,
ESTAT:ISOC_CI_IN_H(1.0),25/06/26 23:00:00,A,PC_HH,A1,LU,2024,95.56,,
ESTAT:ISOC_CI_IN_H(1.0),25/06/26 23:00:00,A,PC_HH,A1,LU,2025,98.42,,
ESTAT:ISOC_CI_IN_H(1.0),25/06/26 23:00:00,A,PC_HH,A1,LV,2004,3.48,,
ESTAT:ISOC_CI_IN_H(1.0),25/06/26 23:00:00,A,PC_HH,A1,LV,2005,11.71,,
ESTAT:ISOC_CI_IN_H(1.0),25/06/26 23:00:00,A,PC_HH,A1,LV,2006,17.14,,
ESTAT:ISOC_CI_IN_H(1.0),25/06/26 23:00:00,A,PC_HH,A1,LV,2007,18.02,,
ESTAT:ISOC_CI_IN_H(1.0),25/06/26 23:00:00,A,PC_HH,A1,LV,2008,18.70,,
ESTAT:ISOC_CI_IN_H(1.0),25/06/26 23:00:00,A,PC_HH,A1,LV,2009,24.38,,
ESTAT:ISOC_CI_IN_H(1.0),25/06/26 23:00:00,A,PC_HH,A1,LV,2010,31.92,,
ESTAT:ISOC_CI_IN_H(1.0),25/06/26 23:00:00,A,PC_HH,A1,LV,2011,33.41,,
ESTAT:ISOC_CI_IN_H(1.0),25/06/26 23:00:00,A,PC_HH,A1,LV,2012,38.19,,
ESTAT:ISOC_CI_IN_H(1.0),25/06/26 23:00:00,A,PC_HH,A1,LV,2013,46.55,,
ESTAT:ISOC_CI_IN_H(1.0),25/06/26 23:00:00,A,PC_HH,A1,LV,2014,48.67,,
ESTAT:ISOC_CI_IN_H(1.0),25/06/26 23:00:00,A,PC_HH,A1,LV,2015,51.95,,
ESTAT:ISOC_CI_IN_H(1.0),25/06/26 23:00:00,A,PC_HH,A1,LV,2016,59.46,b,
ESTAT:ISOC_CI_IN_H(1.0),25/06/26 23:00:00,A,PC_HH,A1,LV,2017,60.93,,
ESTAT:ISOC_CI_IN_H(1.0),25/06/26 23:00:00,A,PC_HH,A1,LV,2018,67.28,,
ESTAT:ISOC_CI_IN_H(1.0),25/06/26 23:00:00,A,PC_HH,A1,LV,2019,73.71,,
ESTAT:ISOC_CI_IN_H(1.0),25/06/26 23:00:00,A,PC_HH,A1,LV,2020,81.74,,
ESTAT:ISOC_CI_IN_H(1.0),25/06/26 23:00:00,A,PC_HH,A1,LV,2021,83.05,,
ESTAT:ISOC_CI_IN_H(1.0),25/06/26 23:00:00,A,PC_HH,A1,LV,2022,83.37,,
ESTAT:ISOC_CI_IN_H(1.0),25/06/26 23:00:00,A,PC_HH,A1,LV,2023,87.40,,
ESTAT:ISOC_CI_IN_H(1.0),25/06/26 23:00:00,A,PC_HH,A1,LV,2024,88.60,,
ESTAT:ISOC_CI_IN_H(1.0),25/06/26 23:00:00,A,PC_HH,A1,LV,2025,88.82,,
ESTAT:ISOC_CI_IN_H(1.0),25/06/26 23:00:00,A,PC_HH,A1,ME,2012,18.84,,
ESTAT:ISOC_CI_IN_H(1.0),25/06/26 23:00:00,A,PC_HH,A1,ME,2017,34.80,,
ESTAT:ISOC_CI_IN_H(1.0),25/06/26 23:00:00,A,PC_HH,A1,ME,2018,35.33,,
ESTAT:ISOC_CI_IN_H(1.0),25/06/26 23:00:00,A,PC_HH,A1,ME,2019,39.26,,
ESTAT:ISOC_CI_IN_H(1.0),25/06/26 23:00:00,A,PC_HH,A1,ME,2020,47.96,,
ESTAT:ISOC_CI_IN_H(1.0),25/06/26 23:00:00,A,PC_HH,A1,ME,2021,46.81,,
ESTAT:ISOC_CI_IN_H(1.0),25/06/26 23:00:00,A,PC_HH,A1,ME,2022,51.16,,
ESTAT:ISOC_CI_IN_H(1.0),25/06/26 23:00:00,A,PC_HH,A1,ME,2023,58.32,,
ESTAT:ISOC_CI_IN_H(1.0),25/06/26 23:00:00,A,PC_HH,A1,ME,2024,61.44,,
ESTAT:ISOC_CI_IN_H(1.0),25/06/26 23:00:00,A,PC_HH,A1,ME,2025,77.04,,
ESTAT:ISOC_CI_IN_H(1.0),25/06/26 23:00:00,A,PC_HH,A1,MK,2004,6.48,,
ESTAT:ISOC_CI_IN_H(1.0),25/06/26 23:00:00,A,PC_HH,A1,MK,2006,,u,
ESTAT:ISOC_CI_IN_H(1.0),25/06/26 23:00:00,A,PC_HH,A1,MK,2008,,u,
ESTAT:ISOC_CI_IN_H(1.0),25/06/26 23:00:00,A,PC_HH,A1,MK,2009,,u,
ESTAT:ISOC_CI_IN_H(1.0),25/06/26 23:00:00,A,PC_HH,A1,MK,2010,7.76,,
ESTAT:ISOC_CI_IN_H(1.0),25/06/26 23:00:00,A,PC_HH,A1,MK,2012,17.59,,
ESTAT:ISOC_CI_IN_H(1.0),25/06/26 23:00:00,A,PC_HH,A1,MK,2013,18.22,,
ESTAT:ISOC_CI_IN_H(1.0),25/06/26 23:00:00,A,PC_HH,A1,MK,2014,11.52,,
ESTAT:ISOC_CI_IN_H(1.0),25/06/26 23:00:00,A,PC_HH,A1,MK,2015,20.11,,
ESTAT:ISOC_CI_IN_H(1.0),25/06/26 23:00:00,A,PC_HH,A1,MK,2016,21.13,,
ESTAT:ISOC_CI_IN_H(1.0),25/06/26 23:00:00,A,PC_HH,A1,MK,2017,23.23,,
ESTAT:ISOC_CI_IN_H(1.0),25/06/26 23:00:00,A,PC_HH,A1,MK,2018,33.75,,
ESTAT:ISOC_CI_IN_H(1.0),25/06/26 23:00:00,A,PC_HH,A1,MK,2019,39.54,,
ESTAT:ISOC_CI_IN_H(1.0),25/06/26 23:00:00,A,PC_HH,A1,MK,2020,48.11,,
ESTAT:ISOC_CI_IN_H(1.0),25/06/26 23:00:00,A,PC_HH,A1,MK,2021,51.00,,
ESTAT:ISOC_CI_IN_H(1.0),25/06/26 23:00:00,A,PC_HH,A1,MK,2024,66.48,,
ESTAT:ISOC_CI_IN_H(1.0),25/06/26 23:00:00,A,PC_HH,A1,MK,2025,71.07,,
ESTAT:ISOC_CI_IN_H(1.0),25/06/26 23:00:00,A,PC_HH,A1,MT,2005,7.72,,
ESTAT:ISOC_CI_IN_H(1.0),25/06/26 23:00:00,A,PC_HH,A1,MT,2006,55.97,,
ESTAT:ISOC_CI_IN_H(1.0),25/06/26 23:00:00,A,PC_HH,A1,MT,2007,24.01,,
ESTAT:ISOC_CI_IN_H(1.0),25/06/26 23:00:00,A,PC_HH,A1,MT,2008,24.44,,
ESTAT:ISOC_CI_IN_H(1.0),25/06/26 23:00:00,A,PC_HH,A1,MT,2009,30.34,,
ESTAT:ISOC_CI_IN_H(1.0),25/06/26 23:00:00,A,PC_HH,A1,MT,2010,39.26,,
ESTAT:ISOC_CI_IN_H(1.0),25/06/26 23:00:00,A,PC_HH,A1,MT,2011,44.99,,
ESTAT:ISOC_CI_IN_H(1.0),25/06/26 23:00:00,A,PC_HH,A1,MT,2012,52.14,,
ESTAT:ISOC_CI_IN_H(1.0),25/06/26 23:00:00,A,PC_HH,A1,MT,2013,59.36,,
ESTAT:ISOC_CI_IN_H(1.0),25/06/26 23:00:00,A,PC_HH,A1,MT,2014,53.35,,
ESTAT:ISOC_CI_IN_H(1.0),25/06/26 23:00:00,A,PC_HH,A1,MT,2015,63.62,,
ESTAT:ISOC_CI_IN_H(1.0),25/06/26 23:00:00,A,PC_HH,A1,MT,2016,60.55,,
ESTAT:ISOC_CI_IN_H(1.0),25/06/26 23:00:00,A,PC_HH,A1,MT,2017,68.05,,
ESTAT:ISOC_CI_IN_H(1.0),25/06/26 23:00:00,A,PC_HH,A1,MT,2018,62.58,,
ESTAT:ISOC_CI_IN_H(1.0),25/06/26 23:00:00,A,PC_HH,A1,MT,2019,76.53,,
ESTAT:ISOC_CI_IN_H(1.0),25/06/26 23:00:00,A,PC_HH,A1,MT,2020,80.12,,
ESTAT:ISOC_CI_IN_H(1.0),25/06/26 23:00:00,A,PC_HH,A1,MT,2021,78.97,,
ESTAT:ISOC_CI_IN_H(1.0),25/06/26 23:00:00,A,PC_HH,A1,MT,2022,85.59,,
ESTAT:ISOC_CI_IN_H(1.0),25/06/26 23:00:00,A,PC_HH,A1,MT,2023,87.23,,
ESTAT:ISOC_CI_IN_H(1.0),25/06/26 23:00:00,A,PC_HH,A1,MT,2024,92.77,,
ESTAT:ISOC_CI_IN_H(1.0),25/06/26 23:00:00,A,PC_HH,A1,MT,2025,95.93,,
ESTAT:ISOC_CI_IN_H(1.0),25/06/26 23:00:00,A,PC_HH,A1,NL,2005,62.38,,
ESTAT:ISOC_CI_IN_H(1.0),25/06/26 23:00:00,A,PC_HH,A1,NL,2006,64.40,,
ESTAT:ISOC_CI_IN_H(1.0),25/06/26 23:00:00,A,PC_HH,A1,NL,2007,67.53,,
ESTAT:ISOC_CI_IN_H(1.0),25/06/26 23:00:00,A,PC_HH,A1,NL,2008,70.55,,
ESTAT:ISOC_CI_IN_H(1.0),25/06/26 23:00:00,A,PC_HH,A1,NL,2009,78.38,,
ESTAT:ISOC_CI_IN_H(1.0),25/06/26 23:00:00,A,PC_HH,A1,NL,2010,82.84,,
ESTAT:ISOC_CI_IN_H(1.0),25/06/26 23:00:00,A,PC_HH,A1,NL,2011,85.75,,
ESTAT:ISOC_CI_IN_H(1.0),25/06/26 23:00:00,A,PC_HH,A1,NL,2012,86.76,,
ESTAT:ISOC_CI_IN_H(1.0),25/06/26 23:00:00,A,PC_HH,A1,NL,2013,88.11,,
ESTAT:ISOC_CI_IN_H(1.0),25/06/26 23:00:00,A,PC_HH,A1,NL,2014,91.53,,
ESTAT:ISOC_CI_IN_H(1.0),25/06/26 23:00:00,A,PC_HH,A1,NL,2015,93.26,,
ESTAT:ISOC_CI_IN_H(1.0),25/06/26 23:00:00,A,PC_HH,A1,NL,2016,94.91,,
ESTAT:ISOC_CI_IN_H(1.0),25/06/26 23:00:00,A,PC_HH,A1,NL,2017,96.02,,
ESTAT:ISOC_CI_IN_H(1.0),25/06/26 23:00:00,A,PC_HH,A1,NL,2018,96.65,,
ESTAT:ISOC_CI_IN_H(1.0),25/06/26 23:00:00,A,PC_HH,A1,NL,2019,97.36,,
ESTAT:ISOC_CI_IN_H(1.0),25/06/26 23:00:00,A,PC_HH,A1,NL,2020,93.88,,
ESTAT:ISOC_CI_IN_H(1.0),25/06/26 23:00:00,A,PC_HH,A1,NL,2021,97.99,,
ESTAT:ISOC_CI_IN_H(1.0),25/06/26 23:00:00,A,PC_HH,A1,NL,2022,97.74,,
ESTAT:ISOC_CI_IN_H(1.0),25/06/26 23:00:00,A,PC_HH,A1,NL,2023,98.74,,
ESTAT:ISOC_CI_IN_H(1.0),25/06/26 23:00:00,A,PC_HH,A1,NL,2024,98.49,,
ESTAT:ISOC_CI_IN_H(1.0),25/06/26 23:00:00,A,PC_HH,A1,NL,2025,99.37,,
ESTAT:ISOC_CI_IN_H(1.0),25/06/26 23:00:00,A,PC_HH,A1,NO,2003,44.39,,
ESTAT:ISOC_CI_IN_H(1.0),25/06/26 23:00:00,A,PC_HH,A1,NO,2004,37.68,,
ESTAT:ISOC_CI_IN_H(1.0),25/06/26 23:00:00,A,PC_HH,A1,NO,2005,52.80,,
ESTAT:ISOC_CI_IN_H(1.0),25/06/26 23:00:00,A,PC_HH,A1,NO,2006,50.18,,
ESTAT:ISOC_CI_IN_H(1.0),25/06/26 23:00:00,A,PC_HH,A1,NO,2007,64.02,,
ESTAT:ISOC_CI_IN_H(1.0),25/06/26 23:00:00,A,PC_HH,A1,NO,2008,67.89,,
ESTAT:ISOC_CI_IN_H(1.0),25/06/26 23:00:00,A,PC_HH,A1,NO,2009,72.21,,
ESTAT:ISOC_CI_IN_H(1.0),25/06/26 23:00:00,A,PC_HH,A1,NO,2010,83.55,,
ESTAT:ISOC_CI_IN_H(1.0),25/06/26 23:00:00,A,PC_HH,A1,NO,2011,86.22,,
ESTAT:ISOC_CI_IN_H(1.0),25/06/26 23:00:00,A,PC_HH,A1,NO,2012,84.57,,
ESTAT:ISOC_CI_IN_H(1.0),25/06/26 23:00:00,A,PC_HH,A1,NO,2013,90.04,,
ESTAT:ISOC_CI_IN_H(1.0),25/06/26 23:00:00,A,PC_HH,A1,NO,2014,86.27,,
ESTAT:ISOC_CI_IN_H(1.0),25/06/26 23:00:00,A,PC_HH,A1,NO,2015,93.65,,
ESTAT:ISOC_CI_IN_H(1.0),25/06/26 23:00:00,A,PC_HH,A1,NO,2016,94.96,,
ESTAT:ISOC_CI_IN_H(1.0),25/06/26 23:00:00,A,PC_HH,A1,NO,2017,93.29,,
ESTAT:ISOC_CI_IN_H(1.0),25/06/26 23:00:00,A,PC_HH,A1,NO,2018,92.54,,
ESTAT:ISOC_CI_IN_H(1.0),25/06/26 23:00:00,A,PC_HH,A1,NO,2019,96.46,,
ESTAT:ISOC_CI_IN_H(1.0),25/06/26 23:00:00,A,PC_HH,A1,NO,2020,92.37,,
ESTAT:ISOC_CI_IN_H(1.0),25/06/26 23:00:00,A,PC_HH,A1,NO,2021,98.13,,
ESTAT:ISOC_CI_IN_H(1.0),25/06/26 23:00:00,A,PC_HH,A1,NO,2022,98.29,,
ESTAT:ISOC_CI_IN_H(1.0),25/06/26 23:00:00,A,PC_HH,A1,NO,2023,98.65,,
ESTAT:ISOC_CI_IN_H(1.0),25/06/26 23:00:00,A,PC_HH,A1,NO,2024,97.04,,
ESTAT:ISOC_CI_IN_H(1.0),25/06/26 23:00:00,A,PC_HH,A1,NO,2025,98.58,,
ESTAT:ISOC_CI_IN_H(1.0),25/06/26 23:00:00,A,PC_HH,A1,PL,2004,15.91,,
ESTAT:ISOC_CI_IN_H(1.0),25/06/26 23:00:00,A,PC_HH,A1,PL,2005,14.70,,
ESTAT:ISOC_CI_IN_H(1.0),25/06/26 23:00:00,A,PC_HH,A1,PL,2006,16.10,,
ESTAT:ISOC_CI_IN_H(1.0),25/06/26 23:00:00,A,PC_HH,A1,PL,2007,17.20,,
ESTAT:ISOC_CI_IN_H(1.0),25/06/26 23:00:00,A,PC_HH,A1,PL,2008,20.84,,
ESTAT:ISOC_CI_IN_H(1.0),25/06/26 23:00:00,A,PC_HH,A1,PL,2009,30.21,,
ESTAT:ISOC_CI_IN_H(1.0),25/06/26 23:00:00,A,PC_HH,A1,PL,2010,32.69,,
ESTAT:ISOC_CI_IN_H(1.0),25/06/26 23:00:00,A,PC_HH,A1,PL,2011,32.32,,
ESTAT:ISOC_CI_IN_H(1.0),25/06/26 23:00:00,A,PC_HH,A1,PL,2012,39.58,,
ESTAT:ISOC_CI_IN_H(1.0),25/06/26 23:00:00,A,PC_HH,A1,PL,2013,42.89,,
ESTAT:ISOC_CI_IN_H(1.0),25/06/26 23:00:00,A,PC_HH,A1,PL,2014,45.26,,
ESTAT:ISOC_CI_IN_H(1.0),25/06/26 23:00:00,A,PC_HH,A1,PL,2015,45.44,,
ESTAT:ISOC_CI_IN_H(1.0),25/06/26 23:00:00,A,PC_HH,A1,PL,2016,51.80,,
ESTAT:ISOC_CI_IN_H(1.0),25/06/26 23:00:00,A,PC_HH,A1,PL,2017,52.55,,
ESTAT:ISOC_CI_IN_H(1.0),25/06/26 23:00:00,A,PC_HH,A1,PL,2018,57.11,,
ESTAT:ISOC_CI_IN_H(1.0),25/06/26 23:00:00,A,PC_HH,A1,PL,2019,64.26,,
ESTAT:ISOC_CI_IN_H(1.0),25/06/26 23:00:00,A,PC_HH,A1,PL,2020,74.08,,
ESTAT:ISOC_CI_IN_H(1.0),25/06/26 23:00:00,A,PC_HH,A1,PL,2021,78.85,,
ESTAT:ISOC_CI_IN_H(1.0),25/06/26 23:00:00,A,PC_HH,A1,PL,2022,80.98,,
ESTAT:ISOC_CI_IN_H(1.0),25/06/26 23:00:00,A,PC_HH,A1,PL,2023,79.27,,
ESTAT:ISOC_CI_IN_H(1.0),25/06/26 23:00:00,A,PC_HH,A1,PL,2024,86.35,,
ESTAT:ISOC_CI_IN_H(1.0),25/06/26 23:00:00,A,PC_HH,A1,PL,2025,89.78,,
ESTAT:ISOC_CI_IN_H(1.0),25/06/26 23:00:00,A,PC_HH,A1,PT,2003,7.18,,
ESTAT:ISOC_CI_IN_H(1.0),25/06/26 23:00:00,A,PC_HH,A1,PT,2004,9.06,,
ESTAT:ISOC_CI_IN_H(1.0),25/06/26 23:00:00,A,PC_HH,A1,PT,2005,13.13,,
ESTAT:ISOC_CI_IN_H(1.0),25/06/26 23:00:00,A,PC_HH,A1,PT,2006,13.08,,
ESTAT:ISOC_CI_IN_H(1.0),25/06/26 23:00:00,A,PC_HH,A1,PT,2007,15.57,,
ESTAT:ISOC_CI_IN_H(1.0),25/06/26 23:00:00,A,PC_HH,A1,PT,2008,22.28,,
ESTAT:ISOC_CI_IN_H(1.0),25/06/26 23:00:00,A,PC_HH,A1,PT,2009,23.61,,
ESTAT:ISOC_CI_IN_H(1.0),25/06/26 23:00:00,A,PC_HH,A1,PT,2010,28.97,,
ESTAT:ISOC_CI_IN_H(1.0),25/06/26 23:00:00,A,PC_HH,A1,PT,2011,32.80,,
ESTAT:ISOC_CI_IN_H(1.0),25/06/26 23:00:00,A,PC_HH,A1,PT,2012,33.98,,
ESTAT:ISOC_CI_IN_H(1.0),25/06/26 23:00:00,A,PC_HH,A1,PT,2013,37.59,,
ESTAT:ISOC_CI_IN_H(1.0),25/06/26 23:00:00,A,PC_HH,A1,PT,2014,39.82,,
ESTAT:ISOC_CI_IN_H(1.0),25/06/26 23:00:00,A,PC_HH,A1,PT,2015,48.44,,
ESTAT:ISOC_CI_IN_H(1.0),25/06/26 23:00:00,A,PC_HH,A1,PT,2016,51.98,,
ESTAT:ISOC_CI_IN_H(1.0),25/06/26 23:00:00,A,PC_HH,A1,PT,2017,57.05,,
ESTAT:ISOC_CI_IN_H(1.0),25/06/26 23:00:00,A,PC_HH,A1,PT,2018,70.63,,
ESTAT:ISOC_CI_IN_H(1.0),25/06/26 23:00:00,A,PC_HH,A1,PT,2019,70.33,,
ESTAT:ISOC_CI_IN_H(1.0),25/06/26 23:00:00,A,PC_HH,A1,PT,2020,76.11,,
ESTAT:ISOC_CI_IN_H(1.0),25/06/26 23:00:00,A,PC_HH,A1,PT,2021,80.98,,
ESTAT:ISOC_CI_IN_H(1.0),25/06/26 23:00:00,A,PC_HH,A1,PT,2022,80.59,,
ESTAT:ISOC_CI_IN_H(1.0),25/06/26 23:00:00,A,PC_HH,A1,PT,2023,81.99,,
ESTAT:ISOC_CI_IN_H(1.0),25/06/26 23:00:00,A,PC_HH,A1,PT,2024,84.59,,
ESTAT:ISOC_CI_IN_H(1.0),25/06/26 23:00:00,A,PC_HH,A1,PT,2025,85.09,,
ESTAT:ISOC_CI_IN_H(1.0),25/06/26 23:00:00,A,PC_HH,A1,RO,2006,5.37,,
ESTAT:ISOC_CI_IN_H(1.0),25/06/26 23:00:00,A,PC_HH,A1,RO,2007,9.98,,
ESTAT:ISOC_CI_IN_H(1.0),25/06/26 23:00:00,A,PC_HH,A1,RO,2008,11.82,,
ESTAT:ISOC_CI_IN_H(1.0),25/06/26 23:00:00,A,PC_HH,A1,RO,2009,16.29,,
ESTAT:ISOC_CI_IN_H(1.0),25/06/26 23:00:00,A,PC_HH,A1,RO,2010,18.59,,
ESTAT:ISOC_CI_IN_H(1.0),25/06/26 23:00:00,A,PC_HH,A1,RO,2011,19.90,,
ESTAT:ISOC_CI_IN_H(1.0),25/06/26 23:00:00,A,PC_HH,A1,RO,2012,29.32,,
ESTAT:ISOC_CI_IN_H(1.0),25/06/26 23:00:00,A,PC_HH,A1,RO,2013,32.78,,
ESTAT:ISOC_CI_IN_H(1.0),25/06/26 23:00:00,A,PC_HH,A1,RO,2014,36.45,b,
ESTAT:ISOC_CI_IN_H(1.0),25/06/26 23:00:00,A,PC_HH,A1,RO,2015,45.33,,
ESTAT:ISOC_CI_IN_H(1.0),25/06/26 23:00:00,A,PC_HH,A1,RO,2016,47.29,,
ESTAT:ISOC_CI_IN_H(1.0),25/06/26 23:00:00,A,PC_HH,A1,RO,2017,52.84,,
ESTAT:ISOC_CI_IN_H(1.0),25/06/26 23:00:00,A,PC_HH,A1,RO,2018,59.19,,
ESTAT:ISOC_CI_IN_H(1.0),25/06/26 23:00:00,A,PC_HH,A1,RO,2019,64.90,,
ESTAT:ISOC_CI_IN_H(1.0),25/06/26 23:00:00,A,PC_HH,A1,RO,2020,67.64,,
ESTAT:ISOC_CI_IN_H(1.0),25/06/26 23:00:00,A,PC_HH,A1,RO,2021,72.97,,
ESTAT:ISOC_CI_IN_H(1.0),25/06/26 23:00:00,A,PC_HH,A1,RO,2022,76.75,,
ESTAT:ISOC_CI_IN_H(1.0),25/06/26 23:00:00,A,PC_HH,A1,RO,2023,80.81,,
ESTAT:ISOC_CI_IN_H(1.0),25/06/26 23:00:00,A,PC_HH,A1,RO,2024,87.35,,
ESTAT:ISOC_CI_IN_H(1.0),25/06/26 23:00:00,A,PC_HH,A1,RO,2025,90.18,,
ESTAT:ISOC_CI_IN_H(1.0),25/06/26 23:00:00,A,PC_HH,A1,RS,2015,28.03,,
ESTAT:ISOC_CI_IN_H(1.0),25/06/26 23:00:00,A,PC_HH,A1,RS,2017,32.92,,
ESTAT:ISOC_CI_IN_H(1.0),25/06/26 23:00:00,A,PC_HH,A1,RS,2018,50.59,,
ESTAT:ISOC_CI_IN_H(1.0),25/06/26 23:00:00,A,PC_HH,A1,RS,2019,56.54,,
ESTAT:ISOC_CI_IN_H(1.0),25/06/26 23:00:00,A,PC_HH,A1,RS,2020,53.90,,
ESTAT:ISOC_CI_IN_H(1.0),25/06/26 23:00:00,A,PC_HH,A1,RS,2021,57.64,,
ESTAT:ISOC_CI_IN_H(1.0),25/06/26 23:00:00,A,PC_HH,A1,RS,2022,57.22,,
ESTAT:ISOC_CI_IN_H(1.0),25/06/26 23:00:00,A,PC_HH,A1,RS,2024,74.48,,
ESTAT:ISOC_CI_IN_H(1.0),25/06/26 23:00:00,A,PC_HH,A1,RS,2025,79.26,,
ESTAT:ISOC_CI_IN_H(1.0),25/06/26 23:00:00,A,PC_HH,A1,SE,2005,55.57,,
ESTAT:ISOC_CI_IN_H(1.0),25/06/26 23:00:00,A,PC_HH,A1,SE,2006,60.50,,
ESTAT:ISOC_CI_IN_H(1.0),25/06/26 23:00:00,A,PC_HH,A1,SE,2007,64.20,,
ESTAT:ISOC_CI_IN_H(1.0),25/06/26 23:00:00,A,PC_HH,A1,SE,2008,74.56,,
ESTAT:ISOC_CI_IN_H(1.0),25/06/26 23:00:00,A,PC_HH,A1,SE,2009,75.22,,
ESTAT:ISOC_CI_IN_H(1.0),25/06/26 23:00:00,A,PC_HH,A1,SE,2010,78.51,,
ESTAT:ISOC_CI_IN_H(1.0),25/06/26 23:00:00,A,PC_HH,A1,SE,2011,80.27,,
ESTAT:ISOC_CI_IN_H(1.0),25/06/26 23:00:00,A,PC_HH,A1,SE,2012,82.62,,
ESTAT:ISOC_CI_IN_H(1.0),25/06/26 23:00:00,A,PC_HH,A1,SE,2013,84.43,,
ESTAT:ISOC_CI_IN_H(1.0),25/06/26 23:00:00,A,PC_HH,A1,SE,2014,80.65,,
ESTAT:ISOC_CI_IN_H(1.0),25/06/26 23:00:00,A,PC_HH,A1,SE,2015,83.15,,
ESTAT:ISOC_CI_IN_H(1.0),25/06/26 23:00:00,A,PC_HH,A1,SE,2016,88.41,b,
ESTAT:ISOC_CI_IN_H(1.0),25/06/26 23:00:00,A,PC_HH,A1,SE,2017,89.36,,
ESTAT:ISOC_CI_IN_H(1.0),25/06/26 23:00:00,A,PC_HH,A1,SE,2018,86.38,,
ESTAT:ISOC_CI_IN_H(1.0),25/06/26 23:00:00,A,PC_HH,A1,SE,2019,91.88,,
ESTAT:ISOC_CI_IN_H(1.0),25/06/26 23:00:00,A,PC_HH,A1,SE,2020,84.29,,
ESTAT:ISOC_CI_IN_H(1.0),25/06/26 23:00:00,A,PC_HH,A1,SE,2021,88.09,,
ESTAT:ISOC_CI_IN_H(1.0),25/06/26 23:00:00,A,PC_HH,A1,SE,2022,89.58,,
ESTAT:ISOC_CI_IN_H(1.0),25/06/26 23:00:00,A,PC_HH,A1,SE,2023,90.65,,
ESTAT:ISOC_CI_IN_H(1.0),25/06/26 23:00:00,A,PC_HH,A1,SE,2024,92.33,,
ESTAT:ISOC_CI_IN_H(1.0),25/06/26 23:00:00,A,PC_HH,A1,SE,2025,92.86,,
ESTAT:ISOC_CI_IN_H(1.0),25/06/26 23:00:00,A,PC_HH,A1,SI,2004,13.34,,
ESTAT:ISOC_CI_IN_H(1.0),25/06/26 23:00:00,A,PC_HH,A1,SI,2005,,u,
ESTAT:ISOC_CI_IN_H(1.0),25/06/26 23:00:00,A,PC_HH,A1,SI,2006,16.83,,
ESTAT:ISOC_CI_IN_H(1.0),25/06/26 23:00:00,A,PC_HH,A1,SI,2007,20.91,,
ESTAT:ISOC_CI_IN_H(1.0),25/06/26 23:00:00,A,PC_HH,A1,SI,2008,25.21,,
ESTAT:ISOC_CI_IN_H(1.0),25/06/26 23:00:00,A,PC_HH,A1,SI,2009,34.52,,
ESTAT:ISOC_CI_IN_H(1.0),25/06/26 23:00:00,A,PC_HH,A1,SI,2010,29.92,,
ESTAT:ISOC_CI_IN_H(1.0),25/06/26 23:00:00,A,PC_HH,A1,SI,2011,47.44,,
ESTAT:ISOC_CI_IN_H(1.0),25/06/26 23:00:00,A,PC_HH,A1,SI,2012,38.34,,
ESTAT:ISOC_CI_IN_H(1.0),25/06/26 23:00:00,A,PC_HH,A1,SI,2013,53.04,,
ESTAT:ISOC_CI_IN_H(1.0),25/06/26 23:00:00,A,PC_HH,A1,SI,2014,49.71,,
ESTAT:ISOC_CI_IN_H(1.0),25/06/26 23:00:00,A,PC_HH,A1,SI,2015,46.98,,
ESTAT:ISOC_CI_IN_H(1.0),25/06/26 23:00:00,A,PC_HH,A1,SI,2016,53.18,,
ESTAT:ISOC_CI_IN_H(1.0),25/06/26 23:00:00,A,PC_HH,A1,SI,2017,56.32,,
ESTAT:ISOC_CI_IN_H(1.0),25/06/26 23:00:00,A,PC_HH,A1,SI,2018,67.28,,
ESTAT:ISOC_CI_IN_H(1.0),25/06/26 23:00:00,A,PC_HH,A1,SI,2019,77.24,,
ESTAT:ISOC_CI_IN_H(1.0),25/06/26 23:00:00,A,PC_HH,A1,SI,2020,79.34,,
ESTAT:ISOC_CI_IN_H(1.0),25/06/26 23:00:00,A,PC_HH,A1,SI,2021,84.62,,
ESTAT:ISOC_CI_IN_H(1.0),25/06/26 23:00:00,A,PC_HH,A1,SI,2022,82.71,,
ESTAT:ISOC_CI_IN_H(1.0),25/06/26 23:00:00,A,PC_HH,A1,SI,2023,87.99,,
ESTAT:ISOC_CI_IN_H(1.0),25/06/26 23:00:00,A,PC_HH,A1,SI,2024,87.97,,
ESTAT:ISOC_CI_IN_H(1.0),25/06/26 23:00:00,A,PC_HH,A1,SI,2025,84.90,,
ESTAT:ISOC_CI_IN_H(1.0),25/06/26 23:00:00,A,PC_HH,A1,SK,2004,13.33,,
ESTAT:ISOC_CI_IN_H(1.0),25/06/26 23:00:00,A,PC_HH,A1,SK,2005,12.48,,
ESTAT:ISOC_CI_IN_H(1.0),25/06/26 23:00:00,A,PC_HH,A1,SK,2006,11.30,,
ESTAT:ISOC_CI_IN_H(1.0),25/06/26 23:00:00,A,PC_HH,A1,SK,2007,24.32,,
ESTAT:ISOC_CI_IN_H(1.0),25/06/26 23:00:00,A,PC_HH,A1,SK,2008,31.93,,
ESTAT:ISOC_CI_IN_H(1.0),25/06/26 23:00:00,A,PC_HH,A1,SK,2009,33.79,,
ESTAT:ISOC_CI_IN_H(1.0),25/06/26 23:00:00,A,PC_HH,A1,SK,2010,39.29,,
ESTAT:ISOC_CI_IN_H(1.0),25/06/26 23:00:00,A,PC_HH,A1,SK,2011,39.96,,
ESTAT:ISOC_CI_IN_H(1.0),25/06/26 23:00:00,A,PC_HH,A1,SK,2012,47.66,,
ESTAT:ISOC_CI_IN_H(1.0),25/06/26 23:00:00,A,PC_HH,A1,SK,2013,49.90,,
ESTAT:ISOC_CI_IN_H(1.0),25/06/26 23:00:00,A,PC_HH,A1,SK,2014,47.59,,
ESTAT:ISOC_CI_IN_H(1.0),25/06/26 23:00:00,A,PC_HH,A1,SK,2015,50.36,,
ESTAT:ISOC_CI_IN_H(1.0),25/06/26 23:00:00,A,PC_HH,A1,SK,2016,54.22,,
ESTAT:ISOC_CI_IN_H(1.0),25/06/26 23:00:00,A,PC_HH,A1,SK,2017,54.43,,
ESTAT:ISOC_CI_IN_H(1.0),25/06/26 23:00:00,A,PC_HH,A1,SK,2018,54.68,,
ESTAT:ISOC_CI_IN_H(1.0),25/06/26 23:00:00,A,PC_HH,A1,SK,2019,50.33,,
ESTAT:ISOC_CI_IN_H(1.0),25/06/26 23:00:00,A,PC_HH,A1,SK,2020,75.43,,
ESTAT:ISOC_CI_IN_H(1.0),25/06/26 23:00:00,A,PC_HH,A1,SK,2021,77.22,,
ESTAT:ISOC_CI_IN_H(1.0),25/06/26 23:00:00,A,PC_HH,A1,SK,2022,76.70,,
ESTAT:ISOC_CI_IN_H(1.0),25/06/26 23:00:00,A,PC_HH,A1,SK,2023,74.66,,
ESTAT:ISOC_CI_IN_H(1.0),25/06/26 23:00:00,A,PC_HH,A1,SK,2024,78.92,,
ESTAT:ISOC_CI_IN_H(1.0),25/06/26 23:00:00,A,PC_HH,A1,SK,2025,83.88,,
ESTAT:ISOC_CI_IN_H(1.0),25/06/26 23:00:00,A,PC_HH,A1,TR,2004,3.02,,
ESTAT:ISOC_CI_IN_H(1.0),25/06/26 23:00:00,A,PC_HH,A1,TR,2007,10.75,,
ESTAT:ISOC_CI_IN_H(1.0),25/06/26 23:00:00,A,PC_HH,A1,TR,2008,15.26,,
ESTAT:ISOC_CI_IN_H(1.0),25/06/26 23:00:00,A,PC_HH,A1,TR,2009,15.21,,
ESTAT:ISOC_CI_IN_H(1.0),25/06/26 23:00:00,A,PC_HH,A1,TR,2010,20.98,,
ESTAT:ISOC_CI_IN_H(1.0),25/06/26 23:00:00,A,PC_HH,A1,TR,2012,30.81,,
ESTAT:ISOC_CI_IN_H(1.0),25/06/26 23:00:00,A,PC_HH,A1,TR,2013,29.98,,
ESTAT:ISOC_CI_IN_H(1.0),25/06/26 23:00:00,A,PC_HH,A1,TR,2020,76.87,,
ESTAT:ISOC_CI_IN_H(1.0),25/06/26 23:00:00,A,PC_HH,A1,TR,2022,84.55,,
ESTAT:ISOC_CI_IN_H(1.0),25/06/26 23:00:00,A,PC_HH,A1,TR,2023,87.77,,
ESTAT:ISOC_CI_IN_H(1.0),25/06/26 23:00:00,A,PC_HH,A1,TR,2024,90.39,,
ESTAT:ISOC_CI_IN_H(1.0),25/06/26 23:00:00,A,PC_HH,A1,TR,2025,89.71,,
ESTAT:ISOC_CI_IN_H(1.0),25/06/26 23:00:00,A,PC_HH,A1,UK,2002,32.01,,
ESTAT:ISOC_CI_IN_H(1.0),25/06/26 23:00:00,A,PC_HH,A1,UK,2003,35.97,,
ESTAT:ISOC_CI_IN_H(1.0),25/06/26 23:00:00,A,PC_HH,A1,UK,2004,35.78,,
ESTAT:ISOC_CI_IN_H(1.0),25/06/26 23:00:00,A,PC_HH,A1,UK,2005,36.91,,
ESTAT:ISOC_CI_IN_H(1.0),25/06/26 23:00:00,A,PC_HH,A1,UK,2006,41.48,,
ESTAT:ISOC_CI_IN_H(1.0),25/06/26 23:00:00,A,PC_HH,A1,UK,2007,47.50,,
ESTAT:ISOC_CI_IN_H(1.0),25/06/26 23:00:00,A,PC_HH,A1,UK,2008,49.22,,
ESTAT:ISOC_CI_IN_H(1.0),25/06/26 23:00:00,A,PC_HH,A1,UK,2009,54.18,,
ESTAT:ISOC_CI_IN_H(1.0),25/06/26 23:00:00,A,PC_HH,A1,UK,2010,60.07,,
ESTAT:ISOC_CI_IN_H(1.0),25/06/26 23:00:00,A,PC_HH,A1,UK,2011,63.80,,
ESTAT:ISOC_CI_IN_H(1.0),25/06/26 23:00:00,A,PC_HH,A1,UK,2012,68.31,,
ESTAT:ISOC_CI_IN_H(1.0),25/06/26 23:00:00,A,PC_HH,A1,UK,2013,87.69,,
ESTAT:ISOC_CI_IN_H(1.0),25/06/26 23:00:00,A,PC_HH,A1,UK,2014,74.48,,
ESTAT:ISOC_CI_IN_H(1.0),25/06/26 23:00:00,A,PC_HH,A1,UK,2015,76.03,,
ESTAT:ISOC_CI_IN_H(1.0),25/06/26 23:00:00,A,PC_HH,A1,UK,2016,81.33,,
ESTAT:ISOC_CI_IN_H(1.0),25/06/26 23:00:00,A,PC_HH,A1,UK,2017,84.76,,
ESTAT:ISOC_CI_IN_H(1.0),25/06/26 23:00:00,A,PC_HH,A1,UK,2018,85.65,,
ESTAT:ISOC_CI_IN_H(1.0),25/06/26 23:00:00,A,PC_HH,A1,UK,2019,89.54,,
ESTAT:ISOC_CI_IN_H(1.0),25/06/26 23:00:00,A,PC_HH,A1,UK,2020,92.87,,
ESTAT:ISOC_CI_IN_H(1.0),25/06/26 23:00:00,A,PC_HH,A1,XK,2017,73.41,,
ESTAT:ISOC_CI_IN_H(1.0),25/06/26 23:00:00,A,PC_HH,A1,XK,2018,65.40,,
ESTAT:ISOC_CI_IN_H(1.0),25/06/26 23:00:00,A,PC_HH,A1,XK,2019,72.29,,
ESTAT:ISOC_CI_IN_H(1.0),25/06/26 23:00:00,A,PC_HH,A1,XK,2020,76.26,,
ESTAT:ISOC_CI_IN_H(1.0),25/06/26 23:00:00,A,PC_HH,A1,XK,2024,89.05,,
ESTAT:ISOC_CI_IN_H(1.0),25/06/26 23:00:00,A,PC_HH,A1,XK,2025,95.85,,
ESTAT:ISOC_CI_IN_H(1.0),25/06/26 23:00:00,A,PC_HH,A1_DCH,AL,2018,74.33,u,
ESTAT:ISOC_CI_IN_H(1.0),25/06/26 23:00:00,A,PC_HH,A1_DCH,AL,2019,82.44,u,
ESTAT:ISOC_CI_IN_H(1.0),25/06/26 23:00:00,A,PC_HH,A1_DCH,AL,2020,86.58,u,
ESTAT:ISOC_CI_IN_H(1.0),25/06/26 23:00:00,A,PC_HH,A1_DCH,AL,2021,80.50,u,
ESTAT:ISOC_CI_IN_H(1.0),25/06/26 23:00:00,A,PC_HH,A1_DCH,AL,2022,100.00,u,
ESTAT:ISOC_CI_IN_H(1.0),25/06/26 23:00:00,A,PC_HH,A1_DCH,AL,2023,100.00,u,
ESTAT:ISOC_CI_IN_H(1.0),25/06/26 23:00:00,A,PC_HH,A1_DCH,AL,2024,100.00,u,
ESTAT:ISOC_CI_IN_H(1.0),25/06/26 23:00:00,A,PC_HH,A1_DCH,AL,2025,100.00,u,
ESTAT:ISOC_CI_IN_H(1.0),25/06/26 23:00:00,A,PC_HH,A1_DCH,AT,2002,33.12,,
ESTAT:ISOC_CI_IN_H(1.0),25/06/26 23:00:00,A,PC_HH,A1_DCH,AT,2003,32.42,,
ESTAT:ISOC_CI_IN_H(1.0),25/06/26 23:00:00,A,PC_HH,A1_DCH,AT,2004,50.97,,
ESTAT:ISOC_CI_IN_H(1.0),25/06/26 23:00:00,A,PC_HH,A1_DCH,AT,2005,49.39,,
ESTAT:ISOC_CI_IN_H(1.0),25/06/26 23:00:00,A,PC_HH,A1_DCH,AT,2006,48.13,,
ESTAT:ISOC_CI_IN_H(1.0),25/06/26 23:00:00,A,PC_HH,A1_DCH,AT,2007,,u,
ESTAT:ISOC_CI_IN_H(1.0),25/06/26 23:00:00,A,PC_HH,A1_DCH,AT,2008,72.42,,
ESTAT:ISOC_CI_IN_H(1.0),25/06/26 23:00:00,A,PC_HH,A1_DCH,AT,2009,83.68,,
ESTAT:ISOC_CI_IN_H(1.0),25/06/26 23:00:00,A,PC_HH,A1_DCH,AT,2010,84.31,,
ESTAT:ISOC_CI_IN_H(1.0),25/06/26 23:00:00,A,PC_HH,A1_DCH,AT,2011,90.39,,
ESTAT:ISOC_CI_IN_H(1.0),25/06/26 23:00:00,A,PC_HH,A1_DCH,AT,2012,96.39,,
ESTAT:ISOC_CI_IN_H(1.0),25/06/26 23:00:00,A,PC_HH,A1_DCH,AT,2013,96.85,,
ESTAT:ISOC_CI_IN_H(1.0),25/06/26 23:00:00,A,PC_HH,A1_DCH,AT,2014,95.46,,
ESTAT:ISOC_CI_IN_H(1.0),25/06/26 23:00:00,A,PC_HH,A1_DCH,AT,2015,97.37,,
ESTAT:ISOC_CI_IN_H(1.0),25/06/26 23:00:00,A,PC_HH,A1_DCH,AT,2016,97.28,,
ESTAT:ISOC_CI_IN_H(1.0),25/06/26 23:00:00,A,PC_HH,A1_DCH,AT,2017,97.58,,
ESTAT:ISOC_CI_IN_H(1.0),25/06/26 23:00:00,A,PC_HH,A1_DCH,AT,2018,99.04,,
ESTAT:ISOC_CI_IN_H(1.0),25/06/26 23:00:00,A,PC_HH,A1_DCH,AT,2019,98.74,,
ESTAT:ISOC_CI_IN_H(1.0),25/06/26 23:00:00,A,PC_HH,A1_DCH,AT,2020,98.70,,
ESTAT:ISOC_CI_IN_H(1.0),25/06/26 23:00:00,A,PC_HH,A1_DCH,AT,2021,100.00,,
ESTAT:ISOC_CI_IN_H(1.0),25/06/26 23:00:00,A,PC_HH,A1_DCH,AT,2022,99.53,,
ESTAT:ISOC_CI_IN_H(1.0),25/06/26 23:00:00,A,PC_HH,A1_DCH,AT,2023,97.54,,
ESTAT:ISOC_CI_IN_H(1.0),25/06/26 23:00:00,A,PC_HH,A1_DCH,AT,2024,98.32,,
ESTAT:ISOC_CI_IN_H(1.0),25/06/26 23:00:00,A,PC_HH,A1_DCH,AT,2025,100.00,,
ESTAT:ISOC_CI_IN_H(1.0),25/06/26 23:00:00,A,PC_HH,A1_DCH,BA,2018,58.83,,
ESTAT:ISOC_CI_IN_H(1.0),25/06/26 23:00:00,A,PC_HH,A1_DCH,BA,2019,72.25,u,
ESTAT:ISOC_CI_IN_H(1.0),25/06/26 23:00:00,A,PC_HH,A1_DCH,BA,2020,94.92,u,
ESTAT:ISOC_CI_IN_H(1.0),25/06/26 23:00:00,A,PC_HH,A1_DCH,BA,2021,100.00,u,
ESTAT:ISOC_CI_IN_H(1.0),25/06/26 23:00:00,A,PC_HH,A1_DCH,BA,2023,87.56,,
ESTAT:ISOC_CI_IN_H(1.0),25/06/26 23:00:00,A,PC_HH,A1_DCH,BA,2024,100.00,u,
ESTAT:ISOC_CI_IN_H(1.0),25/06/26 23:00:00,A,PC_HH,A1_DCH,BA,2025,100.00,,
ESTAT:ISOC_CI_IN_H(1.0),25/06/26 23:00:00,A,PC_HH,A1_DCH,BE,2005,44.49,,
ESTAT:ISOC_CI_IN_H(1.0),25/06/26 23:00:00,A,PC_HH,A1_DCH,BE,2006,47.81,,
ESTAT:ISOC_CI_IN_H(1.0),25/06/26 23:00:00,A,PC_HH,A1_DCH,BE,2007,58.09,,
ESTAT:ISOC_CI_IN_H(1.0),25/06/26 23:00:00,A,PC_HH,A1_DCH,BE,2008,62.99,,
ESTAT:ISOC_CI_IN_H(1.0),25/06/26 23:00:00,A,PC_HH,A1_DCH,BE,2009,67.06,,
ESTAT:ISOC_CI_IN_H(1.0),25/06/26 23:00:00,A,PC_HH,A1_DCH,BE,2010,75.57,,
ESTAT:ISOC_CI_IN_H(1.0),25/06/26 23:00:00,A,PC_HH,A1_DCH,BE,2011,82.09,,
ESTAT:ISOC_CI_IN_H(1.0),25/06/26 23:00:00,A,PC_HH,A1_DCH,BE,2012,79.74,,
ESTAT:ISOC_CI_IN_H(1.0),25/06/26 23:00:00,A,PC_HH,A1_DCH,BE,2013,79.73,,
ESTAT:ISOC_CI_IN_H(1.0),25/06/26 23:00:00,A,PC_HH,A1_DCH,BE,2014,88.80,,
ESTAT:ISOC_CI_IN_H(1.0),25/06/26 23:00:00,A,PC_HH,A1_DCH,BE,2015,85.59,,
ESTAT:ISOC_CI_IN_H(1.0),25/06/26 23:00:00,A,PC_HH,A1_DCH,BE,2016,89.15,,
ESTAT:ISOC_CI_IN_H(1.0),25/06/26 23:00:00,A,PC_HH,A1_DCH,BE,2017,93.70,,
ESTAT:ISOC_CI_IN_H(1.0),25/06/26 23:00:00,A,PC_HH,A1_DCH,BE,2018,90.59,,
ESTAT:ISOC_CI_IN_H(1.0),25/06/26 23:00:00,A,PC_HH,A1_DCH,BE,2019,95.90,,
ESTAT:ISOC_CI_IN_H(1.0),25/06/26 23:00:00,A,PC_HH,A1_DCH,BE,2020,93.87,,
ESTAT:ISOC_CI_IN_H(1.0),25/06/26 23:00:00,A,PC_HH,A1_DCH,BE,2021,95.27,,
ESTAT:ISOC_CI_IN_H(1.0),25/06/26 23:00:00,A,PC_HH,A1_DCH,BE,2022,98.07,,
ESTAT:ISOC_CI_IN_H(1.0),25/06/26 23:00:00,A,PC_HH,A1_DCH,BE,2023,95.60,,
ESTAT:ISOC_CI_IN_H(1.0),25/06/26 23:00:00,A,PC_HH,A1_DCH,BE,2024,97.16,,
ESTAT:ISOC_CI_IN_H(1.0),25/06/26 23:00:00,A,PC_HH,A1_DCH,BE,2025,97.31,,
ESTAT:ISOC_CI_IN_H(1.0),25/06/26 23:00:00,A,PC_HH,A1_DCH,BG,2004,13.11,,
ESTAT:ISOC_CI_IN_H(1.0),25/06/26 23:00:00,A,PC_HH,A1_DCH,BG,2007,17.75,,
ESTAT:ISOC_CI_IN_H(1.0),25/06/26 23:00:00,A,PC_HH,A1_DCH,BG,2008,44.70,,
ESTAT:ISOC_CI_IN_H(1.0),25/06/26 23:00:00,A,PC_HH,A1_DCH,BG,2009,43.16,,
ESTAT:ISOC_CI_IN_H(1.0),25/06/26 23:00:00,A,PC_HH,A1_DCH,BG,2010,44.04,,
ESTAT:ISOC_CI_IN_H(1.0),25/06/26 23:00:00,A,PC_HH,A1_DCH,BG,2011,51.51,u,
ESTAT:ISOC_CI_IN_H(1.0),25/06/26 23:00:00,A,PC_HH,A1_DCH,BG,2012,76.30,,
ESTAT:ISOC_CI_IN_H(1.0),25/06/26 23:00:00,A,PC_HH,A1_DCH,BG,2013,71.89,,
ESTAT:ISOC_CI_IN_H(1.0),25/06/26 23:00:00,A,PC_HH,A1_DCH,BG,2014,86.92,u,
ESTAT:ISOC_CI_IN_H(1.0),25/06/26 23:00:00,A,PC_HH,A1_DCH,BG,2015,95.52,u,
ESTAT:ISOC_CI_IN_H(1.0),25/06/26 23:00:00,A,PC_HH,A1_DCH,BG,2016,81.28,u,
ESTAT:ISOC_CI_IN_H(1.0),25/06/26 23:00:00,A,PC_HH,A1_DCH,BG,2017,87.89,u,
ESTAT:ISOC_CI_IN_H(1.0),25/06/26 23:00:00,A,PC_HH,A1_DCH,BG,2018,92.00,u,
ESTAT:ISOC_CI_IN_H(1.0),25/06/26 23:00:00,A,PC_HH,A1_DCH,BG,2019,85.66,u,
ESTAT:ISOC_CI_IN_H(1.0),25/06/26 23:00:00,A,PC_HH,A1_DCH,BG,2020,,u,
ESTAT:ISOC_CI_IN_H(1.0),25/06/26 23:00:00,A,PC_HH,A1_DCH,BG,2021,97.46,u,
ESTAT:ISOC_CI_IN_H(1.0),25/06/26 23:00:00,A,PC_HH,A1_DCH,BG,2022,95.93,u,
ESTAT:ISOC_CI_IN_H(1.0),25/06/26 23:00:00,A,PC_HH,A1_DCH,BG,2023,,u,
ESTAT:ISOC_CI_IN_H(1.0),25/06/26 23:00:00,A,PC_HH,A1_DCH,BG,2024,96.43,,
ESTAT:ISOC_CI_IN_H(1.0),25/06/26 23:00:00,A,PC_HH,A1_DCH,BG,2025,,u,
ESTAT:ISOC_CI_IN_H(1.0),25/06/26 23:00:00,A,PC_HH,A1_DCH,CH,2014,96.01,u,
ESTAT:ISOC_CI_IN_H(1.0),25/06/26 23:00:00,A,PC_HH,A1_DCH,CH,2017,100.00,bu,
ESTAT:ISOC_CI_IN_H(1.0),25/06/26 23:00:00,A,PC_HH,A1_DCH,CH,2019,95.50,u,
ESTAT:ISOC_CI_IN_H(1.0),25/06/26 23:00:00,A,PC_HH,A1_DCH,CH,2021,100.00,u,
ESTAT:ISOC_CI_IN_H(1.0),25/06/26 23:00:00,A,PC_HH,A1_DCH,CH,2023,100.00,u,
ESTAT:ISOC_CI_IN_H(1.0),25/06/26 23:00:00,A,PC_HH,A1_DCH,CH,2025,100.00,u,
ESTAT:ISOC_CI_IN_H(1.0),25/06/26 23:00:00,A,PC_HH,A1_DCH,CY,2004,62.79,,
ESTAT:ISOC_CI_IN_H(1.0),25/06/26 23:00:00,A,PC_HH,A1_DCH,CY,2005,33.92,,
ESTAT:ISOC_CI_IN_H(1.0),25/06/26 23:00:00,A,PC_HH,A1_DCH,CY,2006,36.20,,
ESTAT:ISOC_CI_IN_H(1.0),25/06/26 23:00:00,A,PC_HH,A1_DCH,CY,2007,38.59,,
ESTAT:ISOC_CI_IN_H(1.0),25/06/26 23:00:00,A,PC_HH,A1_DCH,CY,2008,30.00,,
ESTAT:ISOC_CI_IN_H(1.0),25/06/26 23:00:00,A,PC_HH,A1_DCH,CY,2009,61.23,,
ESTAT:ISOC_CI_IN_H(1.0),25/06/26 23:00:00,A,PC_HH,A1_DCH,CY,2010,69.44,,
ESTAT:ISOC_CI_IN_H(1.0),25/06/26 23:00:00,A,PC_HH,A1_DCH,CY,2011,46.25,u,
ESTAT:ISOC_CI_IN_H(1.0),25/06/26 23:00:00,A,PC_HH,A1_DCH,CY,2012,81.11,u,
ESTAT:ISOC_CI_IN_H(1.0),25/06/26 23:00:00,A,PC_HH,A1_DCH,CY,2013,70.60,u,
ESTAT:ISOC_CI_IN_H(1.0),25/06/26 23:00:00,A,PC_HH,A1_DCH,CY,2014,67.93,u,
ESTAT:ISOC_CI_IN_H(1.0),25/06/26 23:00:00,A,PC_HH,A1_DCH,CY,2015,80.14,u,
ESTAT:ISOC_CI_IN_H(1.0),25/06/26 23:00:00,A,PC_HH,A1_DCH,CY,2016,89.81,u,
ESTAT:ISOC_CI_IN_H(1.0),25/06/26 23:00:00,A,PC_HH,A1_DCH,CY,2017,95.28,u,
ESTAT:ISOC_CI_IN_H(1.0),25/06/26 23:00:00,A,PC_HH,A1_DCH,CY,2018,94.86,u,
ESTAT:ISOC_CI_IN_H(1.0),25/06/26 23:00:00,A,PC_HH,A1_DCH,CY,2019,100.00,u,
ESTAT:ISOC_CI_IN_H(1.0),25/06/26 23:00:00,A,PC_HH,A1_DCH,CY,2020,100.00,u,
ESTAT:ISOC_CI_IN_H(1.0),25/06/26 23:00:00,A,PC_HH,A1_DCH,CY,2021,97.71,u,
ESTAT:ISOC_CI_IN_H(1.0),25/06/26 23:00:00,A,PC_HH,A1_DCH,CY,2022,100.00,u,
ESTAT:ISOC_CI_IN_H(1.0),25/06/26 23:00:00,A,PC_HH,A1_DCH,CY,2023,100.00,u,
ESTAT:ISOC_CI_IN_H(1.0),25/06/26 23:00:00,A,PC_HH,A1_DCH,CY,2024,100.00,u,
ESTAT:ISOC_CI_IN_H(1.0),25/06/26 23:00:00,A,PC_HH,A1_DCH,CY,2025,100.00,u,
ESTAT:ISOC_CI_IN_H(1.0),25/06/26 23:00:00,A,PC_HH,A1_DCH,CZ,2004,19.52,,
ESTAT:ISOC_CI_IN_H(1.0),25/06/26 23:00:00,A,PC_HH,A1_DCH,CZ,2005,21.75,,
ESTAT:ISOC_CI_IN_H(1.0),25/06/26 23:00:00,A,PC_HH,A1_DCH,CZ,2006,30.33,,
ESTAT:ISOC_CI_IN_H(1.0),25/06/26 23:00:00,A,PC_HH,A1_DCH,CZ,2007,25.99,,
ESTAT:ISOC_CI_IN_H(1.0),25/06/26 23:00:00,A,PC_HH,A1_DCH,CZ,2008,49.26,,
ESTAT:ISOC_CI_IN_H(1.0),25/06/26 23:00:00,A,PC_HH,A1_DCH,CZ,2009,63.74,,
ESTAT:ISOC_CI_IN_H(1.0),25/06/26 23:00:00,A,PC_HH,A1_DCH,CZ,2010,62.52,,
ESTAT:ISOC_CI_IN_H(1.0),25/06/26 23:00:00,A,PC_HH,A1_DCH,CZ,2011,70.47,,
ESTAT:ISOC_CI_IN_H(1.0),25/06/26 23:00:00,A,PC_HH,A1_DCH,CZ,2012,71.09,,
ESTAT:ISOC_CI_IN_H(1.0),25/06/26 23:00:00,A,PC_HH,A1_DCH,CZ,2013,79.87,,
ESTAT:ISOC_CI_IN_H(1.0),25/06/26 23:00:00,A,PC_HH,A1_DCH,CZ,2014,83.39,,
ESTAT:ISOC_CI_IN_H(1.0),25/06/26 23:00:00,A,PC_HH,A1_DCH,CZ,2015,87.20,,
ESTAT:ISOC_CI_IN_H(1.0),25/06/26 23:00:00,A,PC_HH,A1_DCH,CZ,2016,84.34,,
ESTAT:ISOC_CI_IN_H(1.0),25/06/26 23:00:00,A,PC_HH,A1_DCH,CZ,2017,84.69,,
ESTAT:ISOC_CI_IN_H(1.0),25/06/26 23:00:00,A,PC_HH,A1_DCH,CZ,2018,95.71,,
ESTAT:ISOC_CI_IN_H(1.0),25/06/26 23:00:00,A,PC_HH,A1_DCH,CZ,2019,92.87,,
ESTAT:ISOC_CI_IN_H(1.0),25/06/26 23:00:00,A,PC_HH,A1_DCH,CZ,2020,97.11,,
ESTAT:ISOC_CI_IN_H(1.0),25/06/26 23:00:00,A,PC_HH,A1_DCH,CZ,2021,97.89,,
ESTAT:ISOC_CI_IN_H(1.0),25/06/26 23:00:00,A,PC_HH,A1_DCH,CZ,2022,99.69,,
ESTAT:ISOC_CI_IN_H(1.0),25/06/26 23:00:00,A,PC_HH,A1_DCH,CZ,2023,100.00,,
ESTAT:ISOC_CI_IN_H(1.0),25/06/26 23:00:00,A,PC_HH,A1_DCH,CZ,2024,98.73,,
ESTAT:ISOC_CI_IN_H(1.0),25/06/26 23:00:00,A,PC_HH,A1_DCH,CZ,2025,99.58,,
ESTAT:ISOC_CI_IN_H(1.0),25/06/26 23:00:00,A,PC_HH,A1_DCH,DE,2002,51.49,,
ESTAT:ISOC_CI_IN_H(1.0),25/06/26 23:00:00,A,PC_HH,A1_DCH,DE,2003,59.16,,
ESTAT:ISOC_CI_IN_H(1.0),25/06/26 23:00:00,A,PC_HH,A1_DCH,DE,2004,71.75,,
ESTAT:ISOC_CI_IN_H(1.0),25/06/26 23:00:00,A,PC_HH,A1_DCH,DE,2005,63.41,,
ESTAT:ISOC_CI_IN_H(1.0),25/06/26 23:00:00,A,PC_HH,A1_DCH,DE,2006,73.14,,
ESTAT:ISOC_CI_IN_H(1.0),25/06/26 23:00:00,A,PC_HH,A1_DCH,DE,2007,73.75,,
ESTAT:ISOC_CI_IN_H(1.0),25/06/26 23:00:00,A,PC_HH,A1_DCH,DE,2008,81.19,,
ESTAT:ISOC_CI_IN_H(1.0),25/06/26 23:00:00,A,PC_HH,A1_DCH,DE,2009,86.58,,
ESTAT:ISOC_CI_IN_H(1.0),25/06/26 23:00:00,A,PC_HH,A1_DCH,DE,2010,89.76,,
ESTAT:ISOC_CI_IN_H(1.0),25/06/26 23:00:00,A,PC_HH,A1_DCH,DE,2011,91.56,,
ESTAT:ISOC_CI_IN_H(1.0),25/06/26 23:00:00,A,PC_HH,A1_DCH,DE,2012,95.15,,
ESTAT:ISOC_CI_IN_H(1.0),25/06/26 23:00:00,A,PC_HH,A1_DCH,DE,2013,97.07,,
ESTAT:ISOC_CI_IN_H(1.0),25/06/26 23:00:00,A,PC_HH,A1_DCH,DE,2014,97.37,,
ESTAT:ISOC_CI_IN_H(1.0),25/06/26 23:00:00,A,PC_HH,A1_DCH,DE,2015,98.84,,
ESTAT:ISOC_CI_IN_H(1.0),25/06/26 23:00:00,A,PC_HH,A1_DCH,DE,2016,98.35,,
ESTAT:ISOC_CI_IN_H(1.0),25/06/26 23:00:00,A,PC_HH,A1_DCH,DE,2017,99.13,,
ESTAT:ISOC_CI_IN_H(1.0),25/06/26 23:00:00,A,PC_HH,A1_DCH,DE,2018,99.09,,
ESTAT:ISOC_CI_IN_H(1.0),25/06/26 23:00:00,A,PC_HH,A1_DCH,DE,2019,99.31,,
ESTAT:ISOC_CI_IN_H(1.0),25/06/26 23:00:00,A,PC_HH,A1_DCH,DE,2020,98.33,,
ESTAT:ISOC_CI_IN_H(1.0),25/06/26 23:00:00,A,PC_HH,A1_DCH,DE,2021,97.27,b,
ESTAT:ISOC_CI_IN_H(1.0),25/06/26 23:00:00,A,PC_HH,A1_DCH,DE,2022,94.89,,
ESTAT:ISOC_CI_IN_H(1.0),25/06/26 23:00:00,A,PC_HH,A1_DCH,DE,2023,97.14,,
ESTAT:ISOC_CI_IN_H(1.0),25/06/26 23:00:00,A,PC_HH,A1_DCH,DE,2024,95.78,,
ESTAT:ISOC_CI_IN_H(1.0),25/06/26 23:00:00,A,PC_HH,A1_DCH,DE,2025,94.83,,
ESTAT:ISOC_CI_IN_H(1.0),25/06/26 23:00:00,A,PC_HH,A1_DCH,DK,2002,58.13,,
ESTAT:ISOC_CI_IN_H(1.0),25/06/26 23:00:00,A,PC_HH,A1_DCH,DK,2003,58.04,,
ESTAT:ISOC_CI_IN_H(1.0),25/06/26 23:00:00,A,PC_HH,A1_DCH,DK,2004,68.70,,
ESTAT:ISOC_CI_IN_H(1.0),25/06/26 23:00:00,A,PC_HH,A1_DCH,DK,2005,70.81,,
ESTAT:ISOC_CI_IN_H(1.0),25/06/26 23:00:00,A,PC_HH,A1_DCH,DK,2006,84.01,,
ESTAT:ISOC_CI_IN_H(1.0),25/06/26 23:00:00,A,PC_HH,A1_DCH,DK,2007,,u,
ESTAT:ISOC_CI_IN_H(1.0),25/06/26 23:00:00,A,PC_HH,A1_DCH,DK,2008,,u,
ESTAT:ISOC_CI_IN_H(1.0),25/06/26 23:00:00,A,PC_HH,A1_DCH,DK,2009,90.11,,
ESTAT:ISOC_CI_IN_H(1.0),25/06/26 23:00:00,A,PC_HH,A1_DCH,DK,2010,94.10,,
ESTAT:ISOC_CI_IN_H(1.0),25/06/26 23:00:00,A,PC_HH,A1_DCH,DK,2011,92.06,,
ESTAT:ISOC_CI_IN_H(1.0),25/06/26 23:00:00,A,PC_HH,A1_DCH,DK,2012,97.38,u,
ESTAT:ISOC_CI_IN_H(1.0),25/06/26 23:00:00,A,PC_HH,A1_DCH,DK,2013,97.73,,
ESTAT:ISOC_CI_IN_H(1.0),25/06/26 23:00:00,A,PC_HH,A1_DCH,DK,2014,98.39,,
ESTAT:ISOC_CI_IN_H(1.0),25/06/26 23:00:00,A,PC_HH,A1_DCH,DK,2015,96.60,,
ESTAT:ISOC_CI_IN_H(1.0),25/06/26 23:00:00,A,PC_HH,A1_DCH,DK,2016,100.00,,
ESTAT:ISOC_CI_IN_H(1.0),25/06/26 23:00:00,A,PC_HH,A1_DCH,DK,2017,100.00,,
ESTAT:ISOC_CI_IN_H(1.0),25/06/26 23:00:00,A,PC_HH,A1_DCH,DK,2018,93.41,,
ESTAT:ISOC_CI_IN_H(1.0),25/06/26 23:00:00,A,PC_HH,A1_DCH,DK,2019,97.18,,
ESTAT:ISOC_CI_IN_H(1.0),25/06/26 23:00:00,A,PC_HH,A1_DCH,DK,2020,100.00,,
ESTAT:ISOC_CI_IN_H(1.0),25/06/26 23:00:00,A,PC_HH,A1_DCH,DK,2021,100.00,,
ESTAT:ISOC_CI_IN_H(1.0),25/06/26 23:00:00,A,PC_HH,A1_DCH,DK,2022,97.12,,
ESTAT:ISOC_CI_IN_H(1.0),25/06/26 23:00:00,A,PC_HH,A1_DCH,DK,2023,95.29,,
ESTAT:ISOC_CI_IN_H(1.0),25/06/26 23:00:00,A,PC_HH,A1_DCH,DK,2024,100.00,,
ESTAT:ISOC_CI_IN_H(1.0),25/06/26 23:00:00,A,PC_HH,A1_DCH,DK,2025,100.00,,
ESTAT:ISOC_CI_IN_H(1.0),25/06/26 23:00:00,A,PC_HH,A1_DCH,EA,2002,36.37,,
ESTAT:ISOC_CI_IN_H(1.0),25/06/26 23:00:00,A,PC_HH,A1_DCH,EA,2003,41.17,,
ESTAT:ISOC_CI_IN_H(1.0),25/06/26 23:00:00,A,PC_HH,A1_DCH,EA,2004,44.08,,
ESTAT:ISOC_CI_IN_H(1.0),25/06/26 23:00:00,A,PC_HH,A1_DCH,EA,2005,52.86,,
ESTAT:ISOC_CI_IN_H(1.0),25/06/26 23:00:00,A,PC_HH,A1_DCH,EA,2006,46.98,,
ESTAT:ISOC_CI_IN_H(1.0),25/06/26 23:00:00,A,PC_HH,A1_DCH,EA,2007,64.16,,
ESTAT:ISOC_CI_IN_H(1.0),25/06/26 23:00:00,A,PC_HH,A1_DCH,EA,2008,68.86,,
ESTAT:ISOC_CI_IN_H(1.0),25/06/26 23:00:00,A,PC_HH,A1_DCH,EA,2009,78.22,,
ESTAT:ISOC_CI_IN_H(1.0),25/06/26 23:00:00,A,PC_HH,A1_DCH,EA,2010,80.43,,
ESTAT:ISOC_CI_IN_H(1.0),25/06/26 23:00:00,A,PC_HH,A1_DCH,EA,2011,83.03,,
ESTAT:ISOC_CI_IN_H(1.0),25/06/26 23:00:00,A,PC_HH,A1_DCH,EA,2012,86.34,,
ESTAT:ISOC_CI_IN_H(1.0),25/06/26 23:00:00,A,PC_HH,A1_DCH,EA,2013,89.38,,
ESTAT:ISOC_CI_IN_H(1.0),25/06/26 23:00:00,A,PC_HH,A1_DCH,EA,2014,91.46,,
ESTAT:ISOC_CI_IN_H(1.0),25/06/26 23:00:00,A,PC_HH,A1_DCH,EA,2015,91.69,,
ESTAT:ISOC_CI_IN_H(1.0),25/06/26 23:00:00,A,PC_HH,A1_DCH,EA,2016,93.25,,
ESTAT:ISOC_CI_IN_H(1.0),25/06/26 23:00:00,A,PC_HH,A1_DCH,EA,2017,94.06,,
ESTAT:ISOC_CI_IN_H(1.0),25/06/26 23:00:00,A,PC_HH,A1_DCH,EA,2018,95.16,,
ESTAT:ISOC_CI_IN_H(1.0),25/06/26 23:00:00,A,PC_HH,A1_DCH,EA,2019,96.74,,
ESTAT:ISOC_CI_IN_H(1.0),25/06/26 23:00:00,A,PC_HH,A1_DCH,EA,2020,96.76,e,
ESTAT:ISOC_CI_IN_H(1.0),25/06/26 23:00:00,A,PC_HH,A1_DCH,EA,2021,97.86,b,
ESTAT:ISOC_CI_IN_H(1.0),25/06/26 23:00:00,A,PC_HH,A1_DCH,EA,2022,96.25,,
ESTAT:ISOC_CI_IN_H(1.0),25/06/26 23:00:00,A,PC_HH,A1_DCH,EA,2023,98.01,,
ESTAT:ISOC_CI_IN_H(1.0),25/06/26 23:00:00,A,PC_HH,A1_DCH,EA,2024,97.26,,
ESTAT:ISOC_CI_IN_H(1.0),25/06/26 23:00:00,A,PC_HH,A1_DCH,EA,2025,97.12,,
ESTAT:ISOC_CI_IN_H(1.0),25/06/26 23:00:00,A,PC_HH,A1_DCH,EE,2004,29.09,,
ESTAT:ISOC_CI_IN_H(1.0),25/06/26 23:00:00,A,PC_HH,A1_DCH,EE,2005,,u,
ESTAT:ISOC_CI_IN_H(1.0),25/06/26 23:00:00,A,PC_HH,A1_DCH,EE,2006,44.78,,
ESTAT:ISOC_CI_IN_H(1.0),25/06/26 23:00:00,A,PC_HH,A1_DCH,EE,2007,51.42,,
ESTAT:ISOC_CI_IN_H(1.0),25/06/26 23:00:00,A,PC_HH,A1_DCH,EE,2008,79.29,,
ESTAT:ISOC_CI_IN_H(1.0),25/06/26 23:00:00,A,PC_HH,A1_DCH,EE,2009,83.03,u,
ESTAT:ISOC_CI_IN_H(1.0),25/06/26 23:00:00,A,PC_HH,A1_DCH,EE,2010,84.32,u,
ESTAT:ISOC_CI_IN_H(1.0),25/06/26 23:00:00,A,PC_HH,A1_DCH,EE,2011,78.07,u,
ESTAT:ISOC_CI_IN_H(1.0),25/06/26 23:00:00,A,PC_HH,A1_DCH,EE,2012,89.86,,
ESTAT:ISOC_CI_IN_H(1.0),25/06/26 23:00:00,A,PC_HH,A1_DCH,EE,2013,97.08,u,
ESTAT:ISOC_CI_IN_H(1.0),25/06/26 23:00:00,A,PC_HH,A1_DCH,EE,2014,95.02,b,
ESTAT:ISOC_CI_IN_H(1.0),25/06/26 23:00:00,A,PC_HH,A1_DCH,EE,2015,100.00,,
ESTAT:ISOC_CI_IN_H(1.0),25/06/26 23:00:00,A,PC_HH,A1_DCH,EE,2016,97.86,,
ESTAT:ISOC_CI_IN_H(1.0),25/06/26 23:00:00,A,PC_HH,A1_DCH,EE,2017,100.00,,
ESTAT:ISOC_CI_IN_H(1.0),25/06/26 23:00:00,A,PC_HH,A1_DCH,EE,2018,97.95,,
ESTAT:ISOC_CI_IN_H(1.0),25/06/26 23:00:00,A,PC_HH,A1_DCH,EE,2019,99.04,,
ESTAT:ISOC_CI_IN_H(1.0),25/06/26 23:00:00,A,PC_HH,A1_DCH,EE,2020,100.00,,
ESTAT:ISOC_CI_IN_H(1.0),25/06/26 23:00:00,A,PC_HH,A1_DCH,EE,2021,99.18,,
ESTAT:ISOC_CI_IN_H(1.0),25/06/26 23:00:00,A,PC_HH,A1_DCH,EE,2022,100.00,,
ESTAT:ISOC_CI_IN_H(1.0),25/06/26 23:00:00,A,PC_HH,A1_DCH,EE,2023,98.87,,
ESTAT:ISOC_CI_IN_H(1.0),25/06/26 23:00:00,A,PC_HH,A1_DCH,EE,2024,99.13,,
ESTAT:ISOC_CI_IN_H(1.0),25/06/26 23:00:00,A,PC_HH,A1_DCH,EE,2025,98.35,,
ESTAT:ISOC_CI_IN_H(1.0),25/06/26 23:00:00,A,PC_HH,A1_DCH,EL,2002,16.07,,
ESTAT:ISOC_CI_IN_H(1.0),25/06/26 23:00:00,A,PC_HH,A1_DCH,EL,2003,29.10,,
ESTAT:ISOC_CI_IN_H(1.0),25/06/26 23:00:00,A,PC_HH,A1_DCH,EL,2004,30.95,,
ESTAT:ISOC_CI_IN_H(1.0),25/06/26 23:00:00,A,PC_HH,A1_DCH,EL,2005,16.20,,
ESTAT:ISOC_CI_IN_H(1.0),25/06/26 23:00:00,A,PC_HH,A1_DCH,EL,2006,20.49,,
ESTAT:ISOC_CI_IN_H(1.0),25/06/26 23:00:00,A,PC_HH,A1_DCH,EL,2007,32.44,,
ESTAT:ISOC_CI_IN_H(1.0),25/06/26 23:00:00,A,PC_HH,A1_DCH,EL,2008,31.32,,
ESTAT:ISOC_CI_IN_H(1.0),25/06/26 23:00:00,A,PC_HH,A1_DCH,EL,2009,50.29,,
ESTAT:ISOC_CI_IN_H(1.0),25/06/26 23:00:00,A,PC_HH,A1_DCH,EL,2010,66.81,,
ESTAT:ISOC_CI_IN_H(1.0),25/06/26 23:00:00,A,PC_HH,A1_DCH,EL,2011,69.27,u,
ESTAT:ISOC_CI_IN_H(1.0),25/06/26 23:00:00,A,PC_HH,A1_DCH,EL,2012,71.98,u,
ESTAT:ISOC_CI_IN_H(1.0),25/06/26 23:00:00,A,PC_HH,A1_DCH,EL,2013,77.67,u,
ESTAT:ISOC_CI_IN_H(1.0),25/06/26 23:00:00,A,PC_HH,A1_DCH,EL,2014,61.26,u,
ESTAT:ISOC_CI_IN_H(1.0),25/06/26 23:00:00,A,PC_HH,A1_DCH,EL,2015,88.98,u,
ESTAT:ISOC_CI_IN_H(1.0),25/06/26 23:00:00,A,PC_HH,A1_DCH,EL,2016,74.90,u,
ESTAT:ISOC_CI_IN_H(1.0),25/06/26 23:00:00,A,PC_HH,A1_DCH,EL,2017,80.08,u,
ESTAT:ISOC_CI_IN_H(1.0),25/06/26 23:00:00,A,PC_HH,A1_DCH,EL,2018,95.71,u,
ESTAT:ISOC_CI_IN_H(1.0),25/06/26 23:00:00,A,PC_HH,A1_DCH,EL,2019,95.41,u,
ESTAT:ISOC_CI_IN_H(1.0),25/06/26 23:00:00,A,PC_HH,A1_DCH,EL,2020,97.73,u,
ESTAT:ISOC_CI_IN_H(1.0),25/06/26 23:00:00,A,PC_HH,A1_DCH,EL,2021,97.47,u,
ESTAT:ISOC_CI_IN_H(1.0),25/06/26 23:00:00,A,PC_HH,A1_DCH,EL,2022,94.01,u,
ESTAT:ISOC_CI_IN_H(1.0),25/06/26 23:00:00,A,PC_HH,A1_DCH,EL,2023,100.00,u,
ESTAT:ISOC_CI_IN_H(1.0),25/06/26 23:00:00,A,PC_HH,A1_DCH,EL,2024,90.75,u,
ESTAT:ISOC_CI_IN_H(1.0),25/06/26 23:00:00,A,PC_HH,A1_DCH,EL,2025,100.00,u,
ESTAT:ISOC_CI_IN_H(1.0),25/06/26 23:00:00,A,PC_HH,A1_DCH,ES,2005,34.98,,
ESTAT:ISOC_CI_IN_H(1.0),25/06/26 23:00:00,A,PC_HH,A1_DCH,ES,2006,40.26,,
ESTAT:ISOC_CI_IN_H(1.0),25/06/26 23:00:00,A,PC_HH,A1_DCH,ES,2007,43.33,,
ESTAT:ISOC_CI_IN_H(1.0),25/06/26 23:00:00,A,PC_HH,A1_DCH,ES,2008,54.96,,
ESTAT:ISOC_CI_IN_H(1.0),25/06/26 23:00:00,A,PC_HH,A1_DCH,ES,2009,53.13,,
ESTAT:ISOC_CI_IN_H(1.0),25/06/26 23:00:00,A,PC_HH,A1_DCH,ES,2010,66.12,,
ESTAT:ISOC_CI_IN_H(1.0),25/06/26 23:00:00,A,PC_HH,A1_DCH,ES,2011,68.94,,
ESTAT:ISOC_CI_IN_H(1.0),25/06/26 23:00:00,A,PC_HH,A1_DCH,ES,2012,75.58,,
ESTAT:ISOC_CI_IN_H(1.0),25/06/26 23:00:00,A,PC_HH,A1_DCH,ES,2013,71.41,,
ESTAT:ISOC_CI_IN_H(1.0),25/06/26 23:00:00,A,PC_HH,A1_DCH,ES,2014,81.51,,
ESTAT:ISOC_CI_IN_H(1.0),25/06/26 23:00:00,A,PC_HH,A1_DCH,ES,2015,87.07,,
ESTAT:ISOC_CI_IN_H(1.0),25/06/26 23:00:00,A,PC_HH,A1_DCH,ES,2016,89.07,,
ESTAT:ISOC_CI_IN_H(1.0),25/06/26 23:00:00,A,PC_HH,A1_DCH,ES,2017,91.27,,
ESTAT:ISOC_CI_IN_H(1.0),25/06/26 23:00:00,A,PC_HH,A1_DCH,ES,2018,95.70,,
ESTAT:ISOC_CI_IN_H(1.0),25/06/26 23:00:00,A,PC_HH,A1_DCH,ES,2019,98.76,,
ESTAT:ISOC_CI_IN_H(1.0),25/06/26 23:00:00,A,PC_HH,A1_DCH,ES,2020,99.41,,
ESTAT:ISOC_CI_IN_H(1.0),25/06/26 23:00:00,A,PC_HH,A1_DCH,ES,2021,99.74,,
ESTAT:ISOC_CI_IN_H(1.0),25/06/26 23:00:00,A,PC_HH,A1_DCH,ES,2022,99.91,,
ESTAT:ISOC_CI_IN_H(1.0),25/06/26 23:00:00,A,PC_HH,A1_DCH,ES,2023,99.76,,
ESTAT:ISOC_CI_IN_H(1.0),25/06/26 23:00:00,A,PC_HH,A1_DCH,ES,2024,98.23,,
ESTAT:ISOC_CI_IN_H(1.0),25/06/26 23:00:00,A,PC_HH,A1_DCH,ES,2025,99.18,,
ESTAT:ISOC_CI_IN_H(1.0),25/06/26 23:00:00,A,PC_HH,A1_DCH,EU15,2002,37.90,,
ESTAT:ISOC_CI_IN_H(1.0),25/06/26 23:00:00,A,PC_HH,A1_DCH,EU15,2003,42.13,,
ESTAT:ISOC_CI_IN_H(1.0),25/06/26 23:00:00,A,PC_HH,A1_DCH,EU15,2004,46.15,,
ESTAT:ISOC_CI_IN_H(1.0),25/06/26 23:00:00,A,PC_HH,A1_DCH,EU15,2005,51.72,,
ESTAT:ISOC_CI_IN_H(1.0),25/06/26 23:00:00,A,PC_HH,A1_DCH,EU15,2006,49.10,,
ESTAT:ISOC_CI_IN_H(1.0),25/06/26 23:00:00,A,PC_HH,A1_DCH,EU15,2007,63.17,,
ESTAT:ISOC_CI_IN_H(1.0),25/06/26 23:00:00,A,PC_HH,A1_DCH,EU15,2008,70.02,,
ESTAT:ISOC_CI_IN_H(1.0),25/06/26 23:00:00,A,PC_HH,A1_DCH,EU15,2009,78.81,,
ESTAT:ISOC_CI_IN_H(1.0),25/06/26 23:00:00,A,PC_HH,A1_DCH,EU15,2010,80.67,,
ESTAT:ISOC_CI_IN_H(1.0),25/06/26 23:00:00,A,PC_HH,A1_DCH,EU15,2011,84.08,,
ESTAT:ISOC_CI_IN_H(1.0),25/06/26 23:00:00,A,PC_HH,A1_DCH,EU15,2012,86.30,,
ESTAT:ISOC_CI_IN_H(1.0),25/06/26 23:00:00,A,PC_HH,A1_DCH,EU15,2013,89.80,,
ESTAT:ISOC_CI_IN_H(1.0),25/06/26 23:00:00,A,PC_HH,A1_DCH,EU15,2014,91.46,,
ESTAT:ISOC_CI_IN_H(1.0),25/06/26 23:00:00,A,PC_HH,A1_DCH,EU15,2015,92.68,,
ESTAT:ISOC_CI_IN_H(1.0),25/06/26 23:00:00,A,PC_HH,A1_DCH,EU15,2016,94.91,,
ESTAT:ISOC_CI_IN_H(1.0),25/06/26 23:00:00,A,PC_HH,A1_DCH,EU15,2017,95.00,,
ESTAT:ISOC_CI_IN_H(1.0),25/06/26 23:00:00,A,PC_HH,A1_DCH,EU15,2018,96.03,,
ESTAT:ISOC_CI_IN_H(1.0),25/06/26 23:00:00,A,PC_HH,A1_DCH,EU25,2004,42.57,,
ESTAT:ISOC_CI_IN_H(1.0),25/06/26 23:00:00,A,PC_HH,A1_DCH,EU25,2005,48.01,,
ESTAT:ISOC_CI_IN_H(1.0),25/06/26 23:00:00,A,PC_HH,A1_DCH,EU25,2006,47.53,,
ESTAT:ISOC_CI_IN_H(1.0),25/06/26 23:00:00,A,PC_HH,A1_DCH,EU25,2007,60.89,,
ESTAT:ISOC_CI_IN_H(1.0),25/06/26 23:00:00,A,PC_HH,A1_DCH,EU25,2008,68.71,,
ESTAT:ISOC_CI_IN_H(1.0),25/06/26 23:00:00,A,PC_HH,A1_DCH,EU25,2009,77.23,,
ESTAT:ISOC_CI_IN_H(1.0),25/06/26 23:00:00,A,PC_HH,A1_DCH,EU25,2010,79.75,,
ESTAT:ISOC_CI_IN_H(1.0),25/06/26 23:00:00,A,PC_HH,A1_DCH,EU27_2007,2004,42.40,,
ESTAT:ISOC_CI_IN_H(1.0),25/06/26 23:00:00,A,PC_HH,A1_DCH,EU27_2007,2005,48.01,,
ESTAT:ISOC_CI_IN_H(1.0),25/06/26 23:00:00,A,PC_HH,A1_DCH,EU27_2007,2006,46.95,,
ESTAT:ISOC_CI_IN_H(1.0),25/06/26 23:00:00,A,PC_HH,A1_DCH,EU27_2007,2007,59.86,,
ESTAT:ISOC_CI_IN_H(1.0),25/06/26 23:00:00,A,PC_HH,A1_DCH,EU27_2007,2008,68.10,,
ESTAT:ISOC_CI_IN_H(1.0),25/06/26 23:00:00,A,PC_HH,A1_DCH,EU27_2007,2009,76.31,,
ESTAT:ISOC_CI_IN_H(1.0),25/06/26 23:00:00,A,PC_HH,A1_DCH,EU27_2007,2010,79.04,,
ESTAT:ISOC_CI_IN_H(1.0),25/06/26 23:00:00,A,PC_HH,A1_DCH,EU27_2007,2011,82.62,,
ESTAT:ISOC_CI_IN_H(1.0),25/06/26 23:00:00,A,PC_HH,A1_DCH,EU27_2007,2012,85.48,,
ESTAT:ISOC_CI_IN_H(1.0),25/06/26 23:00:00,A,PC_HH,A1_DCH,EU27_2007,2013,88.83,,
ESTAT:ISOC_CI_IN_H(1.0),25/06/26 23:00:00,A,PC_HH,A1_DCH,EU27_2007,2014,90.87,,
ESTAT:ISOC_CI_IN_H(1.0),25/06/26 23:00:00,A,PC_HH,A1_DCH,EU27_2007,2015,92.07,,
ESTAT:ISOC_CI_IN_H(1.0),25/06/26 23:00:00,A,PC_HH,A1_DCH,EU27_2007,2016,94.11,,
ESTAT:ISOC_CI_IN_H(1.0),25/06/26 23:00:00,A,PC_HH,A1_DCH,EU27_2007,2017,94.63,,
ESTAT:ISOC_CI_IN_H(1.0),25/06/26 23:00:00,A,PC_HH,A1_DCH,EU27_2007,2018,95.75,,
ESTAT:ISOC_CI_IN_H(1.0),25/06/26 23:00:00,A,PC_HH,A1_DCH,EU27_2020,2007,60.32,,
ESTAT:ISOC_CI_IN_H(1.0),25/06/26 23:00:00,A,PC_HH,A1_DCH,EU27_2020,2008,67.51,,
ESTAT:ISOC_CI_IN_H(1.0),25/06/26 23:00:00,A,PC_HH,A1_DCH,EU27_2020,2009,75.74,,
ESTAT:ISOC_CI_IN_H(1.0),25/06/26 23:00:00,A,PC_HH,A1_DCH,EU27_2020,2010,78.98,,
ESTAT:ISOC_CI_IN_H(1.0),25/06/26 23:00:00,A,PC_HH,A1_DCH,EU27_2020,2011,81.94,,
ESTAT:ISOC_CI_IN_H(1.0),25/06/26 23:00:00,A,PC_HH,A1_DCH,EU27_2020,2012,85.87,,
ESTAT:ISOC_CI_IN_H(1.0),25/06/26 23:00:00,A,PC_HH,A1_DCH,EU27_2020,2013,88.71,,
ESTAT:ISOC_CI_IN_H(1.0),25/06/26 23:00:00,A,PC_HH,A1_DCH,EU27_2020,2014,90.94,,
ESTAT:ISOC_CI_IN_H(1.0),25/06/26 23:00:00,A,PC_HH,A1_DCH,EU27_2020,2015,91.38,,
ESTAT:ISOC_CI_IN_H(1.0),25/06/26 23:00:00,A,PC_HH,A1_DCH,EU27_2020,2016,92.77,,
ESTAT:ISOC_CI_IN_H(1.0),25/06/26 23:00:00,A,PC_HH,A1_DCH,EU27_2020,2017,93.90,,
ESTAT:ISOC_CI_IN_H(1.0),25/06/26 23:00:00,A,PC_HH,A1_DCH,EU27_2020,2018,95.06,,
ESTAT:ISOC_CI_IN_H(1.0),25/06/26 23:00:00,A,PC_HH,A1_DCH,EU27_2020,2019,96.24,,
ESTAT:ISOC_CI_IN_H(1.0),25/06/26 23:00:00,A,PC_HH,A1_DCH,EU27_2020,2020,96.62,e,
ESTAT:ISOC_CI_IN_H(1.0),25/06/26 23:00:00,A,PC_HH,A1_DCH,EU27_2020,2021,97.89,b,
ESTAT:ISOC_CI_IN_H(1.0),25/06/26 23:00:00,A,PC_HH,A1_DCH,EU27_2020,2022,96.54,,
ESTAT:ISOC_CI_IN_H(1.0),25/06/26 23:00:00,A,PC_HH,A1_DCH,EU27_2020,2023,97.95,,
ESTAT:ISOC_CI_IN_H(1.0),25/06/26 23:00:00,A,PC_HH,A1_DCH,EU27_2020,2024,97.32,,
ESTAT:ISOC_CI_IN_H(1.0),25/06/26 23:00:00,A,PC_HH,A1_DCH,EU27_2020,2025,97.13,,
ESTAT:ISOC_CI_IN_H(1.0),25/06/26 23:00:00,A,PC_HH,A1_DCH,EU28,2007,59.86,,
ESTAT:ISOC_CI_IN_H(1.0),25/06/26 23:00:00,A,PC_HH,A1_DCH,EU28,2008,68.03,,
ESTAT:ISOC_CI_IN_H(1.0),25/06/26 23:00:00,A,PC_HH,A1_DCH,EU28,2009,76.29,,
ESTAT:ISOC_CI_IN_H(1.0),25/06/26 23:00:00,A,PC_HH,A1_DCH,EU28,2010,79.04,,
ESTAT:ISOC_CI_IN_H(1.0),25/06/26 23:00:00,A,PC_HH,A1_DCH,EU28,2011,82.62,,
ESTAT:ISOC_CI_IN_H(1.0),25/06/26 23:00:00,A,PC_HH,A1_DCH,EU28,2012,85.45,,
ESTAT:ISOC_CI_IN_H(1.0),25/06/26 23:00:00,A,PC_HH,A1_DCH,EU28,2013,88.83,,
ESTAT:ISOC_CI_IN_H(1.0),25/06/26 23:00:00,A,PC_HH,A1_DCH,EU28,2014,90.83,,
ESTAT:ISOC_CI_IN_H(1.0),25/06/26 23:00:00,A,PC_HH,A1_DCH,EU28,2015,92.05,,
ESTAT:ISOC_CI_IN_H(1.0),25/06/26 23:00:00,A,PC_HH,A1_DCH,EU28,2016,94.11,,
ESTAT:ISOC_CI_IN_H(1.0),25/06/26 23:00:00,A,PC_HH,A1_DCH,EU28,2017,94.59,,
ESTAT:ISOC_CI_IN_H(1.0),25/06/26 23:00:00,A,PC_HH,A1_DCH,EU28,2018,95.75,,
ESTAT:ISOC_CI_IN_H(1.0),25/06/26 23:00:00,A,PC_HH,A1_DCH,EU28,2019,96.83,,
ESTAT:ISOC_CI_IN_H(1.0),25/06/26 23:00:00,A,PC_HH,A1_DCH,FI,2002,45.11,,
ESTAT:ISOC_CI_IN_H(1.0),25/06/26 23:00:00,A,PC_HH,A1_DCH,FI,2003,44.07,,
ESTAT:ISOC_CI_IN_H(1.0),25/06/26 23:00:00,A,PC_HH,A1_DCH,FI,2004,50.00,,
ESTAT:ISOC_CI_IN_H(1.0),25/06/26 23:00:00,A,PC_HH,A1_DCH,FI,2005,57.02,,
ESTAT:ISOC_CI_IN_H(1.0),25/06/26 23:00:00,A,PC_HH,A1_DCH,FI,2006,78.02,,
ESTAT:ISOC_CI_IN_H(1.0),25/06/26 23:00:00,A,PC_HH,A1_DCH,FI,2007,68.92,,
ESTAT:ISOC_CI_IN_H(1.0),25/06/26 23:00:00,A,PC_HH,A1_DCH,FI,2008,95.43,,
ESTAT:ISOC_CI_IN_H(1.0),25/06/26 23:00:00,A,PC_HH,A1_DCH,FI,2009,96.81,,
ESTAT:ISOC_CI_IN_H(1.0),25/06/26 23:00:00,A,PC_HH,A1_DCH,FI,2010,97.76,,
ESTAT:ISOC_CI_IN_H(1.0),25/06/26 23:00:00,A,PC_HH,A1_DCH,FI,2011,98.87,,
ESTAT:ISOC_CI_IN_H(1.0),25/06/26 23:00:00,A,PC_HH,A1_DCH,FI,2012,100.00,u,
ESTAT:ISOC_CI_IN_H(1.0),25/06/26 23:00:00,A,PC_HH,A1_DCH,FI,2013,100.00,u,
ESTAT:ISOC_CI_IN_H(1.0),25/06/26 23:00:00,A,PC_HH,A1_DCH,FI,2014,100.00,u,
ESTAT:ISOC_CI_IN_H(1.0),25/06/26 23:00:00,A,PC_HH,A1_DCH,FI,2015,100.00,u,
ESTAT:ISOC_CI_IN_H(1.0),25/06/26 23:00:00,A,PC_HH,A1_DCH,FI,2016,100.00,,
ESTAT:ISOC_CI_IN_H(1.0),25/06/26 23:00:00,A,PC_HH,A1_DCH,FI,2017,99.16,u,
ESTAT:ISOC_CI_IN_H(1.0),25/06/26 23:00:00,A,PC_HH,A1_DCH,FI,2018,94.99,u,
ESTAT:ISOC_CI_IN_H(1.0),25/06/26 23:00:00,A,PC_HH,A1_DCH,FI,2019,100.00,u,
ESTAT:ISOC_CI_IN_H(1.0),25/06/26 23:00:00,A,PC_HH,A1_DCH,FI,2020,100.00,,
ESTAT:ISOC_CI_IN_H(1.0),25/06/26 23:00:00,A,PC_HH,A1_DCH,FI,2021,100.00,u,
ESTAT:ISOC_CI_IN_H(1.0),25/06/26 23:00:00,A,PC_HH,A1_DCH,FI,2022,100.00,,
ESTAT:ISOC_CI_IN_H(1.0),25/06/26 23:00:00,A,PC_HH,A1_DCH,FI,2023,100.00,,
ESTAT:ISOC_CI_IN_H(1.0),25/06/26 23:00:00,A,PC_HH,A1_DCH,FI,2024,100.00,,
ESTAT:ISOC_CI_IN_H(1.0),25/06/26 23:00:00,A,PC_HH,A1_DCH,FI,2025,100.00,,
ESTAT:ISOC_CI_IN_H(1.0),25/06/26 23:00:00,A,PC_HH,A1_DCH,FR,2002,21.83,,
ESTAT:ISOC_CI_IN_H(1.0),25/06/26 23:00:00,A,PC_HH,A1_DCH,FR,2003,27.54,,
ESTAT:ISOC_CI_IN_H(1.0),25/06/26 23:00:00,A,PC_HH,A1_DCH,FR,2004,30.27,,
ESTAT:ISOC_CI_IN_H(1.0),25/06/26 23:00:00,A,PC_HH,A1_DCH,FR,2006,33.16,,
ESTAT:ISOC_CI_IN_H(1.0),25/06/26 23:00:00,A,PC_HH,A1_DCH,FR,2007,70.06,,
ESTAT:ISOC_CI_IN_H(1.0),25/06/26 23:00:00,A,PC_HH,A1_DCH,FR,2008,65.24,,
ESTAT:ISOC_CI_IN_H(1.0),25/06/26 23:00:00,A,PC_HH,A1_DCH,FR,2009,84.87,,
ESTAT:ISOC_CI_IN_H(1.0),25/06/26 23:00:00,A,PC_HH,A1_DCH,FR,2010,78.82,,
ESTAT:ISOC_CI_IN_H(1.0),25/06/26 23:00:00,A,PC_HH,A1_DCH,FR,2011,83.62,,
ESTAT:ISOC_CI_IN_H(1.0),25/06/26 23:00:00,A,PC_HH,A1_DCH,FR,2012,89.42,,
ESTAT:ISOC_CI_IN_H(1.0),25/06/26 23:00:00,A,PC_HH,A1_DCH,FR,2013,91.70,,
ESTAT:ISOC_CI_IN_H(1.0),25/06/26 23:00:00,A,PC_HH,A1_DCH,FR,2014,93.18,,
ESTAT:ISOC_CI_IN_H(1.0),25/06/26 23:00:00,A,PC_HH,A1_DCH,FR,2015,90.56,,
ESTAT:ISOC_CI_IN_H(1.0),25/06/26 23:00:00,A,PC_HH,A1_DCH,FR,2016,91.40,,
ESTAT:ISOC_CI_IN_H(1.0),25/06/26 23:00:00,A,PC_HH,A1_DCH,FR,2017,91.55,,
ESTAT:ISOC_CI_IN_H(1.0),25/06/26 23:00:00,A,PC_HH,A1_DCH,FR,2018,92.57,,
ESTAT:ISOC_CI_IN_H(1.0),25/06/26 23:00:00,A,PC_HH,A1_DCH,FR,2019,95.12,,
ESTAT:ISOC_CI_IN_H(1.0),25/06/26 23:00:00,A,PC_HH,A1_DCH,FR,2021,97.76,,
ESTAT:ISOC_CI_IN_H(1.0),25/06/26 23:00:00,A,PC_HH,A1_DCH,FR,2022,94.99,,
ESTAT:ISOC_CI_IN_H(1.0),25/06/26 23:00:00,A,PC_HH,A1_DCH,FR,2023,98.49,,
ESTAT:ISOC_CI_IN_H(1.0),25/06/26 23:00:00,A,PC_HH,A1_DCH,FR,2024,97.19,,
ESTAT:ISOC_CI_IN_H(1.0),25/06/26 23:00:00,A,PC_HH,A1_DCH,FR,2025,96.38,,
ESTAT:ISOC_CI_IN_H(1.0),25/06/26 23:00:00,A,PC_HH,A1_DCH,HR,2007,59.70,,
ESTAT:ISOC_CI_IN_H(1.0),25/06/26 23:00:00,A,PC_HH,A1_DCH,HR,2008,41.51,,
ESTAT:ISOC_CI_IN_H(1.0),25/06/26 23:00:00,A,PC_HH,A1_DCH,HR,2009,71.68,,
ESTAT:ISOC_CI_IN_H(1.0),25/06/26 23:00:00,A,PC_HH,A1_DCH,HR,2010,78.18,,
ESTAT:ISOC_CI_IN_H(1.0),25/06/26 23:00:00,A,PC_HH,A1_DCH,HR,2011,82.32,u,
ESTAT:ISOC_CI_IN_H(1.0),25/06/26 23:00:00,A,PC_HH,A1_DCH,HR,2012,73.04,u,
ESTAT:ISOC_CI_IN_H(1.0),25/06/26 23:00:00,A,PC_HH,A1_DCH,HR,2013,87.40,u,
ESTAT:ISOC_CI_IN_H(1.0),25/06/26 23:00:00,A,PC_HH,A1_DCH,HR,2014,78.55,u,
ESTAT:ISOC_CI_IN_H(1.0),25/06/26 23:00:00,A,PC_HH,A1_DCH,HR,2015,,u,
ESTAT:ISOC_CI_IN_H(1.0),25/06/26 23:00:00,A,PC_HH,A1_DCH,HR,2016,95.08,u,
ESTAT:ISOC_CI_IN_H(1.0),25/06/26 23:00:00,A,PC_HH,A1_DCH,HR,2017,,u,
ESTAT:ISOC_CI_IN_H(1.0),25/06/26 23:00:00,A,PC_HH,A1_DCH,HR,2018,,u,
ESTAT:ISOC_CI_IN_H(1.0),25/06/26 23:00:00,A,PC_HH,A1_DCH,HR,2019,,u,
ESTAT:ISOC_CI_IN_H(1.0),25/06/26 23:00:00,A,PC_HH,A1_DCH,HR,2020,,u,
ESTAT:ISOC_CI_IN_H(1.0),25/06/26 23:00:00,A,PC_HH,A1_DCH,HR,2021,,u,
ESTAT:ISOC_CI_IN_H(1.0),25/06/26 23:00:00,A,PC_HH,A1_DCH,HR,2022,,u,
ESTAT:ISOC_CI_IN_H(1.0),25/06/26 23:00:00,A,PC_HH,A1_DCH,HR,2023,100.00,u,
ESTAT:ISOC_CI_IN_H(1.0),25/06/26 23:00:00,A,PC_HH,A1_DCH,HR,2024,100.00,u,
ESTAT:ISOC_CI_IN_H(1.0),25/06/26 23:00:00,A,PC_HH,A1_DCH,HR,2025,,u,
ESTAT:ISOC_CI_IN_H(1.0),25/06/26 23:00:00,A,PC_HH,A1_DCH,HU,2004,27.10,,
ESTAT:ISOC_CI_IN_H(1.0),25/06/26 23:00:00,A,PC_HH,A1_DCH,HU,2005,16.06,,
ESTAT:ISOC_CI_IN_H(1.0),25/06/26 23:00:00,A,PC_HH,A1_DCH,HU,2006,26.71,,
ESTAT:ISOC_CI_IN_H(1.0),25/06/26 23:00:00,A,PC_HH,A1_DCH,HU,2007,35.78,,
ESTAT:ISOC_CI_IN_H(1.0),25/06/26 23:00:00,A,PC_HH,A1_DCH,HU,2008,48.30,,
ESTAT:ISOC_CI_IN_H(1.0),25/06/26 23:00:00,A,PC_HH,A1_DCH,HU,2009,51.82,,
ESTAT:ISOC_CI_IN_H(1.0),25/06/26 23:00:00,A,PC_HH,A1_DCH,HU,2010,64.72,,
ESTAT:ISOC_CI_IN_H(1.0),25/06/26 23:00:00,A,PC_HH,A1_DCH,HU,2011,72.99,,
ESTAT:ISOC_CI_IN_H(1.0),25/06/26 23:00:00,A,PC_HH,A1_DCH,HU,2012,76.51,,
ESTAT:ISOC_CI_IN_H(1.0),25/06/26 23:00:00,A,PC_HH,A1_DCH,HU,2013,80.18,,
ESTAT:ISOC_CI_IN_H(1.0),25/06/26 23:00:00,A,PC_HH,A1_DCH,HU,2014,83.40,,
ESTAT:ISOC_CI_IN_H(1.0),25/06/26 23:00:00,A,PC_HH,A1_DCH,HU,2015,85.12,,
ESTAT:ISOC_CI_IN_H(1.0),25/06/26 23:00:00,A,PC_HH,A1_DCH,HU,2016,86.08,,
ESTAT:ISOC_CI_IN_H(1.0),25/06/26 23:00:00,A,PC_HH,A1_DCH,HU,2017,87.96,,
ESTAT:ISOC_CI_IN_H(1.0),25/06/26 23:00:00,A,PC_HH,A1_DCH,HU,2018,89.56,,
ESTAT:ISOC_CI_IN_H(1.0),25/06/26 23:00:00,A,PC_HH,A1_DCH,HU,2019,91.26,,
ESTAT:ISOC_CI_IN_H(1.0),25/06/26 23:00:00,A,PC_HH,A1_DCH,HU,2020,96.66,,
ESTAT:ISOC_CI_IN_H(1.0),25/06/26 23:00:00,A,PC_HH,A1_DCH,HU,2021,97.98,,
ESTAT:ISOC_CI_IN_H(1.0),25/06/26 23:00:00,A,PC_HH,A1_DCH,HU,2022,97.65,,
ESTAT:ISOC_CI_IN_H(1.0),25/06/26 23:00:00,A,PC_HH,A1_DCH,HU,2023,99.25,,
ESTAT:ISOC_CI_IN_H(1.0),25/06/26 23:00:00,A,PC_HH,A1_DCH,HU,2024,96.35,,
ESTAT:ISOC_CI_IN_H(1.0),25/06/26 23:00:00,A,PC_HH,A1_DCH,HU,2025,98.76,,
ESTAT:ISOC_CI_IN_H(1.0),25/06/26 23:00:00,A,PC_HH,A1_DCH,IE,2003,24.28,,
ESTAT:ISOC_CI_IN_H(1.0),25/06/26 23:00:00,A,PC_HH,A1_DCH,IE,2004,23.69,,
ESTAT:ISOC_CI_IN_H(1.0),25/06/26 23:00:00,A,PC_HH,A1_DCH,IE,2005,24.93,,
ESTAT:ISOC_CI_IN_H(1.0),25/06/26 23:00:00,A,PC_HH,A1_DCH,IE,2006,25.71,,
ESTAT:ISOC_CI_IN_H(1.0),25/06/26 23:00:00,A,PC_HH,A1_DCH,IE,2007,40.60,,
ESTAT:ISOC_CI_IN_H(1.0),25/06/26 23:00:00,A,PC_HH,A1_DCH,IE,2008,51.36,,
ESTAT:ISOC_CI_IN_H(1.0),25/06/26 23:00:00,A,PC_HH,A1_DCH,IE,2009,52.48,,
ESTAT:ISOC_CI_IN_H(1.0),25/06/26 23:00:00,A,PC_HH,A1_DCH,IE,2010,61.87,,
ESTAT:ISOC_CI_IN_H(1.0),25/06/26 23:00:00,A,PC_HH,A1_DCH,IE,2011,76.16,,
ESTAT:ISOC_CI_IN_H(1.0),25/06/26 23:00:00,A,PC_HH,A1_DCH,IE,2012,78.01,,
ESTAT:ISOC_CI_IN_H(1.0),25/06/26 23:00:00,A,PC_HH,A1_DCH,IE,2013,81.86,,
ESTAT:ISOC_CI_IN_H(1.0),25/06/26 23:00:00,A,PC_HH,A1_DCH,IE,2014,86.23,,
ESTAT:ISOC_CI_IN_H(1.0),25/06/26 23:00:00,A,PC_HH,A1_DCH,IE,2015,87.78,,
ESTAT:ISOC_CI_IN_H(1.0),25/06/26 23:00:00,A,PC_HH,A1_DCH,IE,2016,92.42,,
ESTAT:ISOC_CI_IN_H(1.0),25/06/26 23:00:00,A,PC_HH,A1_DCH,IE,2017,95.48,,
ESTAT:ISOC_CI_IN_H(1.0),25/06/26 23:00:00,A,PC_HH,A1_DCH,IE,2018,97.48,,
ESTAT:ISOC_CI_IN_H(1.0),25/06/26 23:00:00,A,PC_HH,A1_DCH,IE,2019,97.48,,
ESTAT:ISOC_CI_IN_H(1.0),25/06/26 23:00:00,A,PC_HH,A1_DCH,IE,2020,85.22,,
ESTAT:ISOC_CI_IN_H(1.0),25/06/26 23:00:00,A,PC_HH,A1_DCH,IE,2021,91.67,bu,
ESTAT:ISOC_CI_IN_H(1.0),25/06/26 23:00:00,A,PC_HH,A1_DCH,IE,2022,,u,
ESTAT:ISOC_CI_IN_H(1.0),25/06/26 23:00:00,A,PC_HH,A1_DCH,IE,2023,99.14,,
ESTAT:ISOC_CI_IN_H(1.0),25/06/26 23:00:00,A,PC_HH,A1_DCH,IE,2024,85.48,u,
ESTAT:ISOC_CI_IN_H(1.0),25/06/26 23:00:00,A,PC_HH,A1_DCH,IE,2025,100.00,u,
ESTAT:ISOC_CI_IN_H(1.0),25/06/26 23:00:00,A,PC_HH,A1_DCH,IS,2004,81.36,,
ESTAT:ISOC_CI_IN_H(1.0),25/06/26 23:00:00,A,PC_HH,A1_DCH,IS,2005,68.16,,
ESTAT:ISOC_CI_IN_H(1.0),25/06/26 23:00:00,A,PC_HH,A1_DCH,IS,2006,86.58,,
ESTAT:ISOC_CI_IN_H(1.0),25/06/26 23:00:00,A,PC_HH,A1_DCH,IS,2007,81.93,,
ESTAT:ISOC_CI_IN_H(1.0),25/06/26 23:00:00,A,PC_HH,A1_DCH,IS,2008,91.73,,
ESTAT:ISOC_CI_IN_H(1.0),25/06/26 23:00:00,A,PC_HH,A1_DCH,IS,2009,93.08,,
ESTAT:ISOC_CI_IN_H(1.0),25/06/26 23:00:00,A,PC_HH,A1_DCH,IS,2010,100.00,,
ESTAT:ISOC_CI_IN_H(1.0),25/06/26 23:00:00,A,PC_HH,A1_DCH,IS,2011,98.17,,
ESTAT:ISOC_CI_IN_H(1.0),25/06/26 23:00:00,A,PC_HH,A1_DCH,IS,2012,97.68,u,
ESTAT:ISOC_CI_IN_H(1.0),25/06/26 23:00:00,A,PC_HH,A1_DCH,IS,2013,100.00,u,
ESTAT:ISOC_CI_IN_H(1.0),25/06/26 23:00:00,A,PC_HH,A1_DCH,IS,2014,100.00,u,
ESTAT:ISOC_CI_IN_H(1.0),25/06/26 23:00:00,A,PC_HH,A1_DCH,IS,2017,100.00,u,
ESTAT:ISOC_CI_IN_H(1.0),25/06/26 23:00:00,A,PC_HH,A1_DCH,IS,2018,100.00,u,
ESTAT:ISOC_CI_IN_H(1.0),25/06/26 23:00:00,A,PC_HH,A1_DCH,IS,2019,100.00,u,
ESTAT:ISOC_CI_IN_H(1.0),25/06/26 23:00:00,A,PC_HH,A1_DCH,IS,2020,97.22,u,
ESTAT:ISOC_CI_IN_H(1.0),25/06/26 23:00:00,A,PC_HH,A1_DCH,IT,2002,44.41,,
ESTAT:ISOC_CI_IN_H(1.0),25/06/26 23:00:00,A,PC_HH,A1_DCH,IT,2003,36.80,,
ESTAT:ISOC_CI_IN_H(1.0),25/06/26 23:00:00,A,PC_HH,A1_DCH,IT,2004,33.90,,
ESTAT:ISOC_CI_IN_H(1.0),25/06/26 23:00:00,A,PC_HH,A1_DCH,IT,2005,36.47,,
ESTAT:ISOC_CI_IN_H(1.0),25/06/26 23:00:00,A,PC_HH,A1_DCH,IT,2006,40.42,,
ESTAT:ISOC_CI_IN_H(1.0),25/06/26 23:00:00,A,PC_HH,A1_DCH,IT,2007,40.90,,
ESTAT:ISOC_CI_IN_H(1.0),25/06/26 23:00:00,A,PC_HH,A1_DCH,IT,2008,53.13,,
ESTAT:ISOC_CI_IN_H(1.0),25/06/26 23:00:00,A,PC_HH,A1_DCH,IT,2009,59.73,,
ESTAT:ISOC_CI_IN_H(1.0),25/06/26 23:00:00,A,PC_HH,A1_DCH,IT,2010,68.32,,
ESTAT:ISOC_CI_IN_H(1.0),25/06/26 23:00:00,A,PC_HH,A1_DCH,IT,2011,66.10,,
ESTAT:ISOC_CI_IN_H(1.0),25/06/26 23:00:00,A,PC_HH,A1_DCH,IT,2012,67.56,,
ESTAT:ISOC_CI_IN_H(1.0),25/06/26 23:00:00,A,PC_HH,A1_DCH,IT,2013,76.11,,
ESTAT:ISOC_CI_IN_H(1.0),25/06/26 23:00:00,A,PC_HH,A1_DCH,IT,2014,81.76,,
ESTAT:ISOC_CI_IN_H(1.0),25/06/26 23:00:00,A,PC_HH,A1_DCH,IT,2015,80.26,,
ESTAT:ISOC_CI_IN_H(1.0),25/06/26 23:00:00,A,PC_HH,A1_DCH,IT,2016,87.08,,
ESTAT:ISOC_CI_IN_H(1.0),25/06/26 23:00:00,A,PC_HH,A1_DCH,IT,2017,88.73,,
ESTAT:ISOC_CI_IN_H(1.0),25/06/26 23:00:00,A,PC_HH,A1_DCH,IT,2018,90.88,,
ESTAT:ISOC_CI_IN_H(1.0),25/06/26 23:00:00,A,PC_HH,A1_DCH,IT,2019,92.01,,
ESTAT:ISOC_CI_IN_H(1.0),25/06/26 23:00:00,A,PC_HH,A1_DCH,IT,2020,96.15,,
ESTAT:ISOC_CI_IN_H(1.0),25/06/26 23:00:00,A,PC_HH,A1_DCH,IT,2021,98.06,,
ESTAT:ISOC_CI_IN_H(1.0),25/06/26 23:00:00,A,PC_HH,A1_DCH,IT,2022,96.67,,
ESTAT:ISOC_CI_IN_H(1.0),25/06/26 23:00:00,A,PC_HH,A1_DCH,IT,2023,96.95,,
ESTAT:ISOC_CI_IN_H(1.0),25/06/26 23:00:00,A,PC_HH,A1_DCH,IT,2024,97.97,,
ESTAT:ISOC_CI_IN_H(1.0),25/06/26 23:00:00,A,PC_HH,A1_DCH,IT,2025,99.05,,
ESTAT:ISOC_CI_IN_H(1.0),25/06/26 23:00:00,A,PC_HH,A1_DCH,LT,2004,17.79,,
ESTAT:ISOC_CI_IN_H(1.0),25/06/26 23:00:00,A,PC_HH,A1_DCH,LT,2005,13.45,,
ESTAT:ISOC_CI_IN_H(1.0),25/06/26 23:00:00,A,PC_HH,A1_DCH,LT,2006,39.49,,
ESTAT:ISOC_CI_IN_H(1.0),25/06/26 23:00:00,A,PC_HH,A1_DCH,LT,2007,57.04,,
ESTAT:ISOC_CI_IN_H(1.0),25/06/26 23:00:00,A,PC_HH,A1_DCH,LT,2008,67.32,,
ESTAT:ISOC_CI_IN_H(1.0),25/06/26 23:00:00,A,PC_HH,A1_DCH,LT,2009,65.96,,
ESTAT:ISOC_CI_IN_H(1.0),25/06/26 23:00:00,A,PC_HH,A1_DCH,LT,2010,76.89,,
ESTAT:ISOC_CI_IN_H(1.0),25/06/26 23:00:00,A,PC_HH,A1_DCH,LT,2011,69.99,,
ESTAT:ISOC_CI_IN_H(1.0),25/06/26 23:00:00,A,PC_HH,A1_DCH,LT,2012,78.54,,
ESTAT:ISOC_CI_IN_H(1.0),25/06/26 23:00:00,A,PC_HH,A1_DCH,LT,2013,80.05,,
ESTAT:ISOC_CI_IN_H(1.0),25/06/26 23:00:00,A,PC_HH,A1_DCH,LT,2014,84.96,,
ESTAT:ISOC_CI_IN_H(1.0),25/06/26 23:00:00,A,PC_HH,A1_DCH,LT,2015,91.08,,
ESTAT:ISOC_CI_IN_H(1.0),25/06/26 23:00:00,A,PC_HH,A1_DCH,LT,2016,96.87,,
ESTAT:ISOC_CI_IN_H(1.0),25/06/26 23:00:00,A,PC_HH,A1_DCH,LT,2017,97.65,,
ESTAT:ISOC_CI_IN_H(1.0),25/06/26 23:00:00,A,PC_HH,A1_DCH,LT,2018,96.47,,
ESTAT:ISOC_CI_IN_H(1.0),25/06/26 23:00:00,A,PC_HH,A1_DCH,LT,2019,97.47,,
ESTAT:ISOC_CI_IN_H(1.0),25/06/26 23:00:00,A,PC_HH,A1_DCH,LT,2020,98.00,,
ESTAT:ISOC_CI_IN_H(1.0),25/06/26 23:00:00,A,PC_HH,A1_DCH,LT,2021,97.33,,
ESTAT:ISOC_CI_IN_H(1.0),25/06/26 23:00:00,A,PC_HH,A1_DCH,LT,2022,99.19,,
ESTAT:ISOC_CI_IN_H(1.0),25/06/26 23:00:00,A,PC_HH,A1_DCH,LT,2023,100.00,,
ESTAT:ISOC_CI_IN_H(1.0),25/06/26 23:00:00,A,PC_HH,A1_DCH,LT,2024,99.87,,
ESTAT:ISOC_CI_IN_H(1.0),25/06/26 23:00:00,A,PC_HH,A1_DCH,LT,2025,98.77,,
ESTAT:ISOC_CI_IN_H(1.0),25/06/26 23:00:00,A,PC_HH,A1_DCH,LU,2002,53.84,,
ESTAT:ISOC_CI_IN_H(1.0),25/06/26 23:00:00,A,PC_HH,A1_DCH,LU,2003,63.67,,
ESTAT:ISOC_CI_IN_H(1.0),25/06/26 23:00:00,A,PC_HH,A1_DCH,LU,2004,0,,
ESTAT:ISOC_CI_IN_H(1.0),25/06/26 23:00:00,A,PC_HH,A1_DCH,LU,2005,56.47,,
ESTAT:ISOC_CI_IN_H(1.0),25/06/26 23:00:00,A,PC_HH,A1_DCH,LU,2006,81.54,,
ESTAT:ISOC_CI_IN_H(1.0),25/06/26 23:00:00,A,PC_HH,A1_DCH,LU,2007,78.52,,
ESTAT:ISOC_CI_IN_H(1.0),25/06/26 23:00:00,A,PC_HH,A1_DCH,LU,2008,94.36,,
ESTAT:ISOC_CI_IN_H(1.0),25/06/26 23:00:00,A,PC_HH,A1_DCH,LU,2009,93.22,,
ESTAT:ISOC_CI_IN_H(1.0),25/06/26 23:00:00,A,PC_HH,A1_DCH,LU,2010,91.83,,
ESTAT:ISOC_CI_IN_H(1.0),25/06/26 23:00:00,A,PC_HH,A1_DCH,LU,2011,95.75,u,
ESTAT:ISOC_CI_IN_H(1.0),25/06/26 23:00:00,A,PC_HH,A1_DCH,LU,2012,94.07,u,
ESTAT:ISOC_CI_IN_H(1.0),25/06/26 23:00:00,A,PC_HH,A1_DCH,LU,2013,100.00,u,
ESTAT:ISOC_CI_IN_H(1.0),25/06/26 23:00:00,A,PC_HH,A1_DCH,LU,2014,96.43,u,
ESTAT:ISOC_CI_IN_H(1.0),25/06/26 23:00:00,A,PC_HH,A1_DCH,LU,2015,100.00,u,
ESTAT:ISOC_CI_IN_H(1.0),25/06/26 23:00:00,A,PC_HH,A1_DCH,LU,2016,94.36,u,
ESTAT:ISOC_CI_IN_H(1.0),25/06/26 23:00:00,A,PC_HH,A1_DCH,LU,2017,,u,
ESTAT:ISOC_CI_IN_H(1.0),25/06/26 23:00:00,A,PC_HH,A1_DCH,LU,2018,87.65,b,
ESTAT:ISOC_CI_IN_H(1.0),25/06/26 23:00:00,A,PC_HH,A1_DCH,LU,2019,100.00,u,
ESTAT:ISOC_CI_IN_H(1.0),25/06/26 23:00:00,A,PC_HH,A1_DCH,LU,2020,,u,
ESTAT:ISOC_CI_IN_H(1.0),25/06/26 23:00:00,A,PC_HH,A1_DCH,LU,2021,,u,
ESTAT:ISOC_CI_IN_H(1.0),25/06/26 23:00:00,A,PC_HH,A1_DCH,LU,2022,100.00,u,
ESTAT:ISOC_CI_IN_H(1.0),25/06/26 23:00:00,A,PC_HH,A1_DCH,LU,2023,100.00,u,
ESTAT:ISOC_CI_IN_H(1.0),25/06/26 23:00:00,A,PC_HH,A1_DCH,LU,2024,100.00,u,
ESTAT:ISOC_CI_IN_H(1.0),25/06/26 23:00:00,A,PC_HH,A1_DCH,LU,2025,100.00,u,
ESTAT:ISOC_CI_IN_H(1.0),25/06/26 23:00:00,A,PC_HH,A1_DCH,LV,2004,17.94,,
ESTAT:ISOC_CI_IN_H(1.0),25/06/26 23:00:00,A,PC_HH,A1_DCH,LV,2005,29.29,,
ESTAT:ISOC_CI_IN_H(1.0),25/06/26 23:00:00,A,PC_HH,A1_DCH,LV,2006,36.79,,
ESTAT:ISOC_CI_IN_H(1.0),25/06/26 23:00:00,A,PC_HH,A1_DCH,LV,2007,49.39,,
ESTAT:ISOC_CI_IN_H(1.0),25/06/26 23:00:00,A,PC_HH,A1_DCH,LV,2008,57.14,,
ESTAT:ISOC_CI_IN_H(1.0),25/06/26 23:00:00,A,PC_HH,A1_DCH,LV,2009,70.13,,
ESTAT:ISOC_CI_IN_H(1.0),25/06/26 23:00:00,A,PC_HH,A1_DCH,LV,2010,77.97,,
ESTAT:ISOC_CI_IN_H(1.0),25/06/26 23:00:00,A,PC_HH,A1_DCH,LV,2011,82.23,,
ESTAT:ISOC_CI_IN_H(1.0),25/06/26 23:00:00,A,PC_HH,A1_DCH,LV,2012,78.99,,
ESTAT:ISOC_CI_IN_H(1.0),25/06/26 23:00:00,A,PC_HH,A1_DCH,LV,2013,86.59,,
ESTAT:ISOC_CI_IN_H(1.0),25/06/26 23:00:00,A,PC_HH,A1_DCH,LV,2014,93.88,,
ESTAT:ISOC_CI_IN_H(1.0),25/06/26 23:00:00,A,PC_HH,A1_DCH,LV,2015,81.59,,
ESTAT:ISOC_CI_IN_H(1.0),25/06/26 23:00:00,A,PC_HH,A1_DCH,LV,2016,88.43,b,
ESTAT:ISOC_CI_IN_H(1.0),25/06/26 23:00:00,A,PC_HH,A1_DCH,LV,2017,90.56,,
ESTAT:ISOC_CI_IN_H(1.0),25/06/26 23:00:00,A,PC_HH,A1_DCH,LV,2018,96.31,,
ESTAT:ISOC_CI_IN_H(1.0),25/06/26 23:00:00,A,PC_HH,A1_DCH,LV,2019,98.33,,
ESTAT:ISOC_CI_IN_H(1.0),25/06/26 23:00:00,A,PC_HH,A1_DCH,LV,2020,98.92,,
ESTAT:ISOC_CI_IN_H(1.0),25/06/26 23:00:00,A,PC_HH,A1_DCH,LV,2021,95.09,,
ESTAT:ISOC_CI_IN_H(1.0),25/06/26 23:00:00,A,PC_HH,A1_DCH,LV,2022,97.98,,
ESTAT:ISOC_CI_IN_H(1.0),25/06/26 23:00:00,A,PC_HH,A1_DCH,LV,2023,97.16,,
ESTAT:ISOC_CI_IN_H(1.0),25/06/26 23:00:00,A,PC_HH,A1_DCH,LV,2024,97.89,,
ESTAT:ISOC_CI_IN_H(1.0),25/06/26 23:00:00,A,PC_HH,A1_DCH,LV,2025,97.79,,
ESTAT:ISOC_CI_IN_H(1.0),25/06/26 23:00:00,A,PC_HH,A1_DCH,ME,2012,,u,
ESTAT:ISOC_CI_IN_H(1.0),25/06/26 23:00:00,A,PC_HH,A1_DCH,ME,2017,,u,
ESTAT:ISOC_CI_IN_H(1.0),25/06/26 23:00:00,A,PC_HH,A1_DCH,ME,2018,,u,
ESTAT:ISOC_CI_IN_H(1.0),25/06/26 23:00:00,A,PC_HH,A1_DCH,ME,2019,,u,
ESTAT:ISOC_CI_IN_H(1.0),25/06/26 23:00:00,A,PC_HH,A1_DCH,ME,2020,,u,
ESTAT:ISOC_CI_IN_H(1.0),25/06/26 23:00:00,A,PC_HH,A1_DCH,ME,2021,,u,
ESTAT:ISOC_CI_IN_H(1.0),25/06/26 23:00:00,A,PC_HH,A1_DCH,ME,2022,,u,
ESTAT:ISOC_CI_IN_H(1.0),25/06/26 23:00:00,A,PC_HH,A1_DCH,ME,2023,,u,
ESTAT:ISOC_CI_IN_H(1.0),25/06/26 23:00:00,A,PC_HH,A1_DCH,ME,2024,,u,
ESTAT:ISOC_CI_IN_H(1.0),25/06/26 23:00:00,A,PC_HH,A1_DCH,ME,2025,89.91,u,
ESTAT:ISOC_CI_IN_H(1.0),25/06/26 23:00:00,A,PC_HH,A1_DCH,MK,2004,,u,
ESTAT:ISOC_CI_IN_H(1.0),25/06/26 23:00:00,A,PC_HH,A1_DCH,MK,2008,,u,
ESTAT:ISOC_CI_IN_H(1.0),25/06/26 23:00:00,A,PC_HH,A1_DCH,MK,2009,,u,
ESTAT:ISOC_CI_IN_H(1.0),25/06/26 23:00:00,A,PC_HH,A1_DCH,MK,2010,52.39,,
ESTAT:ISOC_CI_IN_H(1.0),25/06/26 23:00:00,A,PC_HH,A1_DCH,MK,2012,,u,
ESTAT:ISOC_CI_IN_H(1.0),25/06/26 23:00:00,A,PC_HH,A1_DCH,MK,2013,,u,
ESTAT:ISOC_CI_IN_H(1.0),25/06/26 23:00:00,A,PC_HH,A1_DCH,MK,2014,,u,
ESTAT:ISOC_CI_IN_H(1.0),25/06/26 23:00:00,A,PC_HH,A1_DCH,MK,2015,,u,
ESTAT:ISOC_CI_IN_H(1.0),25/06/26 23:00:00,A,PC_HH,A1_DCH,MK,2016,,u,
ESTAT:ISOC_CI_IN_H(1.0),25/06/26 23:00:00,A,PC_HH,A1_DCH,MK,2017,,u,
ESTAT:ISOC_CI_IN_H(1.0),25/06/26 23:00:00,A,PC_HH,A1_DCH,MK,2018,,u,
ESTAT:ISOC_CI_IN_H(1.0),25/06/26 23:00:00,A,PC_HH,A1_DCH,MK,2019,,u,
ESTAT:ISOC_CI_IN_H(1.0),25/06/26 23:00:00,A,PC_HH,A1_DCH,MK,2020,,u,
ESTAT:ISOC_CI_IN_H(1.0),25/06/26 23:00:00,A,PC_HH,A1_DCH,MK,2021,77.76,u,
ESTAT:ISOC_CI_IN_H(1.0),25/06/26 23:00:00,A,PC_HH,A1_DCH,MK,2024,,u,
ESTAT:ISOC_CI_IN_H(1.0),25/06/26 23:00:00,A,PC_HH,A1_DCH,MK,2025,,u,
ESTAT:ISOC_CI_IN_H(1.0),25/06/26 23:00:00,A,PC_HH,A1_DCH,MT,2007,,u,
ESTAT:ISOC_CI_IN_H(1.0),25/06/26 23:00:00,A,PC_HH,A1_DCH,MT,2008,68.88,,
ESTAT:ISOC_CI_IN_H(1.0),25/06/26 23:00:00,A,PC_HH,A1_DCH,MT,2009,84.29,,
ESTAT:ISOC_CI_IN_H(1.0),25/06/26 23:00:00,A,PC_HH,A1_DCH,MT,2010,,u,
ESTAT:ISOC_CI_IN_H(1.0),25/06/26 23:00:00,A,PC_HH,A1_DCH,MT,2011,76.16,u,
ESTAT:ISOC_CI_IN_H(1.0),25/06/26 23:00:00,A,PC_HH,A1_DCH,MT,2012,,u,
ESTAT:ISOC_CI_IN_H(1.0),25/06/26 23:00:00,A,PC_HH,A1_DCH,MT,2013,,u,
ESTAT:ISOC_CI_IN_H(1.0),25/06/26 23:00:00,A,PC_HH,A1_DCH,MT,2014,,u,
ESTAT:ISOC_CI_IN_H(1.0),25/06/26 23:00:00,A,PC_HH,A1_DCH,MT,2015,,u,
ESTAT:ISOC_CI_IN_H(1.0),25/06/26 23:00:00,A,PC_HH,A1_DCH,MT,2016,,u,
ESTAT:ISOC_CI_IN_H(1.0),25/06/26 23:00:00,A,PC_HH,A1_DCH,MT,2017,,u,
ESTAT:ISOC_CI_IN_H(1.0),25/06/26 23:00:00,A,PC_HH,A1_DCH,MT,2018,,u,
ESTAT:ISOC_CI_IN_H(1.0),25/06/26 23:00:00,A,PC_HH,A1_DCH,MT,2019,,u,
ESTAT:ISOC_CI_IN_H(1.0),25/06/26 23:00:00,A,PC_HH,A1_DCH,MT,2020,,u,
ESTAT:ISOC_CI_IN_H(1.0),25/06/26 23:00:00,A,PC_HH,A1_DCH,MT,2021,100.00,u,
ESTAT:ISOC_CI_IN_H(1.0),25/06/26 23:00:00,A,PC_HH,A1_DCH,MT,2022,100.00,u,
ESTAT:ISOC_CI_IN_H(1.0),25/06/26 23:00:00,A,PC_HH,A1_DCH,MT,2023,100.00,u,
ESTAT:ISOC_CI_IN_H(1.0),25/06/26 23:00:00,A,PC_HH,A1_DCH,MT,2024,97.95,u,
ESTAT:ISOC_CI_IN_H(1.0),25/06/26 23:00:00,A,PC_HH,A1_DCH,MT,2025,100.00,u,
ESTAT:ISOC_CI_IN_H(1.0),25/06/26 23:00:00,A,PC_HH,A1_DCH,NL,2005,78.77,,
ESTAT:ISOC_CI_IN_H(1.0),25/06/26 23:00:00,A,PC_HH,A1_DCH,NL,2006,,u,
ESTAT:ISOC_CI_IN_H(1.0),25/06/26 23:00:00,A,PC_HH,A1_DCH,NL,2007,,u,
ESTAT:ISOC_CI_IN_H(1.0),25/06/26 23:00:00,A,PC_HH,A1_DCH,NL,2008,,u,
ESTAT:ISOC_CI_IN_H(1.0),25/06/26 23:00:00,A,PC_HH,A1_DCH,NL,2009,,u,
ESTAT:ISOC_CI_IN_H(1.0),25/06/26 23:00:00,A,PC_HH,A1_DCH,NL,2010,100.00,u,
ESTAT:ISOC_CI_IN_H(1.0),25/06/26 23:00:00,A,PC_HH,A1_DCH,NL,2011,99.35,u,
ESTAT:ISOC_CI_IN_H(1.0),25/06/26 23:00:00,A,PC_HH,A1_DCH,NL,2012,93.71,u,
ESTAT:ISOC_CI_IN_H(1.0),25/06/26 23:00:00,A,PC_HH,A1_DCH,NL,2013,100.00,u,
ESTAT:ISOC_CI_IN_H(1.0),25/06/26 23:00:00,A,PC_HH,A1_DCH,NL,2014,100.00,u,
ESTAT:ISOC_CI_IN_H(1.0),25/06/26 23:00:00,A,PC_HH,A1_DCH,NL,2015,95.04,,
ESTAT:ISOC_CI_IN_H(1.0),25/06/26 23:00:00,A,PC_HH,A1_DCH,NL,2016,100.00,u,
ESTAT:ISOC_CI_IN_H(1.0),25/06/26 23:00:00,A,PC_HH,A1_DCH,NL,2017,100.00,,
ESTAT:ISOC_CI_IN_H(1.0),25/06/26 23:00:00,A,PC_HH,A1_DCH,NL,2018,98.37,,
ESTAT:ISOC_CI_IN_H(1.0),25/06/26 23:00:00,A,PC_HH,A1_DCH,NL,2019,100.00,,
ESTAT:ISOC_CI_IN_H(1.0),25/06/26 23:00:00,A,PC_HH,A1_DCH,NL,2020,100.00,,
ESTAT:ISOC_CI_IN_H(1.0),25/06/26 23:00:00,A,PC_HH,A1_DCH,NL,2021,100.00,,
ESTAT:ISOC_CI_IN_H(1.0),25/06/26 23:00:00,A,PC_HH,A1_DCH,NL,2022,96.81,,
ESTAT:ISOC_CI_IN_H(1.0),25/06/26 23:00:00,A,PC_HH,A1_DCH,NL,2023,98.23,,
ESTAT:ISOC_CI_IN_H(1.0),25/06/26 23:00:00,A,PC_HH,A1_DCH,NL,2024,100.00,,
ESTAT:ISOC_CI_IN_H(1.0),25/06/26 23:00:00,A,PC_HH,A1_DCH,NL,2025,100.00,,
ESTAT:ISOC_CI_IN_H(1.0),25/06/26 23:00:00,A,PC_HH,A1_DCH,NO,2003,56.19,,
ESTAT:ISOC_CI_IN_H(1.0),25/06/26 23:00:00,A,PC_HH,A1_DCH,NO,2004,67.19,,
ESTAT:ISOC_CI_IN_H(1.0),25/06/26 23:00:00,A,PC_HH,A1_DCH,NO,2005,68.84,,
ESTAT:ISOC_CI_IN_H(1.0),25/06/26 23:00:00,A,PC_HH,A1_DCH,NO,2006,72.63,,
ESTAT:ISOC_CI_IN_H(1.0),25/06/26 23:00:00,A,PC_HH,A1_DCH,NO,2007,79.91,,
ESTAT:ISOC_CI_IN_H(1.0),25/06/26 23:00:00,A,PC_HH,A1_DCH,NO,2008,95.08,,
ESTAT:ISOC_CI_IN_H(1.0),25/06/26 23:00:00,A,PC_HH,A1_DCH,NO,2009,95.10,,
ESTAT:ISOC_CI_IN_H(1.0),25/06/26 23:00:00,A,PC_HH,A1_DCH,NO,2010,94.83,,
ESTAT:ISOC_CI_IN_H(1.0),25/06/26 23:00:00,A,PC_HH,A1_DCH,NO,2011,98.61,u,
ESTAT:ISOC_CI_IN_H(1.0),25/06/26 23:00:00,A,PC_HH,A1_DCH,NO,2012,100.00,u,
ESTAT:ISOC_CI_IN_H(1.0),25/06/26 23:00:00,A,PC_HH,A1_DCH,NO,2013,100.00,u,
ESTAT:ISOC_CI_IN_H(1.0),25/06/26 23:00:00,A,PC_HH,A1_DCH,NO,2014,96.68,u,
ESTAT:ISOC_CI_IN_H(1.0),25/06/26 23:00:00,A,PC_HH,A1_DCH,NO,2015,92.67,u,
ESTAT:ISOC_CI_IN_H(1.0),25/06/26 23:00:00,A,PC_HH,A1_DCH,NO,2016,100.00,u,
ESTAT:ISOC_CI_IN_H(1.0),25/06/26 23:00:00,A,PC_HH,A1_DCH,NO,2017,,u,
ESTAT:ISOC_CI_IN_H(1.0),25/06/26 23:00:00,A,PC_HH,A1_DCH,NO,2018,100.00,u,
ESTAT:ISOC_CI_IN_H(1.0),25/06/26 23:00:00,A,PC_HH,A1_DCH,NO,2019,100.00,u,
ESTAT:ISOC_CI_IN_H(1.0),25/06/26 23:00:00,A,PC_HH,A1_DCH,NO,2020,100.00,u,
ESTAT:ISOC_CI_IN_H(1.0),25/06/26 23:00:00,A,PC_HH,A1_DCH,NO,2021,98.10,u,
ESTAT:ISOC_CI_IN_H(1.0),25/06/26 23:00:00,A,PC_HH,A1_DCH,NO,2022,100.00,u,
ESTAT:ISOC_CI_IN_H(1.0),25/06/26 23:00:00,A,PC_HH,A1_DCH,NO,2023,98.63,,
ESTAT:ISOC_CI_IN_H(1.0),25/06/26 23:00:00,A,PC_HH,A1_DCH,NO,2024,95.31,u,
ESTAT:ISOC_CI_IN_H(1.0),25/06/26 23:00:00,A,PC_HH,A1_DCH,NO,2025,95.77,u,
ESTAT:ISOC_CI_IN_H(1.0),25/06/26 23:00:00,A,PC_HH,A1_DCH,PL,2004,27.99,,
ESTAT:ISOC_CI_IN_H(1.0),25/06/26 23:00:00,A,PC_HH,A1_DCH,PL,2005,33.98,,
ESTAT:ISOC_CI_IN_H(1.0),25/06/26 23:00:00,A,PC_HH,A1_DCH,PL,2006,37.91,,
ESTAT:ISOC_CI_IN_H(1.0),25/06/26 23:00:00,A,PC_HH,A1_DCH,PL,2007,,u,
ESTAT:ISOC_CI_IN_H(1.0),25/06/26 23:00:00,A,PC_HH,A1_DCH,PL,2008,,u,
ESTAT:ISOC_CI_IN_H(1.0),25/06/26 23:00:00,A,PC_HH,A1_DCH,PL,2009,61.78,,
ESTAT:ISOC_CI_IN_H(1.0),25/06/26 23:00:00,A,PC_HH,A1_DCH,PL,2010,67.42,,
ESTAT:ISOC_CI_IN_H(1.0),25/06/26 23:00:00,A,PC_HH,A1_DCH,PL,2011,77.68,,
ESTAT:ISOC_CI_IN_H(1.0),25/06/26 23:00:00,A,PC_HH,A1_DCH,PL,2012,81.99,,
ESTAT:ISOC_CI_IN_H(1.0),25/06/26 23:00:00,A,PC_HH,A1_DCH,PL,2013,85.37,,
ESTAT:ISOC_CI_IN_H(1.0),25/06/26 23:00:00,A,PC_HH,A1_DCH,PL,2014,88.36,,
ESTAT:ISOC_CI_IN_H(1.0),25/06/26 23:00:00,A,PC_HH,A1_DCH,PL,2015,94.94,u,
ESTAT:ISOC_CI_IN_H(1.0),25/06/26 23:00:00,A,PC_HH,A1_DCH,PL,2016,96.74,,
ESTAT:ISOC_CI_IN_H(1.0),25/06/26 23:00:00,A,PC_HH,A1_DCH,PL,2017,94.04,,
ESTAT:ISOC_CI_IN_H(1.0),25/06/26 23:00:00,A,PC_HH,A1_DCH,PL,2018,97.24,,
ESTAT:ISOC_CI_IN_H(1.0),25/06/26 23:00:00,A,PC_HH,A1_DCH,PL,2019,97.57,,
ESTAT:ISOC_CI_IN_H(1.0),25/06/26 23:00:00,A,PC_HH,A1_DCH,PL,2020,96.88,,
ESTAT:ISOC_CI_IN_H(1.0),25/06/26 23:00:00,A,PC_HH,A1_DCH,PL,2021,96.70,,
ESTAT:ISOC_CI_IN_H(1.0),25/06/26 23:00:00,A,PC_HH,A1_DCH,PL,2022,100.00,,
ESTAT:ISOC_CI_IN_H(1.0),25/06/26 23:00:00,A,PC_HH,A1_DCH,PL,2023,98.15,,
ESTAT:ISOC_CI_IN_H(1.0),25/06/26 23:00:00,A,PC_HH,A1_DCH,PL,2024,99.37,,
ESTAT:ISOC_CI_IN_H(1.0),25/06/26 23:00:00,A,PC_HH,A1_DCH,PL,2025,100.00,,
ESTAT:ISOC_CI_IN_H(1.0),25/06/26 23:00:00,A,PC_HH,A1_DCH,PT,2003,28.75,,
ESTAT:ISOC_CI_IN_H(1.0),25/06/26 23:00:00,A,PC_HH,A1_DCH,PT,2004,28.51,,
ESTAT:ISOC_CI_IN_H(1.0),25/06/26 23:00:00,A,PC_HH,A1_DCH,PT,2005,36.43,,
ESTAT:ISOC_CI_IN_H(1.0),25/06/26 23:00:00,A,PC_HH,A1_DCH,PT,2006,36.15,,
ESTAT:ISOC_CI_IN_H(1.0),25/06/26 23:00:00,A,PC_HH,A1_DCH,PT,2007,50.66,,
ESTAT:ISOC_CI_IN_H(1.0),25/06/26 23:00:00,A,PC_HH,A1_DCH,PT,2008,64.98,,
ESTAT:ISOC_CI_IN_H(1.0),25/06/26 23:00:00,A,PC_HH,A1_DCH,PT,2009,64.96,,
ESTAT:ISOC_CI_IN_H(1.0),25/06/26 23:00:00,A,PC_HH,A1_DCH,PT,2010,71.68,,
ESTAT:ISOC_CI_IN_H(1.0),25/06/26 23:00:00,A,PC_HH,A1_DCH,PT,2011,73.17,,
ESTAT:ISOC_CI_IN_H(1.0),25/06/26 23:00:00,A,PC_HH,A1_DCH,PT,2012,79.72,,
ESTAT:ISOC_CI_IN_H(1.0),25/06/26 23:00:00,A,PC_HH,A1_DCH,PT,2013,81.98,,
ESTAT:ISOC_CI_IN_H(1.0),25/06/26 23:00:00,A,PC_HH,A1_DCH,PT,2014,87.35,,
ESTAT:ISOC_CI_IN_H(1.0),25/06/26 23:00:00,A,PC_HH,A1_DCH,PT,2015,90.31,,
ESTAT:ISOC_CI_IN_H(1.0),25/06/26 23:00:00,A,PC_HH,A1_DCH,PT,2016,92.52,,
ESTAT:ISOC_CI_IN_H(1.0),25/06/26 23:00:00,A,PC_HH,A1_DCH,PT,2017,98.64,,
ESTAT:ISOC_CI_IN_H(1.0),25/06/26 23:00:00,A,PC_HH,A1_DCH,PT,2018,97.36,,
ESTAT:ISOC_CI_IN_H(1.0),25/06/26 23:00:00,A,PC_HH,A1_DCH,PT,2019,92.53,,
ESTAT:ISOC_CI_IN_H(1.0),25/06/26 23:00:00,A,PC_HH,A1_DCH,PT,2020,98.23,,
ESTAT:ISOC_CI_IN_H(1.0),25/06/26 23:00:00,A,PC_HH,A1_DCH,PT,2021,98.58,,
ESTAT:ISOC_CI_IN_H(1.0),25/06/26 23:00:00,A,PC_HH,A1_DCH,PT,2022,99.27,,
ESTAT:ISOC_CI_IN_H(1.0),25/06/26 23:00:00,A,PC_HH,A1_DCH,PT,2023,98.95,,
ESTAT:ISOC_CI_IN_H(1.0),25/06/26 23:00:00,A,PC_HH,A1_DCH,PT,2024,97.77,,
ESTAT:ISOC_CI_IN_H(1.0),25/06/26 23:00:00,A,PC_HH,A1_DCH,PT,2025,98.00,,
ESTAT:ISOC_CI_IN_H(1.0),25/06/26 23:00:00,A,PC_HH,A1_DCH,RO,2006,15.11,,
ESTAT:ISOC_CI_IN_H(1.0),25/06/26 23:00:00,A,PC_HH,A1_DCH,RO,2007,14.23,,
ESTAT:ISOC_CI_IN_H(1.0),25/06/26 23:00:00,A,PC_HH,A1_DCH,RO,2008,22.83,,
ESTAT:ISOC_CI_IN_H(1.0),25/06/26 23:00:00,A,PC_HH,A1_DCH,RO,2009,28.68,,
ESTAT:ISOC_CI_IN_H(1.0),25/06/26 23:00:00,A,PC_HH,A1_DCH,RO,2010,47.97,,
ESTAT:ISOC_CI_IN_H(1.0),25/06/26 23:00:00,A,PC_HH,A1_DCH,RO,2011,54.88,,
ESTAT:ISOC_CI_IN_H(1.0),25/06/26 23:00:00,A,PC_HH,A1_DCH,RO,2012,64.93,u,
ESTAT:ISOC_CI_IN_H(1.0),25/06/26 23:00:00,A,PC_HH,A1_DCH,RO,2013,66.02,u,
ESTAT:ISOC_CI_IN_H(1.0),25/06/26 23:00:00,A,PC_HH,A1_DCH,RO,2014,82.54,bu,
ESTAT:ISOC_CI_IN_H(1.0),25/06/26 23:00:00,A,PC_HH,A1_DCH,RO,2015,66.01,,
ESTAT:ISOC_CI_IN_H(1.0),25/06/26 23:00:00,A,PC_HH,A1_DCH,RO,2016,72.60,,
ESTAT:ISOC_CI_IN_H(1.0),25/06/26 23:00:00,A,PC_HH,A1_DCH,RO,2017,89.21,u,
ESTAT:ISOC_CI_IN_H(1.0),25/06/26 23:00:00,A,PC_HH,A1_DCH,RO,2018,85.82,u,
ESTAT:ISOC_CI_IN_H(1.0),25/06/26 23:00:00,A,PC_HH,A1_DCH,RO,2019,88.41,u,
ESTAT:ISOC_CI_IN_H(1.0),25/06/26 23:00:00,A,PC_HH,A1_DCH,RO,2020,89.42,,
ESTAT:ISOC_CI_IN_H(1.0),25/06/26 23:00:00,A,PC_HH,A1_DCH,RO,2021,98.41,u,
ESTAT:ISOC_CI_IN_H(1.0),25/06/26 23:00:00,A,PC_HH,A1_DCH,RO,2022,100.00,u,
ESTAT:ISOC_CI_IN_H(1.0),25/06/26 23:00:00,A,PC_HH,A1_DCH,RO,2023,97.26,,
ESTAT:ISOC_CI_IN_H(1.0),25/06/26 23:00:00,A,PC_HH,A1_DCH,RO,2024,98.57,,
ESTAT:ISOC_CI_IN_H(1.0),25/06/26 23:00:00,A,PC_HH,A1_DCH,RO,2025,91.17,u,
ESTAT:ISOC_CI_IN_H(1.0),25/06/26 23:00:00,A,PC_HH,A1_DCH,RS,2015,87.59,u,
ESTAT:ISOC_CI_IN_H(1.0),25/06/26 23:00:00,A,PC_HH,A1_DCH,RS,2017,77.27,u,
ESTAT:ISOC_CI_IN_H(1.0),25/06/26 23:00:00,A,PC_HH,A1_DCH,RS,2018,86.92,u,
ESTAT:ISOC_CI_IN_H(1.0),25/06/26 23:00:00,A,PC_HH,A1_DCH,RS,2019,97.18,u,
ESTAT:ISOC_CI_IN_H(1.0),25/06/26 23:00:00,A,PC_HH,A1_DCH,RS,2020,,u,
ESTAT:ISOC_CI_IN_H(1.0),25/06/26 23:00:00,A,PC_HH,A1_DCH,RS,2021,91.77,u,
ESTAT:ISOC_CI_IN_H(1.0),25/06/26 23:00:00,A,PC_HH,A1_DCH,RS,2022,,u,
ESTAT:ISOC_CI_IN_H(1.0),25/06/26 23:00:00,A,PC_HH,A1_DCH,RS,2023,,u,
ESTAT:ISOC_CI_IN_H(1.0),25/06/26 23:00:00,A,PC_HH,A1_DCH,RS,2024,,u,
ESTAT:ISOC_CI_IN_H(1.0),25/06/26 23:00:00,A,PC_HH,A1_DCH,RS,2025,,u,
ESTAT:ISOC_CI_IN_H(1.0),25/06/26 23:00:00,A,PC_HH,A1_DCH,SE,2005,69.05,,
ESTAT:ISOC_CI_IN_H(1.0),25/06/26 23:00:00,A,PC_HH,A1_DCH,SE,2006,84.67,,
ESTAT:ISOC_CI_IN_H(1.0),25/06/26 23:00:00,A,PC_HH,A1_DCH,SE,2007,76.42,,
ESTAT:ISOC_CI_IN_H(1.0),25/06/26 23:00:00,A,PC_HH,A1_DCH,SE,2008,88.98,,
ESTAT:ISOC_CI_IN_H(1.0),25/06/26 23:00:00,A,PC_HH,A1_DCH,SE,2009,88.86,,
ESTAT:ISOC_CI_IN_H(1.0),25/06/26 23:00:00,A,PC_HH,A1_DCH,SE,2010,93.92,,
ESTAT:ISOC_CI_IN_H(1.0),25/06/26 23:00:00,A,PC_HH,A1_DCH,SE,2011,97.00,u,
ESTAT:ISOC_CI_IN_H(1.0),25/06/26 23:00:00,A,PC_HH,A1_DCH,SE,2012,100.00,u,
ESTAT:ISOC_CI_IN_H(1.0),25/06/26 23:00:00,A,PC_HH,A1_DCH,SE,2013,,u,
ESTAT:ISOC_CI_IN_H(1.0),25/06/26 23:00:00,A,PC_HH,A1_DCH,SE,2014,94.30,u,
ESTAT:ISOC_CI_IN_H(1.0),25/06/26 23:00:00,A,PC_HH,A1_DCH,SE,2015,100.00,u,
ESTAT:ISOC_CI_IN_H(1.0),25/06/26 23:00:00,A,PC_HH,A1_DCH,SE,2016,100.00,bu,
ESTAT:ISOC_CI_IN_H(1.0),25/06/26 23:00:00,A,PC_HH,A1_DCH,SE,2017,,u,
ESTAT:ISOC_CI_IN_H(1.0),25/06/26 23:00:00,A,PC_HH,A1_DCH,SE,2018,,u,
ESTAT:ISOC_CI_IN_H(1.0),25/06/26 23:00:00,A,PC_HH,A1_DCH,SE,2019,95.07,u,
ESTAT:ISOC_CI_IN_H(1.0),25/06/26 23:00:00,A,PC_HH,A1_DCH,SE,2020,96.46,,
ESTAT:ISOC_CI_IN_H(1.0),25/06/26 23:00:00,A,PC_HH,A1_DCH,SE,2021,100.00,u,
ESTAT:ISOC_CI_IN_H(1.0),25/06/26 23:00:00,A,PC_HH,A1_DCH,SE,2022,100.00,u,
ESTAT:ISOC_CI_IN_H(1.0),25/06/26 23:00:00,A,PC_HH,A1_DCH,SE,2023,95.34,u,
ESTAT:ISOC_CI_IN_H(1.0),25/06/26 23:00:00,A,PC_HH,A1_DCH,SE,2024,92.37,,
ESTAT:ISOC_CI_IN_H(1.0),25/06/26 23:00:00,A,PC_HH,A1_DCH,SE,2025,95.02,,
ESTAT:ISOC_CI_IN_H(1.0),25/06/26 23:00:00,A,PC_HH,A1_DCH,SI,2004,,u,
ESTAT:ISOC_CI_IN_H(1.0),25/06/26 23:00:00,A,PC_HH,A1_DCH,SI,2005,,u,
ESTAT:ISOC_CI_IN_H(1.0),25/06/26 23:00:00,A,PC_HH,A1_DCH,SI,2006,48.45,,
ESTAT:ISOC_CI_IN_H(1.0),25/06/26 23:00:00,A,PC_HH,A1_DCH,SI,2007,44.02,,
ESTAT:ISOC_CI_IN_H(1.0),25/06/26 23:00:00,A,PC_HH,A1_DCH,SI,2008,87.71,,
ESTAT:ISOC_CI_IN_H(1.0),25/06/26 23:00:00,A,PC_HH,A1_DCH,SI,2009,66.56,,
ESTAT:ISOC_CI_IN_H(1.0),25/06/26 23:00:00,A,PC_HH,A1_DCH,SI,2010,91.74,,
ESTAT:ISOC_CI_IN_H(1.0),25/06/26 23:00:00,A,PC_HH,A1_DCH,SI,2011,74.64,u,
ESTAT:ISOC_CI_IN_H(1.0),25/06/26 23:00:00,A,PC_HH,A1_DCH,SI,2012,97.02,u,
ESTAT:ISOC_CI_IN_H(1.0),25/06/26 23:00:00,A,PC_HH,A1_DCH,SI,2013,95.47,u,
ESTAT:ISOC_CI_IN_H(1.0),25/06/26 23:00:00,A,PC_HH,A1_DCH,SI,2014,,u,
ESTAT:ISOC_CI_IN_H(1.0),25/06/26 23:00:00,A,PC_HH,A1_DCH,SI,2015,,u,
ESTAT:ISOC_CI_IN_H(1.0),25/06/26 23:00:00,A,PC_HH,A1_DCH,SI,2016,,u,
ESTAT:ISOC_CI_IN_H(1.0),25/06/26 23:00:00,A,PC_HH,A1_DCH,SI,2017,,u,
ESTAT:ISOC_CI_IN_H(1.0),25/06/26 23:00:00,A,PC_HH,A1_DCH,SI,2018,97.12,u,
ESTAT:ISOC_CI_IN_H(1.0),25/06/26 23:00:00,A,PC_HH,A1_DCH,SI,2019,,u,
ESTAT:ISOC_CI_IN_H(1.0),25/06/26 23:00:00,A,PC_HH,A1_DCH,SI,2020,,u,
ESTAT:ISOC_CI_IN_H(1.0),25/06/26 23:00:00,A,PC_HH,A1_DCH,SI,2021,96.49,u,
ESTAT:ISOC_CI_IN_H(1.0),25/06/26 23:00:00,A,PC_HH,A1_DCH,SI,2022,100.00,u,
ESTAT:ISOC_CI_IN_H(1.0),25/06/26 23:00:00,A,PC_HH,A1_DCH,SI,2023,95.82,u,
ESTAT:ISOC_CI_IN_H(1.0),25/06/26 23:00:00,A,PC_HH,A1_DCH,SI,2024,100.00,u,
ESTAT:ISOC_CI_IN_H(1.0),25/06/26 23:00:00,A,PC_HH,A1_DCH,SI,2025,100.00,u,
ESTAT:ISOC_CI_IN_H(1.0),25/06/26 23:00:00,A,PC_HH,A1_DCH,SK,2004,18.57,,
ESTAT:ISOC_CI_IN_H(1.0),25/06/26 23:00:00,A,PC_HH,A1_DCH,SK,2005,21.06,,
ESTAT:ISOC_CI_IN_H(1.0),25/06/26 23:00:00,A,PC_HH,A1_DCH,SK,2006,20.24,,
ESTAT:ISOC_CI_IN_H(1.0),25/06/26 23:00:00,A,PC_HH,A1_DCH,SK,2007,42.99,,
ESTAT:ISOC_CI_IN_H(1.0),25/06/26 23:00:00,A,PC_HH,A1_DCH,SK,2008,65.32,,
ESTAT:ISOC_CI_IN_H(1.0),25/06/26 23:00:00,A,PC_HH,A1_DCH,SK,2009,70.39,,
ESTAT:ISOC_CI_IN_H(1.0),25/06/26 23:00:00,A,PC_HH,A1_DCH,SK,2010,78.12,,
ESTAT:ISOC_CI_IN_H(1.0),25/06/26 23:00:00,A,PC_HH,A1_DCH,SK,2011,69.39,,
ESTAT:ISOC_CI_IN_H(1.0),25/06/26 23:00:00,A,PC_HH,A1_DCH,SK,2012,85.41,,
ESTAT:ISOC_CI_IN_H(1.0),25/06/26 23:00:00,A,PC_HH,A1_DCH,SK,2013,88.18,,
ESTAT:ISOC_CI_IN_H(1.0),25/06/26 23:00:00,A,PC_HH,A1_DCH,SK,2014,89.25,u,
ESTAT:ISOC_CI_IN_H(1.0),25/06/26 23:00:00,A,PC_HH,A1_DCH,SK,2015,91.11,u,
ESTAT:ISOC_CI_IN_H(1.0),25/06/26 23:00:00,A,PC_HH,A1_DCH,SK,2016,94.95,u,
ESTAT:ISOC_CI_IN_H(1.0),25/06/26 23:00:00,A,PC_HH,A1_DCH,SK,2017,95.78,u,
ESTAT:ISOC_CI_IN_H(1.0),25/06/26 23:00:00,A,PC_HH,A1_DCH,SK,2018,88.36,u,
ESTAT:ISOC_CI_IN_H(1.0),25/06/26 23:00:00,A,PC_HH,A1_DCH,SK,2019,91.99,u,
ESTAT:ISOC_CI_IN_H(1.0),25/06/26 23:00:00,A,PC_HH,A1_DCH,SK,2020,87.48,u,
ESTAT:ISOC_CI_IN_H(1.0),25/06/26 23:00:00,A,PC_HH,A1_DCH,SK,2021,94.37,,
ESTAT:ISOC_CI_IN_H(1.0),25/06/26 23:00:00,A,PC_HH,A1_DCH,SK,2022,97.02,,
ESTAT:ISOC_CI_IN_H(1.0),25/06/26 23:00:00,A,PC_HH,A1_DCH,SK,2023,98.99,,
ESTAT:ISOC_CI_IN_H(1.0),25/06/26 23:00:00,A,PC_HH,A1_DCH,SK,2024,100.00,,
ESTAT:ISOC_CI_IN_H(1.0),25/06/26 23:00:00,A,PC_HH,A1_DCH,SK,2025,97.35,u,
ESTAT:ISOC_CI_IN_H(1.0),25/06/26 23:00:00,A,PC_HH,A1_DCH,TR,2004,4.70,,
ESTAT:ISOC_CI_IN_H(1.0),25/06/26 23:00:00,A,PC_HH,A1_DCH,TR,2007,28.46,,
ESTAT:ISOC_CI_IN_H(1.0),25/06/26 23:00:00,A,PC_HH,A1_DCH,TR,2008,23.15,,
ESTAT:ISOC_CI_IN_H(1.0),25/06/26 23:00:00,A,PC_HH,A1_DCH,TR,2009,26.96,,
ESTAT:ISOC_CI_IN_H(1.0),25/06/26 23:00:00,A,PC_HH,A1_DCH,TR,2010,41.90,,
ESTAT:ISOC_CI_IN_H(1.0),25/06/26 23:00:00,A,PC_HH,A1_DCH,TR,2012,40.53,,
ESTAT:ISOC_CI_IN_H(1.0),25/06/26 23:00:00,A,PC_HH,A1_DCH,TR,2013,56.21,,
ESTAT:ISOC_CI_IN_H(1.0),25/06/26 23:00:00,A,PC_HH,A1_DCH,TR,2020,95.91,,
ESTAT:ISOC_CI_IN_H(1.0),25/06/26 23:00:00,A,PC_HH,A1_DCH,TR,2021,97.32,,
ESTAT:ISOC_CI_IN_H(1.0),25/06/26 23:00:00,A,PC_HH,A1_DCH,TR,2022,98.11,,
ESTAT:ISOC_CI_IN_H(1.0),25/06/26 23:00:00,A,PC_HH,A1_DCH,TR,2023,99.42,,
ESTAT:ISOC_CI_IN_H(1.0),25/06/26 23:00:00,A,PC_HH,A1_DCH,TR,2024,99.71,,
ESTAT:ISOC_CI_IN_H(1.0),25/06/26 23:00:00,A,PC_HH,A1_DCH,TR,2025,99.78,,
ESTAT:ISOC_CI_IN_H(1.0),25/06/26 23:00:00,A,PC_HH,A1_DCH,UK,2002,40.71,,
ESTAT:ISOC_CI_IN_H(1.0),25/06/26 23:00:00,A,PC_HH,A1_DCH,UK,2003,43.15,,
ESTAT:ISOC_CI_IN_H(1.0),25/06/26 23:00:00,A,PC_HH,A1_DCH,UK,2004,49.27,,
ESTAT:ISOC_CI_IN_H(1.0),25/06/26 23:00:00,A,PC_HH,A1_DCH,UK,2005,45.39,,
ESTAT:ISOC_CI_IN_H(1.0),25/06/26 23:00:00,A,PC_HH,A1_DCH,UK,2006,48.07,,
ESTAT:ISOC_CI_IN_H(1.0),25/06/26 23:00:00,A,PC_HH,A1_DCH,UK,2007,58.58,,
ESTAT:ISOC_CI_IN_H(1.0),25/06/26 23:00:00,A,PC_HH,A1_DCH,UK,2008,70.19,,
ESTAT:ISOC_CI_IN_H(1.0),25/06/26 23:00:00,A,PC_HH,A1_DCH,UK,2009,78.10,,
ESTAT:ISOC_CI_IN_H(1.0),25/06/26 23:00:00,A,PC_HH,A1_DCH,UK,2010,79.24,,
ESTAT:ISOC_CI_IN_H(1.0),25/06/26 23:00:00,A,PC_HH,A1_DCH,UK,2011,85.30,,
ESTAT:ISOC_CI_IN_H(1.0),25/06/26 23:00:00,A,PC_HH,A1_DCH,UK,2012,83.81,,
ESTAT:ISOC_CI_IN_H(1.0),25/06/26 23:00:00,A,PC_HH,A1_DCH,UK,2013,89.33,,
ESTAT:ISOC_CI_IN_H(1.0),25/06/26 23:00:00,A,PC_HH,A1_DCH,UK,2014,90.49,,
ESTAT:ISOC_CI_IN_H(1.0),25/06/26 23:00:00,A,PC_HH,A1_DCH,UK,2015,94.86,,
ESTAT:ISOC_CI_IN_H(1.0),25/06/26 23:00:00,A,PC_HH,A1_DCH,UK,2016,98.60,,
ESTAT:ISOC_CI_IN_H(1.0),25/06/26 23:00:00,A,PC_HH,A1_DCH,UK,2017,97.28,,
ESTAT:ISOC_CI_IN_H(1.0),25/06/26 23:00:00,A,PC_HH,A1_DCH,UK,2018,99.44,,
ESTAT:ISOC_CI_IN_H(1.0),25/06/26 23:00:00,A,PC_HH,A1_DCH,UK,2019,100.00,,
ESTAT:ISOC_CI_IN_H(1.0),25/06/26 23:00:00,A,PC_HH,A1_DCH,UK,2020,100.00,,
ESTAT:ISOC_CI_IN_H(1.0),25/06/26 23:00:00,A,PC_HH,A1_DCH,XK,2017,,u,
ESTAT:ISOC_CI_IN_H(1.0),25/06/26 23:00:00,A,PC_HH,A1_DCH,XK,2018,,u,
ESTAT:ISOC_CI_IN_H(1.0),25/06/26 23:00:00,A,PC_HH,A1_DCH,XK,2019,,u,
ESTAT:ISOC_CI_IN_H(1.0),25/06/26 23:00:00,A,PC_HH,A1_DCH,XK,2020,,u,
ESTAT:ISOC_CI_IN_H(1.0),25/06/26 23:00:00,A,PC_HH,A1_DCH,XK,2024,,u,
ESTAT:ISOC_CI_IN_H(1.0),25/06/26 23:00:00,A,PC_HH,A1_DCH,XK,2025,,u,
ESTAT:ISOC_CI_IN_H(1.0),25/06/26 23:00:00,A,PC_HH,A2,AL,2018,60.02,,
ESTAT:ISOC_CI_IN_H(1.0),25/06/26 23:00:00,A,PC_HH,A2,AL,2020,71.38,,
ESTAT:ISOC_CI_IN_H(1.0),25/06/26 23:00:00,A,PC_HH,A2,AL,2021,76.54,,
ESTAT:ISOC_CI_IN_H(1.0),25/06/26 23:00:00,A,PC_HH,A2,AL,2022,95.06,,
ESTAT:ISOC_CI_IN_H(1.0),25/06/26 23:00:00,A,PC_HH,A2,AL,2023,92.36,,
ESTAT:ISOC_CI_IN_H(1.0),25/06/26 23:00:00,A,PC_HH,A2,AL,2024,95.90,,
ESTAT:ISOC_CI_IN_H(1.0),25/06/26 23:00:00,A,PC_HH,A2,AL,2025,98.08,,
ESTAT:ISOC_CI_IN_H(1.0),25/06/26 23:00:00,A,PC_HH,A2,AT,2002,24.62,,
ESTAT:ISOC_CI_IN_H(1.0),25/06/26 23:00:00,A,PC_HH,A2,AT,2003,30.20,,
ESTAT:ISOC_CI_IN_H(1.0),25/06/26 23:00:00,A,PC_HH,A2,AT,2004,38.21,,
ESTAT:ISOC_CI_IN_H(1.0),25/06/26 23:00:00,A,PC_HH,A2,AT,2005,38.41,,
ESTAT:ISOC_CI_IN_H(1.0),25/06/26 23:00:00,A,PC_HH,A2,AT,2006,44.57,,
ESTAT:ISOC_CI_IN_H(1.0),25/06/26 23:00:00,A,PC_HH,A2,AT,2007,52.92,,
ESTAT:ISOC_CI_IN_H(1.0),25/06/26 23:00:00,A,PC_HH,A2,AT,2008,60.87,,
ESTAT:ISOC_CI_IN_H(1.0),25/06/26 23:00:00,A,PC_HH,A2,AT,2009,61.60,,
ESTAT:ISOC_CI_IN_H(1.0),25/06/26 23:00:00,A,PC_HH,A2,AT,2010,66.27,,
ESTAT:ISOC_CI_IN_H(1.0),25/06/26 23:00:00,A,PC_HH,A2,AT,2011,69.29,,
ESTAT:ISOC_CI_IN_H(1.0),25/06/26 23:00:00,A,PC_HH,A2,AT,2012,71.61,,
ESTAT:ISOC_CI_IN_H(1.0),25/06/26 23:00:00,A,PC_HH,A2,AT,2013,74.13,,
ESTAT:ISOC_CI_IN_H(1.0),25/06/26 23:00:00,A,PC_HH,A2,AT,2014,75.84,,
ESTAT:ISOC_CI_IN_H(1.0),25/06/26 23:00:00,A,PC_HH,A2,AT,2015,78.63,,
ESTAT:ISOC_CI_IN_H(1.0),25/06/26 23:00:00,A,PC_HH,A2,AT,2016,84.14,,
ESTAT:ISOC_CI_IN_H(1.0),25/06/26 23:00:00,A,PC_HH,A2,AT,2017,85.31,,
ESTAT:ISOC_CI_IN_H(1.0),25/06/26 23:00:00,A,PC_HH,A2,AT,2018,89.05,,
ESTAT:ISOC_CI_IN_H(1.0),25/06/26 23:00:00,A,PC_HH,A2,AT,2019,87.86,,
ESTAT:ISOC_CI_IN_H(1.0),25/06/26 23:00:00,A,PC_HH,A2,AT,2020,89.96,,
ESTAT:ISOC_CI_IN_H(1.0),25/06/26 23:00:00,A,PC_HH,A2,AT,2021,94.82,,
ESTAT:ISOC_CI_IN_H(1.0),25/06/26 23:00:00,A,PC_HH,A2,AT,2022,92.05,,
ESTAT:ISOC_CI_IN_H(1.0),25/06/26 23:00:00,A,PC_HH,A2,AT,2023,94.83,,
ESTAT:ISOC_CI_IN_H(1.0),25/06/26 23:00:00,A,PC_HH,A2,AT,2024,93.90,,
ESTAT:ISOC_CI_IN_H(1.0),25/06/26 23:00:00,A,PC_HH,A2,AT,2025,95.48,,
ESTAT:ISOC_CI_IN_H(1.0),25/06/26 23:00:00,A,PC_HH,A2,BA,2018,56.12,,
ESTAT:ISOC_CI_IN_H(1.0),25/06/26 23:00:00,A,PC_HH,A2,BA,2019,62.03,,
ESTAT:ISOC_CI_IN_H(1.0),25/06/26 23:00:00,A,PC_HH,A2,BA,2020,59.26,,
ESTAT:ISOC_CI_IN_H(1.0),25/06/26 23:00:00,A,PC_HH,A2,BA,2021,63.63,,
ESTAT:ISOC_CI_IN_H(1.0),25/06/26 23:00:00,A,PC_HH,A2,BA,2023,71.52,,
ESTAT:ISOC_CI_IN_H(1.0),25/06/26 23:00:00,A,PC_HH,A2,BA,2024,77.40,,
ESTAT:ISOC_CI_IN_H(1.0),25/06/26 23:00:00,A,PC_HH,A2,BA,2025,84.49,,
ESTAT:ISOC_CI_IN_H(1.0),25/06/26 23:00:00,A,PC_HH,A2,BE,2005,39.70,,
ESTAT:ISOC_CI_IN_H(1.0),25/06/26 23:00:00,A,PC_HH,A2,BE,2006,46.75,,
ESTAT:ISOC_CI_IN_H(1.0),25/06/26 23:00:00,A,PC_HH,A2,BE,2007,53.50,,
ESTAT:ISOC_CI_IN_H(1.0),25/06/26 23:00:00,A,PC_HH,A2,BE,2008,57.98,,
ESTAT:ISOC_CI_IN_H(1.0),25/06/26 23:00:00,A,PC_HH,A2,BE,2009,65.10,,
ESTAT:ISOC_CI_IN_H(1.0),25/06/26 23:00:00,A,PC_HH,A2,BE,2010,70.29,,
ESTAT:ISOC_CI_IN_H(1.0),25/06/26 23:00:00,A,PC_HH,A2,BE,2011,76.57,,
ESTAT:ISOC_CI_IN_H(1.0),25/06/26 23:00:00,A,PC_HH,A2,BE,2012,76.46,,
ESTAT:ISOC_CI_IN_H(1.0),25/06/26 23:00:00,A,PC_HH,A2,BE,2013,78.05,,
ESTAT:ISOC_CI_IN_H(1.0),25/06/26 23:00:00,A,PC_HH,A2,BE,2014,82.33,,
ESTAT:ISOC_CI_IN_H(1.0),25/06/26 23:00:00,A,PC_HH,A2,BE,2015,81.06,,
ESTAT:ISOC_CI_IN_H(1.0),25/06/26 23:00:00,A,PC_HH,A2,BE,2016,85.56,,
ESTAT:ISOC_CI_IN_H(1.0),25/06/26 23:00:00,A,PC_HH,A2,BE,2017,85.28,,
ESTAT:ISOC_CI_IN_H(1.0),25/06/26 23:00:00,A,PC_HH,A2,BE,2018,86.58,,
ESTAT:ISOC_CI_IN_H(1.0),25/06/26 23:00:00,A,PC_HH,A2,BE,2019,90.94,,
ESTAT:ISOC_CI_IN_H(1.0),25/06/26 23:00:00,A,PC_HH,A2,BE,2020,92.59,,
ESTAT:ISOC_CI_IN_H(1.0),25/06/26 23:00:00,A,PC_HH,A2,BE,2021,93.79,,
ESTAT:ISOC_CI_IN_H(1.0),25/06/26 23:00:00,A,PC_HH,A2,BE,2022,95.84,,
ESTAT:ISOC_CI_IN_H(1.0),25/06/26 23:00:00,A,PC_HH,A2,BE,2023,96.38,,
ESTAT:ISOC_CI_IN_H(1.0),25/06/26 23:00:00,A,PC_HH,A2,BE,2024,95.67,,
ESTAT:ISOC_CI_IN_H(1.0),25/06/26 23:00:00,A,PC_HH,A2,BE,2025,97.56,,
ESTAT:ISOC_CI_IN_H(1.0),25/06/26 23:00:00,A,PC_HH,A2,BG,2004,3.94,,
ESTAT:ISOC_CI_IN_H(1.0),25/06/26 23:00:00,A,PC_HH,A2,BG,2007,11.97,,
ESTAT:ISOC_CI_IN_H(1.0),25/06/26 23:00:00,A,PC_HH,A2,BG,2008,15.36,,
ESTAT:ISOC_CI_IN_H(1.0),25/06/26 23:00:00,A,PC_HH,A2,BG,2009,18.83,,
ESTAT:ISOC_CI_IN_H(1.0),25/06/26 23:00:00,A,PC_HH,A2,BG,2010,22.99,,
ESTAT:ISOC_CI_IN_H(1.0),25/06/26 23:00:00,A,PC_HH,A2,BG,2011,33.51,,
ESTAT:ISOC_CI_IN_H(1.0),25/06/26 23:00:00,A,PC_HH,A2,BG,2012,37.32,,
ESTAT:ISOC_CI_IN_H(1.0),25/06/26 23:00:00,A,PC_HH,A2,BG,2013,40.88,,
ESTAT:ISOC_CI_IN_H(1.0),25/06/26 23:00:00,A,PC_HH,A2,BG,2014,41.37,,
ESTAT:ISOC_CI_IN_H(1.0),25/06/26 23:00:00,A,PC_HH,A2,BG,2015,47.06,,
ESTAT:ISOC_CI_IN_H(1.0),25/06/26 23:00:00,A,PC_HH,A2,BG,2016,53.03,,
ESTAT:ISOC_CI_IN_H(1.0),25/06/26 23:00:00,A,PC_HH,A2,BG,2017,56.30,,
ESTAT:ISOC_CI_IN_H(1.0),25/06/26 23:00:00,A,PC_HH,A2,BG,2018,64.17,,
ESTAT:ISOC_CI_IN_H(1.0),25/06/26 23:00:00,A,PC_HH,A2,BG,2019,69.32,,
ESTAT:ISOC_CI_IN_H(1.0),25/06/26 23:00:00,A,PC_HH,A2,BG,2020,77.69,,
ESTAT:ISOC_CI_IN_H(1.0),25/06/26 23:00:00,A,PC_HH,A2,BG,2021,78.15,,
ESTAT:ISOC_CI_IN_H(1.0),25/06/26 23:00:00,A,PC_HH,A2,BG,2022,86.93,,
ESTAT:ISOC_CI_IN_H(1.0),25/06/26 23:00:00,A,PC_HH,A2,BG,2023,88.96,,
ESTAT:ISOC_CI_IN_H(1.0),25/06/26 23:00:00,A,PC_HH,A2,BG,2024,90.48,,
ESTAT:ISOC_CI_IN_H(1.0),25/06/26 23:00:00,A,PC_HH,A2,BG,2025,93.84,,
ESTAT:ISOC_CI_IN_H(1.0),25/06/26 23:00:00,A,PC_HH,A2,CH,2014,91.87,,
ESTAT:ISOC_CI_IN_H(1.0),25/06/26 23:00:00,A,PC_HH,A2,CH,2017,93.11,b,
ESTAT:ISOC_CI_IN_H(1.0),25/06/26 23:00:00,A,PC_HH,A2,CH,2019,95.98,,
ESTAT:ISOC_CI_IN_H(1.0),25/06/26 23:00:00,A,PC_HH,A2,CH,2021,98.93,,
ESTAT:ISOC_CI_IN_H(1.0),25/06/26 23:00:00,A,PC_HH,A2,CH,2023,99.79,,
ESTAT:ISOC_CI_IN_H(1.0),25/06/26 23:00:00,A,PC_HH,A2,CH,2025,99.83,,
ESTAT:ISOC_CI_IN_H(1.0),25/06/26 23:00:00,A,PC_HH,A2,CY,2004,47.25,,
ESTAT:ISOC_CI_IN_H(1.0),25/06/26 23:00:00,A,PC_HH,A2,CY,2005,10.24,,
ESTAT:ISOC_CI_IN_H(1.0),25/06/26 23:00:00,A,PC_HH,A2,CY,2006,13.52,,
ESTAT:ISOC_CI_IN_H(1.0),25/06/26 23:00:00,A,PC_HH,A2,CY,2007,18.64,,
ESTAT:ISOC_CI_IN_H(1.0),25/06/26 23:00:00,A,PC_HH,A2,CY,2008,19.97,,
ESTAT:ISOC_CI_IN_H(1.0),25/06/26 23:00:00,A,PC_HH,A2,CY,2009,28.01,,
ESTAT:ISOC_CI_IN_H(1.0),25/06/26 23:00:00,A,PC_HH,A2,CY,2010,28.54,,
ESTAT:ISOC_CI_IN_H(1.0),25/06/26 23:00:00,A,PC_HH,A2,CY,2011,26.00,,
ESTAT:ISOC_CI_IN_H(1.0),25/06/26 23:00:00,A,PC_HH,A2,CY,2012,42.84,,
ESTAT:ISOC_CI_IN_H(1.0),25/06/26 23:00:00,A,PC_HH,A2,CY,2013,41.97,,
ESTAT:ISOC_CI_IN_H(1.0),25/06/26 23:00:00,A,PC_HH,A2,CY,2014,44.03,,
ESTAT:ISOC_CI_IN_H(1.0),25/06/26 23:00:00,A,PC_HH,A2,CY,2015,54.98,,
ESTAT:ISOC_CI_IN_H(1.0),25/06/26 23:00:00,A,PC_HH,A2,CY,2016,56.60,,
ESTAT:ISOC_CI_IN_H(1.0),25/06/26 23:00:00,A,PC_HH,A2,CY,2017,66.47,,
ESTAT:ISOC_CI_IN_H(1.0),25/06/26 23:00:00,A,PC_HH,A2,CY,2018,72.33,,
ESTAT:ISOC_CI_IN_H(1.0),25/06/26 23:00:00,A,PC_HH,A2,CY,2019,83.54,,
ESTAT:ISOC_CI_IN_H(1.0),25/06/26 23:00:00,A,PC_HH,A2,CY,2020,84.64,,
ESTAT:ISOC_CI_IN_H(1.0),25/06/26 23:00:00,A,PC_HH,A2,CY,2021,89.43,,
ESTAT:ISOC_CI_IN_H(1.0),25/06/26 23:00:00,A,PC_HH,A2,CY,2022,89.37,,
ESTAT:ISOC_CI_IN_H(1.0),25/06/26 23:00:00,A,PC_HH,A2,CY,2023,87.98,,
ESTAT:ISOC_CI_IN_H(1.0),25/06/26 23:00:00,A,PC_HH,A2,CY,2024,93.03,,
ESTAT:ISOC_CI_IN_H(1.0),25/06/26 23:00:00,A,PC_HH,A2,CY,2025,95.75,,
ESTAT:ISOC_CI_IN_H(1.0),25/06/26 23:00:00,A,PC_HH,A2,CZ,2004,11.32,,
ESTAT:ISOC_CI_IN_H(1.0),25/06/26 23:00:00,A,PC_HH,A2,CZ,2005,9.86,,
ESTAT:ISOC_CI_IN_H(1.0),25/06/26 23:00:00,A,PC_HH,A2,CZ,2006,17.86,,
ESTAT:ISOC_CI_IN_H(1.0),25/06/26 23:00:00,A,PC_HH,A2,CZ,2007,24.96,,
ESTAT:ISOC_CI_IN_H(1.0),25/06/26 23:00:00,A,PC_HH,A2,CZ,2008,32.29,,
ESTAT:ISOC_CI_IN_H(1.0),25/06/26 23:00:00,A,PC_HH,A2,CZ,2009,39.85,,
ESTAT:ISOC_CI_IN_H(1.0),25/06/26 23:00:00,A,PC_HH,A2,CZ,2010,44.01,,
ESTAT:ISOC_CI_IN_H(1.0),25/06/26 23:00:00,A,PC_HH,A2,CZ,2011,49.14,,
ESTAT:ISOC_CI_IN_H(1.0),25/06/26 23:00:00,A,PC_HH,A2,CZ,2012,59.88,,
ESTAT:ISOC_CI_IN_H(1.0),25/06/26 23:00:00,A,PC_HH,A2,CZ,2013,59.99,,
ESTAT:ISOC_CI_IN_H(1.0),25/06/26 23:00:00,A,PC_HH,A2,CZ,2014,69.29,,
ESTAT:ISOC_CI_IN_H(1.0),25/06/26 23:00:00,A,PC_HH,A2,CZ,2015,69.67,,
ESTAT:ISOC_CI_IN_H(1.0),25/06/26 23:00:00,A,PC_HH,A2,CZ,2016,71.81,,
ESTAT:ISOC_CI_IN_H(1.0),25/06/26 23:00:00,A,PC_HH,A2,CZ,2017,76.69,,
ESTAT:ISOC_CI_IN_H(1.0),25/06/26 23:00:00,A,PC_HH,A2,CZ,2018,79.12,,
ESTAT:ISOC_CI_IN_H(1.0),25/06/26 23:00:00,A,PC_HH,A2,CZ,2019,80.61,,
ESTAT:ISOC_CI_IN_H(1.0),25/06/26 23:00:00,A,PC_HH,A2,CZ,2020,82.75,,
ESTAT:ISOC_CI_IN_H(1.0),25/06/26 23:00:00,A,PC_HH,A2,CZ,2021,85.41,,
ESTAT:ISOC_CI_IN_H(1.0),25/06/26 23:00:00,A,PC_HH,A2,CZ,2022,86.99,,
ESTAT:ISOC_CI_IN_H(1.0),25/06/26 23:00:00,A,PC_HH,A2,CZ,2023,88.62,,
ESTAT:ISOC_CI_IN_H(1.0),25/06/26 23:00:00,A,PC_HH,A2,CZ,2024,92.19,,
ESTAT:ISOC_CI_IN_H(1.0),25/06/26 23:00:00,A,PC_HH,A2,CZ,2025,93.49,,
ESTAT:ISOC_CI_IN_H(1.0),25/06/26 23:00:00,A,PC_HH,A2,DE,2002,38.63,,
ESTAT:ISOC_CI_IN_H(1.0),25/06/26 23:00:00,A,PC_HH,A2,DE,2003,48.39,,
ESTAT:ISOC_CI_IN_H(1.0),25/06/26 23:00:00,A,PC_HH,A2,DE,2004,53.51,,
ESTAT:ISOC_CI_IN_H(1.0),25/06/26 23:00:00,A,PC_HH,A2,DE,2005,56.72,,
ESTAT:ISOC_CI_IN_H(1.0),25/06/26 23:00:00,A,PC_HH,A2,DE,2006,64.47,,
ESTAT:ISOC_CI_IN_H(1.0),25/06/26 23:00:00,A,PC_HH,A2,DE,2007,67.53,,
ESTAT:ISOC_CI_IN_H(1.0),25/06/26 23:00:00,A,PC_HH,A2,DE,2008,73.96,,
ESTAT:ISOC_CI_IN_H(1.0),25/06/26 23:00:00,A,PC_HH,A2,DE,2009,78.62,,
ESTAT:ISOC_CI_IN_H(1.0),25/06/26 23:00:00,A,PC_HH,A2,DE,2010,81.82,,
ESTAT:ISOC_CI_IN_H(1.0),25/06/26 23:00:00,A,PC_HH,A2,DE,2011,82.93,,
ESTAT:ISOC_CI_IN_H(1.0),25/06/26 23:00:00,A,PC_HH,A2,DE,2012,86.40,,
ESTAT:ISOC_CI_IN_H(1.0),25/06/26 23:00:00,A,PC_HH,A2,DE,2013,88.25,,
ESTAT:ISOC_CI_IN_H(1.0),25/06/26 23:00:00,A,PC_HH,A2,DE,2014,90.28,,
ESTAT:ISOC_CI_IN_H(1.0),25/06/26 23:00:00,A,PC_HH,A2,DE,2015,91.71,,
ESTAT:ISOC_CI_IN_H(1.0),25/06/26 23:00:00,A,PC_HH,A2,DE,2016,94.07,,
ESTAT:ISOC_CI_IN_H(1.0),25/06/26 23:00:00,A,PC_HH,A2,DE,2017,94.66,,
ESTAT:ISOC_CI_IN_H(1.0),25/06/26 23:00:00,A,PC_HH,A2,DE,2018,95.32,,
ESTAT:ISOC_CI_IN_H(1.0),25/06/26 23:00:00,A,PC_HH,A2,DE,2019,96.12,,
ESTAT:ISOC_CI_IN_H(1.0),25/06/26 23:00:00,A,PC_HH,A2,DE,2020,97.33,,
ESTAT:ISOC_CI_IN_H(1.0),25/06/26 23:00:00,A,PC_HH,A2,DE,2021,91.81,b,
ESTAT:ISOC_CI_IN_H(1.0),25/06/26 23:00:00,A,PC_HH,A2,DE,2022,92.55,,
ESTAT:ISOC_CI_IN_H(1.0),25/06/26 23:00:00,A,PC_HH,A2,DE,2023,92.27,,
ESTAT:ISOC_CI_IN_H(1.0),25/06/26 23:00:00,A,PC_HH,A2,DE,2024,94.51,,
ESTAT:ISOC_CI_IN_H(1.0),25/06/26 23:00:00,A,PC_HH,A2,DE,2025,94.93,,
ESTAT:ISOC_CI_IN_H(1.0),25/06/26 23:00:00,A,PC_HH,A2,DK,2002,59.12,,
ESTAT:ISOC_CI_IN_H(1.0),25/06/26 23:00:00,A,PC_HH,A2,DK,2003,64.28,,
ESTAT:ISOC_CI_IN_H(1.0),25/06/26 23:00:00,A,PC_HH,A2,DK,2004,68.51,,
ESTAT:ISOC_CI_IN_H(1.0),25/06/26 23:00:00,A,PC_HH,A2,DK,2005,75.65,,
ESTAT:ISOC_CI_IN_H(1.0),25/06/26 23:00:00,A,PC_HH,A2,DK,2006,78.96,,
ESTAT:ISOC_CI_IN_H(1.0),25/06/26 23:00:00,A,PC_HH,A2,DK,2007,80.31,,
ESTAT:ISOC_CI_IN_H(1.0),25/06/26 23:00:00,A,PC_HH,A2,DK,2008,81.43,,
ESTAT:ISOC_CI_IN_H(1.0),25/06/26 23:00:00,A,PC_HH,A2,DK,2009,82.34,,
ESTAT:ISOC_CI_IN_H(1.0),25/06/26 23:00:00,A,PC_HH,A2,DK,2010,87.42,,
ESTAT:ISOC_CI_IN_H(1.0),25/06/26 23:00:00,A,PC_HH,A2,DK,2011,90.94,,
ESTAT:ISOC_CI_IN_H(1.0),25/06/26 23:00:00,A,PC_HH,A2,DK,2012,93.96,,
ESTAT:ISOC_CI_IN_H(1.0),25/06/26 23:00:00,A,PC_HH,A2,DK,2013,95.63,,
ESTAT:ISOC_CI_IN_H(1.0),25/06/26 23:00:00,A,PC_HH,A2,DK,2014,94.90,,
ESTAT:ISOC_CI_IN_H(1.0),25/06/26 23:00:00,A,PC_HH,A2,DK,2015,94.33,,
ESTAT:ISOC_CI_IN_H(1.0),25/06/26 23:00:00,A,PC_HH,A2,DK,2016,96.34,,
ESTAT:ISOC_CI_IN_H(1.0),25/06/26 23:00:00,A,PC_HH,A2,DK,2017,98.27,,
ESTAT:ISOC_CI_IN_H(1.0),25/06/26 23:00:00,A,PC_HH,A2,DK,2018,96.16,,
ESTAT:ISOC_CI_IN_H(1.0),25/06/26 23:00:00,A,PC_HH,A2,DK,2019,96.74,,
ESTAT:ISOC_CI_IN_H(1.0),25/06/26 23:00:00,A,PC_HH,A2,DK,2020,97.53,,
ESTAT:ISOC_CI_IN_H(1.0),25/06/26 23:00:00,A,PC_HH,A2,DK,2021,98.00,,
ESTAT:ISOC_CI_IN_H(1.0),25/06/26 23:00:00,A,PC_HH,A2,DK,2022,98.56,,
ESTAT:ISOC_CI_IN_H(1.0),25/06/26 23:00:00,A,PC_HH,A2,DK,2023,98.48,,
ESTAT:ISOC_CI_IN_H(1.0),25/06/26 23:00:00,A,PC_HH,A2,DK,2024,98.63,,
ESTAT:ISOC_CI_IN_H(1.0),25/06/26 23:00:00,A,PC_HH,A2,DK,2025,99.13,,
ESTAT:ISOC_CI_IN_H(1.0),25/06/26 23:00:00,A,PC_HH,A2,EA,2002,28.05,,
ESTAT:ISOC_CI_IN_H(1.0),25/06/26 23:00:00,A,PC_HH,A2,EA,2003,33.85,,
ESTAT:ISOC_CI_IN_H(1.0),25/06/26 23:00:00,A,PC_HH,A2,EA,2004,37.41,,
ESTAT:ISOC_CI_IN_H(1.0),25/06/26 23:00:00,A,PC_HH,A2,EA,2005,43.09,,
ESTAT:ISOC_CI_IN_H(1.0),25/06/26 23:00:00,A,PC_HH,A2,EA,2006,44.84,,
ESTAT:ISOC_CI_IN_H(1.0),25/06/26 23:00:00,A,PC_HH,A2,EA,2007,49.38,,
ESTAT:ISOC_CI_IN_H(1.0),25/06/26 23:00:00,A,PC_HH,A2,EA,2008,56.21,,
ESTAT:ISOC_CI_IN_H(1.0),25/06/26 23:00:00,A,PC_HH,A2,EA,2009,60.14,,
ESTAT:ISOC_CI_IN_H(1.0),25/06/26 23:00:00,A,PC_HH,A2,EA,2010,64.72,,
ESTAT:ISOC_CI_IN_H(1.0),25/06/26 23:00:00,A,PC_HH,A2,EA,2011,68.12,,
ESTAT:ISOC_CI_IN_H(1.0),25/06/26 23:00:00,A,PC_HH,A2,EA,2012,70.96,,
ESTAT:ISOC_CI_IN_H(1.0),25/06/26 23:00:00,A,PC_HH,A2,EA,2013,74.25,,
ESTAT:ISOC_CI_IN_H(1.0),25/06/26 23:00:00,A,PC_HH,A2,EA,2014,76.91,,
ESTAT:ISOC_CI_IN_H(1.0),25/06/26 23:00:00,A,PC_HH,A2,EA,2015,78.96,,
ESTAT:ISOC_CI_IN_H(1.0),25/06/26 23:00:00,A,PC_HH,A2,EA,2016,82.30,,
ESTAT:ISOC_CI_IN_H(1.0),25/06/26 23:00:00,A,PC_HH,A2,EA,2017,83.88,,
ESTAT:ISOC_CI_IN_H(1.0),25/06/26 23:00:00,A,PC_HH,A2,EA,2018,86.61,,
ESTAT:ISOC_CI_IN_H(1.0),25/06/26 23:00:00,A,PC_HH,A2,EA,2019,88.65,,
ESTAT:ISOC_CI_IN_H(1.0),25/06/26 23:00:00,A,PC_HH,A2,EA,2020,91.07,e,
ESTAT:ISOC_CI_IN_H(1.0),25/06/26 23:00:00,A,PC_HH,A2,EA,2021,91.53,b,
ESTAT:ISOC_CI_IN_H(1.0),25/06/26 23:00:00,A,PC_HH,A2,EA,2022,91.79,,
ESTAT:ISOC_CI_IN_H(1.0),25/06/26 23:00:00,A,PC_HH,A2,EA,2023,92.53,,
ESTAT:ISOC_CI_IN_H(1.0),25/06/26 23:00:00,A,PC_HH,A2,EA,2024,93.83,,
ESTAT:ISOC_CI_IN_H(1.0),25/06/26 23:00:00,A,PC_HH,A2,EA,2025,94.53,,
ESTAT:ISOC_CI_IN_H(1.0),25/06/26 23:00:00,A,PC_HH,A2,EE,2004,21.80,,
ESTAT:ISOC_CI_IN_H(1.0),25/06/26 23:00:00,A,PC_HH,A2,EE,2005,27.68,,
ESTAT:ISOC_CI_IN_H(1.0),25/06/26 23:00:00,A,PC_HH,A2,EE,2006,31.84,,
ESTAT:ISOC_CI_IN_H(1.0),25/06/26 23:00:00,A,PC_HH,A2,EE,2007,37.51,,
ESTAT:ISOC_CI_IN_H(1.0),25/06/26 23:00:00,A,PC_HH,A2,EE,2008,41.83,,
ESTAT:ISOC_CI_IN_H(1.0),25/06/26 23:00:00,A,PC_HH,A2,EE,2009,51.53,,
ESTAT:ISOC_CI_IN_H(1.0),25/06/26 23:00:00,A,PC_HH,A2,EE,2010,60.56,,
ESTAT:ISOC_CI_IN_H(1.0),25/06/26 23:00:00,A,PC_HH,A2,EE,2011,64.52,,
ESTAT:ISOC_CI_IN_H(1.0),25/06/26 23:00:00,A,PC_HH,A2,EE,2012,69.21,,
ESTAT:ISOC_CI_IN_H(1.0),25/06/26 23:00:00,A,PC_HH,A2,EE,2013,75.97,,
ESTAT:ISOC_CI_IN_H(1.0),25/06/26 23:00:00,A,PC_HH,A2,EE,2014,82.11,b,
ESTAT:ISOC_CI_IN_H(1.0),25/06/26 23:00:00,A,PC_HH,A2,EE,2015,85.21,,
ESTAT:ISOC_CI_IN_H(1.0),25/06/26 23:00:00,A,PC_HH,A2,EE,2016,86.79,,
ESTAT:ISOC_CI_IN_H(1.0),25/06/26 23:00:00,A,PC_HH,A2,EE,2017,86.87,,
ESTAT:ISOC_CI_IN_H(1.0),25/06/26 23:00:00,A,PC_HH,A2,EE,2018,92.09,,
ESTAT:ISOC_CI_IN_H(1.0),25/06/26 23:00:00,A,PC_HH,A2,EE,2019,89.63,,
ESTAT:ISOC_CI_IN_H(1.0),25/06/26 23:00:00,A,PC_HH,A2,EE,2020,91.25,,
ESTAT:ISOC_CI_IN_H(1.0),25/06/26 23:00:00,A,PC_HH,A2,EE,2021,93.45,,
ESTAT:ISOC_CI_IN_H(1.0),25/06/26 23:00:00,A,PC_HH,A2,EE,2022,93.66,,
ESTAT:ISOC_CI_IN_H(1.0),25/06/26 23:00:00,A,PC_HH,A2,EE,2023,94.16,,
ESTAT:ISOC_CI_IN_H(1.0),25/06/26 23:00:00,A,PC_HH,A2,EE,2024,95.01,,
ESTAT:ISOC_CI_IN_H(1.0),25/06/26 23:00:00,A,PC_HH,A2,EE,2025,96.39,,
ESTAT:ISOC_CI_IN_H(1.0),25/06/26 23:00:00,A,PC_HH,A2,EL,2002,6.60,,
ESTAT:ISOC_CI_IN_H(1.0),25/06/26 23:00:00,A,PC_HH,A2,EL,2003,7.37,,
ESTAT:ISOC_CI_IN_H(1.0),25/06/26 23:00:00,A,PC_HH,A2,EL,2004,7.52,,
ESTAT:ISOC_CI_IN_H(1.0),25/06/26 23:00:00,A,PC_HH,A2,EL,2005,13.01,,
ESTAT:ISOC_CI_IN_H(1.0),25/06/26 23:00:00,A,PC_HH,A2,EL,2006,12.09,,
ESTAT:ISOC_CI_IN_H(1.0),25/06/26 23:00:00,A,PC_HH,A2,EL,2007,12.27,,
ESTAT:ISOC_CI_IN_H(1.0),25/06/26 23:00:00,A,PC_HH,A2,EL,2008,15.88,,
ESTAT:ISOC_CI_IN_H(1.0),25/06/26 23:00:00,A,PC_HH,A2,EL,2009,18.49,,
ESTAT:ISOC_CI_IN_H(1.0),25/06/26 23:00:00,A,PC_HH,A2,EL,2010,23.51,,
ESTAT:ISOC_CI_IN_H(1.0),25/06/26 23:00:00,A,PC_HH,A2,EL,2011,26.79,,
ESTAT:ISOC_CI_IN_H(1.0),25/06/26 23:00:00,A,PC_HH,A2,EL,2012,25.53,,
ESTAT:ISOC_CI_IN_H(1.0),25/06/26 23:00:00,A,PC_HH,A2,EL,2013,33.82,,
ESTAT:ISOC_CI_IN_H(1.0),25/06/26 23:00:00,A,PC_HH,A2,EL,2014,46.01,,
ESTAT:ISOC_CI_IN_H(1.0),25/06/26 23:00:00,A,PC_HH,A2,EL,2015,48.10,,
ESTAT:ISOC_CI_IN_H(1.0),25/06/26 23:00:00,A,PC_HH,A2,EL,2016,54.45,,
ESTAT:ISOC_CI_IN_H(1.0),25/06/26 23:00:00,A,PC_HH,A2,EL,2017,54.41,,
ESTAT:ISOC_CI_IN_H(1.0),25/06/26 23:00:00,A,PC_HH,A2,EL,2018,62.43,,
ESTAT:ISOC_CI_IN_H(1.0),25/06/26 23:00:00,A,PC_HH,A2,EL,2019,65.75,,
ESTAT:ISOC_CI_IN_H(1.0),25/06/26 23:00:00,A,PC_HH,A2,EL,2020,68.77,,
ESTAT:ISOC_CI_IN_H(1.0),25/06/26 23:00:00,A,PC_HH,A2,EL,2021,73.33,,
ESTAT:ISOC_CI_IN_H(1.0),25/06/26 23:00:00,A,PC_HH,A2,EL,2022,75.29,,
ESTAT:ISOC_CI_IN_H(1.0),25/06/26 23:00:00,A,PC_HH,A2,EL,2023,79.29,,
ESTAT:ISOC_CI_IN_H(1.0),25/06/26 23:00:00,A,PC_HH,A2,EL,2024,79.06,,
ESTAT:ISOC_CI_IN_H(1.0),25/06/26 23:00:00,A,PC_HH,A2,EL,2025,80.83,,
ESTAT:ISOC_CI_IN_H(1.0),25/06/26 23:00:00,A,PC_HH,A2,ES,2005,22.32,,
ESTAT:ISOC_CI_IN_H(1.0),25/06/26 23:00:00,A,PC_HH,A2,ES,2006,23.59,,
ESTAT:ISOC_CI_IN_H(1.0),25/06/26 23:00:00,A,PC_HH,A2,ES,2007,28.71,,
ESTAT:ISOC_CI_IN_H(1.0),25/06/26 23:00:00,A,PC_HH,A2,ES,2008,35.89,,
ESTAT:ISOC_CI_IN_H(1.0),25/06/26 23:00:00,A,PC_HH,A2,ES,2009,38.54,,
ESTAT:ISOC_CI_IN_H(1.0),25/06/26 23:00:00,A,PC_HH,A2,ES,2010,44.14,,
ESTAT:ISOC_CI_IN_H(1.0),25/06/26 23:00:00,A,PC_HH,A2,ES,2011,48.04,,
ESTAT:ISOC_CI_IN_H(1.0),25/06/26 23:00:00,A,PC_HH,A2,ES,2012,53.29,,
ESTAT:ISOC_CI_IN_H(1.0),25/06/26 23:00:00,A,PC_HH,A2,ES,2013,57.91,,
ESTAT:ISOC_CI_IN_H(1.0),25/06/26 23:00:00,A,PC_HH,A2,ES,2014,63.10,,
ESTAT:ISOC_CI_IN_H(1.0),25/06/26 23:00:00,A,PC_HH,A2,ES,2015,67.97,,
ESTAT:ISOC_CI_IN_H(1.0),25/06/26 23:00:00,A,PC_HH,A2,ES,2016,72.33,,
ESTAT:ISOC_CI_IN_H(1.0),25/06/26 23:00:00,A,PC_HH,A2,ES,2017,74.32,,
ESTAT:ISOC_CI_IN_H(1.0),25/06/26 23:00:00,A,PC_HH,A2,ES,2018,77.78,,
ESTAT:ISOC_CI_IN_H(1.0),25/06/26 23:00:00,A,PC_HH,A2,ES,2019,85.51,,
ESTAT:ISOC_CI_IN_H(1.0),25/06/26 23:00:00,A,PC_HH,A2,ES,2020,93.54,,
ESTAT:ISOC_CI_IN_H(1.0),25/06/26 23:00:00,A,PC_HH,A2,ES,2021,93.57,,
ESTAT:ISOC_CI_IN_H(1.0),25/06/26 23:00:00,A,PC_HH,A2,ES,2022,93.38,,
ESTAT:ISOC_CI_IN_H(1.0),25/06/26 23:00:00,A,PC_HH,A2,ES,2023,93.85,,
ESTAT:ISOC_CI_IN_H(1.0),25/06/26 23:00:00,A,PC_HH,A2,ES,2024,94.26,,
ESTAT:ISOC_CI_IN_H(1.0),25/06/26 23:00:00,A,PC_HH,A2,ES,2025,95.90,,
ESTAT:ISOC_CI_IN_H(1.0),25/06/26 23:00:00,A,PC_HH,A2,EU15,2002,32.80,,
ESTAT:ISOC_CI_IN_H(1.0),25/06/26 23:00:00,A,PC_HH,A2,EU15,2003,38.51,,
ESTAT:ISOC_CI_IN_H(1.0),25/06/26 23:00:00,A,PC_HH,A2,EU15,2004,40.99,,
ESTAT:ISOC_CI_IN_H(1.0),25/06/26 23:00:00,A,PC_HH,A2,EU15,2005,47.99,,
ESTAT:ISOC_CI_IN_H(1.0),25/06/26 23:00:00,A,PC_HH,A2,EU15,2006,49.35,,
ESTAT:ISOC_CI_IN_H(1.0),25/06/26 23:00:00,A,PC_HH,A2,EU15,2007,54.16,,
ESTAT:ISOC_CI_IN_H(1.0),25/06/26 23:00:00,A,PC_HH,A2,EU15,2008,60.40,,
ESTAT:ISOC_CI_IN_H(1.0),25/06/26 23:00:00,A,PC_HH,A2,EU15,2009,64.55,,
ESTAT:ISOC_CI_IN_H(1.0),25/06/26 23:00:00,A,PC_HH,A2,EU15,2010,68.48,,
ESTAT:ISOC_CI_IN_H(1.0),25/06/26 23:00:00,A,PC_HH,A2,EU15,2011,71.59,,
ESTAT:ISOC_CI_IN_H(1.0),25/06/26 23:00:00,A,PC_HH,A2,EU15,2012,75.01,,
ESTAT:ISOC_CI_IN_H(1.0),25/06/26 23:00:00,A,PC_HH,A2,EU15,2013,77.58,,
ESTAT:ISOC_CI_IN_H(1.0),25/06/26 23:00:00,A,PC_HH,A2,EU15,2014,80.73,,
ESTAT:ISOC_CI_IN_H(1.0),25/06/26 23:00:00,A,PC_HH,A2,EU15,2015,82.35,,
ESTAT:ISOC_CI_IN_H(1.0),25/06/26 23:00:00,A,PC_HH,A2,EU15,2016,85.46,,
ESTAT:ISOC_CI_IN_H(1.0),25/06/26 23:00:00,A,PC_HH,A2,EU15,2017,86.59,,
ESTAT:ISOC_CI_IN_H(1.0),25/06/26 23:00:00,A,PC_HH,A2,EU15,2018,88.91,,
ESTAT:ISOC_CI_IN_H(1.0),25/06/26 23:00:00,A,PC_HH,A2,EU25,2004,36.95,,
ESTAT:ISOC_CI_IN_H(1.0),25/06/26 23:00:00,A,PC_HH,A2,EU25,2005,43.56,,
ESTAT:ISOC_CI_IN_H(1.0),25/06/26 23:00:00,A,PC_HH,A2,EU25,2006,46.04,,
ESTAT:ISOC_CI_IN_H(1.0),25/06/26 23:00:00,A,PC_HH,A2,EU25,2007,50.79,,
ESTAT:ISOC_CI_IN_H(1.0),25/06/26 23:00:00,A,PC_HH,A2,EU25,2008,57.18,,
ESTAT:ISOC_CI_IN_H(1.0),25/06/26 23:00:00,A,PC_HH,A2,EU25,2009,61.82,,
ESTAT:ISOC_CI_IN_H(1.0),25/06/26 23:00:00,A,PC_HH,A2,EU25,2010,65.90,,
ESTAT:ISOC_CI_IN_H(1.0),25/06/26 23:00:00,A,PC_HH,A2,EU27_2007,2004,36.31,,
ESTAT:ISOC_CI_IN_H(1.0),25/06/26 23:00:00,A,PC_HH,A2,EU27_2007,2005,43.56,,
ESTAT:ISOC_CI_IN_H(1.0),25/06/26 23:00:00,A,PC_HH,A2,EU27_2007,2006,44.96,,
ESTAT:ISOC_CI_IN_H(1.0),25/06/26 23:00:00,A,PC_HH,A2,EU27_2007,2007,48.98,,
ESTAT:ISOC_CI_IN_H(1.0),25/06/26 23:00:00,A,PC_HH,A2,EU27_2007,2008,55.25,,
ESTAT:ISOC_CI_IN_H(1.0),25/06/26 23:00:00,A,PC_HH,A2,EU27_2007,2009,59.95,,
ESTAT:ISOC_CI_IN_H(1.0),25/06/26 23:00:00,A,PC_HH,A2,EU27_2007,2010,64.03,,
ESTAT:ISOC_CI_IN_H(1.0),25/06/26 23:00:00,A,PC_HH,A2,EU27_2007,2011,67.60,,
ESTAT:ISOC_CI_IN_H(1.0),25/06/26 23:00:00,A,PC_HH,A2,EU27_2007,2012,71.37,,
ESTAT:ISOC_CI_IN_H(1.0),25/06/26 23:00:00,A,PC_HH,A2,EU27_2007,2013,73.79,,
ESTAT:ISOC_CI_IN_H(1.0),25/06/26 23:00:00,A,PC_HH,A2,EU27_2007,2014,77.09,,
ESTAT:ISOC_CI_IN_H(1.0),25/06/26 23:00:00,A,PC_HH,A2,EU27_2007,2015,78.96,,
ESTAT:ISOC_CI_IN_H(1.0),25/06/26 23:00:00,A,PC_HH,A2,EU27_2007,2016,82.48,,
ESTAT:ISOC_CI_IN_H(1.0),25/06/26 23:00:00,A,PC_HH,A2,EU27_2007,2017,83.99,,
ESTAT:ISOC_CI_IN_H(1.0),25/06/26 23:00:00,A,PC_HH,A2,EU27_2007,2018,86.68,,
ESTAT:ISOC_CI_IN_H(1.0),25/06/26 23:00:00,A,PC_HH,A2,EU27_2020,2007,45.34,,
ESTAT:ISOC_CI_IN_H(1.0),25/06/26 23:00:00,A,PC_HH,A2,EU27_2020,2008,52.02,,
ESTAT:ISOC_CI_IN_H(1.0),25/06/26 23:00:00,A,PC_HH,A2,EU27_2020,2009,56.61,,
ESTAT:ISOC_CI_IN_H(1.0),25/06/26 23:00:00,A,PC_HH,A2,EU27_2020,2010,61.13,,
ESTAT:ISOC_CI_IN_H(1.0),25/06/26 23:00:00,A,PC_HH,A2,EU27_2020,2011,65.10,,
ESTAT:ISOC_CI_IN_H(1.0),25/06/26 23:00:00,A,PC_HH,A2,EU27_2020,2012,68.36,,
ESTAT:ISOC_CI_IN_H(1.0),25/06/26 23:00:00,A,PC_HH,A2,EU27_2020,2013,71.23,,
ESTAT:ISOC_CI_IN_H(1.0),25/06/26 23:00:00,A,PC_HH,A2,EU27_2020,2014,74.04,,
ESTAT:ISOC_CI_IN_H(1.0),25/06/26 23:00:00,A,PC_HH,A2,EU27_2020,2015,76.40,,
ESTAT:ISOC_CI_IN_H(1.0),25/06/26 23:00:00,A,PC_HH,A2,EU27_2020,2016,80.14,,
ESTAT:ISOC_CI_IN_H(1.0),25/06/26 23:00:00,A,PC_HH,A2,EU27_2020,2017,81.98,,
ESTAT:ISOC_CI_IN_H(1.0),25/06/26 23:00:00,A,PC_HH,A2,EU27_2020,2018,85.02,,
ESTAT:ISOC_CI_IN_H(1.0),25/06/26 23:00:00,A,PC_HH,A2,EU27_2020,2019,87.21,,
ESTAT:ISOC_CI_IN_H(1.0),25/06/26 23:00:00,A,PC_HH,A2,EU27_2020,2020,90.01,e,
ESTAT:ISOC_CI_IN_H(1.0),25/06/26 23:00:00,A,PC_HH,A2,EU27_2020,2021,90.79,b,
ESTAT:ISOC_CI_IN_H(1.0),25/06/26 23:00:00,A,PC_HH,A2,EU27_2020,2022,91.47,,
ESTAT:ISOC_CI_IN_H(1.0),25/06/26 23:00:00,A,PC_HH,A2,EU27_2020,2023,92.46,,
ESTAT:ISOC_CI_IN_H(1.0),25/06/26 23:00:00,A,PC_HH,A2,EU27_2020,2024,93.98,,
ESTAT:ISOC_CI_IN_H(1.0),25/06/26 23:00:00,A,PC_HH,A2,EU27_2020,2025,94.64,,
ESTAT:ISOC_CI_IN_H(1.0),25/06/26 23:00:00,A,PC_HH,A2,EU28,2007,48.83,,
ESTAT:ISOC_CI_IN_H(1.0),25/06/26 23:00:00,A,PC_HH,A2,EU28,2008,55.11,,
ESTAT:ISOC_CI_IN_H(1.0),25/06/26 23:00:00,A,PC_HH,A2,EU28,2009,59.80,,
ESTAT:ISOC_CI_IN_H(1.0),25/06/26 23:00:00,A,PC_HH,A2,EU28,2010,63.86,,
ESTAT:ISOC_CI_IN_H(1.0),25/06/26 23:00:00,A,PC_HH,A2,EU28,2011,67.44,,
ESTAT:ISOC_CI_IN_H(1.0),25/06/26 23:00:00,A,PC_HH,A2,EU28,2012,71.22,,
ESTAT:ISOC_CI_IN_H(1.0),25/06/26 23:00:00,A,PC_HH,A2,EU28,2013,73.61,,
ESTAT:ISOC_CI_IN_H(1.0),25/06/26 23:00:00,A,PC_HH,A2,EU28,2014,76.92,,
ESTAT:ISOC_CI_IN_H(1.0),25/06/26 23:00:00,A,PC_HH,A2,EU28,2015,78.83,,
ESTAT:ISOC_CI_IN_H(1.0),25/06/26 23:00:00,A,PC_HH,A2,EU28,2016,82.32,,
ESTAT:ISOC_CI_IN_H(1.0),25/06/26 23:00:00,A,PC_HH,A2,EU28,2017,83.83,,
ESTAT:ISOC_CI_IN_H(1.0),25/06/26 23:00:00,A,PC_HH,A2,EU28,2018,86.54,,
ESTAT:ISOC_CI_IN_H(1.0),25/06/26 23:00:00,A,PC_HH,A2,EU28,2019,88.48,,
ESTAT:ISOC_CI_IN_H(1.0),25/06/26 23:00:00,A,PC_HH,A2,FI,2002,41.08,,
ESTAT:ISOC_CI_IN_H(1.0),25/06/26 23:00:00,A,PC_HH,A2,FI,2003,45.98,,
ESTAT:ISOC_CI_IN_H(1.0),25/06/26 23:00:00,A,PC_HH,A2,FI,2004,49.40,,
ESTAT:ISOC_CI_IN_H(1.0),25/06/26 23:00:00,A,PC_HH,A2,FI,2005,53.89,,
ESTAT:ISOC_CI_IN_H(1.0),25/06/26 23:00:00,A,PC_HH,A2,FI,2006,62.12,,
ESTAT:ISOC_CI_IN_H(1.0),25/06/26 23:00:00,A,PC_HH,A2,FI,2007,67.87,,
ESTAT:ISOC_CI_IN_H(1.0),25/06/26 23:00:00,A,PC_HH,A2,FI,2008,74.38,,
ESTAT:ISOC_CI_IN_H(1.0),25/06/26 23:00:00,A,PC_HH,A2,FI,2009,80.64,,
ESTAT:ISOC_CI_IN_H(1.0),25/06/26 23:00:00,A,PC_HH,A2,FI,2010,82.99,,
ESTAT:ISOC_CI_IN_H(1.0),25/06/26 23:00:00,A,PC_HH,A2,FI,2011,86.22,,
ESTAT:ISOC_CI_IN_H(1.0),25/06/26 23:00:00,A,PC_HH,A2,FI,2012,88.03,,
ESTAT:ISOC_CI_IN_H(1.0),25/06/26 23:00:00,A,PC_HH,A2,FI,2013,92.13,,
ESTAT:ISOC_CI_IN_H(1.0),25/06/26 23:00:00,A,PC_HH,A2,FI,2014,93.12,,
ESTAT:ISOC_CI_IN_H(1.0),25/06/26 23:00:00,A,PC_HH,A2,FI,2015,92.57,,
ESTAT:ISOC_CI_IN_H(1.0),25/06/26 23:00:00,A,PC_HH,A2,FI,2016,95.12,,
ESTAT:ISOC_CI_IN_H(1.0),25/06/26 23:00:00,A,PC_HH,A2,FI,2017,95.80,,
ESTAT:ISOC_CI_IN_H(1.0),25/06/26 23:00:00,A,PC_HH,A2,FI,2018,96.21,,
ESTAT:ISOC_CI_IN_H(1.0),25/06/26 23:00:00,A,PC_HH,A2,FI,2019,95.53,,
ESTAT:ISOC_CI_IN_H(1.0),25/06/26 23:00:00,A,PC_HH,A2,FI,2020,98.03,,
ESTAT:ISOC_CI_IN_H(1.0),25/06/26 23:00:00,A,PC_HH,A2,FI,2021,97.89,,
ESTAT:ISOC_CI_IN_H(1.0),25/06/26 23:00:00,A,PC_HH,A2,FI,2022,98.49,,
ESTAT:ISOC_CI_IN_H(1.0),25/06/26 23:00:00,A,PC_HH,A2,FI,2023,97.88,,
ESTAT:ISOC_CI_IN_H(1.0),25/06/26 23:00:00,A,PC_HH,A2,FI,2024,98.48,,
ESTAT:ISOC_CI_IN_H(1.0),25/06/26 23:00:00,A,PC_HH,A2,FI,2025,97.73,,
ESTAT:ISOC_CI_IN_H(1.0),25/06/26 23:00:00,A,PC_HH,A2,FR,2002,21.95,,
ESTAT:ISOC_CI_IN_H(1.0),25/06/26 23:00:00,A,PC_HH,A2,FR,2003,23.81,,
ESTAT:ISOC_CI_IN_H(1.0),25/06/26 23:00:00,A,PC_HH,A2,FR,2004,27.46,,
ESTAT:ISOC_CI_IN_H(1.0),25/06/26 23:00:00,A,PC_HH,A2,FR,2006,34.30,,
ESTAT:ISOC_CI_IN_H(1.0),25/06/26 23:00:00,A,PC_HH,A2,FR,2007,46.89,,
ESTAT:ISOC_CI_IN_H(1.0),25/06/26 23:00:00,A,PC_HH,A2,FR,2008,57.75,,
ESTAT:ISOC_CI_IN_H(1.0),25/06/26 23:00:00,A,PC_HH,A2,FR,2009,62.35,,
ESTAT:ISOC_CI_IN_H(1.0),25/06/26 23:00:00,A,PC_HH,A2,FR,2010,67.71,,
ESTAT:ISOC_CI_IN_H(1.0),25/06/26 23:00:00,A,PC_HH,A2,FR,2011,73.83,,
ESTAT:ISOC_CI_IN_H(1.0),25/06/26 23:00:00,A,PC_HH,A2,FR,2012,76.66,,
ESTAT:ISOC_CI_IN_H(1.0),25/06/26 23:00:00,A,PC_HH,A2,FR,2013,80.20,,
ESTAT:ISOC_CI_IN_H(1.0),25/06/26 23:00:00,A,PC_HH,A2,FR,2014,81.99,,
ESTAT:ISOC_CI_IN_H(1.0),25/06/26 23:00:00,A,PC_HH,A2,FR,2015,82.08,,
ESTAT:ISOC_CI_IN_H(1.0),25/06/26 23:00:00,A,PC_HH,A2,FR,2016,85.45,,
ESTAT:ISOC_CI_IN_H(1.0),25/06/26 23:00:00,A,PC_HH,A2,FR,2017,87.05,,
ESTAT:ISOC_CI_IN_H(1.0),25/06/26 23:00:00,A,PC_HH,A2,FR,2018,89.23,,
ESTAT:ISOC_CI_IN_H(1.0),25/06/26 23:00:00,A,PC_HH,A2,FR,2019,90.70,,
ESTAT:ISOC_CI_IN_H(1.0),25/06/26 23:00:00,A,PC_HH,A2,FR,2021,94.98,,
ESTAT:ISOC_CI_IN_H(1.0),25/06/26 23:00:00,A,PC_HH,A2,FR,2022,93.85,,
ESTAT:ISOC_CI_IN_H(1.0),25/06/26 23:00:00,A,PC_HH,A2,FR,2023,95.70,,
ESTAT:ISOC_CI_IN_H(1.0),25/06/26 23:00:00,A,PC_HH,A2,FR,2024,96.07,,
ESTAT:ISOC_CI_IN_H(1.0),25/06/26 23:00:00,A,PC_HH,A2,FR,2025,95.69,,
ESTAT:ISOC_CI_IN_H(1.0),25/06/26 23:00:00,A,PC_HH,A2,HR,2007,23.48,,
ESTAT:ISOC_CI_IN_H(1.0),25/06/26 23:00:00,A,PC_HH,A2,HR,2008,29.45,,
ESTAT:ISOC_CI_IN_H(1.0),25/06/26 23:00:00,A,PC_HH,A2,HR,2009,34.44,,
ESTAT:ISOC_CI_IN_H(1.0),25/06/26 23:00:00,A,PC_HH,A2,HR,2010,34.19,,
ESTAT:ISOC_CI_IN_H(1.0),25/06/26 23:00:00,A,PC_HH,A2,HR,2011,38.33,,
ESTAT:ISOC_CI_IN_H(1.0),25/06/26 23:00:00,A,PC_HH,A2,HR,2012,45.12,,
ESTAT:ISOC_CI_IN_H(1.0),25/06/26 23:00:00,A,PC_HH,A2,HR,2013,47.25,,
ESTAT:ISOC_CI_IN_H(1.0),25/06/26 23:00:00,A,PC_HH,A2,HR,2014,48.72,,
ESTAT:ISOC_CI_IN_H(1.0),25/06/26 23:00:00,A,PC_HH,A2,HR,2015,52.55,,
ESTAT:ISOC_CI_IN_H(1.0),25/06/26 23:00:00,A,PC_HH,A2,HR,2016,55.06,,
ESTAT:ISOC_CI_IN_H(1.0),25/06/26 23:00:00,A,PC_HH,A2,HR,2017,56.20,,
ESTAT:ISOC_CI_IN_H(1.0),25/06/26 23:00:00,A,PC_HH,A2,HR,2018,62.28,,
ESTAT:ISOC_CI_IN_H(1.0),25/06/26 23:00:00,A,PC_HH,A2,HR,2019,66.37,,
ESTAT:ISOC_CI_IN_H(1.0),25/06/26 23:00:00,A,PC_HH,A2,HR,2020,75.24,,
ESTAT:ISOC_CI_IN_H(1.0),25/06/26 23:00:00,A,PC_HH,A2,HR,2021,76.80,,
ESTAT:ISOC_CI_IN_H(1.0),25/06/26 23:00:00,A,PC_HH,A2,HR,2022,78.22,,
ESTAT:ISOC_CI_IN_H(1.0),25/06/26 23:00:00,A,PC_HH,A2,HR,2023,84.54,,
ESTAT:ISOC_CI_IN_H(1.0),25/06/26 23:00:00,A,PC_HH,A2,HR,2024,83.33,,
ESTAT:ISOC_CI_IN_H(1.0),25/06/26 23:00:00,A,PC_HH,A2,HR,2025,82.31,,
ESTAT:ISOC_CI_IN_H(1.0),25/06/26 23:00:00,A,PC_HH,A2,HU,2004,7.82,,
ESTAT:ISOC_CI_IN_H(1.0),25/06/26 23:00:00,A,PC_HH,A2,HU,2005,15.22,,
ESTAT:ISOC_CI_IN_H(1.0),25/06/26 23:00:00,A,PC_HH,A2,HU,2006,24.41,,
ESTAT:ISOC_CI_IN_H(1.0),25/06/26 23:00:00,A,PC_HH,A2,HU,2007,28.23,,
ESTAT:ISOC_CI_IN_H(1.0),25/06/26 23:00:00,A,PC_HH,A2,HU,2008,35.01,,
ESTAT:ISOC_CI_IN_H(1.0),25/06/26 23:00:00,A,PC_HH,A2,HU,2009,40.55,,
ESTAT:ISOC_CI_IN_H(1.0),25/06/26 23:00:00,A,PC_HH,A2,HU,2010,47.73,,
ESTAT:ISOC_CI_IN_H(1.0),25/06/26 23:00:00,A,PC_HH,A2,HU,2011,54.33,,
ESTAT:ISOC_CI_IN_H(1.0),25/06/26 23:00:00,A,PC_HH,A2,HU,2012,59.04,,
ESTAT:ISOC_CI_IN_H(1.0),25/06/26 23:00:00,A,PC_HH,A2,HU,2013,62.12,,
ESTAT:ISOC_CI_IN_H(1.0),25/06/26 23:00:00,A,PC_HH,A2,HU,2014,67.77,,
ESTAT:ISOC_CI_IN_H(1.0),25/06/26 23:00:00,A,PC_HH,A2,HU,2015,70.64,,
ESTAT:ISOC_CI_IN_H(1.0),25/06/26 23:00:00,A,PC_HH,A2,HU,2016,74.08,,
ESTAT:ISOC_CI_IN_H(1.0),25/06/26 23:00:00,A,PC_HH,A2,HU,2017,79.07,,
ESTAT:ISOC_CI_IN_H(1.0),25/06/26 23:00:00,A,PC_HH,A2,HU,2018,80.11,,
ESTAT:ISOC_CI_IN_H(1.0),25/06/26 23:00:00,A,PC_HH,A2,HU,2019,83.25,,
ESTAT:ISOC_CI_IN_H(1.0),25/06/26 23:00:00,A,PC_HH,A2,HU,2020,85.87,,
ESTAT:ISOC_CI_IN_H(1.0),25/06/26 23:00:00,A,PC_HH,A2,HU,2021,88.69,,
ESTAT:ISOC_CI_IN_H(1.0),25/06/26 23:00:00,A,PC_HH,A2,HU,2022,92.38,,
ESTAT:ISOC_CI_IN_H(1.0),25/06/26 23:00:00,A,PC_HH,A2,HU,2023,92.31,,
ESTAT:ISOC_CI_IN_H(1.0),25/06/26 23:00:00,A,PC_HH,A2,HU,2024,93.25,,
ESTAT:ISOC_CI_IN_H(1.0),25/06/26 23:00:00,A,PC_HH,A2,HU,2025,92.97,,
ESTAT:ISOC_CI_IN_H(1.0),25/06/26 23:00:00,A,PC_HH,A2,IE,2003,28.37,,
ESTAT:ISOC_CI_IN_H(1.0),25/06/26 23:00:00,A,PC_HH,A2,IE,2004,32.15,,
ESTAT:ISOC_CI_IN_H(1.0),25/06/26 23:00:00,A,PC_HH,A2,IE,2005,38.95,,
ESTAT:ISOC_CI_IN_H(1.0),25/06/26 23:00:00,A,PC_HH,A2,IE,2006,44.89,,
ESTAT:ISOC_CI_IN_H(1.0),25/06/26 23:00:00,A,PC_HH,A2,IE,2007,49.41,,
ESTAT:ISOC_CI_IN_H(1.0),25/06/26 23:00:00,A,PC_HH,A2,IE,2008,54.44,,
ESTAT:ISOC_CI_IN_H(1.0),25/06/26 23:00:00,A,PC_HH,A2,IE,2009,59.23,,
ESTAT:ISOC_CI_IN_H(1.0),25/06/26 23:00:00,A,PC_HH,A2,IE,2010,66.37,,
ESTAT:ISOC_CI_IN_H(1.0),25/06/26 23:00:00,A,PC_HH,A2,IE,2011,71.96,,
ESTAT:ISOC_CI_IN_H(1.0),25/06/26 23:00:00,A,PC_HH,A2,IE,2012,74.21,,
ESTAT:ISOC_CI_IN_H(1.0),25/06/26 23:00:00,A,PC_HH,A2,IE,2013,78.35,,
ESTAT:ISOC_CI_IN_H(1.0),25/06/26 23:00:00,A,PC_HH,A2,IE,2014,76.40,,
ESTAT:ISOC_CI_IN_H(1.0),25/06/26 23:00:00,A,PC_HH,A2,IE,2015,80.47,,
ESTAT:ISOC_CI_IN_H(1.0),25/06/26 23:00:00,A,PC_HH,A2,IE,2016,83.51,,
ESTAT:ISOC_CI_IN_H(1.0),25/06/26 23:00:00,A,PC_HH,A2,IE,2017,84.76,,
ESTAT:ISOC_CI_IN_H(1.0),25/06/26 23:00:00,A,PC_HH,A2,IE,2018,87.51,,
ESTAT:ISOC_CI_IN_H(1.0),25/06/26 23:00:00,A,PC_HH,A2,IE,2019,89.26,,
ESTAT:ISOC_CI_IN_H(1.0),25/06/26 23:00:00,A,PC_HH,A2,IE,2020,90.65,,
ESTAT:ISOC_CI_IN_H(1.0),25/06/26 23:00:00,A,PC_HH,A2,IE,2021,98.69,b,
ESTAT:ISOC_CI_IN_H(1.0),25/06/26 23:00:00,A,PC_HH,A2,IE,2022,,u,
ESTAT:ISOC_CI_IN_H(1.0),25/06/26 23:00:00,A,PC_HH,A2,IE,2023,95.13,,
ESTAT:ISOC_CI_IN_H(1.0),25/06/26 23:00:00,A,PC_HH,A2,IE,2024,94.19,,
ESTAT:ISOC_CI_IN_H(1.0),25/06/26 23:00:00,A,PC_HH,A2,IE,2025,97.23,,
ESTAT:ISOC_CI_IN_H(1.0),25/06/26 23:00:00,A,PC_HH,A2,IS,2004,68.83,,
ESTAT:ISOC_CI_IN_H(1.0),25/06/26 23:00:00,A,PC_HH,A2,IS,2005,71.78,,
ESTAT:ISOC_CI_IN_H(1.0),25/06/26 23:00:00,A,PC_HH,A2,IS,2006,80.09,,
ESTAT:ISOC_CI_IN_H(1.0),25/06/26 23:00:00,A,PC_HH,A2,IS,2007,84.30,,
ESTAT:ISOC_CI_IN_H(1.0),25/06/26 23:00:00,A,PC_HH,A2,IS,2008,86.18,,
ESTAT:ISOC_CI_IN_H(1.0),25/06/26 23:00:00,A,PC_HH,A2,IS,2009,85.71,,
ESTAT:ISOC_CI_IN_H(1.0),25/06/26 23:00:00,A,PC_HH,A2,IS,2010,92.94,,
ESTAT:ISOC_CI_IN_H(1.0),25/06/26 23:00:00,A,PC_HH,A2,IS,2011,93.85,,
ESTAT:ISOC_CI_IN_H(1.0),25/06/26 23:00:00,A,PC_HH,A2,IS,2012,97.45,,
ESTAT:ISOC_CI_IN_H(1.0),25/06/26 23:00:00,A,PC_HH,A2,IS,2013,96.15,,
ESTAT:ISOC_CI_IN_H(1.0),25/06/26 23:00:00,A,PC_HH,A2,IS,2014,98.30,,
ESTAT:ISOC_CI_IN_H(1.0),25/06/26 23:00:00,A,PC_HH,A2,IS,2017,98.34,,
ESTAT:ISOC_CI_IN_H(1.0),25/06/26 23:00:00,A,PC_HH,A2,IS,2018,99.04,,
ESTAT:ISOC_CI_IN_H(1.0),25/06/26 23:00:00,A,PC_HH,A2,IS,2019,98.64,,
ESTAT:ISOC_CI_IN_H(1.0),25/06/26 23:00:00,A,PC_HH,A2,IS,2020,99.09,,
ESTAT:ISOC_CI_IN_H(1.0),25/06/26 23:00:00,A,PC_HH,A2,IS,2021,98.64,,
ESTAT:ISOC_CI_IN_H(1.0),25/06/26 23:00:00,A,PC_HH,A2,IT,2002,16.13,,
ESTAT:ISOC_CI_IN_H(1.0),25/06/26 23:00:00,A,PC_HH,A2,IT,2003,22.42,,
ESTAT:ISOC_CI_IN_H(1.0),25/06/26 23:00:00,A,PC_HH,A2,IT,2004,20.47,,
ESTAT:ISOC_CI_IN_H(1.0),25/06/26 23:00:00,A,PC_HH,A2,IT,2005,24.94,,
ESTAT:ISOC_CI_IN_H(1.0),25/06/26 23:00:00,A,PC_HH,A2,IT,2006,26.30,,
ESTAT:ISOC_CI_IN_H(1.0),25/06/26 23:00:00,A,PC_HH,A2,IT,2007,28.75,,
ESTAT:ISOC_CI_IN_H(1.0),25/06/26 23:00:00,A,PC_HH,A2,IT,2008,33.38,,
ESTAT:ISOC_CI_IN_H(1.0),25/06/26 23:00:00,A,PC_HH,A2,IT,2009,37.83,,
ESTAT:ISOC_CI_IN_H(1.0),25/06/26 23:00:00,A,PC_HH,A2,IT,2010,44.30,,
ESTAT:ISOC_CI_IN_H(1.0),25/06/26 23:00:00,A,PC_HH,A2,IT,2011,46.93,,
ESTAT:ISOC_CI_IN_H(1.0),25/06/26 23:00:00,A,PC_HH,A2,IT,2012,49.75,,
ESTAT:ISOC_CI_IN_H(1.0),25/06/26 23:00:00,A,PC_HH,A2,IT,2013,54.90,,
ESTAT:ISOC_CI_IN_H(1.0),25/06/26 23:00:00,A,PC_HH,A2,IT,2014,58.63,,
ESTAT:ISOC_CI_IN_H(1.0),25/06/26 23:00:00,A,PC_HH,A2,IT,2015,62.79,,
ESTAT:ISOC_CI_IN_H(1.0),25/06/26 23:00:00,A,PC_HH,A2,IT,2016,67.02,,
ESTAT:ISOC_CI_IN_H(1.0),25/06/26 23:00:00,A,PC_HH,A2,IT,2017,70.07,,
ESTAT:ISOC_CI_IN_H(1.0),25/06/26 23:00:00,A,PC_HH,A2,IT,2018,77.25,,
ESTAT:ISOC_CI_IN_H(1.0),25/06/26 23:00:00,A,PC_HH,A2,IT,2019,78.58,,
ESTAT:ISOC_CI_IN_H(1.0),25/06/26 23:00:00,A,PC_HH,A2,IT,2020,83.41,,
ESTAT:ISOC_CI_IN_H(1.0),25/06/26 23:00:00,A,PC_HH,A2,IT,2021,86.06,,
ESTAT:ISOC_CI_IN_H(1.0),25/06/26 23:00:00,A,PC_HH,A2,IT,2022,87.20,,
ESTAT:ISOC_CI_IN_H(1.0),25/06/26 23:00:00,A,PC_HH,A2,IT,2023,88.78,,
ESTAT:ISOC_CI_IN_H(1.0),25/06/26 23:00:00,A,PC_HH,A2,IT,2024,91.25,,
ESTAT:ISOC_CI_IN_H(1.0),25/06/26 23:00:00,A,PC_HH,A2,IT,2025,93.01,,
ESTAT:ISOC_CI_IN_H(1.0),25/06/26 23:00:00,A,PC_HH,A2,LT,2004,7.38,,
ESTAT:ISOC_CI_IN_H(1.0),25/06/26 23:00:00,A,PC_HH,A2,LT,2005,10.81,,
ESTAT:ISOC_CI_IN_H(1.0),25/06/26 23:00:00,A,PC_HH,A2,LT,2006,21.19,,
ESTAT:ISOC_CI_IN_H(1.0),25/06/26 23:00:00,A,PC_HH,A2,LT,2007,26.21,,
ESTAT:ISOC_CI_IN_H(1.0),25/06/26 23:00:00,A,PC_HH,A2,LT,2008,38.68,,
ESTAT:ISOC_CI_IN_H(1.0),25/06/26 23:00:00,A,PC_HH,A2,LT,2009,50.82,,
ESTAT:ISOC_CI_IN_H(1.0),25/06/26 23:00:00,A,PC_HH,A2,LT,2010,53.74,,
ESTAT:ISOC_CI_IN_H(1.0),25/06/26 23:00:00,A,PC_HH,A2,LT,2011,48.83,,
ESTAT:ISOC_CI_IN_H(1.0),25/06/26 23:00:00,A,PC_HH,A2,LT,2012,53.13,,
ESTAT:ISOC_CI_IN_H(1.0),25/06/26 23:00:00,A,PC_HH,A2,LT,2013,58.39,,
ESTAT:ISOC_CI_IN_H(1.0),25/06/26 23:00:00,A,PC_HH,A2,LT,2014,53.13,,
ESTAT:ISOC_CI_IN_H(1.0),25/06/26 23:00:00,A,PC_HH,A2,LT,2015,62.19,,
ESTAT:ISOC_CI_IN_H(1.0),25/06/26 23:00:00,A,PC_HH,A2,LT,2016,60.69,,
ESTAT:ISOC_CI_IN_H(1.0),25/06/26 23:00:00,A,PC_HH,A2,LT,2017,66.68,,
ESTAT:ISOC_CI_IN_H(1.0),25/06/26 23:00:00,A,PC_HH,A2,LT,2018,69.52,,
ESTAT:ISOC_CI_IN_H(1.0),25/06/26 23:00:00,A,PC_HH,A2,LT,2019,75.83,,
ESTAT:ISOC_CI_IN_H(1.0),25/06/26 23:00:00,A,PC_HH,A2,LT,2020,73.29,,
ESTAT:ISOC_CI_IN_H(1.0),25/06/26 23:00:00,A,PC_HH,A2,LT,2021,81.21,,
ESTAT:ISOC_CI_IN_H(1.0),25/06/26 23:00:00,A,PC_HH,A2,LT,2022,83.21,,
ESTAT:ISOC_CI_IN_H(1.0),25/06/26 23:00:00,A,PC_HH,A2,LT,2023,84.76,,
ESTAT:ISOC_CI_IN_H(1.0),25/06/26 23:00:00,A,PC_HH,A2,LT,2024,89.22,,
ESTAT:ISOC_CI_IN_H(1.0),25/06/26 23:00:00,A,PC_HH,A2,LT,2025,86.59,,
ESTAT:ISOC_CI_IN_H(1.0),25/06/26 23:00:00,A,PC_HH,A2,LU,2002,32.41,,
ESTAT:ISOC_CI_IN_H(1.0),25/06/26 23:00:00,A,PC_HH,A2,LU,2003,37.08,,
ESTAT:ISOC_CI_IN_H(1.0),25/06/26 23:00:00,A,PC_HH,A2,LU,2004,58.11,,
ESTAT:ISOC_CI_IN_H(1.0),25/06/26 23:00:00,A,PC_HH,A2,LU,2005,59.77,,
ESTAT:ISOC_CI_IN_H(1.0),25/06/26 23:00:00,A,PC_HH,A2,LU,2006,64.18,,
ESTAT:ISOC_CI_IN_H(1.0),25/06/26 23:00:00,A,PC_HH,A2,LU,2007,67.16,,
ESTAT:ISOC_CI_IN_H(1.0),25/06/26 23:00:00,A,PC_HH,A2,LU,2008,79.89,,
ESTAT:ISOC_CI_IN_H(1.0),25/06/26 23:00:00,A,PC_HH,A2,LU,2009,85.84,,
ESTAT:ISOC_CI_IN_H(1.0),25/06/26 23:00:00,A,PC_HH,A2,LU,2010,87.53,,
ESTAT:ISOC_CI_IN_H(1.0),25/06/26 23:00:00,A,PC_HH,A2,LU,2011,87.71,,
ESTAT:ISOC_CI_IN_H(1.0),25/06/26 23:00:00,A,PC_HH,A2,LU,2012,92.61,,
ESTAT:ISOC_CI_IN_H(1.0),25/06/26 23:00:00,A,PC_HH,A2,LU,2013,95.52,,
ESTAT:ISOC_CI_IN_H(1.0),25/06/26 23:00:00,A,PC_HH,A2,LU,2014,96.02,,
ESTAT:ISOC_CI_IN_H(1.0),25/06/26 23:00:00,A,PC_HH,A2,LU,2015,98.53,,
ESTAT:ISOC_CI_IN_H(1.0),25/06/26 23:00:00,A,PC_HH,A2,LU,2016,96.53,,
ESTAT:ISOC_CI_IN_H(1.0),25/06/26 23:00:00,A,PC_HH,A2,LU,2017,97.12,,
ESTAT:ISOC_CI_IN_H(1.0),25/06/26 23:00:00,A,PC_HH,A2,LU,2018,94.39,b,
ESTAT:ISOC_CI_IN_H(1.0),25/06/26 23:00:00,A,PC_HH,A2,LU,2019,96.17,,
ESTAT:ISOC_CI_IN_H(1.0),25/06/26 23:00:00,A,PC_HH,A2,LU,2020,94.82,,
ESTAT:ISOC_CI_IN_H(1.0),25/06/26 23:00:00,A,PC_HH,A2,LU,2021,99.55,,
ESTAT:ISOC_CI_IN_H(1.0),25/06/26 23:00:00,A,PC_HH,A2,LU,2022,97.83,,
ESTAT:ISOC_CI_IN_H(1.0),25/06/26 23:00:00,A,PC_HH,A2,LU,2023,98.79,,
ESTAT:ISOC_CI_IN_H(1.0),25/06/26 23:00:00,A,PC_HH,A2,LU,2024,98.75,,
ESTAT:ISOC_CI_IN_H(1.0),25/06/26 23:00:00,A,PC_HH,A2,LU,2025,98.56,,
ESTAT:ISOC_CI_IN_H(1.0),25/06/26 23:00:00,A,PC_HH,A2,LV,2004,8.61,,
ESTAT:ISOC_CI_IN_H(1.0),25/06/26 23:00:00,A,PC_HH,A2,LV,2005,21.52,,
ESTAT:ISOC_CI_IN_H(1.0),25/06/26 23:00:00,A,PC_HH,A2,LV,2006,27.70,,
ESTAT:ISOC_CI_IN_H(1.0),25/06/26 23:00:00,A,PC_HH,A2,LV,2007,32.75,,
ESTAT:ISOC_CI_IN_H(1.0),25/06/26 23:00:00,A,PC_HH,A2,LV,2008,36.82,,
ESTAT:ISOC_CI_IN_H(1.0),25/06/26 23:00:00,A,PC_HH,A2,LV,2009,45.15,,
ESTAT:ISOC_CI_IN_H(1.0),25/06/26 23:00:00,A,PC_HH,A2,LV,2010,48.91,,
ESTAT:ISOC_CI_IN_H(1.0),25/06/26 23:00:00,A,PC_HH,A2,LV,2011,54.67,,
ESTAT:ISOC_CI_IN_H(1.0),25/06/26 23:00:00,A,PC_HH,A2,LV,2012,60.90,,
ESTAT:ISOC_CI_IN_H(1.0),25/06/26 23:00:00,A,PC_HH,A2,LV,2013,65.91,,
ESTAT:ISOC_CI_IN_H(1.0),25/06/26 23:00:00,A,PC_HH,A2,LV,2014,67.15,,
ESTAT:ISOC_CI_IN_H(1.0),25/06/26 23:00:00,A,PC_HH,A2,LV,2015,74.60,,
ESTAT:ISOC_CI_IN_H(1.0),25/06/26 23:00:00,A,PC_HH,A2,LV,2016,75.46,b,
ESTAT:ISOC_CI_IN_H(1.0),25/06/26 23:00:00,A,PC_HH,A2,LV,2017,76.41,,
ESTAT:ISOC_CI_IN_H(1.0),25/06/26 23:00:00,A,PC_HH,A2,LV,2018,81.82,,
ESTAT:ISOC_CI_IN_H(1.0),25/06/26 23:00:00,A,PC_HH,A2,LV,2019,85.46,,
ESTAT:ISOC_CI_IN_H(1.0),25/06/26 23:00:00,A,PC_HH,A2,LV,2020,88.20,,
ESTAT:ISOC_CI_IN_H(1.0),25/06/26 23:00:00,A,PC_HH,A2,LV,2021,91.66,,
ESTAT:ISOC_CI_IN_H(1.0),25/06/26 23:00:00,A,PC_HH,A2,LV,2022,92.93,,
ESTAT:ISOC_CI_IN_H(1.0),25/06/26 23:00:00,A,PC_HH,A2,LV,2023,93.65,,
ESTAT:ISOC_CI_IN_H(1.0),25/06/26 23:00:00,A,PC_HH,A2,LV,2024,96.01,,
ESTAT:ISOC_CI_IN_H(1.0),25/06/26 23:00:00,A,PC_HH,A2,LV,2025,95.30,,
ESTAT:ISOC_CI_IN_H(1.0),25/06/26 23:00:00,A,PC_HH,A2,ME,2012,28.72,,
ESTAT:ISOC_CI_IN_H(1.0),25/06/26 23:00:00,A,PC_HH,A2,ME,2017,47.95,,
ESTAT:ISOC_CI_IN_H(1.0),25/06/26 23:00:00,A,PC_HH,A2,ME,2018,53.60,,
ESTAT:ISOC_CI_IN_H(1.0),25/06/26 23:00:00,A,PC_HH,A2,ME,2019,62.07,,
ESTAT:ISOC_CI_IN_H(1.0),25/06/26 23:00:00,A,PC_HH,A2,ME,2020,68.88,,
ESTAT:ISOC_CI_IN_H(1.0),25/06/26 23:00:00,A,PC_HH,A2,ME,2021,68.58,,
ESTAT:ISOC_CI_IN_H(1.0),25/06/26 23:00:00,A,PC_HH,A2,ME,2022,78.82,,
ESTAT:ISOC_CI_IN_H(1.0),25/06/26 23:00:00,A,PC_HH,A2,ME,2023,76.08,,
ESTAT:ISOC_CI_IN_H(1.0),25/06/26 23:00:00,A,PC_HH,A2,ME,2024,76.79,,
ESTAT:ISOC_CI_IN_H(1.0),25/06/26 23:00:00,A,PC_HH,A2,ME,2025,86.85,,
ESTAT:ISOC_CI_IN_H(1.0),25/06/26 23:00:00,A,PC_HH,A2,MK,2004,4.73,,
ESTAT:ISOC_CI_IN_H(1.0),25/06/26 23:00:00,A,PC_HH,A2,MK,2006,5.54,,
ESTAT:ISOC_CI_IN_H(1.0),25/06/26 23:00:00,A,PC_HH,A2,MK,2008,10.45,,
ESTAT:ISOC_CI_IN_H(1.0),25/06/26 23:00:00,A,PC_HH,A2,MK,2009,15.14,,
ESTAT:ISOC_CI_IN_H(1.0),25/06/26 23:00:00,A,PC_HH,A2,MK,2010,17.20,,
ESTAT:ISOC_CI_IN_H(1.0),25/06/26 23:00:00,A,PC_HH,A2,MK,2012,20.48,,
ESTAT:ISOC_CI_IN_H(1.0),25/06/26 23:00:00,A,PC_HH,A2,MK,2013,27.23,,
ESTAT:ISOC_CI_IN_H(1.0),25/06/26 23:00:00,A,PC_HH,A2,MK,2014,27.19,,
ESTAT:ISOC_CI_IN_H(1.0),25/06/26 23:00:00,A,PC_HH,A2,MK,2015,31.35,,
ESTAT:ISOC_CI_IN_H(1.0),25/06/26 23:00:00,A,PC_HH,A2,MK,2016,53.19,,
ESTAT:ISOC_CI_IN_H(1.0),25/06/26 23:00:00,A,PC_HH,A2,MK,2017,44.84,,
ESTAT:ISOC_CI_IN_H(1.0),25/06/26 23:00:00,A,PC_HH,A2,MK,2018,56.00,,
ESTAT:ISOC_CI_IN_H(1.0),25/06/26 23:00:00,A,PC_HH,A2,MK,2019,58.96,,
ESTAT:ISOC_CI_IN_H(1.0),25/06/26 23:00:00,A,PC_HH,A2,MK,2020,63.81,,
ESTAT:ISOC_CI_IN_H(1.0),25/06/26 23:00:00,A,PC_HH,A2,MK,2021,72.28,,
ESTAT:ISOC_CI_IN_H(1.0),25/06/26 23:00:00,A,PC_HH,A2,MK,2024,86.16,,
ESTAT:ISOC_CI_IN_H(1.0),25/06/26 23:00:00,A,PC_HH,A2,MK,2025,85.65,,
ESTAT:ISOC_CI_IN_H(1.0),25/06/26 23:00:00,A,PC_HH,A2,MT,2005,24.84,,
ESTAT:ISOC_CI_IN_H(1.0),25/06/26 23:00:00,A,PC_HH,A2,MT,2006,56.48,,
ESTAT:ISOC_CI_IN_H(1.0),25/06/26 23:00:00,A,PC_HH,A2,MT,2007,31.71,,
ESTAT:ISOC_CI_IN_H(1.0),25/06/26 23:00:00,A,PC_HH,A2,MT,2008,36.91,,
ESTAT:ISOC_CI_IN_H(1.0),25/06/26 23:00:00,A,PC_HH,A2,MT,2009,44.02,,
ESTAT:ISOC_CI_IN_H(1.0),25/06/26 23:00:00,A,PC_HH,A2,MT,2010,43.65,,
ESTAT:ISOC_CI_IN_H(1.0),25/06/26 23:00:00,A,PC_HH,A2,MT,2011,62.71,,
ESTAT:ISOC_CI_IN_H(1.0),25/06/26 23:00:00,A,PC_HH,A2,MT,2012,62.24,,
ESTAT:ISOC_CI_IN_H(1.0),25/06/26 23:00:00,A,PC_HH,A2,MT,2013,64.92,,
ESTAT:ISOC_CI_IN_H(1.0),25/06/26 23:00:00,A,PC_HH,A2,MT,2014,74.04,,
ESTAT:ISOC_CI_IN_H(1.0),25/06/26 23:00:00,A,PC_HH,A2,MT,2015,71.78,,
ESTAT:ISOC_CI_IN_H(1.0),25/06/26 23:00:00,A,PC_HH,A2,MT,2016,74.58,,
ESTAT:ISOC_CI_IN_H(1.0),25/06/26 23:00:00,A,PC_HH,A2,MT,2017,78.41,,
ESTAT:ISOC_CI_IN_H(1.0),25/06/26 23:00:00,A,PC_HH,A2,MT,2018,80.08,,
ESTAT:ISOC_CI_IN_H(1.0),25/06/26 23:00:00,A,PC_HH,A2,MT,2019,78.99,,
ESTAT:ISOC_CI_IN_H(1.0),25/06/26 23:00:00,A,PC_HH,A2,MT,2020,88.39,,
ESTAT:ISOC_CI_IN_H(1.0),25/06/26 23:00:00,A,PC_HH,A2,MT,2021,88.39,,
ESTAT:ISOC_CI_IN_H(1.0),25/06/26 23:00:00,A,PC_HH,A2,MT,2022,91.44,,
ESTAT:ISOC_CI_IN_H(1.0),25/06/26 23:00:00,A,PC_HH,A2,MT,2023,91.57,,
ESTAT:ISOC_CI_IN_H(1.0),25/06/26 23:00:00,A,PC_HH,A2,MT,2024,93.58,,
ESTAT:ISOC_CI_IN_H(1.0),25/06/26 23:00:00,A,PC_HH,A2,MT,2025,98.19,,
ESTAT:ISOC_CI_IN_H(1.0),25/06/26 23:00:00,A,PC_HH,A2,NL,2005,76.28,,
ESTAT:ISOC_CI_IN_H(1.0),25/06/26 23:00:00,A,PC_HH,A2,NL,2006,77.57,,
ESTAT:ISOC_CI_IN_H(1.0),25/06/26 23:00:00,A,PC_HH,A2,NL,2007,82.07,,
ESTAT:ISOC_CI_IN_H(1.0),25/06/26 23:00:00,A,PC_HH,A2,NL,2008,86.46,,
ESTAT:ISOC_CI_IN_H(1.0),25/06/26 23:00:00,A,PC_HH,A2,NL,2009,89.53,,
ESTAT:ISOC_CI_IN_H(1.0),25/06/26 23:00:00,A,PC_HH,A2,NL,2010,89.62,,
ESTAT:ISOC_CI_IN_H(1.0),25/06/26 23:00:00,A,PC_HH,A2,NL,2011,93.91,,
ESTAT:ISOC_CI_IN_H(1.0),25/06/26 23:00:00,A,PC_HH,A2,NL,2012,94.55,,
ESTAT:ISOC_CI_IN_H(1.0),25/06/26 23:00:00,A,PC_HH,A2,NL,2013,95.69,,
ESTAT:ISOC_CI_IN_H(1.0),25/06/26 23:00:00,A,PC_HH,A2,NL,2014,96.60,,
ESTAT:ISOC_CI_IN_H(1.0),25/06/26 23:00:00,A,PC_HH,A2,NL,2015,95.92,,
ESTAT:ISOC_CI_IN_H(1.0),25/06/26 23:00:00,A,PC_HH,A2,NL,2016,95.84,,
ESTAT:ISOC_CI_IN_H(1.0),25/06/26 23:00:00,A,PC_HH,A2,NL,2017,98.89,,
ESTAT:ISOC_CI_IN_H(1.0),25/06/26 23:00:00,A,PC_HH,A2,NL,2018,97.98,,
ESTAT:ISOC_CI_IN_H(1.0),25/06/26 23:00:00,A,PC_HH,A2,NL,2019,98.18,,
ESTAT:ISOC_CI_IN_H(1.0),25/06/26 23:00:00,A,PC_HH,A2,NL,2020,98.52,,
ESTAT:ISOC_CI_IN_H(1.0),25/06/26 23:00:00,A,PC_HH,A2,NL,2021,98.26,,
ESTAT:ISOC_CI_IN_H(1.0),25/06/26 23:00:00,A,PC_HH,A2,NL,2022,98.22,,
ESTAT:ISOC_CI_IN_H(1.0),25/06/26 23:00:00,A,PC_HH,A2,NL,2023,98.48,,
ESTAT:ISOC_CI_IN_H(1.0),25/06/26 23:00:00,A,PC_HH,A2,NL,2024,99.18,,
ESTAT:ISOC_CI_IN_H(1.0),25/06/26 23:00:00,A,PC_HH,A2,NL,2025,98.92,,
ESTAT:ISOC_CI_IN_H(1.0),25/06/26 23:00:00,A,PC_HH,A2,NO,2003,57.40,,
ESTAT:ISOC_CI_IN_H(1.0),25/06/26 23:00:00,A,PC_HH,A2,NO,2004,65.30,,
ESTAT:ISOC_CI_IN_H(1.0),25/06/26 23:00:00,A,PC_HH,A2,NO,2005,63.21,,
ESTAT:ISOC_CI_IN_H(1.0),25/06/26 23:00:00,A,PC_HH,A2,NO,2006,76.31,,
ESTAT:ISOC_CI_IN_H(1.0),25/06/26 23:00:00,A,PC_HH,A2,NO,2007,79.93,,
ESTAT:ISOC_CI_IN_H(1.0),25/06/26 23:00:00,A,PC_HH,A2,NO,2008,86.43,,
ESTAT:ISOC_CI_IN_H(1.0),25/06/26 23:00:00,A,PC_HH,A2,NO,2009,88.73,,
ESTAT:ISOC_CI_IN_H(1.0),25/06/26 23:00:00,A,PC_HH,A2,NO,2010,88.18,,
ESTAT:ISOC_CI_IN_H(1.0),25/06/26 23:00:00,A,PC_HH,A2,NO,2011,92.39,,
ESTAT:ISOC_CI_IN_H(1.0),25/06/26 23:00:00,A,PC_HH,A2,NO,2012,94.74,,
ESTAT:ISOC_CI_IN_H(1.0),25/06/26 23:00:00,A,PC_HH,A2,NO,2013,94.59,,
ESTAT:ISOC_CI_IN_H(1.0),25/06/26 23:00:00,A,PC_HH,A2,NO,2014,95.54,,
ESTAT:ISOC_CI_IN_H(1.0),25/06/26 23:00:00,A,PC_HH,A2,NO,2015,97.99,,
ESTAT:ISOC_CI_IN_H(1.0),25/06/26 23:00:00,A,PC_HH,A2,NO,2016,97.30,,
ESTAT:ISOC_CI_IN_H(1.0),25/06/26 23:00:00,A,PC_HH,A2,NO,2017,98.72,,
ESTAT:ISOC_CI_IN_H(1.0),25/06/26 23:00:00,A,PC_HH,A2,NO,2018,97.36,,
ESTAT:ISOC_CI_IN_H(1.0),25/06/26 23:00:00,A,PC_HH,A2,NO,2019,99.71,,
ESTAT:ISOC_CI_IN_H(1.0),25/06/26 23:00:00,A,PC_HH,A2,NO,2020,98.35,,
ESTAT:ISOC_CI_IN_H(1.0),25/06/26 23:00:00,A,PC_HH,A2,NO,2021,99.61,,
ESTAT:ISOC_CI_IN_H(1.0),25/06/26 23:00:00,A,PC_HH,A2,NO,2022,99.13,,
ESTAT:ISOC_CI_IN_H(1.0),25/06/26 23:00:00,A,PC_HH,A2,NO,2023,99.50,,
ESTAT:ISOC_CI_IN_H(1.0),25/06/26 23:00:00,A,PC_HH,A2,NO,2024,99.02,,
ESTAT:ISOC_CI_IN_H(1.0),25/06/26 23:00:00,A,PC_HH,A2,NO,2025,99.37,,
ESTAT:ISOC_CI_IN_H(1.0),25/06/26 23:00:00,A,PC_HH,A2,PL,2004,16.45,,
ESTAT:ISOC_CI_IN_H(1.0),25/06/26 23:00:00,A,PC_HH,A2,PL,2005,19.44,,
ESTAT:ISOC_CI_IN_H(1.0),25/06/26 23:00:00,A,PC_HH,A2,PL,2006,24.59,,
ESTAT:ISOC_CI_IN_H(1.0),25/06/26 23:00:00,A,PC_HH,A2,PL,2007,26.99,,
ESTAT:ISOC_CI_IN_H(1.0),25/06/26 23:00:00,A,PC_HH,A2,PL,2008,32.63,,
ESTAT:ISOC_CI_IN_H(1.0),25/06/26 23:00:00,A,PC_HH,A2,PL,2009,41.42,,
ESTAT:ISOC_CI_IN_H(1.0),25/06/26 23:00:00,A,PC_HH,A2,PL,2010,46.11,,
ESTAT:ISOC_CI_IN_H(1.0),25/06/26 23:00:00,A,PC_HH,A2,PL,2011,49.54,,
ESTAT:ISOC_CI_IN_H(1.0),25/06/26 23:00:00,A,PC_HH,A2,PL,2012,53.70,,
ESTAT:ISOC_CI_IN_H(1.0),25/06/26 23:00:00,A,PC_HH,A2,PL,2013,54.43,,
ESTAT:ISOC_CI_IN_H(1.0),25/06/26 23:00:00,A,PC_HH,A2,PL,2014,59.36,,
ESTAT:ISOC_CI_IN_H(1.0),25/06/26 23:00:00,A,PC_HH,A2,PL,2015,61.81,,
ESTAT:ISOC_CI_IN_H(1.0),25/06/26 23:00:00,A,PC_HH,A2,PL,2016,70.18,,
ESTAT:ISOC_CI_IN_H(1.0),25/06/26 23:00:00,A,PC_HH,A2,PL,2017,72.19,,
ESTAT:ISOC_CI_IN_H(1.0),25/06/26 23:00:00,A,PC_HH,A2,PL,2018,76.91,,
ESTAT:ISOC_CI_IN_H(1.0),25/06/26 23:00:00,A,PC_HH,A2,PL,2019,79.12,,
ESTAT:ISOC_CI_IN_H(1.0),25/06/26 23:00:00,A,PC_HH,A2,PL,2020,85.37,,
ESTAT:ISOC_CI_IN_H(1.0),25/06/26 23:00:00,A,PC_HH,A2,PL,2021,88.52,,
ESTAT:ISOC_CI_IN_H(1.0),25/06/26 23:00:00,A,PC_HH,A2,PL,2022,89.86,,
ESTAT:ISOC_CI_IN_H(1.0),25/06/26 23:00:00,A,PC_HH,A2,PL,2023,91.44,,
ESTAT:ISOC_CI_IN_H(1.0),25/06/26 23:00:00,A,PC_HH,A2,PL,2024,95.28,,
ESTAT:ISOC_CI_IN_H(1.0),25/06/26 23:00:00,A,PC_HH,A2,PL,2025,95.29,,
ESTAT:ISOC_CI_IN_H(1.0),25/06/26 23:00:00,A,PC_HH,A2,PT,2003,11.81,,
ESTAT:ISOC_CI_IN_H(1.0),25/06/26 23:00:00,A,PC_HH,A2,PT,2004,13.52,,
ESTAT:ISOC_CI_IN_H(1.0),25/06/26 23:00:00,A,PC_HH,A2,PT,2005,24.18,,
ESTAT:ISOC_CI_IN_H(1.0),25/06/26 23:00:00,A,PC_HH,A2,PT,2006,18.22,,
ESTAT:ISOC_CI_IN_H(1.0),25/06/26 23:00:00,A,PC_HH,A2,PT,2007,19.65,,
ESTAT:ISOC_CI_IN_H(1.0),25/06/26 23:00:00,A,PC_HH,A2,PT,2008,25.97,,
ESTAT:ISOC_CI_IN_H(1.0),25/06/26 23:00:00,A,PC_HH,A2,PT,2009,26.57,,
ESTAT:ISOC_CI_IN_H(1.0),25/06/26 23:00:00,A,PC_HH,A2,PT,2010,32.29,,
ESTAT:ISOC_CI_IN_H(1.0),25/06/26 23:00:00,A,PC_HH,A2,PT,2011,36.27,,
ESTAT:ISOC_CI_IN_H(1.0),25/06/26 23:00:00,A,PC_HH,A2,PT,2012,41.48,,
ESTAT:ISOC_CI_IN_H(1.0),25/06/26 23:00:00,A,PC_HH,A2,PT,2013,43.03,,
ESTAT:ISOC_CI_IN_H(1.0),25/06/26 23:00:00,A,PC_HH,A2,PT,2014,46.55,,
ESTAT:ISOC_CI_IN_H(1.0),25/06/26 23:00:00,A,PC_HH,A2,PT,2015,53.96,,
ESTAT:ISOC_CI_IN_H(1.0),25/06/26 23:00:00,A,PC_HH,A2,PT,2016,60.62,,
ESTAT:ISOC_CI_IN_H(1.0),25/06/26 23:00:00,A,PC_HH,A2,PT,2017,64.66,,
ESTAT:ISOC_CI_IN_H(1.0),25/06/26 23:00:00,A,PC_HH,A2,PT,2018,69.42,,
ESTAT:ISOC_CI_IN_H(1.0),25/06/26 23:00:00,A,PC_HH,A2,PT,2019,72.60,,
ESTAT:ISOC_CI_IN_H(1.0),25/06/26 23:00:00,A,PC_HH,A2,PT,2020,75.95,,
ESTAT:ISOC_CI_IN_H(1.0),25/06/26 23:00:00,A,PC_HH,A2,PT,2021,81.08,,
ESTAT:ISOC_CI_IN_H(1.0),25/06/26 23:00:00,A,PC_HH,A2,PT,2022,83.09,,
ESTAT:ISOC_CI_IN_H(1.0),25/06/26 23:00:00,A,PC_HH,A2,PT,2023,85.29,,
ESTAT:ISOC_CI_IN_H(1.0),25/06/26 23:00:00,A,PC_HH,A2,PT,2024,87.82,,
ESTAT:ISOC_CI_IN_H(1.0),25/06/26 23:00:00,A,PC_HH,A2,PT,2025,88.46,,
ESTAT:ISOC_CI_IN_H(1.0),25/06/26 23:00:00,A,PC_HH,A2,RO,2006,10.15,,
ESTAT:ISOC_CI_IN_H(1.0),25/06/26 23:00:00,A,PC_HH,A2,RO,2007,15.85,,
ESTAT:ISOC_CI_IN_H(1.0),25/06/26 23:00:00,A,PC_HH,A2,RO,2008,19.95,,
ESTAT:ISOC_CI_IN_H(1.0),25/06/26 23:00:00,A,PC_HH,A2,RO,2009,26.27,,
ESTAT:ISOC_CI_IN_H(1.0),25/06/26 23:00:00,A,PC_HH,A2,RO,2010,31.11,,
ESTAT:ISOC_CI_IN_H(1.0),25/06/26 23:00:00,A,PC_HH,A2,RO,2011,34.13,,
ESTAT:ISOC_CI_IN_H(1.0),25/06/26 23:00:00,A,PC_HH,A2,RO,2012,39.55,,
ESTAT:ISOC_CI_IN_H(1.0),25/06/26 23:00:00,A,PC_HH,A2,RO,2013,45.12,,
ESTAT:ISOC_CI_IN_H(1.0),25/06/26 23:00:00,A,PC_HH,A2,RO,2014,47.57,b,
ESTAT:ISOC_CI_IN_H(1.0),25/06/26 23:00:00,A,PC_HH,A2,RO,2015,55.21,,
ESTAT:ISOC_CI_IN_H(1.0),25/06/26 23:00:00,A,PC_HH,A2,RO,2016,60.42,,
ESTAT:ISOC_CI_IN_H(1.0),25/06/26 23:00:00,A,PC_HH,A2,RO,2017,65.71,,
ESTAT:ISOC_CI_IN_H(1.0),25/06/26 23:00:00,A,PC_HH,A2,RO,2018,73.84,,
ESTAT:ISOC_CI_IN_H(1.0),25/06/26 23:00:00,A,PC_HH,A2,RO,2019,78.07,,
ESTAT:ISOC_CI_IN_H(1.0),25/06/26 23:00:00,A,PC_HH,A2,RO,2020,81.90,,
ESTAT:ISOC_CI_IN_H(1.0),25/06/26 23:00:00,A,PC_HH,A2,RO,2021,84.44,,
ESTAT:ISOC_CI_IN_H(1.0),25/06/26 23:00:00,A,PC_HH,A2,RO,2022,87.02,,
ESTAT:ISOC_CI_IN_H(1.0),25/06/26 23:00:00,A,PC_HH,A2,RO,2023,91.14,,
ESTAT:ISOC_CI_IN_H(1.0),25/06/26 23:00:00,A,PC_HH,A2,RO,2024,93.80,,
ESTAT:ISOC_CI_IN_H(1.0),25/06/26 23:00:00,A,PC_HH,A2,RO,2025,94.45,,
ESTAT:ISOC_CI_IN_H(1.0),25/06/26 23:00:00,A,PC_HH,A2,RS,2015,39.31,,
ESTAT:ISOC_CI_IN_H(1.0),25/06/26 23:00:00,A,PC_HH,A2,RS,2017,52.63,,
ESTAT:ISOC_CI_IN_H(1.0),25/06/26 23:00:00,A,PC_HH,A2,RS,2018,61.02,,
ESTAT:ISOC_CI_IN_H(1.0),25/06/26 23:00:00,A,PC_HH,A2,RS,2019,71.86,,
ESTAT:ISOC_CI_IN_H(1.0),25/06/26 23:00:00,A,PC_HH,A2,RS,2020,71.12,,
ESTAT:ISOC_CI_IN_H(1.0),25/06/26 23:00:00,A,PC_HH,A2,RS,2021,70.80,,
ESTAT:ISOC_CI_IN_H(1.0),25/06/26 23:00:00,A,PC_HH,A2,RS,2022,72.78,,
ESTAT:ISOC_CI_IN_H(1.0),25/06/26 23:00:00,A,PC_HH,A2,RS,2023,82.02,,
ESTAT:ISOC_CI_IN_H(1.0),25/06/26 23:00:00,A,PC_HH,A2,RS,2024,88.38,,
ESTAT:ISOC_CI_IN_H(1.0),25/06/26 23:00:00,A,PC_HH,A2,RS,2025,87.46,,
ESTAT:ISOC_CI_IN_H(1.0),25/06/26 23:00:00,A,PC_HH,A2,SE,2005,75.69,,
ESTAT:ISOC_CI_IN_H(1.0),25/06/26 23:00:00,A,PC_HH,A2,SE,2006,82.44,,
ESTAT:ISOC_CI_IN_H(1.0),25/06/26 23:00:00,A,PC_HH,A2,SE,2007,80.49,,
ESTAT:ISOC_CI_IN_H(1.0),25/06/26 23:00:00,A,PC_HH,A2,SE,2008,83.18,,
ESTAT:ISOC_CI_IN_H(1.0),25/06/26 23:00:00,A,PC_HH,A2,SE,2009,86.81,,
ESTAT:ISOC_CI_IN_H(1.0),25/06/26 23:00:00,A,PC_HH,A2,SE,2010,89.41,,
ESTAT:ISOC_CI_IN_H(1.0),25/06/26 23:00:00,A,PC_HH,A2,SE,2011,93.62,,
ESTAT:ISOC_CI_IN_H(1.0),25/06/26 23:00:00,A,PC_HH,A2,SE,2012,92.18,,
ESTAT:ISOC_CI_IN_H(1.0),25/06/26 23:00:00,A,PC_HH,A2,SE,2013,94.45,,
ESTAT:ISOC_CI_IN_H(1.0),25/06/26 23:00:00,A,PC_HH,A2,SE,2014,90.10,,
ESTAT:ISOC_CI_IN_H(1.0),25/06/26 23:00:00,A,PC_HH,A2,SE,2015,93.51,,
ESTAT:ISOC_CI_IN_H(1.0),25/06/26 23:00:00,A,PC_HH,A2,SE,2016,96.81,b,
ESTAT:ISOC_CI_IN_H(1.0),25/06/26 23:00:00,A,PC_HH,A2,SE,2017,96.22,,
ESTAT:ISOC_CI_IN_H(1.0),25/06/26 23:00:00,A,PC_HH,A2,SE,2018,96.65,,
ESTAT:ISOC_CI_IN_H(1.0),25/06/26 23:00:00,A,PC_HH,A2,SE,2019,98.34,,
ESTAT:ISOC_CI_IN_H(1.0),25/06/26 23:00:00,A,PC_HH,A2,SE,2020,99.02,,
ESTAT:ISOC_CI_IN_H(1.0),25/06/26 23:00:00,A,PC_HH,A2,SE,2021,97.09,,
ESTAT:ISOC_CI_IN_H(1.0),25/06/26 23:00:00,A,PC_HH,A2,SE,2022,97.88,,
ESTAT:ISOC_CI_IN_H(1.0),25/06/26 23:00:00,A,PC_HH,A2,SE,2023,97.74,,
ESTAT:ISOC_CI_IN_H(1.0),25/06/26 23:00:00,A,PC_HH,A2,SE,2024,97.90,,
ESTAT:ISOC_CI_IN_H(1.0),25/06/26 23:00:00,A,PC_HH,A2,SE,2025,97.33,,
ESTAT:ISOC_CI_IN_H(1.0),25/06/26 23:00:00,A,PC_HH,A2,SI,2004,20.83,,
ESTAT:ISOC_CI_IN_H(1.0),25/06/26 23:00:00,A,PC_HH,A2,SI,2005,29.43,,
ESTAT:ISOC_CI_IN_H(1.0),25/06/26 23:00:00,A,PC_HH,A2,SI,2006,28.41,,
ESTAT:ISOC_CI_IN_H(1.0),25/06/26 23:00:00,A,PC_HH,A2,SI,2007,29.67,,
ESTAT:ISOC_CI_IN_H(1.0),25/06/26 23:00:00,A,PC_HH,A2,SI,2008,33.73,,
ESTAT:ISOC_CI_IN_H(1.0),25/06/26 23:00:00,A,PC_HH,A2,SI,2009,43.18,,
ESTAT:ISOC_CI_IN_H(1.0),25/06/26 23:00:00,A,PC_HH,A2,SI,2010,49.89,,
ESTAT:ISOC_CI_IN_H(1.0),25/06/26 23:00:00,A,PC_HH,A2,SI,2011,56.95,,
ESTAT:ISOC_CI_IN_H(1.0),25/06/26 23:00:00,A,PC_HH,A2,SI,2012,66.26,,
ESTAT:ISOC_CI_IN_H(1.0),25/06/26 23:00:00,A,PC_HH,A2,SI,2013,62.68,,
ESTAT:ISOC_CI_IN_H(1.0),25/06/26 23:00:00,A,PC_HH,A2,SI,2014,66.62,,
ESTAT:ISOC_CI_IN_H(1.0),25/06/26 23:00:00,A,PC_HH,A2,SI,2015,70.94,,
ESTAT:ISOC_CI_IN_H(1.0),25/06/26 23:00:00,A,PC_HH,A2,SI,2016,68.07,,
ESTAT:ISOC_CI_IN_H(1.0),25/06/26 23:00:00,A,PC_HH,A2,SI,2017,77.32,,
ESTAT:ISOC_CI_IN_H(1.0),25/06/26 23:00:00,A,PC_HH,A2,SI,2018,83.88,,
ESTAT:ISOC_CI_IN_H(1.0),25/06/26 23:00:00,A,PC_HH,A2,SI,2019,84.02,,
ESTAT:ISOC_CI_IN_H(1.0),25/06/26 23:00:00,A,PC_HH,A2,SI,2020,85.05,,
ESTAT:ISOC_CI_IN_H(1.0),25/06/26 23:00:00,A,PC_HH,A2,SI,2021,92.51,,
ESTAT:ISOC_CI_IN_H(1.0),25/06/26 23:00:00,A,PC_HH,A2,SI,2022,92.24,,
ESTAT:ISOC_CI_IN_H(1.0),25/06/26 23:00:00,A,PC_HH,A2,SI,2023,91.03,,
ESTAT:ISOC_CI_IN_H(1.0),25/06/26 23:00:00,A,PC_HH,A2,SI,2024,92.03,,
ESTAT:ISOC_CI_IN_H(1.0),25/06/26 23:00:00,A,PC_HH,A2,SI,2025,93.52,,
ESTAT:ISOC_CI_IN_H(1.0),25/06/26 23:00:00,A,PC_HH,A2,SK,2004,19.37,,
ESTAT:ISOC_CI_IN_H(1.0),25/06/26 23:00:00,A,PC_HH,A2,SK,2005,16.35,,
ESTAT:ISOC_CI_IN_H(1.0),25/06/26 23:00:00,A,PC_HH,A2,SK,2006,18.39,,
ESTAT:ISOC_CI_IN_H(1.0),25/06/26 23:00:00,A,PC_HH,A2,SK,2007,31.53,,
ESTAT:ISOC_CI_IN_H(1.0),25/06/26 23:00:00,A,PC_HH,A2,SK,2008,48.53,,
ESTAT:ISOC_CI_IN_H(1.0),25/06/26 23:00:00,A,PC_HH,A2,SK,2009,48.39,,
ESTAT:ISOC_CI_IN_H(1.0),25/06/26 23:00:00,A,PC_HH,A2,SK,2010,55.39,,
ESTAT:ISOC_CI_IN_H(1.0),25/06/26 23:00:00,A,PC_HH,A2,SK,2011,63.02,,
ESTAT:ISOC_CI_IN_H(1.0),25/06/26 23:00:00,A,PC_HH,A2,SK,2012,66.19,,
ESTAT:ISOC_CI_IN_H(1.0),25/06/26 23:00:00,A,PC_HH,A2,SK,2013,71.57,,
ESTAT:ISOC_CI_IN_H(1.0),25/06/26 23:00:00,A,PC_HH,A2,SK,2014,74.01,,
ESTAT:ISOC_CI_IN_H(1.0),25/06/26 23:00:00,A,PC_HH,A2,SK,2015,74.26,,
ESTAT:ISOC_CI_IN_H(1.0),25/06/26 23:00:00,A,PC_HH,A2,SK,2016,74.77,,
ESTAT:ISOC_CI_IN_H(1.0),25/06/26 23:00:00,A,PC_HH,A2,SK,2017,72.09,,
ESTAT:ISOC_CI_IN_H(1.0),25/06/26 23:00:00,A,PC_HH,A2,SK,2018,72.08,,
ESTAT:ISOC_CI_IN_H(1.0),25/06/26 23:00:00,A,PC_HH,A2,SK,2019,76.26,,
ESTAT:ISOC_CI_IN_H(1.0),25/06/26 23:00:00,A,PC_HH,A2,SK,2020,82.50,,
ESTAT:ISOC_CI_IN_H(1.0),25/06/26 23:00:00,A,PC_HH,A2,SK,2021,85.57,,
ESTAT:ISOC_CI_IN_H(1.0),25/06/26 23:00:00,A,PC_HH,A2,SK,2022,85.94,,
ESTAT:ISOC_CI_IN_H(1.0),25/06/26 23:00:00,A,PC_HH,A2,SK,2023,87.10,,
ESTAT:ISOC_CI_IN_H(1.0),25/06/26 23:00:00,A,PC_HH,A2,SK,2024,90.59,,
ESTAT:ISOC_CI_IN_H(1.0),25/06/26 23:00:00,A,PC_HH,A2,SK,2025,91.54,,
ESTAT:ISOC_CI_IN_H(1.0),25/06/26 23:00:00,A,PC_HH,A2,TR,2004,4.28,,
ESTAT:ISOC_CI_IN_H(1.0),25/06/26 23:00:00,A,PC_HH,A2,TR,2007,11.71,,
ESTAT:ISOC_CI_IN_H(1.0),25/06/26 23:00:00,A,PC_HH,A2,TR,2008,16.13,,
ESTAT:ISOC_CI_IN_H(1.0),25/06/26 23:00:00,A,PC_HH,A2,TR,2009,18.72,,
ESTAT:ISOC_CI_IN_H(1.0),25/06/26 23:00:00,A,PC_HH,A2,TR,2010,28.70,,
ESTAT:ISOC_CI_IN_H(1.0),25/06/26 23:00:00,A,PC_HH,A2,TR,2012,34.39,,
ESTAT:ISOC_CI_IN_H(1.0),25/06/26 23:00:00,A,PC_HH,A2,TR,2013,34.38,,
ESTAT:ISOC_CI_IN_H(1.0),25/06/26 23:00:00,A,PC_HH,A2,TR,2020,78.49,,
ESTAT:ISOC_CI_IN_H(1.0),25/06/26 23:00:00,A,PC_HH,A2,TR,2022,86.39,,
ESTAT:ISOC_CI_IN_H(1.0),25/06/26 23:00:00,A,PC_HH,A2,TR,2023,89.98,,
ESTAT:ISOC_CI_IN_H(1.0),25/06/26 23:00:00,A,PC_HH,A2,TR,2024,92.28,,
ESTAT:ISOC_CI_IN_H(1.0),25/06/26 23:00:00,A,PC_HH,A2,TR,2025,91.35,,
ESTAT:ISOC_CI_IN_H(1.0),25/06/26 23:00:00,A,PC_HH,A2,UK,2002,47.67,,
ESTAT:ISOC_CI_IN_H(1.0),25/06/26 23:00:00,A,PC_HH,A2,UK,2003,53.72,,
ESTAT:ISOC_CI_IN_H(1.0),25/06/26 23:00:00,A,PC_HH,A2,UK,2004,51.90,,
ESTAT:ISOC_CI_IN_H(1.0),25/06/26 23:00:00,A,PC_HH,A2,UK,2005,59.59,,
ESTAT:ISOC_CI_IN_H(1.0),25/06/26 23:00:00,A,PC_HH,A2,UK,2006,62.12,,
ESTAT:ISOC_CI_IN_H(1.0),25/06/26 23:00:00,A,PC_HH,A2,UK,2007,69.36,,
ESTAT:ISOC_CI_IN_H(1.0),25/06/26 23:00:00,A,PC_HH,A2,UK,2008,73.32,,
ESTAT:ISOC_CI_IN_H(1.0),25/06/26 23:00:00,A,PC_HH,A2,UK,2009,78.10,,
ESTAT:ISOC_CI_IN_H(1.0),25/06/26 23:00:00,A,PC_HH,A2,UK,2010,80.12,,
ESTAT:ISOC_CI_IN_H(1.0),25/06/26 23:00:00,A,PC_HH,A2,UK,2011,82.10,,
ESTAT:ISOC_CI_IN_H(1.0),25/06/26 23:00:00,A,PC_HH,A2,UK,2012,88.87,,
ESTAT:ISOC_CI_IN_H(1.0),25/06/26 23:00:00,A,PC_HH,A2,UK,2013,88.31,,
ESTAT:ISOC_CI_IN_H(1.0),25/06/26 23:00:00,A,PC_HH,A2,UK,2014,93.78,,
ESTAT:ISOC_CI_IN_H(1.0),25/06/26 23:00:00,A,PC_HH,A2,UK,2015,93.55,,
ESTAT:ISOC_CI_IN_H(1.0),25/06/26 23:00:00,A,PC_HH,A2,UK,2016,95.57,,
ESTAT:ISOC_CI_IN_H(1.0),25/06/26 23:00:00,A,PC_HH,A2,UK,2017,95.17,,
ESTAT:ISOC_CI_IN_H(1.0),25/06/26 23:00:00,A,PC_HH,A2,UK,2018,96.22,,
ESTAT:ISOC_CI_IN_H(1.0),25/06/26 23:00:00,A,PC_HH,A2,UK,2019,96.52,,
ESTAT:ISOC_CI_IN_H(1.0),25/06/26 23:00:00,A,PC_HH,A2,UK,2020,97.88,,
ESTAT:ISOC_CI_IN_H(1.0),25/06/26 23:00:00,A,PC_HH,A2,XK,2017,70.02,,
ESTAT:ISOC_CI_IN_H(1.0),25/06/26 23:00:00,A,PC_HH,A2,XK,2018,82.22,,
ESTAT:ISOC_CI_IN_H(1.0),25/06/26 23:00:00,A,PC_HH,A2,XK,2019,81.66,,
ESTAT:ISOC_CI_IN_H(1.0),25/06/26 23:00:00,A,PC_HH,A2,XK,2020,89.57,,
ESTAT:ISOC_CI_IN_H(1.0),25/06/26 23:00:00,A,PC_HH,A2,XK,2024,99.76,,
ESTAT:ISOC_CI_IN_H(1.0),25/06/26 23:00:00,A,PC_HH,A2,XK,2025,98.96,,
ESTAT:ISOC_CI_IN_H(1.0),25/06/26 23:00:00,A,PC_HH,A2_DCH,AL,2018,84.84,,
ESTAT:ISOC_CI_IN_H(1.0),25/06/26 23:00:00,A,PC_HH,A2_DCH,AL,2019,89.40,,
ESTAT:ISOC_CI_IN_H(1.0),25/06/26 23:00:00,A,PC_HH,A2_DCH,AL,2020,88.88,,
ESTAT:ISOC_CI_IN_H(1.0),25/06/26 23:00:00,A,PC_HH,A2_DCH,AL,2021,93.42,,
ESTAT:ISOC_CI_IN_H(1.0),25/06/26 23:00:00,A,PC_HH,A2_DCH,AL,2022,100.00,,
ESTAT:ISOC_CI_IN_H(1.0),25/06/26 23:00:00,A,PC_HH,A2_DCH,AL,2023,99.85,,
ESTAT:ISOC_CI_IN_H(1.0),25/06/26 23:00:00,A,PC_HH,A2_DCH,AL,2024,100.00,,
ESTAT:ISOC_CI_IN_H(1.0),25/06/26 23:00:00,A,PC_HH,A2_DCH,AL,2025,99.91,,
ESTAT:ISOC_CI_IN_H(1.0),25/06/26 23:00:00,A,PC_HH,A2_DCH,AT,2002,44.81,,
ESTAT:ISOC_CI_IN_H(1.0),25/06/26 23:00:00,A,PC_HH,A2_DCH,AT,2003,51.34,,
ESTAT:ISOC_CI_IN_H(1.0),25/06/26 23:00:00,A,PC_HH,A2_DCH,AT,2004,63.35,,
ESTAT:ISOC_CI_IN_H(1.0),25/06/26 23:00:00,A,PC_HH,A2_DCH,AT,2005,64.57,,
ESTAT:ISOC_CI_IN_H(1.0),25/06/26 23:00:00,A,PC_HH,A2_DCH,AT,2006,69.02,,
ESTAT:ISOC_CI_IN_H(1.0),25/06/26 23:00:00,A,PC_HH,A2_DCH,AT,2007,78.35,,
ESTAT:ISOC_CI_IN_H(1.0),25/06/26 23:00:00,A,PC_HH,A2_DCH,AT,2008,84.59,,
ESTAT:ISOC_CI_IN_H(1.0),25/06/26 23:00:00,A,PC_HH,A2_DCH,AT,2009,91.56,,
ESTAT:ISOC_CI_IN_H(1.0),25/06/26 23:00:00,A,PC_HH,A2_DCH,AT,2010,94.06,,
ESTAT:ISOC_CI_IN_H(1.0),25/06/26 23:00:00,A,PC_HH,A2_DCH,AT,2011,95.93,,
ESTAT:ISOC_CI_IN_H(1.0),25/06/26 23:00:00,A,PC_HH,A2_DCH,AT,2012,97.20,,
ESTAT:ISOC_CI_IN_H(1.0),25/06/26 23:00:00,A,PC_HH,A2_DCH,AT,2013,97.65,,
ESTAT:ISOC_CI_IN_H(1.0),25/06/26 23:00:00,A,PC_HH,A2_DCH,AT,2014,97.83,,
ESTAT:ISOC_CI_IN_H(1.0),25/06/26 23:00:00,A,PC_HH,A2_DCH,AT,2015,99.26,,
ESTAT:ISOC_CI_IN_H(1.0),25/06/26 23:00:00,A,PC_HH,A2_DCH,AT,2016,98.61,,
ESTAT:ISOC_CI_IN_H(1.0),25/06/26 23:00:00,A,PC_HH,A2_DCH,AT,2017,99.10,,
ESTAT:ISOC_CI_IN_H(1.0),25/06/26 23:00:00,A,PC_HH,A2_DCH,AT,2018,98.85,,
ESTAT:ISOC_CI_IN_H(1.0),25/06/26 23:00:00,A,PC_HH,A2_DCH,AT,2019,98.44,,
ESTAT:ISOC_CI_IN_H(1.0),25/06/26 23:00:00,A,PC_HH,A2_DCH,AT,2020,98.69,,
ESTAT:ISOC_CI_IN_H(1.0),25/06/26 23:00:00,A,PC_HH,A2_DCH,AT,2021,99.90,,
ESTAT:ISOC_CI_IN_H(1.0),25/06/26 23:00:00,A,PC_HH,A2_DCH,AT,2022,98.63,,
ESTAT:ISOC_CI_IN_H(1.0),25/06/26 23:00:00,A,PC_HH,A2_DCH,AT,2023,100.00,,
ESTAT:ISOC_CI_IN_H(1.0),25/06/26 23:00:00,A,PC_HH,A2_DCH,AT,2024,99.38,,
ESTAT:ISOC_CI_IN_H(1.0),25/06/26 23:00:00,A,PC_HH,A2_DCH,AT,2025,100.00,,
ESTAT:ISOC_CI_IN_H(1.0),25/06/26 23:00:00,A,PC_HH,A2_DCH,BA,2018,80.67,,
ESTAT:ISOC_CI_IN_H(1.0),25/06/26 23:00:00,A,PC_HH,A2_DCH,BA,2019,80.22,,
ESTAT:ISOC_CI_IN_H(1.0),25/06/26 23:00:00,A,PC_HH,A2_DCH,BA,2020,91.77,,
ESTAT:ISOC_CI_IN_H(1.0),25/06/26 23:00:00,A,PC_HH,A2_DCH,BA,2021,97.66,,
ESTAT:ISOC_CI_IN_H(1.0),25/06/26 23:00:00,A,PC_HH,A2_DCH,BA,2023,97.97,,
ESTAT:ISOC_CI_IN_H(1.0),25/06/26 23:00:00,A,PC_HH,A2_DCH,BA,2024,99.84,,
ESTAT:ISOC_CI_IN_H(1.0),25/06/26 23:00:00,A,PC_HH,A2_DCH,BA,2025,98.71,,
ESTAT:ISOC_CI_IN_H(1.0),25/06/26 23:00:00,A,PC_HH,A2_DCH,BE,2005,70.86,,
ESTAT:ISOC_CI_IN_H(1.0),25/06/26 23:00:00,A,PC_HH,A2_DCH,BE,2006,74.91,,
ESTAT:ISOC_CI_IN_H(1.0),25/06/26 23:00:00,A,PC_HH,A2_DCH,BE,2007,79.69,,
ESTAT:ISOC_CI_IN_H(1.0),25/06/26 23:00:00,A,PC_HH,A2_DCH,BE,2008,82.35,,
ESTAT:ISOC_CI_IN_H(1.0),25/06/26 23:00:00,A,PC_HH,A2_DCH,BE,2009,86.35,,
ESTAT:ISOC_CI_IN_H(1.0),25/06/26 23:00:00,A,PC_HH,A2_DCH,BE,2010,90.12,,
ESTAT:ISOC_CI_IN_H(1.0),25/06/26 23:00:00,A,PC_HH,A2_DCH,BE,2011,92.15,,
ESTAT:ISOC_CI_IN_H(1.0),25/06/26 23:00:00,A,PC_HH,A2_DCH,BE,2012,95.24,,
ESTAT:ISOC_CI_IN_H(1.0),25/06/26 23:00:00,A,PC_HH,A2_DCH,BE,2013,95.11,,
ESTAT:ISOC_CI_IN_H(1.0),25/06/26 23:00:00,A,PC_HH,A2_DCH,BE,2014,95.47,,
ESTAT:ISOC_CI_IN_H(1.0),25/06/26 23:00:00,A,PC_HH,A2_DCH,BE,2015,96.72,,
ESTAT:ISOC_CI_IN_H(1.0),25/06/26 23:00:00,A,PC_HH,A2_DCH,BE,2016,95.82,,
ESTAT:ISOC_CI_IN_H(1.0),25/06/26 23:00:00,A,PC_HH,A2_DCH,BE,2017,97.35,,
ESTAT:ISOC_CI_IN_H(1.0),25/06/26 23:00:00,A,PC_HH,A2_DCH,BE,2018,98.47,,
ESTAT:ISOC_CI_IN_H(1.0),25/06/26 23:00:00,A,PC_HH,A2_DCH,BE,2019,98.55,,
ESTAT:ISOC_CI_IN_H(1.0),25/06/26 23:00:00,A,PC_HH,A2_DCH,BE,2020,98.16,,
ESTAT:ISOC_CI_IN_H(1.0),25/06/26 23:00:00,A,PC_HH,A2_DCH,BE,2021,98.98,,
ESTAT:ISOC_CI_IN_H(1.0),25/06/26 23:00:00,A,PC_HH,A2_DCH,BE,2022,98.99,,
ESTAT:ISOC_CI_IN_H(1.0),25/06/26 23:00:00,A,PC_HH,A2_DCH,BE,2023,99.22,,
ESTAT:ISOC_CI_IN_H(1.0),25/06/26 23:00:00,A,PC_HH,A2_DCH,BE,2024,99.68,,
ESTAT:ISOC_CI_IN_H(1.0),25/06/26 23:00:00,A,PC_HH,A2_DCH,BE,2025,99.87,,
ESTAT:ISOC_CI_IN_H(1.0),25/06/26 23:00:00,A,PC_HH,A2_DCH,BG,2004,15.28,,
ESTAT:ISOC_CI_IN_H(1.0),25/06/26 23:00:00,A,PC_HH,A2_DCH,BG,2007,38.46,,
ESTAT:ISOC_CI_IN_H(1.0),25/06/26 23:00:00,A,PC_HH,A2_DCH,BG,2008,49.50,,
ESTAT:ISOC_CI_IN_H(1.0),25/06/26 23:00:00,A,PC_HH,A2_DCH,BG,2009,64.51,,
ESTAT:ISOC_CI_IN_H(1.0),25/06/26 23:00:00,A,PC_HH,A2_DCH,BG,2010,66.32,,
ESTAT:ISOC_CI_IN_H(1.0),25/06/26 23:00:00,A,PC_HH,A2_DCH,BG,2011,70.20,,
ESTAT:ISOC_CI_IN_H(1.0),25/06/26 23:00:00,A,PC_HH,A2_DCH,BG,2012,74.98,,
ESTAT:ISOC_CI_IN_H(1.0),25/06/26 23:00:00,A,PC_HH,A2_DCH,BG,2013,77.85,,
ESTAT:ISOC_CI_IN_H(1.0),25/06/26 23:00:00,A,PC_HH,A2_DCH,BG,2014,83.65,,
ESTAT:ISOC_CI_IN_H(1.0),25/06/26 23:00:00,A,PC_HH,A2_DCH,BG,2015,88.31,,
ESTAT:ISOC_CI_IN_H(1.0),25/06/26 23:00:00,A,PC_HH,A2_DCH,BG,2016,90.34,,
ESTAT:ISOC_CI_IN_H(1.0),25/06/26 23:00:00,A,PC_HH,A2_DCH,BG,2017,91.07,,
ESTAT:ISOC_CI_IN_H(1.0),25/06/26 23:00:00,A,PC_HH,A2_DCH,BG,2018,92.03,,
ESTAT:ISOC_CI_IN_H(1.0),25/06/26 23:00:00,A,PC_HH,A2_DCH,BG,2019,94.85,,
ESTAT:ISOC_CI_IN_H(1.0),25/06/26 23:00:00,A,PC_HH,A2_DCH,BG,2020,95.48,,
ESTAT:ISOC_CI_IN_H(1.0),25/06/26 23:00:00,A,PC_HH,A2_DCH,BG,2021,96.90,,
ESTAT:ISOC_CI_IN_H(1.0),25/06/26 23:00:00,A,PC_HH,A2_DCH,BG,2022,96.89,,
ESTAT:ISOC_CI_IN_H(1.0),25/06/26 23:00:00,A,PC_HH,A2_DCH,BG,2023,96.92,,
ESTAT:ISOC_CI_IN_H(1.0),25/06/26 23:00:00,A,PC_HH,A2_DCH,BG,2024,98.87,,
ESTAT:ISOC_CI_IN_H(1.0),25/06/26 23:00:00,A,PC_HH,A2_DCH,BG,2025,100.00,,
ESTAT:ISOC_CI_IN_H(1.0),25/06/26 23:00:00,A,PC_HH,A2_DCH,CH,2014,99.31,,
ESTAT:ISOC_CI_IN_H(1.0),25/06/26 23:00:00,A,PC_HH,A2_DCH,CH,2017,98.52,b,
ESTAT:ISOC_CI_IN_H(1.0),25/06/26 23:00:00,A,PC_HH,A2_DCH,CH,2019,98.33,,
ESTAT:ISOC_CI_IN_H(1.0),25/06/26 23:00:00,A,PC_HH,A2_DCH,CH,2021,99.73,,
ESTAT:ISOC_CI_IN_H(1.0),25/06/26 23:00:00,A,PC_HH,A2_DCH,CH,2023,100.00,,
ESTAT:ISOC_CI_IN_H(1.0),25/06/26 23:00:00,A,PC_HH,A2_DCH,CH,2025,100.00,,
ESTAT:ISOC_CI_IN_H(1.0),25/06/26 23:00:00,A,PC_HH,A2_DCH,CY,2004,55.97,,
ESTAT:ISOC_CI_IN_H(1.0),25/06/26 23:00:00,A,PC_HH,A2_DCH,CY,2005,39.81,,
ESTAT:ISOC_CI_IN_H(1.0),25/06/26 23:00:00,A,PC_HH,A2_DCH,CY,2006,46.91,,
ESTAT:ISOC_CI_IN_H(1.0),25/06/26 23:00:00,A,PC_HH,A2_DCH,CY,2007,51.02,,
ESTAT:ISOC_CI_IN_H(1.0),25/06/26 23:00:00,A,PC_HH,A2_DCH,CY,2008,58.07,,
ESTAT:ISOC_CI_IN_H(1.0),25/06/26 23:00:00,A,PC_HH,A2_DCH,CY,2009,68.51,,
ESTAT:ISOC_CI_IN_H(1.0),25/06/26 23:00:00,A,PC_HH,A2_DCH,CY,2010,73.49,,
ESTAT:ISOC_CI_IN_H(1.0),25/06/26 23:00:00,A,PC_HH,A2_DCH,CY,2011,76.41,,
ESTAT:ISOC_CI_IN_H(1.0),25/06/26 23:00:00,A,PC_HH,A2_DCH,CY,2012,78.40,,
ESTAT:ISOC_CI_IN_H(1.0),25/06/26 23:00:00,A,PC_HH,A2_DCH,CY,2013,83.12,,
ESTAT:ISOC_CI_IN_H(1.0),25/06/26 23:00:00,A,PC_HH,A2_DCH,CY,2014,88.18,,
ESTAT:ISOC_CI_IN_H(1.0),25/06/26 23:00:00,A,PC_HH,A2_DCH,CY,2015,90.52,,
ESTAT:ISOC_CI_IN_H(1.0),25/06/26 23:00:00,A,PC_HH,A2_DCH,CY,2016,94.59,,
ESTAT:ISOC_CI_IN_H(1.0),25/06/26 23:00:00,A,PC_HH,A2_DCH,CY,2017,94.49,,
ESTAT:ISOC_CI_IN_H(1.0),25/06/26 23:00:00,A,PC_HH,A2_DCH,CY,2018,96.88,,
ESTAT:ISOC_CI_IN_H(1.0),25/06/26 23:00:00,A,PC_HH,A2_DCH,CY,2019,99.75,,
ESTAT:ISOC_CI_IN_H(1.0),25/06/26 23:00:00,A,PC_HH,A2_DCH,CY,2020,99.87,,
ESTAT:ISOC_CI_IN_H(1.0),25/06/26 23:00:00,A,PC_HH,A2_DCH,CY,2021,99.18,,
ESTAT:ISOC_CI_IN_H(1.0),25/06/26 23:00:00,A,PC_HH,A2_DCH,CY,2022,100.00,,
ESTAT:ISOC_CI_IN_H(1.0),25/06/26 23:00:00,A,PC_HH,A2_DCH,CY,2023,99.48,,
ESTAT:ISOC_CI_IN_H(1.0),25/06/26 23:00:00,A,PC_HH,A2_DCH,CY,2024,100.00,,
ESTAT:ISOC_CI_IN_H(1.0),25/06/26 23:00:00,A,PC_HH,A2_DCH,CY,2025,99.25,,
ESTAT:ISOC_CI_IN_H(1.0),25/06/26 23:00:00,A,PC_HH,A2_DCH,CZ,2004,35.59,,
ESTAT:ISOC_CI_IN_H(1.0),25/06/26 23:00:00,A,PC_HH,A2_DCH,CZ,2005,34.59,,
ESTAT:ISOC_CI_IN_H(1.0),25/06/26 23:00:00,A,PC_HH,A2_DCH,CZ,2006,48.49,,
ESTAT:ISOC_CI_IN_H(1.0),25/06/26 23:00:00,A,PC_HH,A2_DCH,CZ,2007,52.36,,
ESTAT:ISOC_CI_IN_H(1.0),25/06/26 23:00:00,A,PC_HH,A2_DCH,CZ,2008,64.20,,
ESTAT:ISOC_CI_IN_H(1.0),25/06/26 23:00:00,A,PC_HH,A2_DCH,CZ,2009,78.26,,
ESTAT:ISOC_CI_IN_H(1.0),25/06/26 23:00:00,A,PC_HH,A2_DCH,CZ,2010,80.14,,
ESTAT:ISOC_CI_IN_H(1.0),25/06/26 23:00:00,A,PC_HH,A2_DCH,CZ,2011,85.17,,
ESTAT:ISOC_CI_IN_H(1.0),25/06/26 23:00:00,A,PC_HH,A2_DCH,CZ,2012,91.28,,
ESTAT:ISOC_CI_IN_H(1.0),25/06/26 23:00:00,A,PC_HH,A2_DCH,CZ,2013,92.30,,
ESTAT:ISOC_CI_IN_H(1.0),25/06/26 23:00:00,A,PC_HH,A2_DCH,CZ,2014,93.64,,
ESTAT:ISOC_CI_IN_H(1.0),25/06/26 23:00:00,A,PC_HH,A2_DCH,CZ,2015,93.69,,
ESTAT:ISOC_CI_IN_H(1.0),25/06/26 23:00:00,A,PC_HH,A2_DCH,CZ,2016,95.70,,
ESTAT:ISOC_CI_IN_H(1.0),25/06/26 23:00:00,A,PC_HH,A2_DCH,CZ,2017,96.96,,
ESTAT:ISOC_CI_IN_H(1.0),25/06/26 23:00:00,A,PC_HH,A2_DCH,CZ,2018,98.26,,
ESTAT:ISOC_CI_IN_H(1.0),25/06/26 23:00:00,A,PC_HH,A2_DCH,CZ,2019,98.28,,
ESTAT:ISOC_CI_IN_H(1.0),25/06/26 23:00:00,A,PC_HH,A2_DCH,CZ,2020,98.57,,
ESTAT:ISOC_CI_IN_H(1.0),25/06/26 23:00:00,A,PC_HH,A2_DCH,CZ,2021,99.56,,
ESTAT:ISOC_CI_IN_H(1.0),25/06/26 23:00:00,A,PC_HH,A2_DCH,CZ,2022,99.59,,
ESTAT:ISOC_CI_IN_H(1.0),25/06/26 23:00:00,A,PC_HH,A2_DCH,CZ,2023,98.62,,
ESTAT:ISOC_CI_IN_H(1.0),25/06/26 23:00:00,A,PC_HH,A2_DCH,CZ,2024,99.54,,
ESTAT:ISOC_CI_IN_H(1.0),25/06/26 23:00:00,A,PC_HH,A2_DCH,CZ,2025,99.20,,
ESTAT:ISOC_CI_IN_H(1.0),25/06/26 23:00:00,A,PC_HH,A2_DCH,DE,2002,67.86,,
ESTAT:ISOC_CI_IN_H(1.0),25/06/26 23:00:00,A,PC_HH,A2_DCH,DE,2003,78.47,,
ESTAT:ISOC_CI_IN_H(1.0),25/06/26 23:00:00,A,PC_HH,A2_DCH,DE,2004,82.93,,
ESTAT:ISOC_CI_IN_H(1.0),25/06/26 23:00:00,A,PC_HH,A2_DCH,DE,2005,84.97,,
ESTAT:ISOC_CI_IN_H(1.0),25/06/26 23:00:00,A,PC_HH,A2_DCH,DE,2006,88.49,,
ESTAT:ISOC_CI_IN_H(1.0),25/06/26 23:00:00,A,PC_HH,A2_DCH,DE,2007,91.33,,
ESTAT:ISOC_CI_IN_H(1.0),25/06/26 23:00:00,A,PC_HH,A2_DCH,DE,2008,95.08,,
ESTAT:ISOC_CI_IN_H(1.0),25/06/26 23:00:00,A,PC_HH,A2_DCH,DE,2009,96.88,,
ESTAT:ISOC_CI_IN_H(1.0),25/06/26 23:00:00,A,PC_HH,A2_DCH,DE,2010,97.93,,
ESTAT:ISOC_CI_IN_H(1.0),25/06/26 23:00:00,A,PC_HH,A2_DCH,DE,2011,98.32,,
ESTAT:ISOC_CI_IN_H(1.0),25/06/26 23:00:00,A,PC_HH,A2_DCH,DE,2012,98.97,,
ESTAT:ISOC_CI_IN_H(1.0),25/06/26 23:00:00,A,PC_HH,A2_DCH,DE,2013,98.92,,
ESTAT:ISOC_CI_IN_H(1.0),25/06/26 23:00:00,A,PC_HH,A2_DCH,DE,2014,99.49,,
ESTAT:ISOC_CI_IN_H(1.0),25/06/26 23:00:00,A,PC_HH,A2_DCH,DE,2015,99.71,,
ESTAT:ISOC_CI_IN_H(1.0),25/06/26 23:00:00,A,PC_HH,A2_DCH,DE,2016,99.69,,
ESTAT:ISOC_CI_IN_H(1.0),25/06/26 23:00:00,A,PC_HH,A2_DCH,DE,2017,99.70,,
ESTAT:ISOC_CI_IN_H(1.0),25/06/26 23:00:00,A,PC_HH,A2_DCH,DE,2018,99.85,,
ESTAT:ISOC_CI_IN_H(1.0),25/06/26 23:00:00,A,PC_HH,A2_DCH,DE,2019,99.65,,
ESTAT:ISOC_CI_IN_H(1.0),25/06/26 23:00:00,A,PC_HH,A2_DCH,DE,2020,99.95,,
ESTAT:ISOC_CI_IN_H(1.0),25/06/26 23:00:00,A,PC_HH,A2_DCH,DE,2021,98.70,b,
ESTAT:ISOC_CI_IN_H(1.0),25/06/26 23:00:00,A,PC_HH,A2_DCH,DE,2022,98.03,,
ESTAT:ISOC_CI_IN_H(1.0),25/06/26 23:00:00,A,PC_HH,A2_DCH,DE,2023,98.04,,
ESTAT:ISOC_CI_IN_H(1.0),25/06/26 23:00:00,A,PC_HH,A2_DCH,DE,2024,98.22,,
ESTAT:ISOC_CI_IN_H(1.0),25/06/26 23:00:00,A,PC_HH,A2_DCH,DE,2025,98.44,,
ESTAT:ISOC_CI_IN_H(1.0),25/06/26 23:00:00,A,PC_HH,A2_DCH,DK,2002,75.86,,
ESTAT:ISOC_CI_IN_H(1.0),25/06/26 23:00:00,A,PC_HH,A2_DCH,DK,2003,83.91,,
ESTAT:ISOC_CI_IN_H(1.0),25/06/26 23:00:00,A,PC_HH,A2_DCH,DK,2004,87.93,,
ESTAT:ISOC_CI_IN_H(1.0),25/06/26 23:00:00,A,PC_HH,A2_DCH,DK,2005,93.51,,
ESTAT:ISOC_CI_IN_H(1.0),25/06/26 23:00:00,A,PC_HH,A2_DCH,DK,2006,95.08,,
ESTAT:ISOC_CI_IN_H(1.0),25/06/26 23:00:00,A,PC_HH,A2_DCH,DK,2007,95.76,,
ESTAT:ISOC_CI_IN_H(1.0),25/06/26 23:00:00,A,PC_HH,A2_DCH,DK,2008,96.00,,
ESTAT:ISOC_CI_IN_H(1.0),25/06/26 23:00:00,A,PC_HH,A2_DCH,DK,2009,97.03,,
ESTAT:ISOC_CI_IN_H(1.0),25/06/26 23:00:00,A,PC_HH,A2_DCH,DK,2010,97.62,,
ESTAT:ISOC_CI_IN_H(1.0),25/06/26 23:00:00,A,PC_HH,A2_DCH,DK,2011,98.52,,
ESTAT:ISOC_CI_IN_H(1.0),25/06/26 23:00:00,A,PC_HH,A2_DCH,DK,2012,99.47,,
ESTAT:ISOC_CI_IN_H(1.0),25/06/26 23:00:00,A,PC_HH,A2_DCH,DK,2013,98.00,,
ESTAT:ISOC_CI_IN_H(1.0),25/06/26 23:00:00,A,PC_HH,A2_DCH,DK,2014,97.53,,
ESTAT:ISOC_CI_IN_H(1.0),25/06/26 23:00:00,A,PC_HH,A2_DCH,DK,2015,98.45,,
ESTAT:ISOC_CI_IN_H(1.0),25/06/26 23:00:00,A,PC_HH,A2_DCH,DK,2016,98.68,,
ESTAT:ISOC_CI_IN_H(1.0),25/06/26 23:00:00,A,PC_HH,A2_DCH,DK,2017,100.00,,
ESTAT:ISOC_CI_IN_H(1.0),25/06/26 23:00:00,A,PC_HH,A2_DCH,DK,2018,97.83,,
ESTAT:ISOC_CI_IN_H(1.0),25/06/26 23:00:00,A,PC_HH,A2_DCH,DK,2019,99.04,,
ESTAT:ISOC_CI_IN_H(1.0),25/06/26 23:00:00,A,PC_HH,A2_DCH,DK,2020,98.84,,
ESTAT:ISOC_CI_IN_H(1.0),25/06/26 23:00:00,A,PC_HH,A2_DCH,DK,2021,99.49,,
ESTAT:ISOC_CI_IN_H(1.0),25/06/26 23:00:00,A,PC_HH,A2_DCH,DK,2022,99.18,,
ESTAT:ISOC_CI_IN_H(1.0),25/06/26 23:00:00,A,PC_HH,A2_DCH,DK,2023,98.80,,
ESTAT:ISOC_CI_IN_H(1.0),25/06/26 23:00:00,A,PC_HH,A2_DCH,DK,2024,98.77,,
ESTAT:ISOC_CI_IN_H(1.0),25/06/26 23:00:00,A,PC_HH,A2_DCH,DK,2025,99.58,,
ESTAT:ISOC_CI_IN_H(1.0),25/06/26 23:00:00,A,PC_HH,A2_DCH,EA,2002,48.84,,
ESTAT:ISOC_CI_IN_H(1.0),25/06/26 23:00:00,A,PC_HH,A2_DCH,EA,2003,53.93,,
ESTAT:ISOC_CI_IN_H(1.0),25/06/26 23:00:00,A,PC_HH,A2_DCH,EA,2004,56.84,,
ESTAT:ISOC_CI_IN_H(1.0),25/06/26 23:00:00,A,PC_HH,A2_DCH,EA,2005,64.54,,
ESTAT:ISOC_CI_IN_H(1.0),25/06/26 23:00:00,A,PC_HH,A2_DCH,EA,2006,65.07,,
ESTAT:ISOC_CI_IN_H(1.0),25/06/26 23:00:00,A,PC_HH,A2_DCH,EA,2007,71.43,,
ESTAT:ISOC_CI_IN_H(1.0),25/06/26 23:00:00,A,PC_HH,A2_DCH,EA,2008,77.12,,
ESTAT:ISOC_CI_IN_H(1.0),25/06/26 23:00:00,A,PC_HH,A2_DCH,EA,2009,81.86,,
ESTAT:ISOC_CI_IN_H(1.0),25/06/26 23:00:00,A,PC_HH,A2_DCH,EA,2010,86.25,,
ESTAT:ISOC_CI_IN_H(1.0),25/06/26 23:00:00,A,PC_HH,A2_DCH,EA,2011,89.64,,
ESTAT:ISOC_CI_IN_H(1.0),25/06/26 23:00:00,A,PC_HH,A2_DCH,EA,2012,90.66,,
ESTAT:ISOC_CI_IN_H(1.0),25/06/26 23:00:00,A,PC_HH,A2_DCH,EA,2013,92.70,,
ESTAT:ISOC_CI_IN_H(1.0),25/06/26 23:00:00,A,PC_HH,A2_DCH,EA,2014,94.72,,
ESTAT:ISOC_CI_IN_H(1.0),25/06/26 23:00:00,A,PC_HH,A2_DCH,EA,2015,95.66,,
ESTAT:ISOC_CI_IN_H(1.0),25/06/26 23:00:00,A,PC_HH,A2_DCH,EA,2016,96.81,,
ESTAT:ISOC_CI_IN_H(1.0),25/06/26 23:00:00,A,PC_HH,A2_DCH,EA,2017,96.82,,
ESTAT:ISOC_CI_IN_H(1.0),25/06/26 23:00:00,A,PC_HH,A2_DCH,EA,2018,97.99,,
ESTAT:ISOC_CI_IN_H(1.0),25/06/26 23:00:00,A,PC_HH,A2_DCH,EA,2019,98.36,,
ESTAT:ISOC_CI_IN_H(1.0),25/06/26 23:00:00,A,PC_HH,A2_DCH,EA,2020,98.73,e,
ESTAT:ISOC_CI_IN_H(1.0),25/06/26 23:00:00,A,PC_HH,A2_DCH,EA,2021,98.97,b,
ESTAT:ISOC_CI_IN_H(1.0),25/06/26 23:00:00,A,PC_HH,A2_DCH,EA,2022,98.85,,
ESTAT:ISOC_CI_IN_H(1.0),25/06/26 23:00:00,A,PC_HH,A2_DCH,EA,2023,98.87,,
ESTAT:ISOC_CI_IN_H(1.0),25/06/26 23:00:00,A,PC_HH,A2_DCH,EA,2024,98.89,,
ESTAT:ISOC_CI_IN_H(1.0),25/06/26 23:00:00,A,PC_HH,A2_DCH,EA,2025,99.11,,
ESTAT:ISOC_CI_IN_H(1.0),25/06/26 23:00:00,A,PC_HH,A2_DCH,EE,2004,52.36,,
ESTAT:ISOC_CI_IN_H(1.0),25/06/26 23:00:00,A,PC_HH,A2_DCH,EE,2005,56.26,,
ESTAT:ISOC_CI_IN_H(1.0),25/06/26 23:00:00,A,PC_HH,A2_DCH,EE,2006,72.13,,
ESTAT:ISOC_CI_IN_H(1.0),25/06/26 23:00:00,A,PC_HH,A2_DCH,EE,2007,82.13,,
ESTAT:ISOC_CI_IN_H(1.0),25/06/26 23:00:00,A,PC_HH,A2_DCH,EE,2008,88.43,,
ESTAT:ISOC_CI_IN_H(1.0),25/06/26 23:00:00,A,PC_HH,A2_DCH,EE,2009,92.26,,
ESTAT:ISOC_CI_IN_H(1.0),25/06/26 23:00:00,A,PC_HH,A2_DCH,EE,2010,92.93,,
ESTAT:ISOC_CI_IN_H(1.0),25/06/26 23:00:00,A,PC_HH,A2_DCH,EE,2011,96.02,,
ESTAT:ISOC_CI_IN_H(1.0),25/06/26 23:00:00,A,PC_HH,A2_DCH,EE,2012,96.92,,
ESTAT:ISOC_CI_IN_H(1.0),25/06/26 23:00:00,A,PC_HH,A2_DCH,EE,2013,98.80,,
ESTAT:ISOC_CI_IN_H(1.0),25/06/26 23:00:00,A,PC_HH,A2_DCH,EE,2014,98.91,b,
ESTAT:ISOC_CI_IN_H(1.0),25/06/26 23:00:00,A,PC_HH,A2_DCH,EE,2015,99.32,,
ESTAT:ISOC_CI_IN_H(1.0),25/06/26 23:00:00,A,PC_HH,A2_DCH,EE,2016,99.61,,
ESTAT:ISOC_CI_IN_H(1.0),25/06/26 23:00:00,A,PC_HH,A2_DCH,EE,2017,99.47,,
ESTAT:ISOC_CI_IN_H(1.0),25/06/26 23:00:00,A,PC_HH,A2_DCH,EE,2018,99.43,,
ESTAT:ISOC_CI_IN_H(1.0),25/06/26 23:00:00,A,PC_HH,A2_DCH,EE,2019,99.36,,
ESTAT:ISOC_CI_IN_H(1.0),25/06/26 23:00:00,A,PC_HH,A2_DCH,EE,2020,99.09,,
ESTAT:ISOC_CI_IN_H(1.0),25/06/26 23:00:00,A,PC_HH,A2_DCH,EE,2021,99.33,,
ESTAT:ISOC_CI_IN_H(1.0),25/06/26 23:00:00,A,PC_HH,A2_DCH,EE,2022,99.63,,
ESTAT:ISOC_CI_IN_H(1.0),25/06/26 23:00:00,A,PC_HH,A2_DCH,EE,2023,99.90,,
ESTAT:ISOC_CI_IN_H(1.0),25/06/26 23:00:00,A,PC_HH,A2_DCH,EE,2024,99.86,,
ESTAT:ISOC_CI_IN_H(1.0),25/06/26 23:00:00,A,PC_HH,A2_DCH,EE,2025,99.85,,
ESTAT:ISOC_CI_IN_H(1.0),25/06/26 23:00:00,A,PC_HH,A2_DCH,EL,2002,18.85,,
ESTAT:ISOC_CI_IN_H(1.0),25/06/26 23:00:00,A,PC_HH,A2_DCH,EL,2003,24.29,,
ESTAT:ISOC_CI_IN_H(1.0),25/06/26 23:00:00,A,PC_HH,A2_DCH,EL,2004,25.80,,
ESTAT:ISOC_CI_IN_H(1.0),25/06/26 23:00:00,A,PC_HH,A2_DCH,EL,2005,28.40,,
ESTAT:ISOC_CI_IN_H(1.0),25/06/26 23:00:00,A,PC_HH,A2_DCH,EL,2006,34.03,,
ESTAT:ISOC_CI_IN_H(1.0),25/06/26 23:00:00,A,PC_HH,A2_DCH,EL,2007,37.72,,
ESTAT:ISOC_CI_IN_H(1.0),25/06/26 23:00:00,A,PC_HH,A2_DCH,EL,2008,45.38,,
ESTAT:ISOC_CI_IN_H(1.0),25/06/26 23:00:00,A,PC_HH,A2_DCH,EL,2009,54.81,,
ESTAT:ISOC_CI_IN_H(1.0),25/06/26 23:00:00,A,PC_HH,A2_DCH,EL,2010,64.91,,
ESTAT:ISOC_CI_IN_H(1.0),25/06/26 23:00:00,A,PC_HH,A2_DCH,EL,2011,73.87,,
ESTAT:ISOC_CI_IN_H(1.0),25/06/26 23:00:00,A,PC_HH,A2_DCH,EL,2012,79.55,,
ESTAT:ISOC_CI_IN_H(1.0),25/06/26 23:00:00,A,PC_HH,A2_DCH,EL,2013,80.40,,
ESTAT:ISOC_CI_IN_H(1.0),25/06/26 23:00:00,A,PC_HH,A2_DCH,EL,2014,86.99,,
ESTAT:ISOC_CI_IN_H(1.0),25/06/26 23:00:00,A,PC_HH,A2_DCH,EL,2015,90.59,,
ESTAT:ISOC_CI_IN_H(1.0),25/06/26 23:00:00,A,PC_HH,A2_DCH,EL,2016,90.06,,
ESTAT:ISOC_CI_IN_H(1.0),25/06/26 23:00:00,A,PC_HH,A2_DCH,EL,2017,90.39,,
ESTAT:ISOC_CI_IN_H(1.0),25/06/26 23:00:00,A,PC_HH,A2_DCH,EL,2018,95.16,,
ESTAT:ISOC_CI_IN_H(1.0),25/06/26 23:00:00,A,PC_HH,A2_DCH,EL,2019,94.97,,
ESTAT:ISOC_CI_IN_H(1.0),25/06/26 23:00:00,A,PC_HH,A2_DCH,EL,2020,96.53,,
ESTAT:ISOC_CI_IN_H(1.0),25/06/26 23:00:00,A,PC_HH,A2_DCH,EL,2021,97.81,,
ESTAT:ISOC_CI_IN_H(1.0),25/06/26 23:00:00,A,PC_HH,A2_DCH,EL,2022,98.20,,
ESTAT:ISOC_CI_IN_H(1.0),25/06/26 23:00:00,A,PC_HH,A2_DCH,EL,2023,99.16,,
ESTAT:ISOC_CI_IN_H(1.0),25/06/26 23:00:00,A,PC_HH,A2_DCH,EL,2024,97.90,,
ESTAT:ISOC_CI_IN_H(1.0),25/06/26 23:00:00,A,PC_HH,A2_DCH,EL,2025,98.95,,
ESTAT:ISOC_CI_IN_H(1.0),25/06/26 23:00:00,A,PC_HH,A2_DCH,ES,2005,43.66,,
ESTAT:ISOC_CI_IN_H(1.0),25/06/26 23:00:00,A,PC_HH,A2_DCH,ES,2006,48.82,,
ESTAT:ISOC_CI_IN_H(1.0),25/06/26 23:00:00,A,PC_HH,A2_DCH,ES,2007,54.83,,
ESTAT:ISOC_CI_IN_H(1.0),25/06/26 23:00:00,A,PC_HH,A2_DCH,ES,2008,61.81,,
ESTAT:ISOC_CI_IN_H(1.0),25/06/26 23:00:00,A,PC_HH,A2_DCH,ES,2009,66.64,,
ESTAT:ISOC_CI_IN_H(1.0),25/06/26 23:00:00,A,PC_HH,A2_DCH,ES,2010,73.00,,
ESTAT:ISOC_CI_IN_H(1.0),25/06/26 23:00:00,A,PC_HH,A2_DCH,ES,2011,78.79,,
ESTAT:ISOC_CI_IN_H(1.0),25/06/26 23:00:00,A,PC_HH,A2_DCH,ES,2012,82.28,,
ESTAT:ISOC_CI_IN_H(1.0),25/06/26 23:00:00,A,PC_HH,A2_DCH,ES,2013,85.64,,
ESTAT:ISOC_CI_IN_H(1.0),25/06/26 23:00:00,A,PC_HH,A2_DCH,ES,2014,90.30,,
ESTAT:ISOC_CI_IN_H(1.0),25/06/26 23:00:00,A,PC_HH,A2_DCH,ES,2015,93.54,,
ESTAT:ISOC_CI_IN_H(1.0),25/06/26 23:00:00,A,PC_HH,A2_DCH,ES,2016,95.78,,
ESTAT:ISOC_CI_IN_H(1.0),25/06/26 23:00:00,A,PC_HH,A2_DCH,ES,2017,95.70,,
ESTAT:ISOC_CI_IN_H(1.0),25/06/26 23:00:00,A,PC_HH,A2_DCH,ES,2018,97.62,,
ESTAT:ISOC_CI_IN_H(1.0),25/06/26 23:00:00,A,PC_HH,A2_DCH,ES,2019,99.13,,
ESTAT:ISOC_CI_IN_H(1.0),25/06/26 23:00:00,A,PC_HH,A2_DCH,ES,2020,99.92,,
ESTAT:ISOC_CI_IN_H(1.0),25/06/26 23:00:00,A,PC_HH,A2_DCH,ES,2021,99.83,,
ESTAT:ISOC_CI_IN_H(1.0),25/06/26 23:00:00,A,PC_HH,A2_DCH,ES,2022,100.00,,
ESTAT:ISOC_CI_IN_H(1.0),25/06/26 23:00:00,A,PC_HH,A2_DCH,ES,2023,99.78,,
ESTAT:ISOC_CI_IN_H(1.0),25/06/26 23:00:00,A,PC_HH,A2_DCH,ES,2024,99.22,,
ESTAT:ISOC_CI_IN_H(1.0),25/06/26 23:00:00,A,PC_HH,A2_DCH,ES,2025,99.95,,
ESTAT:ISOC_CI_IN_H(1.0),25/06/26 23:00:00,A,PC_HH,A2_DCH,EU15,2002,52.72,,
ESTAT:ISOC_CI_IN_H(1.0),25/06/26 23:00:00,A,PC_HH,A2_DCH,EU15,2003,58.07,,
ESTAT:ISOC_CI_IN_H(1.0),25/06/26 23:00:00,A,PC_HH,A2_DCH,EU15,2004,61.13,,
ESTAT:ISOC_CI_IN_H(1.0),25/06/26 23:00:00,A,PC_HH,A2_DCH,EU15,2005,69.80,,
ESTAT:ISOC_CI_IN_H(1.0),25/06/26 23:00:00,A,PC_HH,A2_DCH,EU15,2006,69.15,,
ESTAT:ISOC_CI_IN_H(1.0),25/06/26 23:00:00,A,PC_HH,A2_DCH,EU15,2007,73.74,,
ESTAT:ISOC_CI_IN_H(1.0),25/06/26 23:00:00,A,PC_HH,A2_DCH,EU15,2008,78.96,,
ESTAT:ISOC_CI_IN_H(1.0),25/06/26 23:00:00,A,PC_HH,A2_DCH,EU15,2009,84.26,,
ESTAT:ISOC_CI_IN_H(1.0),25/06/26 23:00:00,A,PC_HH,A2_DCH,EU15,2010,87.99,,
ESTAT:ISOC_CI_IN_H(1.0),25/06/26 23:00:00,A,PC_HH,A2_DCH,EU15,2011,90.89,,
ESTAT:ISOC_CI_IN_H(1.0),25/06/26 23:00:00,A,PC_HH,A2_DCH,EU15,2012,92.13,,
ESTAT:ISOC_CI_IN_H(1.0),25/06/26 23:00:00,A,PC_HH,A2_DCH,EU15,2013,92.37,,
ESTAT:ISOC_CI_IN_H(1.0),25/06/26 23:00:00,A,PC_HH,A2_DCH,EU15,2014,95.47,,
ESTAT:ISOC_CI_IN_H(1.0),25/06/26 23:00:00,A,PC_HH,A2_DCH,EU15,2015,96.11,,
ESTAT:ISOC_CI_IN_H(1.0),25/06/26 23:00:00,A,PC_HH,A2_DCH,EU15,2016,97.29,,
ESTAT:ISOC_CI_IN_H(1.0),25/06/26 23:00:00,A,PC_HH,A2_DCH,EU15,2017,97.29,,
ESTAT:ISOC_CI_IN_H(1.0),25/06/26 23:00:00,A,PC_HH,A2_DCH,EU15,2018,98.35,,
ESTAT:ISOC_CI_IN_H(1.0),25/06/26 23:00:00,A,PC_HH,A2_DCH,EU25,2004,55.57,,
ESTAT:ISOC_CI_IN_H(1.0),25/06/26 23:00:00,A,PC_HH,A2_DCH,EU25,2005,64.15,,
ESTAT:ISOC_CI_IN_H(1.0),25/06/26 23:00:00,A,PC_HH,A2_DCH,EU25,2006,66.60,,
ESTAT:ISOC_CI_IN_H(1.0),25/06/26 23:00:00,A,PC_HH,A2_DCH,EU25,2007,71.58,,
ESTAT:ISOC_CI_IN_H(1.0),25/06/26 23:00:00,A,PC_HH,A2_DCH,EU25,2008,77.48,,
ESTAT:ISOC_CI_IN_H(1.0),25/06/26 23:00:00,A,PC_HH,A2_DCH,EU25,2009,83.35,,
ESTAT:ISOC_CI_IN_H(1.0),25/06/26 23:00:00,A,PC_HH,A2_DCH,EU25,2010,87.37,,
ESTAT:ISOC_CI_IN_H(1.0),25/06/26 23:00:00,A,PC_HH,A2_DCH,EU27_2007,2004,55.10,,
ESTAT:ISOC_CI_IN_H(1.0),25/06/26 23:00:00,A,PC_HH,A2_DCH,EU27_2007,2005,64.15,,
ESTAT:ISOC_CI_IN_H(1.0),25/06/26 23:00:00,A,PC_HH,A2_DCH,EU27_2007,2006,64.75,,
ESTAT:ISOC_CI_IN_H(1.0),25/06/26 23:00:00,A,PC_HH,A2_DCH,EU27_2007,2007,69.48,,
ESTAT:ISOC_CI_IN_H(1.0),25/06/26 23:00:00,A,PC_HH,A2_DCH,EU27_2007,2008,75.87,,
ESTAT:ISOC_CI_IN_H(1.0),25/06/26 23:00:00,A,PC_HH,A2_DCH,EU27_2007,2009,82.03,,
ESTAT:ISOC_CI_IN_H(1.0),25/06/26 23:00:00,A,PC_HH,A2_DCH,EU27_2007,2010,86.04,,
ESTAT:ISOC_CI_IN_H(1.0),25/06/26 23:00:00,A,PC_HH,A2_DCH,EU27_2007,2011,89.18,,
ESTAT:ISOC_CI_IN_H(1.0),25/06/26 23:00:00,A,PC_HH,A2_DCH,EU27_2007,2012,90.96,,
ESTAT:ISOC_CI_IN_H(1.0),25/06/26 23:00:00,A,PC_HH,A2_DCH,EU27_2007,2013,91.59,,
ESTAT:ISOC_CI_IN_H(1.0),25/06/26 23:00:00,A,PC_HH,A2_DCH,EU27_2007,2014,94.56,,
ESTAT:ISOC_CI_IN_H(1.0),25/06/26 23:00:00,A,PC_HH,A2_DCH,EU27_2007,2015,95.31,,
ESTAT:ISOC_CI_IN_H(1.0),25/06/26 23:00:00,A,PC_HH,A2_DCH,EU27_2007,2016,96.89,,
ESTAT:ISOC_CI_IN_H(1.0),25/06/26 23:00:00,A,PC_HH,A2_DCH,EU27_2007,2017,97.11,,
ESTAT:ISOC_CI_IN_H(1.0),25/06/26 23:00:00,A,PC_HH,A2_DCH,EU27_2007,2018,98.08,,
ESTAT:ISOC_CI_IN_H(1.0),25/06/26 23:00:00,A,PC_HH,A2_DCH,EU27_2020,2007,67.73,,
ESTAT:ISOC_CI_IN_H(1.0),25/06/26 23:00:00,A,PC_HH,A2_DCH,EU27_2020,2008,74.52,,
ESTAT:ISOC_CI_IN_H(1.0),25/06/26 23:00:00,A,PC_HH,A2_DCH,EU27_2020,2009,80.27,,
ESTAT:ISOC_CI_IN_H(1.0),25/06/26 23:00:00,A,PC_HH,A2_DCH,EU27_2020,2010,84.70,,
ESTAT:ISOC_CI_IN_H(1.0),25/06/26 23:00:00,A,PC_HH,A2_DCH,EU27_2020,2011,88.22,,
ESTAT:ISOC_CI_IN_H(1.0),25/06/26 23:00:00,A,PC_HH,A2_DCH,EU27_2020,2012,89.94,,
ESTAT:ISOC_CI_IN_H(1.0),25/06/26 23:00:00,A,PC_HH,A2_DCH,EU27_2020,2013,91.96,,
ESTAT:ISOC_CI_IN_H(1.0),25/06/26 23:00:00,A,PC_HH,A2_DCH,EU27_2020,2014,93.90,,
ESTAT:ISOC_CI_IN_H(1.0),25/06/26 23:00:00,A,PC_HH,A2_DCH,EU27_2020,2015,94.90,,
ESTAT:ISOC_CI_IN_H(1.0),25/06/26 23:00:00,A,PC_HH,A2_DCH,EU27_2020,2016,96.50,,
ESTAT:ISOC_CI_IN_H(1.0),25/06/26 23:00:00,A,PC_HH,A2_DCH,EU27_2020,2017,96.75,,
ESTAT:ISOC_CI_IN_H(1.0),25/06/26 23:00:00,A,PC_HH,A2_DCH,EU27_2020,2018,97.77,,
ESTAT:ISOC_CI_IN_H(1.0),25/06/26 23:00:00,A,PC_HH,A2_DCH,EU27_2020,2019,98.28,,
ESTAT:ISOC_CI_IN_H(1.0),25/06/26 23:00:00,A,PC_HH,A2_DCH,EU27_2020,2020,98.70,e,
ESTAT:ISOC_CI_IN_H(1.0),25/06/26 23:00:00,A,PC_HH,A2_DCH,EU27_2020,2021,99.02,b,
ESTAT:ISOC_CI_IN_H(1.0),25/06/26 23:00:00,A,PC_HH,A2_DCH,EU27_2020,2022,98.81,,
ESTAT:ISOC_CI_IN_H(1.0),25/06/26 23:00:00,A,PC_HH,A2_DCH,EU27_2020,2023,98.94,,
ESTAT:ISOC_CI_IN_H(1.0),25/06/26 23:00:00,A,PC_HH,A2_DCH,EU27_2020,2024,98.98,,
ESTAT:ISOC_CI_IN_H(1.0),25/06/26 23:00:00,A,PC_HH,A2_DCH,EU27_2020,2025,99.16,,
ESTAT:ISOC_CI_IN_H(1.0),25/06/26 23:00:00,A,PC_HH,A2_DCH,EU28,2007,69.44,,
ESTAT:ISOC_CI_IN_H(1.0),25/06/26 23:00:00,A,PC_HH,A2_DCH,EU28,2008,75.79,,
ESTAT:ISOC_CI_IN_H(1.0),25/06/26 23:00:00,A,PC_HH,A2_DCH,EU28,2009,81.98,,
ESTAT:ISOC_CI_IN_H(1.0),25/06/26 23:00:00,A,PC_HH,A2_DCH,EU28,2010,86.00,,
ESTAT:ISOC_CI_IN_H(1.0),25/06/26 23:00:00,A,PC_HH,A2_DCH,EU28,2011,89.17,,
ESTAT:ISOC_CI_IN_H(1.0),25/06/26 23:00:00,A,PC_HH,A2_DCH,EU28,2012,90.97,,
ESTAT:ISOC_CI_IN_H(1.0),25/06/26 23:00:00,A,PC_HH,A2_DCH,EU28,2013,91.59,,
ESTAT:ISOC_CI_IN_H(1.0),25/06/26 23:00:00,A,PC_HH,A2_DCH,EU28,2014,94.53,,
ESTAT:ISOC_CI_IN_H(1.0),25/06/26 23:00:00,A,PC_HH,A2_DCH,EU28,2015,95.31,,
ESTAT:ISOC_CI_IN_H(1.0),25/06/26 23:00:00,A,PC_HH,A2_DCH,EU28,2016,96.89,,
ESTAT:ISOC_CI_IN_H(1.0),25/06/26 23:00:00,A,PC_HH,A2_DCH,EU28,2017,97.10,,
ESTAT:ISOC_CI_IN_H(1.0),25/06/26 23:00:00,A,PC_HH,A2_DCH,EU28,2018,98.08,,
ESTAT:ISOC_CI_IN_H(1.0),25/06/26 23:00:00,A,PC_HH,A2_DCH,EU28,2019,98.49,,
ESTAT:ISOC_CI_IN_H(1.0),25/06/26 23:00:00,A,PC_HH,A2_DCH,FI,2002,72.02,,
ESTAT:ISOC_CI_IN_H(1.0),25/06/26 23:00:00,A,PC_HH,A2_DCH,FI,2003,74.04,,
ESTAT:ISOC_CI_IN_H(1.0),25/06/26 23:00:00,A,PC_HH,A2_DCH,FI,2004,78.89,,
ESTAT:ISOC_CI_IN_H(1.0),25/06/26 23:00:00,A,PC_HH,A2_DCH,FI,2005,81.89,,
ESTAT:ISOC_CI_IN_H(1.0),25/06/26 23:00:00,A,PC_HH,A2_DCH,FI,2006,90.41,,
ESTAT:ISOC_CI_IN_H(1.0),25/06/26 23:00:00,A,PC_HH,A2_DCH,FI,2007,91.81,,
ESTAT:ISOC_CI_IN_H(1.0),25/06/26 23:00:00,A,PC_HH,A2_DCH,FI,2008,96.00,,
ESTAT:ISOC_CI_IN_H(1.0),25/06/26 23:00:00,A,PC_HH,A2_DCH,FI,2009,98.24,,
ESTAT:ISOC_CI_IN_H(1.0),25/06/26 23:00:00,A,PC_HH,A2_DCH,FI,2010,98.94,,
ESTAT:ISOC_CI_IN_H(1.0),25/06/26 23:00:00,A,PC_HH,A2_DCH,FI,2011,99.59,,
ESTAT:ISOC_CI_IN_H(1.0),25/06/26 23:00:00,A,PC_HH,A2_DCH,FI,2012,99.44,,
ESTAT:ISOC_CI_IN_H(1.0),25/06/26 23:00:00,A,PC_HH,A2_DCH,FI,2013,100.00,,
ESTAT:ISOC_CI_IN_H(1.0),25/06/26 23:00:00,A,PC_HH,A2_DCH,FI,2014,99.54,,
ESTAT:ISOC_CI_IN_H(1.0),25/06/26 23:00:00,A,PC_HH,A2_DCH,FI,2015,100.00,,
ESTAT:ISOC_CI_IN_H(1.0),25/06/26 23:00:00,A,PC_HH,A2_DCH,FI,2016,99.48,,
ESTAT:ISOC_CI_IN_H(1.0),25/06/26 23:00:00,A,PC_HH,A2_DCH,FI,2017,99.76,,
ESTAT:ISOC_CI_IN_H(1.0),25/06/26 23:00:00,A,PC_HH,A2_DCH,FI,2018,99.66,,
ESTAT:ISOC_CI_IN_H(1.0),25/06/26 23:00:00,A,PC_HH,A2_DCH,FI,2019,100.00,,
ESTAT:ISOC_CI_IN_H(1.0),25/06/26 23:00:00,A,PC_HH,A2_DCH,FI,2020,100.00,,
ESTAT:ISOC_CI_IN_H(1.0),25/06/26 23:00:00,A,PC_HH,A2_DCH,FI,2021,100.00,,
ESTAT:ISOC_CI_IN_H(1.0),25/06/26 23:00:00,A,PC_HH,A2_DCH,FI,2022,99.78,,
ESTAT:ISOC_CI_IN_H(1.0),25/06/26 23:00:00,A,PC_HH,A2_DCH,FI,2023,99.48,,
ESTAT:ISOC_CI_IN_H(1.0),25/06/26 23:00:00,A,PC_HH,A2_DCH,FI,2024,100.00,,
ESTAT:ISOC_CI_IN_H(1.0),25/06/26 23:00:00,A,PC_HH,A2_DCH,FI,2025,99.58,,
ESTAT:ISOC_CI_IN_H(1.0),25/06/26 23:00:00,A,PC_HH,A2_DCH,FR,2002,36.90,,
ESTAT:ISOC_CI_IN_H(1.0),25/06/26 23:00:00,A,PC_HH,A2_DCH,FR,2003,44.33,,
ESTAT:ISOC_CI_IN_H(1.0),25/06/26 23:00:00,A,PC_HH,A2_DCH,FR,2004,49.06,,
ESTAT:ISOC_CI_IN_H(1.0),25/06/26 23:00:00,A,PC_HH,A2_DCH,FR,2006,59.35,,
ESTAT:ISOC_CI_IN_H(1.0),25/06/26 23:00:00,A,PC_HH,A2_DCH,FR,2007,71.84,,
ESTAT:ISOC_CI_IN_H(1.0),25/06/26 23:00:00,A,PC_HH,A2_DCH,FR,2008,80.04,,
ESTAT:ISOC_CI_IN_H(1.0),25/06/26 23:00:00,A,PC_HH,A2_DCH,FR,2009,86.25,,
ESTAT:ISOC_CI_IN_H(1.0),25/06/26 23:00:00,A,PC_HH,A2_DCH,FR,2010,91.57,,
ESTAT:ISOC_CI_IN_H(1.0),25/06/26 23:00:00,A,PC_HH,A2_DCH,FR,2011,95.01,,
ESTAT:ISOC_CI_IN_H(1.0),25/06/26 23:00:00,A,PC_HH,A2_DCH,FR,2012,95.60,,
ESTAT:ISOC_CI_IN_H(1.0),25/06/26 23:00:00,A,PC_HH,A2_DCH,FR,2013,95.88,,
ESTAT:ISOC_CI_IN_H(1.0),25/06/26 23:00:00,A,PC_HH,A2_DCH,FR,2014,97.29,,
ESTAT:ISOC_CI_IN_H(1.0),25/06/26 23:00:00,A,PC_HH,A2_DCH,FR,2015,96.60,,
ESTAT:ISOC_CI_IN_H(1.0),25/06/26 23:00:00,A,PC_HH,A2_DCH,FR,2016,97.52,,
ESTAT:ISOC_CI_IN_H(1.0),25/06/26 23:00:00,A,PC_HH,A2_DCH,FR,2017,95.97,,
ESTAT:ISOC_CI_IN_H(1.0),25/06/26 23:00:00,A,PC_HH,A2_DCH,FR,2018,98.33,,
ESTAT:ISOC_CI_IN_H(1.0),25/06/26 23:00:00,A,PC_HH,A2_DCH,FR,2019,98.05,,
ESTAT:ISOC_CI_IN_H(1.0),25/06/26 23:00:00,A,PC_HH,A2_DCH,FR,2021,99.08,,
ESTAT:ISOC_CI_IN_H(1.0),25/06/26 23:00:00,A,PC_HH,A2_DCH,FR,2022,98.81,,
ESTAT:ISOC_CI_IN_H(1.0),25/06/26 23:00:00,A,PC_HH,A2_DCH,FR,2023,98.67,,
ESTAT:ISOC_CI_IN_H(1.0),25/06/26 23:00:00,A,PC_HH,A2_DCH,FR,2024,98.87,,
ESTAT:ISOC_CI_IN_H(1.0),25/06/26 23:00:00,A,PC_HH,A2_DCH,FR,2025,99.16,,
ESTAT:ISOC_CI_IN_H(1.0),25/06/26 23:00:00,A,PC_HH,A2_DCH,HR,2007,61.81,,
ESTAT:ISOC_CI_IN_H(1.0),25/06/26 23:00:00,A,PC_HH,A2_DCH,HR,2008,63.99,,
ESTAT:ISOC_CI_IN_H(1.0),25/06/26 23:00:00,A,PC_HH,A2_DCH,HR,2009,71.89,,
ESTAT:ISOC_CI_IN_H(1.0),25/06/26 23:00:00,A,PC_HH,A2_DCH,HR,2010,79.75,,
ESTAT:ISOC_CI_IN_H(1.0),25/06/26 23:00:00,A,PC_HH,A2_DCH,HR,2011,87.20,,
ESTAT:ISOC_CI_IN_H(1.0),25/06/26 23:00:00,A,PC_HH,A2_DCH,HR,2012,92.43,,
ESTAT:ISOC_CI_IN_H(1.0),25/06/26 23:00:00,A,PC_HH,A2_DCH,HR,2013,93.26,,
ESTAT:ISOC_CI_IN_H(1.0),25/06/26 23:00:00,A,PC_HH,A2_DCH,HR,2014,89.53,,
ESTAT:ISOC_CI_IN_H(1.0),25/06/26 23:00:00,A,PC_HH,A2_DCH,HR,2015,95.19,,
ESTAT:ISOC_CI_IN_H(1.0),25/06/26 23:00:00,A,PC_HH,A2_DCH,HR,2016,97.34,,
ESTAT:ISOC_CI_IN_H(1.0),25/06/26 23:00:00,A,PC_HH,A2_DCH,HR,2017,96.67,,
ESTAT:ISOC_CI_IN_H(1.0),25/06/26 23:00:00,A,PC_HH,A2_DCH,HR,2018,97.69,,
ESTAT:ISOC_CI_IN_H(1.0),25/06/26 23:00:00,A,PC_HH,A2_DCH,HR,2019,97.74,,
ESTAT:ISOC_CI_IN_H(1.0),25/06/26 23:00:00,A,PC_HH,A2_DCH,HR,2020,100.00,,
ESTAT:ISOC_CI_IN_H(1.0),25/06/26 23:00:00,A,PC_HH,A2_DCH,HR,2021,98.64,,
ESTAT:ISOC_CI_IN_H(1.0),25/06/26 23:00:00,A,PC_HH,A2_DCH,HR,2022,99.15,,
ESTAT:ISOC_CI_IN_H(1.0),25/06/26 23:00:00,A,PC_HH,A2_DCH,HR,2023,100.00,,
ESTAT:ISOC_CI_IN_H(1.0),25/06/26 23:00:00,A,PC_HH,A2_DCH,HR,2024,97.98,,
ESTAT:ISOC_CI_IN_H(1.0),25/06/26 23:00:00,A,PC_HH,A2_DCH,HR,2025,99.26,,
ESTAT:ISOC_CI_IN_H(1.0),25/06/26 23:00:00,A,PC_HH,A2_DCH,HU,2004,26.04,,
ESTAT:ISOC_CI_IN_H(1.0),25/06/26 23:00:00,A,PC_HH,A2_DCH,HU,2005,30.61,,
ESTAT:ISOC_CI_IN_H(1.0),25/06/26 23:00:00,A,PC_HH,A2_DCH,HU,2006,42.53,,
ESTAT:ISOC_CI_IN_H(1.0),25/06/26 23:00:00,A,PC_HH,A2_DCH,HU,2007,48.69,,
ESTAT:ISOC_CI_IN_H(1.0),25/06/26 23:00:00,A,PC_HH,A2_DCH,HU,2008,65.52,,
ESTAT:ISOC_CI_IN_H(1.0),25/06/26 23:00:00,A,PC_HH,A2_DCH,HU,2009,73.59,,
ESTAT:ISOC_CI_IN_H(1.0),25/06/26 23:00:00,A,PC_HH,A2_DCH,HU,2010,77.88,,
ESTAT:ISOC_CI_IN_H(1.0),25/06/26 23:00:00,A,PC_HH,A2_DCH,HU,2011,82.50,,
ESTAT:ISOC_CI_IN_H(1.0),25/06/26 23:00:00,A,PC_HH,A2_DCH,HU,2012,85.29,,
ESTAT:ISOC_CI_IN_H(1.0),25/06/26 23:00:00,A,PC_HH,A2_DCH,HU,2013,89.25,,
ESTAT:ISOC_CI_IN_H(1.0),25/06/26 23:00:00,A,PC_HH,A2_DCH,HU,2014,91.48,,
ESTAT:ISOC_CI_IN_H(1.0),25/06/26 23:00:00,A,PC_HH,A2_DCH,HU,2015,92.26,,
ESTAT:ISOC_CI_IN_H(1.0),25/06/26 23:00:00,A,PC_HH,A2_DCH,HU,2016,94.50,,
ESTAT:ISOC_CI_IN_H(1.0),25/06/26 23:00:00,A,PC_HH,A2_DCH,HU,2017,95.33,,
ESTAT:ISOC_CI_IN_H(1.0),25/06/26 23:00:00,A,PC_HH,A2_DCH,HU,2018,96.18,,
ESTAT:ISOC_CI_IN_H(1.0),25/06/26 23:00:00,A,PC_HH,A2_DCH,HU,2019,98.40,,
ESTAT:ISOC_CI_IN_H(1.0),25/06/26 23:00:00,A,PC_HH,A2_DCH,HU,2020,98.20,,
ESTAT:ISOC_CI_IN_H(1.0),25/06/26 23:00:00,A,PC_HH,A2_DCH,HU,2021,99.25,,
ESTAT:ISOC_CI_IN_H(1.0),25/06/26 23:00:00,A,PC_HH,A2_DCH,HU,2022,99.45,,
ESTAT:ISOC_CI_IN_H(1.0),25/06/26 23:00:00,A,PC_HH,A2_DCH,HU,2023,99.51,,
ESTAT:ISOC_CI_IN_H(1.0),25/06/26 23:00:00,A,PC_HH,A2_DCH,HU,2024,99.86,,
ESTAT:ISOC_CI_IN_H(1.0),25/06/26 23:00:00,A,PC_HH,A2_DCH,HU,2025,99.07,,
ESTAT:ISOC_CI_IN_H(1.0),25/06/26 23:00:00,A,PC_HH,A2_DCH,IE,2003,52.72,,
ESTAT:ISOC_CI_IN_H(1.0),25/06/26 23:00:00,A,PC_HH,A2_DCH,IE,2004,55.31,,
ESTAT:ISOC_CI_IN_H(1.0),25/06/26 23:00:00,A,PC_HH,A2_DCH,IE,2005,59.67,,
ESTAT:ISOC_CI_IN_H(1.0),25/06/26 23:00:00,A,PC_HH,A2_DCH,IE,2006,64.43,,
ESTAT:ISOC_CI_IN_H(1.0),25/06/26 23:00:00,A,PC_HH,A2_DCH,IE,2007,73.17,,
ESTAT:ISOC_CI_IN_H(1.0),25/06/26 23:00:00,A,PC_HH,A2_DCH,IE,2008,79.02,,
ESTAT:ISOC_CI_IN_H(1.0),25/06/26 23:00:00,A,PC_HH,A2_DCH,IE,2009,82.16,,
ESTAT:ISOC_CI_IN_H(1.0),25/06/26 23:00:00,A,PC_HH,A2_DCH,IE,2010,86.90,,
ESTAT:ISOC_CI_IN_H(1.0),25/06/26 23:00:00,A,PC_HH,A2_DCH,IE,2011,92.67,,
ESTAT:ISOC_CI_IN_H(1.0),25/06/26 23:00:00,A,PC_HH,A2_DCH,IE,2012,95.15,,
ESTAT:ISOC_CI_IN_H(1.0),25/06/26 23:00:00,A,PC_HH,A2_DCH,IE,2013,94.92,,
ESTAT:ISOC_CI_IN_H(1.0),25/06/26 23:00:00,A,PC_HH,A2_DCH,IE,2014,96.12,,
ESTAT:ISOC_CI_IN_H(1.0),25/06/26 23:00:00,A,PC_HH,A2_DCH,IE,2015,97.09,,
ESTAT:ISOC_CI_IN_H(1.0),25/06/26 23:00:00,A,PC_HH,A2_DCH,IE,2016,97.95,,
ESTAT:ISOC_CI_IN_H(1.0),25/06/26 23:00:00,A,PC_HH,A2_DCH,IE,2017,98.42,,
ESTAT:ISOC_CI_IN_H(1.0),25/06/26 23:00:00,A,PC_HH,A2_DCH,IE,2018,99.00,,
ESTAT:ISOC_CI_IN_H(1.0),25/06/26 23:00:00,A,PC_HH,A2_DCH,IE,2019,98.51,,
ESTAT:ISOC_CI_IN_H(1.0),25/06/26 23:00:00,A,PC_HH,A2_DCH,IE,2020,98.35,,
ESTAT:ISOC_CI_IN_H(1.0),25/06/26 23:00:00,A,PC_HH,A2_DCH,IE,2021,100.00,b,
ESTAT:ISOC_CI_IN_H(1.0),25/06/26 23:00:00,A,PC_HH,A2_DCH,IE,2022,,u,
ESTAT:ISOC_CI_IN_H(1.0),25/06/26 23:00:00,A,PC_HH,A2_DCH,IE,2023,100.00,,
ESTAT:ISOC_CI_IN_H(1.0),25/06/26 23:00:00,A,PC_HH,A2_DCH,IE,2024,98.21,,
ESTAT:ISOC_CI_IN_H(1.0),25/06/26 23:00:00,A,PC_HH,A2_DCH,IE,2025,99.42,,
ESTAT:ISOC_CI_IN_H(1.0),25/06/26 23:00:00,A,PC_HH,A2_DCH,IS,2004,91.15,,
ESTAT:ISOC_CI_IN_H(1.0),25/06/26 23:00:00,A,PC_HH,A2_DCH,IS,2005,93.80,,
ESTAT:ISOC_CI_IN_H(1.0),25/06/26 23:00:00,A,PC_HH,A2_DCH,IS,2006,95.46,,
ESTAT:ISOC_CI_IN_H(1.0),25/06/26 23:00:00,A,PC_HH,A2_DCH,IS,2007,95.77,,
ESTAT:ISOC_CI_IN_H(1.0),25/06/26 23:00:00,A,PC_HH,A2_DCH,IS,2008,96.66,,
ESTAT:ISOC_CI_IN_H(1.0),25/06/26 23:00:00,A,PC_HH,A2_DCH,IS,2009,97.43,,
ESTAT:ISOC_CI_IN_H(1.0),25/06/26 23:00:00,A,PC_HH,A2_DCH,IS,2010,99.73,,
ESTAT:ISOC_CI_IN_H(1.0),25/06/26 23:00:00,A,PC_HH,A2_DCH,IS,2011,99.34,,
ESTAT:ISOC_CI_IN_H(1.0),25/06/26 23:00:00,A,PC_HH,A2_DCH,IS,2012,99.71,,
ESTAT:ISOC_CI_IN_H(1.0),25/06/26 23:00:00,A,PC_HH,A2_DCH,IS,2013,99.73,,
ESTAT:ISOC_CI_IN_H(1.0),25/06/26 23:00:00,A,PC_HH,A2_DCH,IS,2014,99.69,,
ESTAT:ISOC_CI_IN_H(1.0),25/06/26 23:00:00,A,PC_HH,A2_DCH,IS,2017,99.67,,
ESTAT:ISOC_CI_IN_H(1.0),25/06/26 23:00:00,A,PC_HH,A2_DCH,IS,2018,100.00,,
ESTAT:ISOC_CI_IN_H(1.0),25/06/26 23:00:00,A,PC_HH,A2_DCH,IS,2019,100.00,,
ESTAT:ISOC_CI_IN_H(1.0),25/06/26 23:00:00,A,PC_HH,A2_DCH,IS,2020,100.00,,
ESTAT:ISOC_CI_IN_H(1.0),25/06/26 23:00:00,A,PC_HH,A2_DCH,IS,2021,,u,
ESTAT:ISOC_CI_IN_H(1.0),25/06/26 23:00:00,A,PC_HH,A2_DCH,IT,2002,42.89,,
ESTAT:ISOC_CI_IN_H(1.0),25/06/26 23:00:00,A,PC_HH,A2_DCH,IT,2003,36.69,,
ESTAT:ISOC_CI_IN_H(1.0),25/06/26 23:00:00,A,PC_HH,A2_DCH,IT,2004,41.35,,
ESTAT:ISOC_CI_IN_H(1.0),25/06/26 23:00:00,A,PC_HH,A2_DCH,IT,2005,49.12,,
ESTAT:ISOC_CI_IN_H(1.0),25/06/26 23:00:00,A,PC_HH,A2_DCH,IT,2006,49.06,,
ESTAT:ISOC_CI_IN_H(1.0),25/06/26 23:00:00,A,PC_HH,A2_DCH,IT,2007,53.66,,
ESTAT:ISOC_CI_IN_H(1.0),25/06/26 23:00:00,A,PC_HH,A2_DCH,IT,2008,58.79,,
ESTAT:ISOC_CI_IN_H(1.0),25/06/26 23:00:00,A,PC_HH,A2_DCH,IT,2009,65.84,,
ESTAT:ISOC_CI_IN_H(1.0),25/06/26 23:00:00,A,PC_HH,A2_DCH,IT,2010,73.04,,
ESTAT:ISOC_CI_IN_H(1.0),25/06/26 23:00:00,A,PC_HH,A2_DCH,IT,2011,78.22,,
ESTAT:ISOC_CI_IN_H(1.0),25/06/26 23:00:00,A,PC_HH,A2_DCH,IT,2012,76.49,,
ESTAT:ISOC_CI_IN_H(1.0),25/06/26 23:00:00,A,PC_HH,A2_DCH,IT,2013,84.79,,
ESTAT:ISOC_CI_IN_H(1.0),25/06/26 23:00:00,A,PC_HH,A2_DCH,IT,2014,88.50,,
ESTAT:ISOC_CI_IN_H(1.0),25/06/26 23:00:00,A,PC_HH,A2_DCH,IT,2015,89.89,,
ESTAT:ISOC_CI_IN_H(1.0),25/06/26 23:00:00,A,PC_HH,A2_DCH,IT,2016,93.02,,
ESTAT:ISOC_CI_IN_H(1.0),25/06/26 23:00:00,A,PC_HH,A2_DCH,IT,2017,94.03,,
ESTAT:ISOC_CI_IN_H(1.0),25/06/26 23:00:00,A,PC_HH,A2_DCH,IT,2018,95.02,,
ESTAT:ISOC_CI_IN_H(1.0),25/06/26 23:00:00,A,PC_HH,A2_DCH,IT,2019,96.26,,
ESTAT:ISOC_CI_IN_H(1.0),25/06/26 23:00:00,A,PC_HH,A2_DCH,IT,2020,97.89,,
ESTAT:ISOC_CI_IN_H(1.0),25/06/26 23:00:00,A,PC_HH,A2_DCH,IT,2021,98.41,,
ESTAT:ISOC_CI_IN_H(1.0),25/06/26 23:00:00,A,PC_HH,A2_DCH,IT,2022,98.82,,
ESTAT:ISOC_CI_IN_H(1.0),25/06/26 23:00:00,A,PC_HH,A2_DCH,IT,2023,98.80,,
ESTAT:ISOC_CI_IN_H(1.0),25/06/26 23:00:00,A,PC_HH,A2_DCH,IT,2024,99.05,,
ESTAT:ISOC_CI_IN_H(1.0),25/06/26 23:00:00,A,PC_HH,A2_DCH,IT,2025,98.73,,
ESTAT:ISOC_CI_IN_H(1.0),25/06/26 23:00:00,A,PC_HH,A2_DCH,LT,2004,18.23,,
ESTAT:ISOC_CI_IN_H(1.0),25/06/26 23:00:00,A,PC_HH,A2_DCH,LT,2005,20.78,,
ESTAT:ISOC_CI_IN_H(1.0),25/06/26 23:00:00,A,PC_HH,A2_DCH,LT,2006,47.78,,
ESTAT:ISOC_CI_IN_H(1.0),25/06/26 23:00:00,A,PC_HH,A2_DCH,LT,2007,67.81,,
ESTAT:ISOC_CI_IN_H(1.0),25/06/26 23:00:00,A,PC_HH,A2_DCH,LT,2008,77.89,,
ESTAT:ISOC_CI_IN_H(1.0),25/06/26 23:00:00,A,PC_HH,A2_DCH,LT,2009,86.81,,
ESTAT:ISOC_CI_IN_H(1.0),25/06/26 23:00:00,A,PC_HH,A2_DCH,LT,2010,84.05,,
ESTAT:ISOC_CI_IN_H(1.0),25/06/26 23:00:00,A,PC_HH,A2_DCH,LT,2011,89.43,,
ESTAT:ISOC_CI_IN_H(1.0),25/06/26 23:00:00,A,PC_HH,A2_DCH,LT,2012,89.78,,
ESTAT:ISOC_CI_IN_H(1.0),25/06/26 23:00:00,A,PC_HH,A2_DCH,LT,2013,92.88,,
ESTAT:ISOC_CI_IN_H(1.0),25/06/26 23:00:00,A,PC_HH,A2_DCH,LT,2014,95.01,,
ESTAT:ISOC_CI_IN_H(1.0),25/06/26 23:00:00,A,PC_HH,A2_DCH,LT,2015,96.63,,
ESTAT:ISOC_CI_IN_H(1.0),25/06/26 23:00:00,A,PC_HH,A2_DCH,LT,2016,97.51,,
ESTAT:ISOC_CI_IN_H(1.0),25/06/26 23:00:00,A,PC_HH,A2_DCH,LT,2017,96.16,,
ESTAT:ISOC_CI_IN_H(1.0),25/06/26 23:00:00,A,PC_HH,A2_DCH,LT,2018,96.51,,
ESTAT:ISOC_CI_IN_H(1.0),25/06/26 23:00:00,A,PC_HH,A2_DCH,LT,2019,99.32,,
ESTAT:ISOC_CI_IN_H(1.0),25/06/26 23:00:00,A,PC_HH,A2_DCH,LT,2020,99.75,,
ESTAT:ISOC_CI_IN_H(1.0),25/06/26 23:00:00,A,PC_HH,A2_DCH,LT,2021,99.56,,
ESTAT:ISOC_CI_IN_H(1.0),25/06/26 23:00:00,A,PC_HH,A2_DCH,LT,2022,100.00,,
ESTAT:ISOC_CI_IN_H(1.0),25/06/26 23:00:00,A,PC_HH,A2_DCH,LT,2023,99.56,,
ESTAT:ISOC_CI_IN_H(1.0),25/06/26 23:00:00,A,PC_HH,A2_DCH,LT,2024,99.56,,
ESTAT:ISOC_CI_IN_H(1.0),25/06/26 23:00:00,A,PC_HH,A2_DCH,LT,2025,99.61,,
ESTAT:ISOC_CI_IN_H(1.0),25/06/26 23:00:00,A,PC_HH,A2_DCH,LU,2002,60.04,,
ESTAT:ISOC_CI_IN_H(1.0),25/06/26 23:00:00,A,PC_HH,A2_DCH,LU,2003,65.56,,
ESTAT:ISOC_CI_IN_H(1.0),25/06/26 23:00:00,A,PC_HH,A2_DCH,LU,2004,78.26,,
ESTAT:ISOC_CI_IN_H(1.0),25/06/26 23:00:00,A,PC_HH,A2_DCH,LU,2005,78.96,,
ESTAT:ISOC_CI_IN_H(1.0),25/06/26 23:00:00,A,PC_HH,A2_DCH,LU,2006,84.55,,
ESTAT:ISOC_CI_IN_H(1.0),25/06/26 23:00:00,A,PC_HH,A2_DCH,LU,2007,89.27,,
ESTAT:ISOC_CI_IN_H(1.0),25/06/26 23:00:00,A,PC_HH,A2_DCH,LU,2008,90.41,,
ESTAT:ISOC_CI_IN_H(1.0),25/06/26 23:00:00,A,PC_HH,A2_DCH,LU,2009,96.29,,
ESTAT:ISOC_CI_IN_H(1.0),25/06/26 23:00:00,A,PC_HH,A2_DCH,LU,2010,98.77,,
ESTAT:ISOC_CI_IN_H(1.0),25/06/26 23:00:00,A,PC_HH,A2_DCH,LU,2011,98.26,,
ESTAT:ISOC_CI_IN_H(1.0),25/06/26 23:00:00,A,PC_HH,A2_DCH,LU,2012,98.37,,
ESTAT:ISOC_CI_IN_H(1.0),25/06/26 23:00:00,A,PC_HH,A2_DCH,LU,2013,99.40,,
ESTAT:ISOC_CI_IN_H(1.0),25/06/26 23:00:00,A,PC_HH,A2_DCH,LU,2014,99.23,,
ESTAT:ISOC_CI_IN_H(1.0),25/06/26 23:00:00,A,PC_HH,A2_DCH,LU,2015,99.35,,
ESTAT:ISOC_CI_IN_H(1.0),25/06/26 23:00:00,A,PC_HH,A2_DCH,LU,2016,99.72,,
ESTAT:ISOC_CI_IN_H(1.0),25/06/26 23:00:00,A,PC_HH,A2_DCH,LU,2017,100.00,,
ESTAT:ISOC_CI_IN_H(1.0),25/06/26 23:00:00,A,PC_HH,A2_DCH,LU,2018,97.45,b,
ESTAT:ISOC_CI_IN_H(1.0),25/06/26 23:00:00,A,PC_HH,A2_DCH,LU,2019,98.50,,
ESTAT:ISOC_CI_IN_H(1.0),25/06/26 23:00:00,A,PC_HH,A2_DCH,LU,2020,97.76,,
ESTAT:ISOC_CI_IN_H(1.0),25/06/26 23:00:00,A,PC_HH,A2_DCH,LU,2021,100.00,,
ESTAT:ISOC_CI_IN_H(1.0),25/06/26 23:00:00,A,PC_HH,A2_DCH,LU,2022,99.30,,
ESTAT:ISOC_CI_IN_H(1.0),25/06/26 23:00:00,A,PC_HH,A2_DCH,LU,2023,100.00,,
ESTAT:ISOC_CI_IN_H(1.0),25/06/26 23:00:00,A,PC_HH,A2_DCH,LU,2024,100.00,,
ESTAT:ISOC_CI_IN_H(1.0),25/06/26 23:00:00,A,PC_HH,A2_DCH,LU,2025,100.00,,
ESTAT:ISOC_CI_IN_H(1.0),25/06/26 23:00:00,A,PC_HH,A2_DCH,LV,2004,23.89,,
ESTAT:ISOC_CI_IN_H(1.0),25/06/26 23:00:00,A,PC_HH,A2_DCH,LV,2005,43.36,,
ESTAT:ISOC_CI_IN_H(1.0),25/06/26 23:00:00,A,PC_HH,A2_DCH,LV,2006,60.49,,
ESTAT:ISOC_CI_IN_H(1.0),25/06/26 23:00:00,A,PC_HH,A2_DCH,LV,2007,69.79,,
ESTAT:ISOC_CI_IN_H(1.0),25/06/26 23:00:00,A,PC_HH,A2_DCH,LV,2008,73.26,,
ESTAT:ISOC_CI_IN_H(1.0),25/06/26 23:00:00,A,PC_HH,A2_DCH,LV,2009,79.80,,
ESTAT:ISOC_CI_IN_H(1.0),25/06/26 23:00:00,A,PC_HH,A2_DCH,LV,2010,82.52,,
ESTAT:ISOC_CI_IN_H(1.0),25/06/26 23:00:00,A,PC_HH,A2_DCH,LV,2011,86.78,,
ESTAT:ISOC_CI_IN_H(1.0),25/06/26 23:00:00,A,PC_HH,A2_DCH,LV,2012,91.20,,
ESTAT:ISOC_CI_IN_H(1.0),25/06/26 23:00:00,A,PC_HH,A2_DCH,LV,2013,94.55,,
ESTAT:ISOC_CI_IN_H(1.0),25/06/26 23:00:00,A,PC_HH,A2_DCH,LV,2014,94.64,,
ESTAT:ISOC_CI_IN_H(1.0),25/06/26 23:00:00,A,PC_HH,A2_DCH,LV,2015,94.08,,
ESTAT:ISOC_CI_IN_H(1.0),25/06/26 23:00:00,A,PC_HH,A2_DCH,LV,2016,95.69,b,
ESTAT:ISOC_CI_IN_H(1.0),25/06/26 23:00:00,A,PC_HH,A2_DCH,LV,2017,97.30,,
ESTAT:ISOC_CI_IN_H(1.0),25/06/26 23:00:00,A,PC_HH,A2_DCH,LV,2018,98.57,,
ESTAT:ISOC_CI_IN_H(1.0),25/06/26 23:00:00,A,PC_HH,A2_DCH,LV,2019,98.61,,
ESTAT:ISOC_CI_IN_H(1.0),25/06/26 23:00:00,A,PC_HH,A2_DCH,LV,2020,98.80,,
ESTAT:ISOC_CI_IN_H(1.0),25/06/26 23:00:00,A,PC_HH,A2_DCH,LV,2021,99.09,,
ESTAT:ISOC_CI_IN_H(1.0),25/06/26 23:00:00,A,PC_HH,A2_DCH,LV,2022,99.39,,
ESTAT:ISOC_CI_IN_H(1.0),25/06/26 23:00:00,A,PC_HH,A2_DCH,LV,2023,99.81,,
ESTAT:ISOC_CI_IN_H(1.0),25/06/26 23:00:00,A,PC_HH,A2_DCH,LV,2024,99.66,,
ESTAT:ISOC_CI_IN_H(1.0),25/06/26 23:00:00,A,PC_HH,A2_DCH,LV,2025,98.87,,
ESTAT:ISOC_CI_IN_H(1.0),25/06/26 23:00:00,A,PC_HH,A2_DCH,ME,2012,60.44,,
ESTAT:ISOC_CI_IN_H(1.0),25/06/26 23:00:00,A,PC_HH,A2_DCH,ME,2017,88.72,,
ESTAT:ISOC_CI_IN_H(1.0),25/06/26 23:00:00,A,PC_HH,A2_DCH,ME,2018,88.99,,
ESTAT:ISOC_CI_IN_H(1.0),25/06/26 23:00:00,A,PC_HH,A2_DCH,ME,2019,94.69,,
ESTAT:ISOC_CI_IN_H(1.0),25/06/26 23:00:00,A,PC_HH,A2_DCH,ME,2020,95.57,,
ESTAT:ISOC_CI_IN_H(1.0),25/06/26 23:00:00,A,PC_HH,A2_DCH,ME,2021,96.69,,
ESTAT:ISOC_CI_IN_H(1.0),25/06/26 23:00:00,A,PC_HH,A2_DCH,ME,2022,96.14,,
ESTAT:ISOC_CI_IN_H(1.0),25/06/26 23:00:00,A,PC_HH,A2_DCH,ME,2023,98.73,,
ESTAT:ISOC_CI_IN_H(1.0),25/06/26 23:00:00,A,PC_HH,A2_DCH,ME,2024,98.00,,
ESTAT:ISOC_CI_IN_H(1.0),25/06/26 23:00:00,A,PC_HH,A2_DCH,ME,2025,95.23,,
ESTAT:ISOC_CI_IN_H(1.0),25/06/26 23:00:00,A,PC_HH,A2_DCH,MK,2004,12.85,,
ESTAT:ISOC_CI_IN_H(1.0),25/06/26 23:00:00,A,PC_HH,A2_DCH,MK,2006,,u,
ESTAT:ISOC_CI_IN_H(1.0),25/06/26 23:00:00,A,PC_HH,A2_DCH,MK,2008,30.38,,
ESTAT:ISOC_CI_IN_H(1.0),25/06/26 23:00:00,A,PC_HH,A2_DCH,MK,2009,48.39,,
ESTAT:ISOC_CI_IN_H(1.0),25/06/26 23:00:00,A,PC_HH,A2_DCH,MK,2010,63.32,,
ESTAT:ISOC_CI_IN_H(1.0),25/06/26 23:00:00,A,PC_HH,A2_DCH,MK,2012,67.05,,
ESTAT:ISOC_CI_IN_H(1.0),25/06/26 23:00:00,A,PC_HH,A2_DCH,MK,2013,81.02,,
ESTAT:ISOC_CI_IN_H(1.0),25/06/26 23:00:00,A,PC_HH,A2_DCH,MK,2014,78.65,,
ESTAT:ISOC_CI_IN_H(1.0),25/06/26 23:00:00,A,PC_HH,A2_DCH,MK,2015,85.10,,
ESTAT:ISOC_CI_IN_H(1.0),25/06/26 23:00:00,A,PC_HH,A2_DCH,MK,2016,79.80,,
ESTAT:ISOC_CI_IN_H(1.0),25/06/26 23:00:00,A,PC_HH,A2_DCH,MK,2017,90.31,,
ESTAT:ISOC_CI_IN_H(1.0),25/06/26 23:00:00,A,PC_HH,A2_DCH,MK,2018,96.79,,
ESTAT:ISOC_CI_IN_H(1.0),25/06/26 23:00:00,A,PC_HH,A2_DCH,MK,2019,99.06,,
ESTAT:ISOC_CI_IN_H(1.0),25/06/26 23:00:00,A,PC_HH,A2_DCH,MK,2020,93.96,,
ESTAT:ISOC_CI_IN_H(1.0),25/06/26 23:00:00,A,PC_HH,A2_DCH,MK,2021,100.00,,
ESTAT:ISOC_CI_IN_H(1.0),25/06/26 23:00:00,A,PC_HH,A2_DCH,MK,2024,99.06,,
ESTAT:ISOC_CI_IN_H(1.0),25/06/26 23:00:00,A,PC_HH,A2_DCH,MK,2025,98.51,,
ESTAT:ISOC_CI_IN_H(1.0),25/06/26 23:00:00,A,PC_HH,A2_DCH,MT,2006,67.47,,
ESTAT:ISOC_CI_IN_H(1.0),25/06/26 23:00:00,A,PC_HH,A2_DCH,MT,2007,68.78,,
ESTAT:ISOC_CI_IN_H(1.0),25/06/26 23:00:00,A,PC_HH,A2_DCH,MT,2008,,u,
ESTAT:ISOC_CI_IN_H(1.0),25/06/26 23:00:00,A,PC_HH,A2_DCH,MT,2009,84.19,,
ESTAT:ISOC_CI_IN_H(1.0),25/06/26 23:00:00,A,PC_HH,A2_DCH,MT,2010,95.96,,
ESTAT:ISOC_CI_IN_H(1.0),25/06/26 23:00:00,A,PC_HH,A2_DCH,MT,2011,90.85,,
ESTAT:ISOC_CI_IN_H(1.0),25/06/26 23:00:00,A,PC_HH,A2_DCH,MT,2012,93.61,,
ESTAT:ISOC_CI_IN_H(1.0),25/06/26 23:00:00,A,PC_HH,A2_DCH,MT,2013,95.30,,
ESTAT:ISOC_CI_IN_H(1.0),25/06/26 23:00:00,A,PC_HH,A2_DCH,MT,2014,97.74,,
ESTAT:ISOC_CI_IN_H(1.0),25/06/26 23:00:00,A,PC_HH,A2_DCH,MT,2015,97.63,,
ESTAT:ISOC_CI_IN_H(1.0),25/06/26 23:00:00,A,PC_HH,A2_DCH,MT,2016,98.94,,
ESTAT:ISOC_CI_IN_H(1.0),25/06/26 23:00:00,A,PC_HH,A2_DCH,MT,2017,98.73,,
ESTAT:ISOC_CI_IN_H(1.0),25/06/26 23:00:00,A,PC_HH,A2_DCH,MT,2018,100.00,,
ESTAT:ISOC_CI_IN_H(1.0),25/06/26 23:00:00,A,PC_HH,A2_DCH,MT,2019,98.62,,
ESTAT:ISOC_CI_IN_H(1.0),25/06/26 23:00:00,A,PC_HH,A2_DCH,MT,2020,98.50,,
ESTAT:ISOC_CI_IN_H(1.0),25/06/26 23:00:00,A,PC_HH,A2_DCH,MT,2021,99.45,,
ESTAT:ISOC_CI_IN_H(1.0),25/06/26 23:00:00,A,PC_HH,A2_DCH,MT,2022,100.00,,
ESTAT:ISOC_CI_IN_H(1.0),25/06/26 23:00:00,A,PC_HH,A2_DCH,MT,2023,99.61,,
ESTAT:ISOC_CI_IN_H(1.0),25/06/26 23:00:00,A,PC_HH,A2_DCH,MT,2024,100.00,,
ESTAT:ISOC_CI_IN_H(1.0),25/06/26 23:00:00,A,PC_HH,A2_DCH,MT,2025,100.00,,
ESTAT:ISOC_CI_IN_H(1.0),25/06/26 23:00:00,A,PC_HH,A2_DCH,NL,2005,91.93,,
ESTAT:ISOC_CI_IN_H(1.0),25/06/26 23:00:00,A,PC_HH,A2_DCH,NL,2006,95.21,,
ESTAT:ISOC_CI_IN_H(1.0),25/06/26 23:00:00,A,PC_HH,A2_DCH,NL,2007,96.45,,
ESTAT:ISOC_CI_IN_H(1.0),25/06/26 23:00:00,A,PC_HH,A2_DCH,NL,2008,98.36,,
ESTAT:ISOC_CI_IN_H(1.0),25/06/26 23:00:00,A,PC_HH,A2_DCH,NL,2009,98.97,,
ESTAT:ISOC_CI_IN_H(1.0),25/06/26 23:00:00,A,PC_HH,A2_DCH,NL,2010,99.13,,
ESTAT:ISOC_CI_IN_H(1.0),25/06/26 23:00:00,A,PC_HH,A2_DCH,NL,2011,100.00,,
ESTAT:ISOC_CI_IN_H(1.0),25/06/26 23:00:00,A,PC_HH,A2_DCH,NL,2012,99.59,,
ESTAT:ISOC_CI_IN_H(1.0),25/06/26 23:00:00,A,PC_HH,A2_DCH,NL,2013,99.79,,
ESTAT:ISOC_CI_IN_H(1.0),25/06/26 23:00:00,A,PC_HH,A2_DCH,NL,2014,99.28,,
ESTAT:ISOC_CI_IN_H(1.0),25/06/26 23:00:00,A,PC_HH,A2_DCH,NL,2015,99.31,,
ESTAT:ISOC_CI_IN_H(1.0),25/06/26 23:00:00,A,PC_HH,A2_DCH,NL,2016,99.50,,
ESTAT:ISOC_CI_IN_H(1.0),25/06/26 23:00:00,A,PC_HH,A2_DCH,NL,2017,100.00,,
ESTAT:ISOC_CI_IN_H(1.0),25/06/26 23:00:00,A,PC_HH,A2_DCH,NL,2018,99.55,,
ESTAT:ISOC_CI_IN_H(1.0),25/06/26 23:00:00,A,PC_HH,A2_DCH,NL,2019,100.00,,
ESTAT:ISOC_CI_IN_H(1.0),25/06/26 23:00:00,A,PC_HH,A2_DCH,NL,2020,98.71,,
ESTAT:ISOC_CI_IN_H(1.0),25/06/26 23:00:00,A,PC_HH,A2_DCH,NL,2021,99.21,,
ESTAT:ISOC_CI_IN_H(1.0),25/06/26 23:00:00,A,PC_HH,A2_DCH,NL,2022,98.88,,
ESTAT:ISOC_CI_IN_H(1.0),25/06/26 23:00:00,A,PC_HH,A2_DCH,NL,2023,99.31,,
ESTAT:ISOC_CI_IN_H(1.0),25/06/26 23:00:00,A,PC_HH,A2_DCH,NL,2024,99.50,,
ESTAT:ISOC_CI_IN_H(1.0),25/06/26 23:00:00,A,PC_HH,A2_DCH,NL,2025,99.67,,
ESTAT:ISOC_CI_IN_H(1.0),25/06/26 23:00:00,A,PC_HH,A2_DCH,NO,2003,84.89,,
ESTAT:ISOC_CI_IN_H(1.0),25/06/26 23:00:00,A,PC_HH,A2_DCH,NO,2004,87.77,,
ESTAT:ISOC_CI_IN_H(1.0),25/06/26 23:00:00,A,PC_HH,A2_DCH,NO,2005,90.40,,
ESTAT:ISOC_CI_IN_H(1.0),25/06/26 23:00:00,A,PC_HH,A2_DCH,NO,2006,94.68,,
ESTAT:ISOC_CI_IN_H(1.0),25/06/26 23:00:00,A,PC_HH,A2_DCH,NO,2007,96.72,,
ESTAT:ISOC_CI_IN_H(1.0),25/06/26 23:00:00,A,PC_HH,A2_DCH,NO,2008,98.45,,
ESTAT:ISOC_CI_IN_H(1.0),25/06/26 23:00:00,A,PC_HH,A2_DCH,NO,2009,99.80,,
ESTAT:ISOC_CI_IN_H(1.0),25/06/26 23:00:00,A,PC_HH,A2_DCH,NO,2010,99.69,,
ESTAT:ISOC_CI_IN_H(1.0),25/06/26 23:00:00,A,PC_HH,A2_DCH,NO,2011,100.00,,
ESTAT:ISOC_CI_IN_H(1.0),25/06/26 23:00:00,A,PC_HH,A2_DCH,NO,2012,99.71,,
ESTAT:ISOC_CI_IN_H(1.0),25/06/26 23:00:00,A,PC_HH,A2_DCH,NO,2013,98.64,,
ESTAT:ISOC_CI_IN_H(1.0),25/06/26 23:00:00,A,PC_HH,A2_DCH,NO,2014,100.00,,
ESTAT:ISOC_CI_IN_H(1.0),25/06/26 23:00:00,A,PC_HH,A2_DCH,NO,2015,99.64,,
ESTAT:ISOC_CI_IN_H(1.0),25/06/26 23:00:00,A,PC_HH,A2_DCH,NO,2016,99.70,,
ESTAT:ISOC_CI_IN_H(1.0),25/06/26 23:00:00,A,PC_HH,A2_DCH,NO,2017,100.00,,
ESTAT:ISOC_CI_IN_H(1.0),25/06/26 23:00:00,A,PC_HH,A2_DCH,NO,2018,99.54,,
ESTAT:ISOC_CI_IN_H(1.0),25/06/26 23:00:00,A,PC_HH,A2_DCH,NO,2019,100.00,,
ESTAT:ISOC_CI_IN_H(1.0),25/06/26 23:00:00,A,PC_HH,A2_DCH,NO,2020,100.00,,
ESTAT:ISOC_CI_IN_H(1.0),25/06/26 23:00:00,A,PC_HH,A2_DCH,NO,2021,100.00,,
ESTAT:ISOC_CI_IN_H(1.0),25/06/26 23:00:00,A,PC_HH,A2_DCH,NO,2022,100.00,,
ESTAT:ISOC_CI_IN_H(1.0),25/06/26 23:00:00,A,PC_HH,A2_DCH,NO,2023,98.93,,
ESTAT:ISOC_CI_IN_H(1.0),25/06/26 23:00:00,A,PC_HH,A2_DCH,NO,2024,99.46,,
ESTAT:ISOC_CI_IN_H(1.0),25/06/26 23:00:00,A,PC_HH,A2_DCH,NO,2025,100.00,,
ESTAT:ISOC_CI_IN_H(1.0),25/06/26 23:00:00,A,PC_HH,A2_DCH,PL,2004,36.52,,
ESTAT:ISOC_CI_IN_H(1.0),25/06/26 23:00:00,A,PC_HH,A2_DCH,PL,2005,39.92,,
ESTAT:ISOC_CI_IN_H(1.0),25/06/26 23:00:00,A,PC_HH,A2_DCH,PL,2006,49.55,,
ESTAT:ISOC_CI_IN_H(1.0),25/06/26 23:00:00,A,PC_HH,A2_DCH,PL,2007,55.81,,
ESTAT:ISOC_CI_IN_H(1.0),25/06/26 23:00:00,A,PC_HH,A2_DCH,PL,2008,64.79,,
ESTAT:ISOC_CI_IN_H(1.0),25/06/26 23:00:00,A,PC_HH,A2_DCH,PL,2009,76.07,,
ESTAT:ISOC_CI_IN_H(1.0),25/06/26 23:00:00,A,PC_HH,A2_DCH,PL,2010,84.88,,
ESTAT:ISOC_CI_IN_H(1.0),25/06/26 23:00:00,A,PC_HH,A2_DCH,PL,2011,89.35,,
ESTAT:ISOC_CI_IN_H(1.0),25/06/26 23:00:00,A,PC_HH,A2_DCH,PL,2012,93.06,,
ESTAT:ISOC_CI_IN_H(1.0),25/06/26 23:00:00,A,PC_HH,A2_DCH,PL,2013,94.35,,
ESTAT:ISOC_CI_IN_H(1.0),25/06/26 23:00:00,A,PC_HH,A2_DCH,PL,2014,93.98,,
ESTAT:ISOC_CI_IN_H(1.0),25/06/26 23:00:00,A,PC_HH,A2_DCH,PL,2015,94.35,,
ESTAT:ISOC_CI_IN_H(1.0),25/06/26 23:00:00,A,PC_HH,A2_DCH,PL,2016,98.36,,
ESTAT:ISOC_CI_IN_H(1.0),25/06/26 23:00:00,A,PC_HH,A2_DCH,PL,2017,99.13,,
ESTAT:ISOC_CI_IN_H(1.0),25/06/26 23:00:00,A,PC_HH,A2_DCH,PL,2018,99.17,,
ESTAT:ISOC_CI_IN_H(1.0),25/06/26 23:00:00,A,PC_HH,A2_DCH,PL,2019,99.50,,
ESTAT:ISOC_CI_IN_H(1.0),25/06/26 23:00:00,A,PC_HH,A2_DCH,PL,2020,99.55,,
ESTAT:ISOC_CI_IN_H(1.0),25/06/26 23:00:00,A,PC_HH,A2_DCH,PL,2021,99.67,,
ESTAT:ISOC_CI_IN_H(1.0),25/06/26 23:00:00,A,PC_HH,A2_DCH,PL,2022,99.86,,
ESTAT:ISOC_CI_IN_H(1.0),25/06/26 23:00:00,A,PC_HH,A2_DCH,PL,2023,99.77,,
ESTAT:ISOC_CI_IN_H(1.0),25/06/26 23:00:00,A,PC_HH,A2_DCH,PL,2024,99.92,,
ESTAT:ISOC_CI_IN_H(1.0),25/06/26 23:00:00,A,PC_HH,A2_DCH,PL,2025,100.00,,
ESTAT:ISOC_CI_IN_H(1.0),25/06/26 23:00:00,A,PC_HH,A2_DCH,PT,2003,32.66,,
ESTAT:ISOC_CI_IN_H(1.0),25/06/26 23:00:00,A,PC_HH,A2_DCH,PT,2004,41.59,,
ESTAT:ISOC_CI_IN_H(1.0),25/06/26 23:00:00,A,PC_HH,A2_DCH,PT,2005,41.83,,
ESTAT:ISOC_CI_IN_H(1.0),25/06/26 23:00:00,A,PC_HH,A2_DCH,PT,2006,47.87,,
ESTAT:ISOC_CI_IN_H(1.0),25/06/26 23:00:00,A,PC_HH,A2_DCH,PT,2007,53.84,,
ESTAT:ISOC_CI_IN_H(1.0),25/06/26 23:00:00,A,PC_HH,A2_DCH,PT,2008,65.30,,
ESTAT:ISOC_CI_IN_H(1.0),25/06/26 23:00:00,A,PC_HH,A2_DCH,PT,2009,71.43,,
ESTAT:ISOC_CI_IN_H(1.0),25/06/26 23:00:00,A,PC_HH,A2_DCH,PT,2010,80.26,,
ESTAT:ISOC_CI_IN_H(1.0),25/06/26 23:00:00,A,PC_HH,A2_DCH,PT,2011,82.84,,
ESTAT:ISOC_CI_IN_H(1.0),25/06/26 23:00:00,A,PC_HH,A2_DCH,PT,2012,84.01,,
ESTAT:ISOC_CI_IN_H(1.0),25/06/26 23:00:00,A,PC_HH,A2_DCH,PT,2013,86.51,,
ESTAT:ISOC_CI_IN_H(1.0),25/06/26 23:00:00,A,PC_HH,A2_DCH,PT,2014,87.92,,
ESTAT:ISOC_CI_IN_H(1.0),25/06/26 23:00:00,A,PC_HH,A2_DCH,PT,2015,92.10,,
ESTAT:ISOC_CI_IN_H(1.0),25/06/26 23:00:00,A,PC_HH,A2_DCH,PT,2016,96.20,,
ESTAT:ISOC_CI_IN_H(1.0),25/06/26 23:00:00,A,PC_HH,A2_DCH,PT,2017,96.14,,
ESTAT:ISOC_CI_IN_H(1.0),25/06/26 23:00:00,A,PC_HH,A2_DCH,PT,2018,96.30,,
ESTAT:ISOC_CI_IN_H(1.0),25/06/26 23:00:00,A,PC_HH,A2_DCH,PT,2019,96.64,,
ESTAT:ISOC_CI_IN_H(1.0),25/06/26 23:00:00,A,PC_HH,A2_DCH,PT,2020,98.34,,
ESTAT:ISOC_CI_IN_H(1.0),25/06/26 23:00:00,A,PC_HH,A2_DCH,PT,2021,98.60,,
ESTAT:ISOC_CI_IN_H(1.0),25/06/26 23:00:00,A,PC_HH,A2_DCH,PT,2022,99.70,,
ESTAT:ISOC_CI_IN_H(1.0),25/06/26 23:00:00,A,PC_HH,A2_DCH,PT,2023,98.79,,
ESTAT:ISOC_CI_IN_H(1.0),25/06/26 23:00:00,A,PC_HH,A2_DCH,PT,2024,99.59,,
ESTAT:ISOC_CI_IN_H(1.0),25/06/26 23:00:00,A,PC_HH,A2_DCH,PT,2025,99.09,,
ESTAT:ISOC_CI_IN_H(1.0),25/06/26 23:00:00,A,PC_HH,A2_DCH,RO,2006,16.89,,
ESTAT:ISOC_CI_IN_H(1.0),25/06/26 23:00:00,A,PC_HH,A2_DCH,RO,2007,25.91,,
ESTAT:ISOC_CI_IN_H(1.0),25/06/26 23:00:00,A,PC_HH,A2_DCH,RO,2008,35.93,,
ESTAT:ISOC_CI_IN_H(1.0),25/06/26 23:00:00,A,PC_HH,A2_DCH,RO,2009,47.46,,
ESTAT:ISOC_CI_IN_H(1.0),25/06/26 23:00:00,A,PC_HH,A2_DCH,RO,2010,53.41,,
ESTAT:ISOC_CI_IN_H(1.0),25/06/26 23:00:00,A,PC_HH,A2_DCH,RO,2011,58.47,,
ESTAT:ISOC_CI_IN_H(1.0),25/06/26 23:00:00,A,PC_HH,A2_DCH,RO,2012,64.09,,
ESTAT:ISOC_CI_IN_H(1.0),25/06/26 23:00:00,A,PC_HH,A2_DCH,RO,2013,68.59,,
ESTAT:ISOC_CI_IN_H(1.0),25/06/26 23:00:00,A,PC_HH,A2_DCH,RO,2014,77.57,b,
ESTAT:ISOC_CI_IN_H(1.0),25/06/26 23:00:00,A,PC_HH,A2_DCH,RO,2015,81.50,,
ESTAT:ISOC_CI_IN_H(1.0),25/06/26 23:00:00,A,PC_HH,A2_DCH,RO,2016,88.09,,
ESTAT:ISOC_CI_IN_H(1.0),25/06/26 23:00:00,A,PC_HH,A2_DCH,RO,2017,91.05,,
ESTAT:ISOC_CI_IN_H(1.0),25/06/26 23:00:00,A,PC_HH,A2_DCH,RO,2018,92.07,,
ESTAT:ISOC_CI_IN_H(1.0),25/06/26 23:00:00,A,PC_HH,A2_DCH,RO,2019,94.10,,
ESTAT:ISOC_CI_IN_H(1.0),25/06/26 23:00:00,A,PC_HH,A2_DCH,RO,2020,96.67,,
ESTAT:ISOC_CI_IN_H(1.0),25/06/26 23:00:00,A,PC_HH,A2_DCH,RO,2021,99.14,,
ESTAT:ISOC_CI_IN_H(1.0),25/06/26 23:00:00,A,PC_HH,A2_DCH,RO,2022,96.01,,
ESTAT:ISOC_CI_IN_H(1.0),25/06/26 23:00:00,A,PC_HH,A2_DCH,RO,2023,99.05,,
ESTAT:ISOC_CI_IN_H(1.0),25/06/26 23:00:00,A,PC_HH,A2_DCH,RO,2024,98.84,,
ESTAT:ISOC_CI_IN_H(1.0),25/06/26 23:00:00,A,PC_HH,A2_DCH,RO,2025,98.83,,
ESTAT:ISOC_CI_IN_H(1.0),25/06/26 23:00:00,A,PC_HH,A2_DCH,RS,2015,90.99,,
ESTAT:ISOC_CI_IN_H(1.0),25/06/26 23:00:00,A,PC_HH,A2_DCH,RS,2017,95.13,,
ESTAT:ISOC_CI_IN_H(1.0),25/06/26 23:00:00,A,PC_HH,A2_DCH,RS,2018,92.77,,
ESTAT:ISOC_CI_IN_H(1.0),25/06/26 23:00:00,A,PC_HH,A2_DCH,RS,2019,96.77,,
ESTAT:ISOC_CI_IN_H(1.0),25/06/26 23:00:00,A,PC_HH,A2_DCH,RS,2020,97.95,,
ESTAT:ISOC_CI_IN_H(1.0),25/06/26 23:00:00,A,PC_HH,A2_DCH,RS,2021,97.76,,
ESTAT:ISOC_CI_IN_H(1.0),25/06/26 23:00:00,A,PC_HH,A2_DCH,RS,2022,100.00,,
ESTAT:ISOC_CI_IN_H(1.0),25/06/26 23:00:00,A,PC_HH,A2_DCH,RS,2023,98.89,,
ESTAT:ISOC_CI_IN_H(1.0),25/06/26 23:00:00,A,PC_HH,A2_DCH,RS,2024,98.96,,
ESTAT:ISOC_CI_IN_H(1.0),25/06/26 23:00:00,A,PC_HH,A2_DCH,RS,2025,98.69,,
ESTAT:ISOC_CI_IN_H(1.0),25/06/26 23:00:00,A,PC_HH,A2_DCH,SE,2005,92.51,,
ESTAT:ISOC_CI_IN_H(1.0),25/06/26 23:00:00,A,PC_HH,A2_DCH,SE,2006,93.73,,
ESTAT:ISOC_CI_IN_H(1.0),25/06/26 23:00:00,A,PC_HH,A2_DCH,SE,2007,94.72,,
ESTAT:ISOC_CI_IN_H(1.0),25/06/26 23:00:00,A,PC_HH,A2_DCH,SE,2008,95.74,,
ESTAT:ISOC_CI_IN_H(1.0),25/06/26 23:00:00,A,PC_HH,A2_DCH,SE,2009,97.74,,
ESTAT:ISOC_CI_IN_H(1.0),25/06/26 23:00:00,A,PC_HH,A2_DCH,SE,2010,98.40,,
ESTAT:ISOC_CI_IN_H(1.0),25/06/26 23:00:00,A,PC_HH,A2_DCH,SE,2011,98.54,,
ESTAT:ISOC_CI_IN_H(1.0),25/06/26 23:00:00,A,PC_HH,A2_DCH,SE,2012,99.53,,
ESTAT:ISOC_CI_IN_H(1.0),25/06/26 23:00:00,A,PC_HH,A2_DCH,SE,2013,99.24,,
ESTAT:ISOC_CI_IN_H(1.0),25/06/26 23:00:00,A,PC_HH,A2_DCH,SE,2014,99.04,,
ESTAT:ISOC_CI_IN_H(1.0),25/06/26 23:00:00,A,PC_HH,A2_DCH,SE,2015,97.35,,
ESTAT:ISOC_CI_IN_H(1.0),25/06/26 23:00:00,A,PC_HH,A2_DCH,SE,2016,97.77,b,
ESTAT:ISOC_CI_IN_H(1.0),25/06/26 23:00:00,A,PC_HH,A2_DCH,SE,2017,97.73,,
ESTAT:ISOC_CI_IN_H(1.0),25/06/26 23:00:00,A,PC_HH,A2_DCH,SE,2018,98.76,,
ESTAT:ISOC_CI_IN_H(1.0),25/06/26 23:00:00,A,PC_HH,A2_DCH,SE,2019,100.00,,
ESTAT:ISOC_CI_IN_H(1.0),25/06/26 23:00:00,A,PC_HH,A2_DCH,SE,2020,99.04,,
ESTAT:ISOC_CI_IN_H(1.0),25/06/26 23:00:00,A,PC_HH,A2_DCH,SE,2021,96.99,,
ESTAT:ISOC_CI_IN_H(1.0),25/06/26 23:00:00,A,PC_HH,A2_DCH,SE,2022,98.43,,
ESTAT:ISOC_CI_IN_H(1.0),25/06/26 23:00:00,A,PC_HH,A2_DCH,SE,2023,99.22,,
ESTAT:ISOC_CI_IN_H(1.0),25/06/26 23:00:00,A,PC_HH,A2_DCH,SE,2024,98.16,,
ESTAT:ISOC_CI_IN_H(1.0),25/06/26 23:00:00,A,PC_HH,A2_DCH,SE,2025,99.93,,
ESTAT:ISOC_CI_IN_H(1.0),25/06/26 23:00:00,A,PC_HH,A2_DCH,SI,2004,68.94,,
ESTAT:ISOC_CI_IN_H(1.0),25/06/26 23:00:00,A,PC_HH,A2_DCH,SI,2005,66.86,,
ESTAT:ISOC_CI_IN_H(1.0),25/06/26 23:00:00,A,PC_HH,A2_DCH,SI,2006,77.06,,
ESTAT:ISOC_CI_IN_H(1.0),25/06/26 23:00:00,A,PC_HH,A2_DCH,SI,2007,77.75,,
ESTAT:ISOC_CI_IN_H(1.0),25/06/26 23:00:00,A,PC_HH,A2_DCH,SI,2008,84.63,,
ESTAT:ISOC_CI_IN_H(1.0),25/06/26 23:00:00,A,PC_HH,A2_DCH,SI,2009,85.03,,
ESTAT:ISOC_CI_IN_H(1.0),25/06/26 23:00:00,A,PC_HH,A2_DCH,SI,2010,91.55,,
ESTAT:ISOC_CI_IN_H(1.0),25/06/26 23:00:00,A,PC_HH,A2_DCH,SI,2011,95.11,,
ESTAT:ISOC_CI_IN_H(1.0),25/06/26 23:00:00,A,PC_HH,A2_DCH,SI,2012,93.35,,
ESTAT:ISOC_CI_IN_H(1.0),25/06/26 23:00:00,A,PC_HH,A2_DCH,SI,2013,95.13,,
ESTAT:ISOC_CI_IN_H(1.0),25/06/26 23:00:00,A,PC_HH,A2_DCH,SI,2014,97.02,,
ESTAT:ISOC_CI_IN_H(1.0),25/06/26 23:00:00,A,PC_HH,A2_DCH,SI,2015,97.31,,
ESTAT:ISOC_CI_IN_H(1.0),25/06/26 23:00:00,A,PC_HH,A2_DCH,SI,2016,97.66,,
ESTAT:ISOC_CI_IN_H(1.0),25/06/26 23:00:00,A,PC_HH,A2_DCH,SI,2017,98.65,,
ESTAT:ISOC_CI_IN_H(1.0),25/06/26 23:00:00,A,PC_HH,A2_DCH,SI,2018,98.48,,
ESTAT:ISOC_CI_IN_H(1.0),25/06/26 23:00:00,A,PC_HH,A2_DCH,SI,2019,98.35,,
ESTAT:ISOC_CI_IN_H(1.0),25/06/26 23:00:00,A,PC_HH,A2_DCH,SI,2020,98.33,,
ESTAT:ISOC_CI_IN_H(1.0),25/06/26 23:00:00,A,PC_HH,A2_DCH,SI,2021,97.87,,
ESTAT:ISOC_CI_IN_H(1.0),25/06/26 23:00:00,A,PC_HH,A2_DCH,SI,2022,99.57,,
ESTAT:ISOC_CI_IN_H(1.0),25/06/26 23:00:00,A,PC_HH,A2_DCH,SI,2023,100.00,,
ESTAT:ISOC_CI_IN_H(1.0),25/06/26 23:00:00,A,PC_HH,A2_DCH,SI,2024,100.00,,
ESTAT:ISOC_CI_IN_H(1.0),25/06/26 23:00:00,A,PC_HH,A2_DCH,SI,2025,100.00,,
ESTAT:ISOC_CI_IN_H(1.0),25/06/26 23:00:00,A,PC_HH,A2_DCH,SK,2004,29.02,,
ESTAT:ISOC_CI_IN_H(1.0),25/06/26 23:00:00,A,PC_HH,A2_DCH,SK,2005,32.50,,
ESTAT:ISOC_CI_IN_H(1.0),25/06/26 23:00:00,A,PC_HH,A2_DCH,SK,2006,33.24,,
ESTAT:ISOC_CI_IN_H(1.0),25/06/26 23:00:00,A,PC_HH,A2_DCH,SK,2007,60.14,,
ESTAT:ISOC_CI_IN_H(1.0),25/06/26 23:00:00,A,PC_HH,A2_DCH,SK,2008,74.24,,
ESTAT:ISOC_CI_IN_H(1.0),25/06/26 23:00:00,A,PC_HH,A2_DCH,SK,2009,82.64,,
ESTAT:ISOC_CI_IN_H(1.0),25/06/26 23:00:00,A,PC_HH,A2_DCH,SK,2010,84.90,,
ESTAT:ISOC_CI_IN_H(1.0),25/06/26 23:00:00,A,PC_HH,A2_DCH,SK,2011,89.48,,
ESTAT:ISOC_CI_IN_H(1.0),25/06/26 23:00:00,A,PC_HH,A2_DCH,SK,2012,92.49,,
ESTAT:ISOC_CI_IN_H(1.0),25/06/26 23:00:00,A,PC_HH,A2_DCH,SK,2013,94.25,,
ESTAT:ISOC_CI_IN_H(1.0),25/06/26 23:00:00,A,PC_HH,A2_DCH,SK,2014,96.68,,
ESTAT:ISOC_CI_IN_H(1.0),25/06/26 23:00:00,A,PC_HH,A2_DCH,SK,2015,96.47,,
ESTAT:ISOC_CI_IN_H(1.0),25/06/26 23:00:00,A,PC_HH,A2_DCH,SK,2016,95.69,,
ESTAT:ISOC_CI_IN_H(1.0),25/06/26 23:00:00,A,PC_HH,A2_DCH,SK,2017,97.02,,
ESTAT:ISOC_CI_IN_H(1.0),25/06/26 23:00:00,A,PC_HH,A2_DCH,SK,2018,97.29,,
ESTAT:ISOC_CI_IN_H(1.0),25/06/26 23:00:00,A,PC_HH,A2_DCH,SK,2019,97.60,,
ESTAT:ISOC_CI_IN_H(1.0),25/06/26 23:00:00,A,PC_HH,A2_DCH,SK,2020,90.73,,
ESTAT:ISOC_CI_IN_H(1.0),25/06/26 23:00:00,A,PC_HH,A2_DCH,SK,2021,97.13,,
ESTAT:ISOC_CI_IN_H(1.0),25/06/26 23:00:00,A,PC_HH,A2_DCH,SK,2022,98.89,,
ESTAT:ISOC_CI_IN_H(1.0),25/06/26 23:00:00,A,PC_HH,A2_DCH,SK,2023,98.50,,
ESTAT:ISOC_CI_IN_H(1.0),25/06/26 23:00:00,A,PC_HH,A2_DCH,SK,2024,99.41,,
ESTAT:ISOC_CI_IN_H(1.0),25/06/26 23:00:00,A,PC_HH,A2_DCH,SK,2025,98.93,,
ESTAT:ISOC_CI_IN_H(1.0),25/06/26 23:00:00,A,PC_HH,A2_DCH,TR,2004,7.51,,
ESTAT:ISOC_CI_IN_H(1.0),25/06/26 23:00:00,A,PC_HH,A2_DCH,TR,2007,19.52,,
ESTAT:ISOC_CI_IN_H(1.0),25/06/26 23:00:00,A,PC_HH,A2_DCH,TR,2008,24.91,,
ESTAT:ISOC_CI_IN_H(1.0),25/06/26 23:00:00,A,PC_HH,A2_DCH,TR,2009,31.63,,
ESTAT:ISOC_CI_IN_H(1.0),25/06/26 23:00:00,A,PC_HH,A2_DCH,TR,2010,43.11,,
ESTAT:ISOC_CI_IN_H(1.0),25/06/26 23:00:00,A,PC_HH,A2_DCH,TR,2012,50.75,,
ESTAT:ISOC_CI_IN_H(1.0),25/06/26 23:00:00,A,PC_HH,A2_DCH,TR,2013,53.95,,
ESTAT:ISOC_CI_IN_H(1.0),25/06/26 23:00:00,A,PC_HH,A2_DCH,TR,2020,97.89,,
ESTAT:ISOC_CI_IN_H(1.0),25/06/26 23:00:00,A,PC_HH,A2_DCH,TR,2021,99.30,,
ESTAT:ISOC_CI_IN_H(1.0),25/06/26 23:00:00,A,PC_HH,A2_DCH,TR,2022,99.30,,
ESTAT:ISOC_CI_IN_H(1.0),25/06/26 23:00:00,A,PC_HH,A2_DCH,TR,2023,99.54,,
ESTAT:ISOC_CI_IN_H(1.0),25/06/26 23:00:00,A,PC_HH,A2_DCH,TR,2024,99.69,,
ESTAT:ISOC_CI_IN_H(1.0),25/06/26 23:00:00,A,PC_HH,A2_DCH,TR,2025,99.78,,
ESTAT:ISOC_CI_IN_H(1.0),25/06/26 23:00:00,A,PC_HH,A2_DCH,UK,2002,67.93,,
ESTAT:ISOC_CI_IN_H(1.0),25/06/26 23:00:00,A,PC_HH,A2_DCH,UK,2003,74.49,,
ESTAT:ISOC_CI_IN_H(1.0),25/06/26 23:00:00,A,PC_HH,A2_DCH,UK,2004,76.57,,
ESTAT:ISOC_CI_IN_H(1.0),25/06/26 23:00:00,A,PC_HH,A2_DCH,UK,2005,82.81,,
ESTAT:ISOC_CI_IN_H(1.0),25/06/26 23:00:00,A,PC_HH,A2_DCH,UK,2006,84.92,,
ESTAT:ISOC_CI_IN_H(1.0),25/06/26 23:00:00,A,PC_HH,A2_DCH,UK,2007,81.36,,
ESTAT:ISOC_CI_IN_H(1.0),25/06/26 23:00:00,A,PC_HH,A2_DCH,UK,2008,84.49,,
ESTAT:ISOC_CI_IN_H(1.0),25/06/26 23:00:00,A,PC_HH,A2_DCH,UK,2009,93.25,,
ESTAT:ISOC_CI_IN_H(1.0),25/06/26 23:00:00,A,PC_HH,A2_DCH,UK,2010,93.56,,
ESTAT:ISOC_CI_IN_H(1.0),25/06/26 23:00:00,A,PC_HH,A2_DCH,UK,2011,95.88,,
ESTAT:ISOC_CI_IN_H(1.0),25/06/26 23:00:00,A,PC_HH,A2_DCH,UK,2012,97.71,,
ESTAT:ISOC_CI_IN_H(1.0),25/06/26 23:00:00,A,PC_HH,A2_DCH,UK,2013,88.96,,
ESTAT:ISOC_CI_IN_H(1.0),25/06/26 23:00:00,A,PC_HH,A2_DCH,UK,2014,98.38,,
ESTAT:ISOC_CI_IN_H(1.0),25/06/26 23:00:00,A,PC_HH,A2_DCH,UK,2015,98.02,,
ESTAT:ISOC_CI_IN_H(1.0),25/06/26 23:00:00,A,PC_HH,A2_DCH,UK,2016,99.53,,
ESTAT:ISOC_CI_IN_H(1.0),25/06/26 23:00:00,A,PC_HH,A2_DCH,UK,2017,99.25,,
ESTAT:ISOC_CI_IN_H(1.0),25/06/26 23:00:00,A,PC_HH,A2_DCH,UK,2018,99.81,,
ESTAT:ISOC_CI_IN_H(1.0),25/06/26 23:00:00,A,PC_HH,A2_DCH,UK,2019,99.63,,
ESTAT:ISOC_CI_IN_H(1.0),25/06/26 23:00:00,A,PC_HH,A2_DCH,UK,2020,99.86,,
ESTAT:ISOC_CI_IN_H(1.0),25/06/26 23:00:00,A,PC_HH,A2_DCH,XK,2017,84.71,,
ESTAT:ISOC_CI_IN_H(1.0),25/06/26 23:00:00,A,PC_HH,A2_DCH,XK,2018,87.28,,
ESTAT:ISOC_CI_IN_H(1.0),25/06/26 23:00:00,A,PC_HH,A2_DCH,XK,2019,89.48,,
ESTAT:ISOC_CI_IN_H(1.0),25/06/26 23:00:00,A,PC_HH,A2_DCH,XK,2020,95.70,,
ESTAT:ISOC_CI_IN_H(1.0),25/06/26 23:00:00,A,PC_HH,A2_DCH,XK,2024,99.74,,
ESTAT:ISOC_CI_IN_H(1.0),25/06/26 23:00:00,A,PC_HH,A2_DCH,XK,2025,99.05,,
ESTAT:ISOC_CI_IN_H(1.0),25/06/26 23:00:00,A,PC_HH,ALL_DCH,AL,2018,88.93,,
ESTAT:ISOC_CI_IN_H(1.0),25/06/26 23:00:00,A,PC_HH,ALL_DCH,AL,2019,91.11,,
ESTAT:ISOC_CI_IN_H(1.0),25/06/26 23:00:00,A,PC_HH,ALL_DCH,AL,2020,92.09,,
ESTAT:ISOC_CI_IN_H(1.0),25/06/26 23:00:00,A,PC_HH,ALL_DCH,AL,2021,94.93,,
ESTAT:ISOC_CI_IN_H(1.0),25/06/26 23:00:00,A,PC_HH,ALL_DCH,AL,2022,100.00,,
ESTAT:ISOC_CI_IN_H(1.0),25/06/26 23:00:00,A,PC_HH,ALL_DCH,AL,2023,99.96,,
ESTAT:ISOC_CI_IN_H(1.0),25/06/26 23:00:00,A,PC_HH,ALL_DCH,AL,2024,99.95,,
ESTAT:ISOC_CI_IN_H(1.0),25/06/26 23:00:00,A,PC_HH,ALL_DCH,AL,2025,99.96,,
ESTAT:ISOC_CI_IN_H(1.0),25/06/26 23:00:00,A,PC_HH,ALL_DCH,AT,2002,44.15,,
ESTAT:ISOC_CI_IN_H(1.0),25/06/26 23:00:00,A,PC_HH,ALL_DCH,AT,2003,50.72,,
ESTAT:ISOC_CI_IN_H(1.0),25/06/26 23:00:00,A,PC_HH,ALL_DCH,AT,2004,61.89,,
ESTAT:ISOC_CI_IN_H(1.0),25/06/26 23:00:00,A,PC_HH,ALL_DCH,AT,2005,63.35,,
ESTAT:ISOC_CI_IN_H(1.0),25/06/26 23:00:00,A,PC_HH,ALL_DCH,AT,2006,67.71,,
ESTAT:ISOC_CI_IN_H(1.0),25/06/26 23:00:00,A,PC_HH,ALL_DCH,AT,2007,,u,
ESTAT:ISOC_CI_IN_H(1.0),25/06/26 23:00:00,A,PC_HH,ALL_DCH,AT,2008,83.93,,
ESTAT:ISOC_CI_IN_H(1.0),25/06/26 23:00:00,A,PC_HH,ALL_DCH,AT,2009,91.59,,
ESTAT:ISOC_CI_IN_H(1.0),25/06/26 23:00:00,A,PC_HH,ALL_DCH,AT,2010,93.91,,
ESTAT:ISOC_CI_IN_H(1.0),25/06/26 23:00:00,A,PC_HH,ALL_DCH,AT,2011,95.88,,
ESTAT:ISOC_CI_IN_H(1.0),25/06/26 23:00:00,A,PC_HH,ALL_DCH,AT,2012,96.66,,
ESTAT:ISOC_CI_IN_H(1.0),25/06/26 23:00:00,A,PC_HH,ALL_DCH,AT,2013,97.89,,
ESTAT:ISOC_CI_IN_H(1.0),25/06/26 23:00:00,A,PC_HH,ALL_DCH,AT,2014,97.80,,
ESTAT:ISOC_CI_IN_H(1.0),25/06/26 23:00:00,A,PC_HH,ALL_DCH,AT,2015,98.65,,
ESTAT:ISOC_CI_IN_H(1.0),25/06/26 23:00:00,A,PC_HH,ALL_DCH,AT,2016,98.34,,
ESTAT:ISOC_CI_IN_H(1.0),25/06/26 23:00:00,A,PC_HH,ALL_DCH,AT,2017,99.15,,
ESTAT:ISOC_CI_IN_H(1.0),25/06/26 23:00:00,A,PC_HH,ALL_DCH,AT,2018,98.98,,
ESTAT:ISOC_CI_IN_H(1.0),25/06/26 23:00:00,A,PC_HH,ALL_DCH,AT,2019,98.25,,
ESTAT:ISOC_CI_IN_H(1.0),25/06/26 23:00:00,A,PC_HH,ALL_DCH,AT,2020,98.29,,
ESTAT:ISOC_CI_IN_H(1.0),25/06/26 23:00:00,A,PC_HH,ALL_DCH,AT,2021,99.93,,
ESTAT:ISOC_CI_IN_H(1.0),25/06/26 23:00:00,A,PC_HH,ALL_DCH,AT,2022,98.97,,
ESTAT:ISOC_CI_IN_H(1.0),25/06/26 23:00:00,A,PC_HH,ALL_DCH,AT,2023,99.61,,
ESTAT:ISOC_CI_IN_H(1.0),25/06/26 23:00:00,A,PC_HH,ALL_DCH,AT,2024,99.35,,
ESTAT:ISOC_CI_IN_H(1.0),25/06/26 23:00:00,A,PC_HH,ALL_DCH,AT,2025,99.97,,
ESTAT:ISOC_CI_IN_H(1.0),25/06/26 23:00:00,A,PC_HH,ALL_DCH,BA,2018,82.04,,
ESTAT:ISOC_CI_IN_H(1.0),25/06/26 23:00:00,A,PC_HH,ALL_DCH,BA,2019,83.02,,
ESTAT:ISOC_CI_IN_H(1.0),25/06/26 23:00:00,A,PC_HH,ALL_DCH,BA,2020,91.37,,
ESTAT:ISOC_CI_IN_H(1.0),25/06/26 23:00:00,A,PC_HH,ALL_DCH,BA,2021,96.12,,
ESTAT:ISOC_CI_IN_H(1.0),25/06/26 23:00:00,A,PC_HH,ALL_DCH,BA,2023,96.54,,
ESTAT:ISOC_CI_IN_H(1.0),25/06/26 23:00:00,A,PC_HH,ALL_DCH,BA,2024,99.43,,
ESTAT:ISOC_CI_IN_H(1.0),25/06/26 23:00:00,A,PC_HH,ALL_DCH,BA,2025,98.62,,
ESTAT:ISOC_CI_IN_H(1.0),25/06/26 23:00:00,A,PC_HH,ALL_DCH,BE,2005,68.65,,
ESTAT:ISOC_CI_IN_H(1.0),25/06/26 23:00:00,A,PC_HH,ALL_DCH,BE,2006,72.09,,
ESTAT:ISOC_CI_IN_H(1.0),25/06/26 23:00:00,A,PC_HH,ALL_DCH,BE,2007,77.62,,
ESTAT:ISOC_CI_IN_H(1.0),25/06/26 23:00:00,A,PC_HH,ALL_DCH,BE,2008,80.47,,
ESTAT:ISOC_CI_IN_H(1.0),25/06/26 23:00:00,A,PC_HH,ALL_DCH,BE,2009,84.01,,
ESTAT:ISOC_CI_IN_H(1.0),25/06/26 23:00:00,A,PC_HH,ALL_DCH,BE,2010,88.90,,
ESTAT:ISOC_CI_IN_H(1.0),25/06/26 23:00:00,A,PC_HH,ALL_DCH,BE,2011,91.27,,
ESTAT:ISOC_CI_IN_H(1.0),25/06/26 23:00:00,A,PC_HH,ALL_DCH,BE,2012,92.76,,
ESTAT:ISOC_CI_IN_H(1.0),25/06/26 23:00:00,A,PC_HH,ALL_DCH,BE,2013,93.17,,
ESTAT:ISOC_CI_IN_H(1.0),25/06/26 23:00:00,A,PC_HH,ALL_DCH,BE,2014,94.44,,
ESTAT:ISOC_CI_IN_H(1.0),25/06/26 23:00:00,A,PC_HH,ALL_DCH,BE,2015,94.93,,
ESTAT:ISOC_CI_IN_H(1.0),25/06/26 23:00:00,A,PC_HH,ALL_DCH,BE,2016,95.05,,
ESTAT:ISOC_CI_IN_H(1.0),25/06/26 23:00:00,A,PC_HH,ALL_DCH,BE,2017,96.44,,
ESTAT:ISOC_CI_IN_H(1.0),25/06/26 23:00:00,A,PC_HH,ALL_DCH,BE,2018,97.25,,
ESTAT:ISOC_CI_IN_H(1.0),25/06/26 23:00:00,A,PC_HH,ALL_DCH,BE,2019,98.39,,
ESTAT:ISOC_CI_IN_H(1.0),25/06/26 23:00:00,A,PC_HH,ALL_DCH,BE,2020,97.89,,
ESTAT:ISOC_CI_IN_H(1.0),25/06/26 23:00:00,A,PC_HH,ALL_DCH,BE,2021,98.33,,
ESTAT:ISOC_CI_IN_H(1.0),25/06/26 23:00:00,A,PC_HH,ALL_DCH,BE,2022,98.79,,
ESTAT:ISOC_CI_IN_H(1.0),25/06/26 23:00:00,A,PC_HH,ALL_DCH,BE,2023,98.93,,
ESTAT:ISOC_CI_IN_H(1.0),25/06/26 23:00:00,A,PC_HH,ALL_DCH,BE,2024,99.24,,
ESTAT:ISOC_CI_IN_H(1.0),25/06/26 23:00:00,A,PC_HH,ALL_DCH,BE,2025,99.48,,
ESTAT:ISOC_CI_IN_H(1.0),25/06/26 23:00:00,A,PC_HH,ALL_DCH,BG,2004,13.78,,
ESTAT:ISOC_CI_IN_H(1.0),25/06/26 23:00:00,A,PC_HH,ALL_DCH,BG,2007,35.67,,
ESTAT:ISOC_CI_IN_H(1.0),25/06/26 23:00:00,A,PC_HH,ALL_DCH,BG,2008,49.93,,
ESTAT:ISOC_CI_IN_H(1.0),25/06/26 23:00:00,A,PC_HH,ALL_DCH,BG,2009,59.28,,
ESTAT:ISOC_CI_IN_H(1.0),25/06/26 23:00:00,A,PC_HH,ALL_DCH,BG,2010,61.70,,
ESTAT:ISOC_CI_IN_H(1.0),25/06/26 23:00:00,A,PC_HH,ALL_DCH,BG,2011,66.47,,
ESTAT:ISOC_CI_IN_H(1.0),25/06/26 23:00:00,A,PC_HH,ALL_DCH,BG,2012,75.10,,
ESTAT:ISOC_CI_IN_H(1.0),25/06/26 23:00:00,A,PC_HH,ALL_DCH,BG,2013,74.85,,
ESTAT:ISOC_CI_IN_H(1.0),25/06/26 23:00:00,A,PC_HH,ALL_DCH,BG,2014,81.74,,
ESTAT:ISOC_CI_IN_H(1.0),25/06/26 23:00:00,A,PC_HH,ALL_DCH,BG,2015,85.91,,
ESTAT:ISOC_CI_IN_H(1.0),25/06/26 23:00:00,A,PC_HH,ALL_DCH,BG,2016,86.14,,
ESTAT:ISOC_CI_IN_H(1.0),25/06/26 23:00:00,A,PC_HH,ALL_DCH,BG,2017,87.23,,
ESTAT:ISOC_CI_IN_H(1.0),25/06/26 23:00:00,A,PC_HH,ALL_DCH,BG,2018,89.46,,
ESTAT:ISOC_CI_IN_H(1.0),25/06/26 23:00:00,A,PC_HH,ALL_DCH,BG,2019,90.53,,
ESTAT:ISOC_CI_IN_H(1.0),25/06/26 23:00:00,A,PC_HH,ALL_DCH,BG,2020,96.09,,
ESTAT:ISOC_CI_IN_H(1.0),25/06/26 23:00:00,A,PC_HH,ALL_DCH,BG,2021,96.03,,
ESTAT:ISOC_CI_IN_H(1.0),25/06/26 23:00:00,A,PC_HH,ALL_DCH,BG,2022,95.99,,
ESTAT:ISOC_CI_IN_H(1.0),25/06/26 23:00:00,A,PC_HH,ALL_DCH,BG,2023,97.75,,
ESTAT:ISOC_CI_IN_H(1.0),25/06/26 23:00:00,A,PC_HH,ALL_DCH,BG,2024,98.37,,
ESTAT:ISOC_CI_IN_H(1.0),25/06/26 23:00:00,A,PC_HH,ALL_DCH,BG,2025,99.61,,
ESTAT:ISOC_CI_IN_H(1.0),25/06/26 23:00:00,A,PC_HH,ALL_DCH,CH,2014,98.79,,
ESTAT:ISOC_CI_IN_H(1.0),25/06/26 23:00:00,A,PC_HH,ALL_DCH,CH,2017,98.84,b,
ESTAT:ISOC_CI_IN_H(1.0),25/06/26 23:00:00,A,PC_HH,ALL_DCH,CH,2019,97.07,,
ESTAT:ISOC_CI_IN_H(1.0),25/06/26 23:00:00,A,PC_HH,ALL_DCH,CH,2021,99.80,,
ESTAT:ISOC_CI_IN_H(1.0),25/06/26 23:00:00,A,PC_HH,ALL_DCH,CH,2023,99.91,,
ESTAT:ISOC_CI_IN_H(1.0),25/06/26 23:00:00,A,PC_HH,ALL_DCH,CH,2025,100.00,,
ESTAT:ISOC_CI_IN_H(1.0),25/06/26 23:00:00,A,PC_HH,ALL_DCH,CY,2004,57.06,,
ESTAT:ISOC_CI_IN_H(1.0),25/06/26 23:00:00,A,PC_HH,ALL_DCH,CY,2005,44.49,,
ESTAT:ISOC_CI_IN_H(1.0),25/06/26 23:00:00,A,PC_HH,ALL_DCH,CY,2006,52.31,,
ESTAT:ISOC_CI_IN_H(1.0),25/06/26 23:00:00,A,PC_HH,ALL_DCH,CY,2007,53.56,,
ESTAT:ISOC_CI_IN_H(1.0),25/06/26 23:00:00,A,PC_HH,ALL_DCH,CY,2008,60.39,,
ESTAT:ISOC_CI_IN_H(1.0),25/06/26 23:00:00,A,PC_HH,ALL_DCH,CY,2009,73.78,,
ESTAT:ISOC_CI_IN_H(1.0),25/06/26 23:00:00,A,PC_HH,ALL_DCH,CY,2010,79.01,,
ESTAT:ISOC_CI_IN_H(1.0),25/06/26 23:00:00,A,PC_HH,ALL_DCH,CY,2011,80.04,,
ESTAT:ISOC_CI_IN_H(1.0),25/06/26 23:00:00,A,PC_HH,ALL_DCH,CY,2012,80.78,,
ESTAT:ISOC_CI_IN_H(1.0),25/06/26 23:00:00,A,PC_HH,ALL_DCH,CY,2013,84.49,,
ESTAT:ISOC_CI_IN_H(1.0),25/06/26 23:00:00,A,PC_HH,ALL_DCH,CY,2014,88.03,,
ESTAT:ISOC_CI_IN_H(1.0),25/06/26 23:00:00,A,PC_HH,ALL_DCH,CY,2015,89.84,,
ESTAT:ISOC_CI_IN_H(1.0),25/06/26 23:00:00,A,PC_HH,ALL_DCH,CY,2016,95.02,,
ESTAT:ISOC_CI_IN_H(1.0),25/06/26 23:00:00,A,PC_HH,ALL_DCH,CY,2017,95.55,,
ESTAT:ISOC_CI_IN_H(1.0),25/06/26 23:00:00,A,PC_HH,ALL_DCH,CY,2018,97.68,,
ESTAT:ISOC_CI_IN_H(1.0),25/06/26 23:00:00,A,PC_HH,ALL_DCH,CY,2019,99.84,,
ESTAT:ISOC_CI_IN_H(1.0),25/06/26 23:00:00,A,PC_HH,ALL_DCH,CY,2020,99.48,,
ESTAT:ISOC_CI_IN_H(1.0),25/06/26 23:00:00,A,PC_HH,ALL_DCH,CY,2021,99.25,,
ESTAT:ISOC_CI_IN_H(1.0),25/06/26 23:00:00,A,PC_HH,ALL_DCH,CY,2022,100.00,,
ESTAT:ISOC_CI_IN_H(1.0),25/06/26 23:00:00,A,PC_HH,ALL_DCH,CY,2023,99.64,,
ESTAT:ISOC_CI_IN_H(1.0),25/06/26 23:00:00,A,PC_HH,ALL_DCH,CY,2024,100.00,,
ESTAT:ISOC_CI_IN_H(1.0),25/06/26 23:00:00,A,PC_HH,ALL_DCH,CY,2025,99.21,,
ESTAT:ISOC_CI_IN_H(1.0),25/06/26 23:00:00,A,PC_HH,ALL_DCH,CZ,2004,33.19,,
ESTAT:ISOC_CI_IN_H(1.0),25/06/26 23:00:00,A,PC_HH,ALL_DCH,CZ,2005,32.72,,
ESTAT:ISOC_CI_IN_H(1.0),25/06/26 23:00:00,A,PC_HH,ALL_DCH,CZ,2006,45.33,,
ESTAT:ISOC_CI_IN_H(1.0),25/06/26 23:00:00,A,PC_HH,ALL_DCH,CZ,2007,50.37,,
ESTAT:ISOC_CI_IN_H(1.0),25/06/26 23:00:00,A,PC_HH,ALL_DCH,CZ,2008,62.97,,
ESTAT:ISOC_CI_IN_H(1.0),25/06/26 23:00:00,A,PC_HH,ALL_DCH,CZ,2009,77.76,,
ESTAT:ISOC_CI_IN_H(1.0),25/06/26 23:00:00,A,PC_HH,ALL_DCH,CZ,2010,79.77,,
ESTAT:ISOC_CI_IN_H(1.0),25/06/26 23:00:00,A,PC_HH,ALL_DCH,CZ,2011,84.18,,
ESTAT:ISOC_CI_IN_H(1.0),25/06/26 23:00:00,A,PC_HH,ALL_DCH,CZ,2012,89.83,,
ESTAT:ISOC_CI_IN_H(1.0),25/06/26 23:00:00,A,PC_HH,ALL_DCH,CZ,2013,91.51,,
ESTAT:ISOC_CI_IN_H(1.0),25/06/26 23:00:00,A,PC_HH,ALL_DCH,CZ,2014,92.95,,
ESTAT:ISOC_CI_IN_H(1.0),25/06/26 23:00:00,A,PC_HH,ALL_DCH,CZ,2015,93.57,,
ESTAT:ISOC_CI_IN_H(1.0),25/06/26 23:00:00,A,PC_HH,ALL_DCH,CZ,2016,95.32,,
ESTAT:ISOC_CI_IN_H(1.0),25/06/26 23:00:00,A,PC_HH,ALL_DCH,CZ,2017,95.86,,
ESTAT:ISOC_CI_IN_H(1.0),25/06/26 23:00:00,A,PC_HH,ALL_DCH,CZ,2018,97.88,,
ESTAT:ISOC_CI_IN_H(1.0),25/06/26 23:00:00,A,PC_HH,ALL_DCH,CZ,2019,97.23,,
ESTAT:ISOC_CI_IN_H(1.0),25/06/26 23:00:00,A,PC_HH,ALL_DCH,CZ,2020,98.57,,
ESTAT:ISOC_CI_IN_H(1.0),25/06/26 23:00:00,A,PC_HH,ALL_DCH,CZ,2021,99.37,,
ESTAT:ISOC_CI_IN_H(1.0),25/06/26 23:00:00,A,PC_HH,ALL_DCH,CZ,2022,99.66,,
ESTAT:ISOC_CI_IN_H(1.0),25/06/26 23:00:00,A,PC_HH,ALL_DCH,CZ,2023,98.99,,
ESTAT:ISOC_CI_IN_H(1.0),25/06/26 23:00:00,A,PC_HH,ALL_DCH,CZ,2024,99.62,,
ESTAT:ISOC_CI_IN_H(1.0),25/06/26 23:00:00,A,PC_HH,ALL_DCH,CZ,2025,99.36,,
ESTAT:ISOC_CI_IN_H(1.0),25/06/26 23:00:00,A,PC_HH,ALL_DCH,DE,2002,66.18,,
ESTAT:ISOC_CI_IN_H(1.0),25/06/26 23:00:00,A,PC_HH,ALL_DCH,DE,2003,76.08,,
ESTAT:ISOC_CI_IN_H(1.0),25/06/26 23:00:00,A,PC_HH,ALL_DCH,DE,2004,82.48,,
ESTAT:ISOC_CI_IN_H(1.0),25/06/26 23:00:00,A,PC_HH,ALL_DCH,DE,2005,81.99,,
ESTAT:ISOC_CI_IN_H(1.0),25/06/26 23:00:00,A,PC_HH,ALL_DCH,DE,2006,87.34,,
ESTAT:ISOC_CI_IN_H(1.0),25/06/26 23:00:00,A,PC_HH,ALL_DCH,DE,2007,89.88,,
ESTAT:ISOC_CI_IN_H(1.0),25/06/26 23:00:00,A,PC_HH,ALL_DCH,DE,2008,93.74,,
ESTAT:ISOC_CI_IN_H(1.0),25/06/26 23:00:00,A,PC_HH,ALL_DCH,DE,2009,95.80,,
ESTAT:ISOC_CI_IN_H(1.0),25/06/26 23:00:00,A,PC_HH,ALL_DCH,DE,2010,96.87,,
ESTAT:ISOC_CI_IN_H(1.0),25/06/26 23:00:00,A,PC_HH,ALL_DCH,DE,2011,97.34,,
ESTAT:ISOC_CI_IN_H(1.0),25/06/26 23:00:00,A,PC_HH,ALL_DCH,DE,2012,98.59,,
ESTAT:ISOC_CI_IN_H(1.0),25/06/26 23:00:00,A,PC_HH,ALL_DCH,DE,2013,98.79,,
ESTAT:ISOC_CI_IN_H(1.0),25/06/26 23:00:00,A,PC_HH,ALL_DCH,DE,2014,99.26,,
ESTAT:ISOC_CI_IN_H(1.0),25/06/26 23:00:00,A,PC_HH,ALL_DCH,DE,2015,99.53,,
ESTAT:ISOC_CI_IN_H(1.0),25/06/26 23:00:00,A,PC_HH,ALL_DCH,DE,2016,99.55,,
ESTAT:ISOC_CI_IN_H(1.0),25/06/26 23:00:00,A,PC_HH,ALL_DCH,DE,2017,99.67,,
ESTAT:ISOC_CI_IN_H(1.0),25/06/26 23:00:00,A,PC_HH,ALL_DCH,DE,2018,99.77,,
ESTAT:ISOC_CI_IN_H(1.0),25/06/26 23:00:00,A,PC_HH,ALL_DCH,DE,2019,99.66,,
ESTAT:ISOC_CI_IN_H(1.0),25/06/26 23:00:00,A,PC_HH,ALL_DCH,DE,2020,99.73,,
ESTAT:ISOC_CI_IN_H(1.0),25/06/26 23:00:00,A,PC_HH,ALL_DCH,DE,2021,98.58,b,
ESTAT:ISOC_CI_IN_H(1.0),25/06/26 23:00:00,A,PC_HH,ALL_DCH,DE,2022,97.63,,
ESTAT:ISOC_CI_IN_H(1.0),25/06/26 23:00:00,A,PC_HH,ALL_DCH,DE,2023,97.87,,
ESTAT:ISOC_CI_IN_H(1.0),25/06/26 23:00:00,A,PC_HH,ALL_DCH,DE,2024,98.12,,
ESTAT:ISOC_CI_IN_H(1.0),25/06/26 23:00:00,A,PC_HH,ALL_DCH,DE,2025,97.78,,
ESTAT:ISOC_CI_IN_H(1.0),25/06/26 23:00:00,A,PC_HH,ALL_DCH,DK,2002,72.23,,
ESTAT:ISOC_CI_IN_H(1.0),25/06/26 23:00:00,A,PC_HH,ALL_DCH,DK,2007,,u,
ESTAT:ISOC_CI_IN_H(1.0),25/06/26 23:00:00,A,PC_HH,ALL_DCH,DK,2008,,u,
ESTAT:ISOC_CI_IN_H(1.0),25/06/26 23:00:00,A,PC_HH,ALL_DCH,DK,2009,95.79,,
ESTAT:ISOC_CI_IN_H(1.0),25/06/26 23:00:00,A,PC_HH,ALL_DCH,DK,2010,96.95,,
ESTAT:ISOC_CI_IN_H(1.0),25/06/26 23:00:00,A,PC_HH,ALL_DCH,DK,2011,97.19,,
ESTAT:ISOC_CI_IN_H(1.0),25/06/26 23:00:00,A,PC_HH,ALL_DCH,DK,2012,99.25,,
ESTAT:ISOC_CI_IN_H(1.0),25/06/26 23:00:00,A,PC_HH,ALL_DCH,DK,2013,98.34,,
ESTAT:ISOC_CI_IN_H(1.0),25/06/26 23:00:00,A,PC_HH,ALL_DCH,DK,2014,97.50,,
ESTAT:ISOC_CI_IN_H(1.0),25/06/26 23:00:00,A,PC_HH,ALL_DCH,DK,2015,97.53,,
ESTAT:ISOC_CI_IN_H(1.0),25/06/26 23:00:00,A,PC_HH,ALL_DCH,DK,2016,98.05,,
ESTAT:ISOC_CI_IN_H(1.0),25/06/26 23:00:00,A,PC_HH,ALL_DCH,DK,2017,99.89,,
ESTAT:ISOC_CI_IN_H(1.0),25/06/26 23:00:00,A,PC_HH,ALL_DCH,DK,2018,97.19,,
ESTAT:ISOC_CI_IN_H(1.0),25/06/26 23:00:00,A,PC_HH,ALL_DCH,DK,2019,98.30,,
ESTAT:ISOC_CI_IN_H(1.0),25/06/26 23:00:00,A,PC_HH,ALL_DCH,DK,2020,98.22,,
ESTAT:ISOC_CI_IN_H(1.0),25/06/26 23:00:00,A,PC_HH,ALL_DCH,DK,2021,98.90,,
ESTAT:ISOC_CI_IN_H(1.0),25/06/26 23:00:00,A,PC_HH,ALL_DCH,DK,2022,97.80,,
ESTAT:ISOC_CI_IN_H(1.0),25/06/26 23:00:00,A,PC_HH,ALL_DCH,DK,2023,98.70,,
ESTAT:ISOC_CI_IN_H(1.0),25/06/26 23:00:00,A,PC_HH,ALL_DCH,DK,2024,99.05,,
ESTAT:ISOC_CI_IN_H(1.0),25/06/26 23:00:00,A,PC_HH,ALL_DCH,DK,2025,99.68,,
ESTAT:ISOC_CI_IN_H(1.0),25/06/26 23:00:00,A,PC_HH,ALL_DCH,EA,2002,47.17,,
ESTAT:ISOC_CI_IN_H(1.0),25/06/26 23:00:00,A,PC_HH,ALL_DCH,EA,2003,51.81,,
ESTAT:ISOC_CI_IN_H(1.0),25/06/26 23:00:00,A,PC_HH,ALL_DCH,EA,2005,63.17,,
ESTAT:ISOC_CI_IN_H(1.0),25/06/26 23:00:00,A,PC_HH,ALL_DCH,EA,2006,63.23,,
ESTAT:ISOC_CI_IN_H(1.0),25/06/26 23:00:00,A,PC_HH,ALL_DCH,EA,2007,70.85,,
ESTAT:ISOC_CI_IN_H(1.0),25/06/26 23:00:00,A,PC_HH,ALL_DCH,EA,2008,76.28,,
ESTAT:ISOC_CI_IN_H(1.0),25/06/26 23:00:00,A,PC_HH,ALL_DCH,EA,2009,81.60,,
ESTAT:ISOC_CI_IN_H(1.0),25/06/26 23:00:00,A,PC_HH,ALL_DCH,EA,2010,85.66,,
ESTAT:ISOC_CI_IN_H(1.0),25/06/26 23:00:00,A,PC_HH,ALL_DCH,EA,2011,88.86,,
ESTAT:ISOC_CI_IN_H(1.0),25/06/26 23:00:00,A,PC_HH,ALL_DCH,EA,2012,90.21,,
ESTAT:ISOC_CI_IN_H(1.0),25/06/26 23:00:00,A,PC_HH,ALL_DCH,EA,2013,92.21,,
ESTAT:ISOC_CI_IN_H(1.0),25/06/26 23:00:00,A,PC_HH,ALL_DCH,EA,2014,94.07,,
ESTAT:ISOC_CI_IN_H(1.0),25/06/26 23:00:00,A,PC_HH,ALL_DCH,EA,2015,95.09,,
ESTAT:ISOC_CI_IN_H(1.0),25/06/26 23:00:00,A,PC_HH,ALL_DCH,EA,2016,96.29,,
ESTAT:ISOC_CI_IN_H(1.0),25/06/26 23:00:00,A,PC_HH,ALL_DCH,EA,2017,96.49,,
ESTAT:ISOC_CI_IN_H(1.0),25/06/26 23:00:00,A,PC_HH,ALL_DCH,EA,2018,97.51,,
ESTAT:ISOC_CI_IN_H(1.0),25/06/26 23:00:00,A,PC_HH,ALL_DCH,EA,2019,98.12,,
ESTAT:ISOC_CI_IN_H(1.0),25/06/26 23:00:00,A,PC_HH,ALL_DCH,EA,2020,98.39,e,
ESTAT:ISOC_CI_IN_H(1.0),25/06/26 23:00:00,A,PC_HH,ALL_DCH,EA,2021,98.87,b,
ESTAT:ISOC_CI_IN_H(1.0),25/06/26 23:00:00,A,PC_HH,ALL_DCH,EA,2022,98.51,,
ESTAT:ISOC_CI_IN_H(1.0),25/06/26 23:00:00,A,PC_HH,ALL_DCH,EA,2023,98.76,,
ESTAT:ISOC_CI_IN_H(1.0),25/06/26 23:00:00,A,PC_HH,ALL_DCH,EA,2024,98.77,,
ESTAT:ISOC_CI_IN_H(1.0),25/06/26 23:00:00,A,PC_HH,ALL_DCH,EA,2025,98.73,,
ESTAT:ISOC_CI_IN_H(1.0),25/06/26 23:00:00,A,PC_HH,ALL_DCH,EE,2004,45.63,,
ESTAT:ISOC_CI_IN_H(1.0),25/06/26 23:00:00,A,PC_HH,ALL_DCH,EE,2005,,u,
ESTAT:ISOC_CI_IN_H(1.0),25/06/26 23:00:00,A,PC_HH,ALL_DCH,EE,2006,69.60,,
ESTAT:ISOC_CI_IN_H(1.0),25/06/26 23:00:00,A,PC_HH,ALL_DCH,EE,2007,78.83,,
ESTAT:ISOC_CI_IN_H(1.0),25/06/26 23:00:00,A,PC_HH,ALL_DCH,EE,2008,86.94,,
ESTAT:ISOC_CI_IN_H(1.0),25/06/26 23:00:00,A,PC_HH,ALL_DCH,EE,2009,90.70,,
ESTAT:ISOC_CI_IN_H(1.0),25/06/26 23:00:00,A,PC_HH,ALL_DCH,EE,2010,92.26,,
ESTAT:ISOC_CI_IN_H(1.0),25/06/26 23:00:00,A,PC_HH,ALL_DCH,EE,2011,93.57,,
ESTAT:ISOC_CI_IN_H(1.0),25/06/26 23:00:00,A,PC_HH,ALL_DCH,EE,2012,96.08,,
ESTAT:ISOC_CI_IN_H(1.0),25/06/26 23:00:00,A,PC_HH,ALL_DCH,EE,2013,97.83,,
ESTAT:ISOC_CI_IN_H(1.0),25/06/26 23:00:00,A,PC_HH,ALL_DCH,EE,2014,98.30,b,
ESTAT:ISOC_CI_IN_H(1.0),25/06/26 23:00:00,A,PC_HH,ALL_DCH,EE,2015,99.34,,
ESTAT:ISOC_CI_IN_H(1.0),25/06/26 23:00:00,A,PC_HH,ALL_DCH,EE,2016,99.33,,
ESTAT:ISOC_CI_IN_H(1.0),25/06/26 23:00:00,A,PC_HH,ALL_DCH,EE,2017,99.58,,
ESTAT:ISOC_CI_IN_H(1.0),25/06/26 23:00:00,A,PC_HH,ALL_DCH,EE,2018,99.20,,
ESTAT:ISOC_CI_IN_H(1.0),25/06/26 23:00:00,A,PC_HH,ALL_DCH,EE,2019,99.38,,
ESTAT:ISOC_CI_IN_H(1.0),25/06/26 23:00:00,A,PC_HH,ALL_DCH,EE,2020,99.26,,
ESTAT:ISOC_CI_IN_H(1.0),25/06/26 23:00:00,A,PC_HH,ALL_DCH,EE,2021,99.41,,
ESTAT:ISOC_CI_IN_H(1.0),25/06/26 23:00:00,A,PC_HH,ALL_DCH,EE,2022,99.70,,
ESTAT:ISOC_CI_IN_H(1.0),25/06/26 23:00:00,A,PC_HH,ALL_DCH,EE,2023,99.76,,
ESTAT:ISOC_CI_IN_H(1.0),25/06/26 23:00:00,A,PC_HH,ALL_DCH,EE,2024,99.62,,
ESTAT:ISOC_CI_IN_H(1.0),25/06/26 23:00:00,A,PC_HH,ALL_DCH,EE,2025,99.49,,
ESTAT:ISOC_CI_IN_H(1.0),25/06/26 23:00:00,A,PC_HH,ALL_DCH,EL,2002,17.75,,
ESTAT:ISOC_CI_IN_H(1.0),25/06/26 23:00:00,A,PC_HH,ALL_DCH,EL,2003,23.46,,
ESTAT:ISOC_CI_IN_H(1.0),25/06/26 23:00:00,A,PC_HH,ALL_DCH,EL,2004,23.40,,
ESTAT:ISOC_CI_IN_H(1.0),25/06/26 23:00:00,A,PC_HH,ALL_DCH,EL,2005,27.34,,
ESTAT:ISOC_CI_IN_H(1.0),25/06/26 23:00:00,A,PC_HH,ALL_DCH,EL,2006,32.28,,
ESTAT:ISOC_CI_IN_H(1.0),25/06/26 23:00:00,A,PC_HH,ALL_DCH,EL,2007,36.26,,
ESTAT:ISOC_CI_IN_H(1.0),25/06/26 23:00:00,A,PC_HH,ALL_DCH,EL,2008,44.77,,
ESTAT:ISOC_CI_IN_H(1.0),25/06/26 23:00:00,A,PC_HH,ALL_DCH,EL,2009,54.75,,
ESTAT:ISOC_CI_IN_H(1.0),25/06/26 23:00:00,A,PC_HH,ALL_DCH,EL,2010,65.94,,
ESTAT:ISOC_CI_IN_H(1.0),25/06/26 23:00:00,A,PC_HH,ALL_DCH,EL,2011,72.89,,
ESTAT:ISOC_CI_IN_H(1.0),25/06/26 23:00:00,A,PC_HH,ALL_DCH,EL,2012,78.80,,
ESTAT:ISOC_CI_IN_H(1.0),25/06/26 23:00:00,A,PC_HH,ALL_DCH,EL,2013,80.12,,
ESTAT:ISOC_CI_IN_H(1.0),25/06/26 23:00:00,A,PC_HH,ALL_DCH,EL,2014,84.37,,
ESTAT:ISOC_CI_IN_H(1.0),25/06/26 23:00:00,A,PC_HH,ALL_DCH,EL,2015,88.34,,
ESTAT:ISOC_CI_IN_H(1.0),25/06/26 23:00:00,A,PC_HH,ALL_DCH,EL,2016,88.96,,
ESTAT:ISOC_CI_IN_H(1.0),25/06/26 23:00:00,A,PC_HH,ALL_DCH,EL,2017,89.50,,
ESTAT:ISOC_CI_IN_H(1.0),25/06/26 23:00:00,A,PC_HH,ALL_DCH,EL,2018,94.89,,
ESTAT:ISOC_CI_IN_H(1.0),25/06/26 23:00:00,A,PC_HH,ALL_DCH,EL,2019,94.97,,
ESTAT:ISOC_CI_IN_H(1.0),25/06/26 23:00:00,A,PC_HH,ALL_DCH,EL,2020,95.83,,
ESTAT:ISOC_CI_IN_H(1.0),25/06/26 23:00:00,A,PC_HH,ALL_DCH,EL,2021,98.05,,
ESTAT:ISOC_CI_IN_H(1.0),25/06/26 23:00:00,A,PC_HH,ALL_DCH,EL,2022,97.53,,
ESTAT:ISOC_CI_IN_H(1.0),25/06/26 23:00:00,A,PC_HH,ALL_DCH,EL,2023,98.81,,
ESTAT:ISOC_CI_IN_H(1.0),25/06/26 23:00:00,A,PC_HH,ALL_DCH,EL,2024,96.90,,
ESTAT:ISOC_CI_IN_H(1.0),25/06/26 23:00:00,A,PC_HH,ALL_DCH,EL,2025,99.33,,
ESTAT:ISOC_CI_IN_H(1.0),25/06/26 23:00:00,A,PC_HH,ALL_DCH,ES,2005,43.95,,
ESTAT:ISOC_CI_IN_H(1.0),25/06/26 23:00:00,A,PC_HH,ALL_DCH,ES,2006,49.27,,
ESTAT:ISOC_CI_IN_H(1.0),25/06/26 23:00:00,A,PC_HH,ALL_DCH,ES,2007,55.50,,
ESTAT:ISOC_CI_IN_H(1.0),25/06/26 23:00:00,A,PC_HH,ALL_DCH,ES,2008,63.39,,
ESTAT:ISOC_CI_IN_H(1.0),25/06/26 23:00:00,A,PC_HH,ALL_DCH,ES,2009,67.25,,
ESTAT:ISOC_CI_IN_H(1.0),25/06/26 23:00:00,A,PC_HH,ALL_DCH,ES,2010,73.37,,
ESTAT:ISOC_CI_IN_H(1.0),25/06/26 23:00:00,A,PC_HH,ALL_DCH,ES,2011,78.62,,
ESTAT:ISOC_CI_IN_H(1.0),25/06/26 23:00:00,A,PC_HH,ALL_DCH,ES,2012,81.84,,
ESTAT:ISOC_CI_IN_H(1.0),25/06/26 23:00:00,A,PC_HH,ALL_DCH,ES,2013,84.52,,
ESTAT:ISOC_CI_IN_H(1.0),25/06/26 23:00:00,A,PC_HH,ALL_DCH,ES,2014,89.40,,
ESTAT:ISOC_CI_IN_H(1.0),25/06/26 23:00:00,A,PC_HH,ALL_DCH,ES,2015,93.06,,
ESTAT:ISOC_CI_IN_H(1.0),25/06/26 23:00:00,A,PC_HH,ALL_DCH,ES,2016,95.45,,
ESTAT:ISOC_CI_IN_H(1.0),25/06/26 23:00:00,A,PC_HH,ALL_DCH,ES,2017,95.13,,
ESTAT:ISOC_CI_IN_H(1.0),25/06/26 23:00:00,A,PC_HH,ALL_DCH,ES,2018,96.99,,
ESTAT:ISOC_CI_IN_H(1.0),25/06/26 23:00:00,A,PC_HH,ALL_DCH,ES,2019,99.01,,
ESTAT:ISOC_CI_IN_H(1.0),25/06/26 23:00:00,A,PC_HH,ALL_DCH,ES,2020,99.79,,
ESTAT:ISOC_CI_IN_H(1.0),25/06/26 23:00:00,A,PC_HH,ALL_DCH,ES,2021,99.78,,
ESTAT:ISOC_CI_IN_H(1.0),25/06/26 23:00:00,A,PC_HH,ALL_DCH,ES,2022,99.85,,
ESTAT:ISOC_CI_IN_H(1.0),25/06/26 23:00:00,A,PC_HH,ALL_DCH,ES,2023,99.76,,
ESTAT:ISOC_CI_IN_H(1.0),25/06/26 23:00:00,A,PC_HH,ALL_DCH,ES,2024,99.27,,
ESTAT:ISOC_CI_IN_H(1.0),25/06/26 23:00:00,A,PC_HH,ALL_DCH,ES,2025,99.78,,
ESTAT:ISOC_CI_IN_H(1.0),25/06/26 23:00:00,A,PC_HH,ALL_DCH,EU15,2002,50.63,,
ESTAT:ISOC_CI_IN_H(1.0),25/06/26 23:00:00,A,PC_HH,ALL_DCH,EU15,2003,54.87,,
ESTAT:ISOC_CI_IN_H(1.0),25/06/26 23:00:00,A,PC_HH,ALL_DCH,EU15,2004,63.51,,
ESTAT:ISOC_CI_IN_H(1.0),25/06/26 23:00:00,A,PC_HH,ALL_DCH,EU15,2005,65.95,,
ESTAT:ISOC_CI_IN_H(1.0),25/06/26 23:00:00,A,PC_HH,ALL_DCH,EU15,2006,65.92,,
ESTAT:ISOC_CI_IN_H(1.0),25/06/26 23:00:00,A,PC_HH,ALL_DCH,EU15,2007,72.41,,
ESTAT:ISOC_CI_IN_H(1.0),25/06/26 23:00:00,A,PC_HH,ALL_DCH,EU15,2008,77.91,,
ESTAT:ISOC_CI_IN_H(1.0),25/06/26 23:00:00,A,PC_HH,ALL_DCH,EU15,2009,83.43,,
ESTAT:ISOC_CI_IN_H(1.0),25/06/26 23:00:00,A,PC_HH,ALL_DCH,EU15,2010,86.99,,
ESTAT:ISOC_CI_IN_H(1.0),25/06/26 23:00:00,A,PC_HH,ALL_DCH,EU15,2011,90.09,,
ESTAT:ISOC_CI_IN_H(1.0),25/06/26 23:00:00,A,PC_HH,ALL_DCH,EU15,2012,91.36,,
ESTAT:ISOC_CI_IN_H(1.0),25/06/26 23:00:00,A,PC_HH,ALL_DCH,EU15,2013,92.04,,
ESTAT:ISOC_CI_IN_H(1.0),25/06/26 23:00:00,A,PC_HH,ALL_DCH,EU15,2014,94.65,,
ESTAT:ISOC_CI_IN_H(1.0),25/06/26 23:00:00,A,PC_HH,ALL_DCH,EU15,2015,95.61,,
ESTAT:ISOC_CI_IN_H(1.0),25/06/26 23:00:00,A,PC_HH,ALL_DCH,EU15,2016,96.83,,
ESTAT:ISOC_CI_IN_H(1.0),25/06/26 23:00:00,A,PC_HH,ALL_DCH,EU15,2017,96.90,,
ESTAT:ISOC_CI_IN_H(1.0),25/06/26 23:00:00,A,PC_HH,ALL_DCH,EU15,2018,97.94,,
ESTAT:ISOC_CI_IN_H(1.0),25/06/26 23:00:00,A,PC_HH,ALL_DCH,EU25,2004,54.54,,
ESTAT:ISOC_CI_IN_H(1.0),25/06/26 23:00:00,A,PC_HH,ALL_DCH,EU25,2005,59.87,,
ESTAT:ISOC_CI_IN_H(1.0),25/06/26 23:00:00,A,PC_HH,ALL_DCH,EU25,2006,62.91,,
ESTAT:ISOC_CI_IN_H(1.0),25/06/26 23:00:00,A,PC_HH,ALL_DCH,EU25,2007,69.76,,
ESTAT:ISOC_CI_IN_H(1.0),25/06/26 23:00:00,A,PC_HH,ALL_DCH,EU25,2008,75.91,,
ESTAT:ISOC_CI_IN_H(1.0),25/06/26 23:00:00,A,PC_HH,ALL_DCH,EU25,2009,82.33,,
ESTAT:ISOC_CI_IN_H(1.0),25/06/26 23:00:00,A,PC_HH,ALL_DCH,EU25,2010,86.23,,
ESTAT:ISOC_CI_IN_H(1.0),25/06/26 23:00:00,A,PC_HH,ALL_DCH,EU27_2007,2004,53.71,,
ESTAT:ISOC_CI_IN_H(1.0),25/06/26 23:00:00,A,PC_HH,ALL_DCH,EU27_2007,2005,59.87,,
ESTAT:ISOC_CI_IN_H(1.0),25/06/26 23:00:00,A,PC_HH,ALL_DCH,EU27_2007,2006,60.57,,
ESTAT:ISOC_CI_IN_H(1.0),25/06/26 23:00:00,A,PC_HH,ALL_DCH,EU27_2007,2007,67.09,,
ESTAT:ISOC_CI_IN_H(1.0),25/06/26 23:00:00,A,PC_HH,ALL_DCH,EU27_2007,2008,73.65,,
ESTAT:ISOC_CI_IN_H(1.0),25/06/26 23:00:00,A,PC_HH,ALL_DCH,EU27_2007,2009,80.33,,
ESTAT:ISOC_CI_IN_H(1.0),25/06/26 23:00:00,A,PC_HH,ALL_DCH,EU27_2007,2010,84.25,,
ESTAT:ISOC_CI_IN_H(1.0),25/06/26 23:00:00,A,PC_HH,ALL_DCH,EU27_2007,2011,87.80,,
ESTAT:ISOC_CI_IN_H(1.0),25/06/26 23:00:00,A,PC_HH,ALL_DCH,EU27_2007,2012,89.86,,
ESTAT:ISOC_CI_IN_H(1.0),25/06/26 23:00:00,A,PC_HH,ALL_DCH,EU27_2007,2013,90.85,,
ESTAT:ISOC_CI_IN_H(1.0),25/06/26 23:00:00,A,PC_HH,ALL_DCH,EU27_2007,2014,93.56,,
ESTAT:ISOC_CI_IN_H(1.0),25/06/26 23:00:00,A,PC_HH,ALL_DCH,EU27_2007,2015,94.71,,
ESTAT:ISOC_CI_IN_H(1.0),25/06/26 23:00:00,A,PC_HH,ALL_DCH,EU27_2007,2016,96.21,,
ESTAT:ISOC_CI_IN_H(1.0),25/06/26 23:00:00,A,PC_HH,ALL_DCH,EU27_2007,2017,96.64,,
ESTAT:ISOC_CI_IN_H(1.0),25/06/26 23:00:00,A,PC_HH,ALL_DCH,EU27_2007,2018,97.63,,
ESTAT:ISOC_CI_IN_H(1.0),25/06/26 23:00:00,A,PC_HH,ALL_DCH,EU27_2020,2007,65.84,,
ESTAT:ISOC_CI_IN_H(1.0),25/06/26 23:00:00,A,PC_HH,ALL_DCH,EU27_2020,2008,72.40,,
ESTAT:ISOC_CI_IN_H(1.0),25/06/26 23:00:00,A,PC_HH,ALL_DCH,EU27_2020,2009,78.95,,
ESTAT:ISOC_CI_IN_H(1.0),25/06/26 23:00:00,A,PC_HH,ALL_DCH,EU27_2020,2010,83.19,,
ESTAT:ISOC_CI_IN_H(1.0),25/06/26 23:00:00,A,PC_HH,ALL_DCH,EU27_2020,2011,86.84,,
ESTAT:ISOC_CI_IN_H(1.0),25/06/26 23:00:00,A,PC_HH,ALL_DCH,EU27_2020,2012,89.07,,
ESTAT:ISOC_CI_IN_H(1.0),25/06/26 23:00:00,A,PC_HH,ALL_DCH,EU27_2020,2013,91.05,,
ESTAT:ISOC_CI_IN_H(1.0),25/06/26 23:00:00,A,PC_HH,ALL_DCH,EU27_2020,2014,93.00,,
ESTAT:ISOC_CI_IN_H(1.0),25/06/26 23:00:00,A,PC_HH,ALL_DCH,EU27_2020,2015,94.25,,
ESTAT:ISOC_CI_IN_H(1.0),25/06/26 23:00:00,A,PC_HH,ALL_DCH,EU27_2020,2016,95.77,,
ESTAT:ISOC_CI_IN_H(1.0),25/06/26 23:00:00,A,PC_HH,ALL_DCH,EU27_2020,2017,96.35,,
ESTAT:ISOC_CI_IN_H(1.0),25/06/26 23:00:00,A,PC_HH,ALL_DCH,EU27_2020,2018,97.29,,
ESTAT:ISOC_CI_IN_H(1.0),25/06/26 23:00:00,A,PC_HH,ALL_DCH,EU27_2020,2019,97.93,,
ESTAT:ISOC_CI_IN_H(1.0),25/06/26 23:00:00,A,PC_HH,ALL_DCH,EU27_2020,2020,98.38,e,
ESTAT:ISOC_CI_IN_H(1.0),25/06/26 23:00:00,A,PC_HH,ALL_DCH,EU27_2020,2021,98.88,b,
ESTAT:ISOC_CI_IN_H(1.0),25/06/26 23:00:00,A,PC_HH,ALL_DCH,EU27_2020,2022,98.58,,
ESTAT:ISOC_CI_IN_H(1.0),25/06/26 23:00:00,A,PC_HH,ALL_DCH,EU27_2020,2023,98.85,,
ESTAT:ISOC_CI_IN_H(1.0),25/06/26 23:00:00,A,PC_HH,ALL_DCH,EU27_2020,2024,98.88,,
ESTAT:ISOC_CI_IN_H(1.0),25/06/26 23:00:00,A,PC_HH,ALL_DCH,EU27_2020,2025,98.86,,
ESTAT:ISOC_CI_IN_H(1.0),25/06/26 23:00:00,A,PC_HH,ALL_DCH,EU28,2007,67.04,,
ESTAT:ISOC_CI_IN_H(1.0),25/06/26 23:00:00,A,PC_HH,ALL_DCH,EU28,2008,73.55,,
ESTAT:ISOC_CI_IN_H(1.0),25/06/26 23:00:00,A,PC_HH,ALL_DCH,EU28,2009,80.25,,
ESTAT:ISOC_CI_IN_H(1.0),25/06/26 23:00:00,A,PC_HH,ALL_DCH,EU28,2010,84.21,,
ESTAT:ISOC_CI_IN_H(1.0),25/06/26 23:00:00,A,PC_HH,ALL_DCH,EU28,2011,87.78,,
ESTAT:ISOC_CI_IN_H(1.0),25/06/26 23:00:00,A,PC_HH,ALL_DCH,EU28,2012,89.86,,
ESTAT:ISOC_CI_IN_H(1.0),25/06/26 23:00:00,A,PC_HH,ALL_DCH,EU28,2013,90.86,,
ESTAT:ISOC_CI_IN_H(1.0),25/06/26 23:00:00,A,PC_HH,ALL_DCH,EU28,2014,93.51,,
ESTAT:ISOC_CI_IN_H(1.0),25/06/26 23:00:00,A,PC_HH,ALL_DCH,EU28,2015,94.69,,
ESTAT:ISOC_CI_IN_H(1.0),25/06/26 23:00:00,A,PC_HH,ALL_DCH,EU28,2016,96.21,,
ESTAT:ISOC_CI_IN_H(1.0),25/06/26 23:00:00,A,PC_HH,ALL_DCH,EU28,2017,96.63,,
ESTAT:ISOC_CI_IN_H(1.0),25/06/26 23:00:00,A,PC_HH,ALL_DCH,EU28,2018,97.63,,
ESTAT:ISOC_CI_IN_H(1.0),25/06/26 23:00:00,A,PC_HH,ALL_DCH,EU28,2019,98.18,,
ESTAT:ISOC_CI_IN_H(1.0),25/06/26 23:00:00,A,PC_HH,ALL_DCH,FI,2002,68.44,,
ESTAT:ISOC_CI_IN_H(1.0),25/06/26 23:00:00,A,PC_HH,ALL_DCH,FI,2003,71.12,,
ESTAT:ISOC_CI_IN_H(1.0),25/06/26 23:00:00,A,PC_HH,ALL_DCH,FI,2004,76.63,,
ESTAT:ISOC_CI_IN_H(1.0),25/06/26 23:00:00,A,PC_HH,ALL_DCH,FI,2005,78.67,,
ESTAT:ISOC_CI_IN_H(1.0),25/06/26 23:00:00,A,PC_HH,ALL_DCH,FI,2006,89.36,,
ESTAT:ISOC_CI_IN_H(1.0),25/06/26 23:00:00,A,PC_HH,ALL_DCH,FI,2007,91.91,,
ESTAT:ISOC_CI_IN_H(1.0),25/06/26 23:00:00,A,PC_HH,ALL_DCH,FI,2008,96.10,,
ESTAT:ISOC_CI_IN_H(1.0),25/06/26 23:00:00,A,PC_HH,ALL_DCH,FI,2009,98.05,,
ESTAT:ISOC_CI_IN_H(1.0),25/06/26 23:00:00,A,PC_HH,ALL_DCH,FI,2010,98.65,,
ESTAT:ISOC_CI_IN_H(1.0),25/06/26 23:00:00,A,PC_HH,ALL_DCH,FI,2011,99.39,,
ESTAT:ISOC_CI_IN_H(1.0),25/06/26 23:00:00,A,PC_HH,ALL_DCH,FI,2012,99.56,,
ESTAT:ISOC_CI_IN_H(1.0),25/06/26 23:00:00,A,PC_HH,ALL_DCH,FI,2013,99.91,,
ESTAT:ISOC_CI_IN_H(1.0),25/06/26 23:00:00,A,PC_HH,ALL_DCH,FI,2014,99.55,,
ESTAT:ISOC_CI_IN_H(1.0),25/06/26 23:00:00,A,PC_HH,ALL_DCH,FI,2015,99.92,,
ESTAT:ISOC_CI_IN_H(1.0),25/06/26 23:00:00,A,PC_HH,ALL_DCH,FI,2016,99.35,,
ESTAT:ISOC_CI_IN_H(1.0),25/06/26 23:00:00,A,PC_HH,ALL_DCH,FI,2017,99.65,,
ESTAT:ISOC_CI_IN_H(1.0),25/06/26 23:00:00,A,PC_HH,ALL_DCH,FI,2018,98.98,,
ESTAT:ISOC_CI_IN_H(1.0),25/06/26 23:00:00,A,PC_HH,ALL_DCH,FI,2019,100.00,,
ESTAT:ISOC_CI_IN_H(1.0),25/06/26 23:00:00,A,PC_HH,ALL_DCH,FI,2020,100.00,,
ESTAT:ISOC_CI_IN_H(1.0),25/06/26 23:00:00,A,PC_HH,ALL_DCH,FI,2021,100.00,,
ESTAT:ISOC_CI_IN_H(1.0),25/06/26 23:00:00,A,PC_HH,ALL_DCH,FI,2022,99.85,,
ESTAT:ISOC_CI_IN_H(1.0),25/06/26 23:00:00,A,PC_HH,ALL_DCH,FI,2023,99.65,,
ESTAT:ISOC_CI_IN_H(1.0),25/06/26 23:00:00,A,PC_HH,ALL_DCH,FI,2024,99.90,,
ESTAT:ISOC_CI_IN_H(1.0),25/06/26 23:00:00,A,PC_HH,ALL_DCH,FI,2025,99.72,,
ESTAT:ISOC_CI_IN_H(1.0),25/06/26 23:00:00,A,PC_HH,ALL_DCH,FR,2002,33.59,,
ESTAT:ISOC_CI_IN_H(1.0),25/06/26 23:00:00,A,PC_HH,ALL_DCH,FR,2003,41.07,,
ESTAT:ISOC_CI_IN_H(1.0),25/06/26 23:00:00,A,PC_HH,ALL_DCH,FR,2006,54.25,,
ESTAT:ISOC_CI_IN_H(1.0),25/06/26 23:00:00,A,PC_HH,ALL_DCH,FR,2007,71.65,,
ESTAT:ISOC_CI_IN_H(1.0),25/06/26 23:00:00,A,PC_HH,ALL_DCH,FR,2008,77.27,,
ESTAT:ISOC_CI_IN_H(1.0),25/06/26 23:00:00,A,PC_HH,ALL_DCH,FR,2009,85.99,,
ESTAT:ISOC_CI_IN_H(1.0),25/06/26 23:00:00,A,PC_HH,ALL_DCH,FR,2010,89.80,,
ESTAT:ISOC_CI_IN_H(1.0),25/06/26 23:00:00,A,PC_HH,ALL_DCH,FR,2011,93.50,,
ESTAT:ISOC_CI_IN_H(1.0),25/06/26 23:00:00,A,PC_HH,ALL_DCH,FR,2012,94.51,,
ESTAT:ISOC_CI_IN_H(1.0),25/06/26 23:00:00,A,PC_HH,ALL_DCH,FR,2013,95.32,,
ESTAT:ISOC_CI_IN_H(1.0),25/06/26 23:00:00,A,PC_HH,ALL_DCH,FR,2014,96.28,,
ESTAT:ISOC_CI_IN_H(1.0),25/06/26 23:00:00,A,PC_HH,ALL_DCH,FR,2015,95.56,,
ESTAT:ISOC_CI_IN_H(1.0),25/06/26 23:00:00,A,PC_HH,ALL_DCH,FR,2016,96.68,,
ESTAT:ISOC_CI_IN_H(1.0),25/06/26 23:00:00,A,PC_HH,ALL_DCH,FR,2017,95.62,,
ESTAT:ISOC_CI_IN_H(1.0),25/06/26 23:00:00,A,PC_HH,ALL_DCH,FR,2018,97.27,,
ESTAT:ISOC_CI_IN_H(1.0),25/06/26 23:00:00,A,PC_HH,ALL_DCH,FR,2019,97.57,,
ESTAT:ISOC_CI_IN_H(1.0),25/06/26 23:00:00,A,PC_HH,ALL_DCH,FR,2021,98.86,,
ESTAT:ISOC_CI_IN_H(1.0),25/06/26 23:00:00,A,PC_HH,ALL_DCH,FR,2022,98.04,,
ESTAT:ISOC_CI_IN_H(1.0),25/06/26 23:00:00,A,PC_HH,ALL_DCH,FR,2023,98.69,,
ESTAT:ISOC_CI_IN_H(1.0),25/06/26 23:00:00,A,PC_HH,ALL_DCH,FR,2024,98.68,,
ESTAT:ISOC_CI_IN_H(1.0),25/06/26 23:00:00,A,PC_HH,ALL_DCH,FR,2025,98.42,,
ESTAT:ISOC_CI_IN_H(1.0),25/06/26 23:00:00,A,PC_HH,ALL_DCH,HR,2007,60.04,,
ESTAT:ISOC_CI_IN_H(1.0),25/06/26 23:00:00,A,PC_HH,ALL_DCH,HR,2008,61.97,,
ESTAT:ISOC_CI_IN_H(1.0),25/06/26 23:00:00,A,PC_HH,ALL_DCH,HR,2009,69.41,,
ESTAT:ISOC_CI_IN_H(1.0),25/06/26 23:00:00,A,PC_HH,ALL_DCH,HR,2010,79.58,,
ESTAT:ISOC_CI_IN_H(1.0),25/06/26 23:00:00,A,PC_HH,ALL_DCH,HR,2011,85.36,,
ESTAT:ISOC_CI_IN_H(1.0),25/06/26 23:00:00,A,PC_HH,ALL_DCH,HR,2012,90.51,,
ESTAT:ISOC_CI_IN_H(1.0),25/06/26 23:00:00,A,PC_HH,ALL_DCH,HR,2013,92.72,,
ESTAT:ISOC_CI_IN_H(1.0),25/06/26 23:00:00,A,PC_HH,ALL_DCH,HR,2014,87.80,,
ESTAT:ISOC_CI_IN_H(1.0),25/06/26 23:00:00,A,PC_HH,ALL_DCH,HR,2015,92.87,,
ESTAT:ISOC_CI_IN_H(1.0),25/06/26 23:00:00,A,PC_HH,ALL_DCH,HR,2016,96.81,,
ESTAT:ISOC_CI_IN_H(1.0),25/06/26 23:00:00,A,PC_HH,ALL_DCH,HR,2017,95.10,,
ESTAT:ISOC_CI_IN_H(1.0),25/06/26 23:00:00,A,PC_HH,ALL_DCH,HR,2018,97.61,,
ESTAT:ISOC_CI_IN_H(1.0),25/06/26 23:00:00,A,PC_HH,ALL_DCH,HR,2019,97.39,,
ESTAT:ISOC_CI_IN_H(1.0),25/06/26 23:00:00,A,PC_HH,ALL_DCH,HR,2020,98.22,,
ESTAT:ISOC_CI_IN_H(1.0),25/06/26 23:00:00,A,PC_HH,ALL_DCH,HR,2021,98.97,,
ESTAT:ISOC_CI_IN_H(1.0),25/06/26 23:00:00,A,PC_HH,ALL_DCH,HR,2022,98.88,,
ESTAT:ISOC_CI_IN_H(1.0),25/06/26 23:00:00,A,PC_HH,ALL_DCH,HR,2023,99.69,,
ESTAT:ISOC_CI_IN_H(1.0),25/06/26 23:00:00,A,PC_HH,ALL_DCH,HR,2024,98.58,,
ESTAT:ISOC_CI_IN_H(1.0),25/06/26 23:00:00,A,PC_HH,ALL_DCH,HR,2025,97.62,,
ESTAT:ISOC_CI_IN_H(1.0),25/06/26 23:00:00,A,PC_HH,ALL_DCH,HU,2004,25.19,,
ESTAT:ISOC_CI_IN_H(1.0),25/06/26 23:00:00,A,PC_HH,ALL_DCH,HU,2005,29.08,,
ESTAT:ISOC_CI_IN_H(1.0),25/06/26 23:00:00,A,PC_HH,ALL_DCH,HU,2006,40.66,,
ESTAT:ISOC_CI_IN_H(1.0),25/06/26 23:00:00,A,PC_HH,ALL_DCH,HU,2007,49.93,,
ESTAT:ISOC_CI_IN_H(1.0),25/06/26 23:00:00,A,PC_HH,ALL_DCH,HU,2008,63.27,,
ESTAT:ISOC_CI_IN_H(1.0),25/06/26 23:00:00,A,PC_HH,ALL_DCH,HU,2009,71.59,,
ESTAT:ISOC_CI_IN_H(1.0),25/06/26 23:00:00,A,PC_HH,ALL_DCH,HU,2010,75.95,,
ESTAT:ISOC_CI_IN_H(1.0),25/06/26 23:00:00,A,PC_HH,ALL_DCH,HU,2011,80.76,,
ESTAT:ISOC_CI_IN_H(1.0),25/06/26 23:00:00,A,PC_HH,ALL_DCH,HU,2012,85.31,,
ESTAT:ISOC_CI_IN_H(1.0),25/06/26 23:00:00,A,PC_HH,ALL_DCH,HU,2013,88.67,,
ESTAT:ISOC_CI_IN_H(1.0),25/06/26 23:00:00,A,PC_HH,ALL_DCH,HU,2014,91.25,,
ESTAT:ISOC_CI_IN_H(1.0),25/06/26 23:00:00,A,PC_HH,ALL_DCH,HU,2015,92.03,,
ESTAT:ISOC_CI_IN_H(1.0),25/06/26 23:00:00,A,PC_HH,ALL_DCH,HU,2016,93.92,,
ESTAT:ISOC_CI_IN_H(1.0),25/06/26 23:00:00,A,PC_HH,ALL_DCH,HU,2017,94.78,,
ESTAT:ISOC_CI_IN_H(1.0),25/06/26 23:00:00,A,PC_HH,ALL_DCH,HU,2018,95.64,,
ESTAT:ISOC_CI_IN_H(1.0),25/06/26 23:00:00,A,PC_HH,ALL_DCH,HU,2019,97.66,,
ESTAT:ISOC_CI_IN_H(1.0),25/06/26 23:00:00,A,PC_HH,ALL_DCH,HU,2020,98.03,,
ESTAT:ISOC_CI_IN_H(1.0),25/06/26 23:00:00,A,PC_HH,ALL_DCH,HU,2021,98.95,,
ESTAT:ISOC_CI_IN_H(1.0),25/06/26 23:00:00,A,PC_HH,ALL_DCH,HU,2022,99.29,,
ESTAT:ISOC_CI_IN_H(1.0),25/06/26 23:00:00,A,PC_HH,ALL_DCH,HU,2023,99.22,,
ESTAT:ISOC_CI_IN_H(1.0),25/06/26 23:00:00,A,PC_HH,ALL_DCH,HU,2024,99.43,,
ESTAT:ISOC_CI_IN_H(1.0),25/06/26 23:00:00,A,PC_HH,ALL_DCH,HU,2025,98.46,,
ESTAT:ISOC_CI_IN_H(1.0),25/06/26 23:00:00,A,PC_HH,ALL_DCH,IE,2003,49.04,,
ESTAT:ISOC_CI_IN_H(1.0),25/06/26 23:00:00,A,PC_HH,ALL_DCH,IE,2004,50.73,,
ESTAT:ISOC_CI_IN_H(1.0),25/06/26 23:00:00,A,PC_HH,ALL_DCH,IE,2005,57.84,,
ESTAT:ISOC_CI_IN_H(1.0),25/06/26 23:00:00,A,PC_HH,ALL_DCH,IE,2006,60.95,,
ESTAT:ISOC_CI_IN_H(1.0),25/06/26 23:00:00,A,PC_HH,ALL_DCH,IE,2007,70.17,,
ESTAT:ISOC_CI_IN_H(1.0),25/06/26 23:00:00,A,PC_HH,ALL_DCH,IE,2008,76.29,,
ESTAT:ISOC_CI_IN_H(1.0),25/06/26 23:00:00,A,PC_HH,ALL_DCH,IE,2009,79.96,,
ESTAT:ISOC_CI_IN_H(1.0),25/06/26 23:00:00,A,PC_HH,ALL_DCH,IE,2010,84.30,,
ESTAT:ISOC_CI_IN_H(1.0),25/06/26 23:00:00,A,PC_HH,ALL_DCH,IE,2011,90.86,,
ESTAT:ISOC_CI_IN_H(1.0),25/06/26 23:00:00,A,PC_HH,ALL_DCH,IE,2012,93.31,,
ESTAT:ISOC_CI_IN_H(1.0),25/06/26 23:00:00,A,PC_HH,ALL_DCH,IE,2013,93.33,,
ESTAT:ISOC_CI_IN_H(1.0),25/06/26 23:00:00,A,PC_HH,ALL_DCH,IE,2014,94.76,,
ESTAT:ISOC_CI_IN_H(1.0),25/06/26 23:00:00,A,PC_HH,ALL_DCH,IE,2015,95.92,,
ESTAT:ISOC_CI_IN_H(1.0),25/06/26 23:00:00,A,PC_HH,ALL_DCH,IE,2016,97.17,,
ESTAT:ISOC_CI_IN_H(1.0),25/06/26 23:00:00,A,PC_HH,ALL_DCH,IE,2017,98.01,,
ESTAT:ISOC_CI_IN_H(1.0),25/06/26 23:00:00,A,PC_HH,ALL_DCH,IE,2018,98.98,,
ESTAT:ISOC_CI_IN_H(1.0),25/06/26 23:00:00,A,PC_HH,ALL_DCH,IE,2019,98.38,,
ESTAT:ISOC_CI_IN_H(1.0),25/06/26 23:00:00,A,PC_HH,ALL_DCH,IE,2020,95.07,,
ESTAT:ISOC_CI_IN_H(1.0),25/06/26 23:00:00,A,PC_HH,ALL_DCH,IE,2021,98.84,b,
ESTAT:ISOC_CI_IN_H(1.0),25/06/26 23:00:00,A,PC_HH,ALL_DCH,IE,2022,,u,
ESTAT:ISOC_CI_IN_H(1.0),25/06/26 23:00:00,A,PC_HH,ALL_DCH,IE,2023,99.27,,
ESTAT:ISOC_CI_IN_H(1.0),25/06/26 23:00:00,A,PC_HH,ALL_DCH,IE,2024,97.55,,
ESTAT:ISOC_CI_IN_H(1.0),25/06/26 23:00:00,A,PC_HH,ALL_DCH,IE,2025,99.63,,
ESTAT:ISOC_CI_IN_H(1.0),25/06/26 23:00:00,A,PC_HH,ALL_DCH,IS,2004,90.75,,
ESTAT:ISOC_CI_IN_H(1.0),25/06/26 23:00:00,A,PC_HH,ALL_DCH,IS,2005,93.93,,
ESTAT:ISOC_CI_IN_H(1.0),25/06/26 23:00:00,A,PC_HH,ALL_DCH,IS,2006,94.96,,
ESTAT:ISOC_CI_IN_H(1.0),25/06/26 23:00:00,A,PC_HH,ALL_DCH,IS,2007,93.59,,
ESTAT:ISOC_CI_IN_H(1.0),25/06/26 23:00:00,A,PC_HH,ALL_DCH,IS,2008,96.20,,
ESTAT:ISOC_CI_IN_H(1.0),25/06/26 23:00:00,A,PC_HH,ALL_DCH,IS,2009,97.03,,
ESTAT:ISOC_CI_IN_H(1.0),25/06/26 23:00:00,A,PC_HH,ALL_DCH,IS,2010,99.68,,
ESTAT:ISOC_CI_IN_H(1.0),25/06/26 23:00:00,A,PC_HH,ALL_DCH,IS,2011,99.10,,
ESTAT:ISOC_CI_IN_H(1.0),25/06/26 23:00:00,A,PC_HH,ALL_DCH,IS,2012,99.27,,
ESTAT:ISOC_CI_IN_H(1.0),25/06/26 23:00:00,A,PC_HH,ALL_DCH,IS,2013,99.85,,
ESTAT:ISOC_CI_IN_H(1.0),25/06/26 23:00:00,A,PC_HH,ALL_DCH,IS,2014,99.75,,
ESTAT:ISOC_CI_IN_H(1.0),25/06/26 23:00:00,A,PC_HH,ALL_DCH,IS,2017,99.71,,
ESTAT:ISOC_CI_IN_H(1.0),25/06/26 23:00:00,A,PC_HH,ALL_DCH,IS,2018,99.88,,
ESTAT:ISOC_CI_IN_H(1.0),25/06/26 23:00:00,A,PC_HH,ALL_DCH,IS,2019,100.00,,
ESTAT:ISOC_CI_IN_H(1.0),25/06/26 23:00:00,A,PC_HH,ALL_DCH,IS,2020,99.58,,
ESTAT:ISOC_CI_IN_H(1.0),25/06/26 23:00:00,A,PC_HH,ALL_DCH,IS,2021,,u,
ESTAT:ISOC_CI_IN_H(1.0),25/06/26 23:00:00,A,PC_HH,ALL_DCH,IT,2002,43.31,,
ESTAT:ISOC_CI_IN_H(1.0),25/06/26 23:00:00,A,PC_HH,ALL_DCH,IT,2003,37.72,,
ESTAT:ISOC_CI_IN_H(1.0),25/06/26 23:00:00,A,PC_HH,ALL_DCH,IT,2004,42.63,,
ESTAT:ISOC_CI_IN_H(1.0),25/06/26 23:00:00,A,PC_HH,ALL_DCH,IT,2005,50.63,,
ESTAT:ISOC_CI_IN_H(1.0),25/06/26 23:00:00,A,PC_HH,ALL_DCH,IT,2006,51.03,,
ESTAT:ISOC_CI_IN_H(1.0),25/06/26 23:00:00,A,PC_HH,ALL_DCH,IT,2007,54.96,,
ESTAT:ISOC_CI_IN_H(1.0),25/06/26 23:00:00,A,PC_HH,ALL_DCH,IT,2008,59.98,,
ESTAT:ISOC_CI_IN_H(1.0),25/06/26 23:00:00,A,PC_HH,ALL_DCH,IT,2009,67.47,,
ESTAT:ISOC_CI_IN_H(1.0),25/06/26 23:00:00,A,PC_HH,ALL_DCH,IT,2010,74.06,,
ESTAT:ISOC_CI_IN_H(1.0),25/06/26 23:00:00,A,PC_HH,ALL_DCH,IT,2011,78.46,,
ESTAT:ISOC_CI_IN_H(1.0),25/06/26 23:00:00,A,PC_HH,ALL_DCH,IT,2012,77.93,,
ESTAT:ISOC_CI_IN_H(1.0),25/06/26 23:00:00,A,PC_HH,ALL_DCH,IT,2013,84.76,,
ESTAT:ISOC_CI_IN_H(1.0),25/06/26 23:00:00,A,PC_HH,ALL_DCH,IT,2014,88.19,,
ESTAT:ISOC_CI_IN_H(1.0),25/06/26 23:00:00,A,PC_HH,ALL_DCH,IT,2015,90.10,,
ESTAT:ISOC_CI_IN_H(1.0),25/06/26 23:00:00,A,PC_HH,ALL_DCH,IT,2016,92.37,,
ESTAT:ISOC_CI_IN_H(1.0),25/06/26 23:00:00,A,PC_HH,ALL_DCH,IT,2017,93.78,,
ESTAT:ISOC_CI_IN_H(1.0),25/06/26 23:00:00,A,PC_HH,ALL_DCH,IT,2018,95.08,,
ESTAT:ISOC_CI_IN_H(1.0),25/06/26 23:00:00,A,PC_HH,ALL_DCH,IT,2019,96.11,,
ESTAT:ISOC_CI_IN_H(1.0),25/06/26 23:00:00,A,PC_HH,ALL_DCH,IT,2020,97.61,,
ESTAT:ISOC_CI_IN_H(1.0),25/06/26 23:00:00,A,PC_HH,ALL_DCH,IT,2021,98.56,,
ESTAT:ISOC_CI_IN_H(1.0),25/06/26 23:00:00,A,PC_HH,ALL_DCH,IT,2022,98.62,,
ESTAT:ISOC_CI_IN_H(1.0),25/06/26 23:00:00,A,PC_HH,ALL_DCH,IT,2023,98.63,,
ESTAT:ISOC_CI_IN_H(1.0),25/06/26 23:00:00,A,PC_HH,ALL_DCH,IT,2024,99.03,,
ESTAT:ISOC_CI_IN_H(1.0),25/06/26 23:00:00,A,PC_HH,ALL_DCH,IT,2025,98.63,,
ESTAT:ISOC_CI_IN_H(1.0),25/06/26 23:00:00,A,PC_HH,ALL_DCH,LT,2004,17.59,,
ESTAT:ISOC_CI_IN_H(1.0),25/06/26 23:00:00,A,PC_HH,ALL_DCH,LT,2005,22.28,,
ESTAT:ISOC_CI_IN_H(1.0),25/06/26 23:00:00,A,PC_HH,ALL_DCH,LT,2006,52.15,,
ESTAT:ISOC_CI_IN_H(1.0),25/06/26 23:00:00,A,PC_HH,ALL_DCH,LT,2007,69.50,,
ESTAT:ISOC_CI_IN_H(1.0),25/06/26 23:00:00,A,PC_HH,ALL_DCH,LT,2008,76.91,,
ESTAT:ISOC_CI_IN_H(1.0),25/06/26 23:00:00,A,PC_HH,ALL_DCH,LT,2009,84.24,,
ESTAT:ISOC_CI_IN_H(1.0),25/06/26 23:00:00,A,PC_HH,ALL_DCH,LT,2010,83.91,,
ESTAT:ISOC_CI_IN_H(1.0),25/06/26 23:00:00,A,PC_HH,ALL_DCH,LT,2011,86.81,,
ESTAT:ISOC_CI_IN_H(1.0),25/06/26 23:00:00,A,PC_HH,ALL_DCH,LT,2012,89.00,,
ESTAT:ISOC_CI_IN_H(1.0),25/06/26 23:00:00,A,PC_HH,ALL_DCH,LT,2013,91.55,,
ESTAT:ISOC_CI_IN_H(1.0),25/06/26 23:00:00,A,PC_HH,ALL_DCH,LT,2014,93.26,,
ESTAT:ISOC_CI_IN_H(1.0),25/06/26 23:00:00,A,PC_HH,ALL_DCH,LT,2015,95.36,,
ESTAT:ISOC_CI_IN_H(1.0),25/06/26 23:00:00,A,PC_HH,ALL_DCH,LT,2016,97.37,,
ESTAT:ISOC_CI_IN_H(1.0),25/06/26 23:00:00,A,PC_HH,ALL_DCH,LT,2017,96.65,,
ESTAT:ISOC_CI_IN_H(1.0),25/06/26 23:00:00,A,PC_HH,ALL_DCH,LT,2018,97.10,,
ESTAT:ISOC_CI_IN_H(1.0),25/06/26 23:00:00,A,PC_HH,ALL_DCH,LT,2019,98.95,,
ESTAT:ISOC_CI_IN_H(1.0),25/06/26 23:00:00,A,PC_HH,ALL_DCH,LT,2020,99.02,,
ESTAT:ISOC_CI_IN_H(1.0),25/06/26 23:00:00,A,PC_HH,ALL_DCH,LT,2021,98.97,,
ESTAT:ISOC_CI_IN_H(1.0),25/06/26 23:00:00,A,PC_HH,ALL_DCH,LT,2022,99.74,,
ESTAT:ISOC_CI_IN_H(1.0),25/06/26 23:00:00,A,PC_HH,ALL_DCH,LT,2023,99.74,,
ESTAT:ISOC_CI_IN_H(1.0),25/06/26 23:00:00,A,PC_HH,ALL_DCH,LT,2024,99.60,,
ESTAT:ISOC_CI_IN_H(1.0),25/06/26 23:00:00,A,PC_HH,ALL_DCH,LT,2025,99.30,,
ESTAT:ISOC_CI_IN_H(1.0),25/06/26 23:00:00,A,PC_HH,ALL_DCH,LU,2002,57.67,,
ESTAT:ISOC_CI_IN_H(1.0),25/06/26 23:00:00,A,PC_HH,ALL_DCH,LU,2003,64.98,,
ESTAT:ISOC_CI_IN_H(1.0),25/06/26 23:00:00,A,PC_HH,ALL_DCH,LU,2004,66.03,,
ESTAT:ISOC_CI_IN_H(1.0),25/06/26 23:00:00,A,PC_HH,ALL_DCH,LU,2005,77.69,,
ESTAT:ISOC_CI_IN_H(1.0),25/06/26 23:00:00,A,PC_HH,ALL_DCH,LU,2006,85.34,,
ESTAT:ISOC_CI_IN_H(1.0),25/06/26 23:00:00,A,PC_HH,ALL_DCH,LU,2007,88.50,,
ESTAT:ISOC_CI_IN_H(1.0),25/06/26 23:00:00,A,PC_HH,ALL_DCH,LU,2008,91.24,,
ESTAT:ISOC_CI_IN_H(1.0),25/06/26 23:00:00,A,PC_HH,ALL_DCH,LU,2009,96.22,,
ESTAT:ISOC_CI_IN_H(1.0),25/06/26 23:00:00,A,PC_HH,ALL_DCH,LU,2010,98.37,,
ESTAT:ISOC_CI_IN_H(1.0),25/06/26 23:00:00,A,PC_HH,ALL_DCH,LU,2011,98.42,,
ESTAT:ISOC_CI_IN_H(1.0),25/06/26 23:00:00,A,PC_HH,ALL_DCH,LU,2012,98.24,,
ESTAT:ISOC_CI_IN_H(1.0),25/06/26 23:00:00,A,PC_HH,ALL_DCH,LU,2013,99.64,,
ESTAT:ISOC_CI_IN_H(1.0),25/06/26 23:00:00,A,PC_HH,ALL_DCH,LU,2014,99.14,,
ESTAT:ISOC_CI_IN_H(1.0),25/06/26 23:00:00,A,PC_HH,ALL_DCH,LU,2015,99.61,,
ESTAT:ISOC_CI_IN_H(1.0),25/06/26 23:00:00,A,PC_HH,ALL_DCH,LU,2016,99.46,,
ESTAT:ISOC_CI_IN_H(1.0),25/06/26 23:00:00,A,PC_HH,ALL_DCH,LU,2017,99.81,,
ESTAT:ISOC_CI_IN_H(1.0),25/06/26 23:00:00,A,PC_HH,ALL_DCH,LU,2018,94.46,b,
ESTAT:ISOC_CI_IN_H(1.0),25/06/26 23:00:00,A,PC_HH,ALL_DCH,LU,2019,98.33,,
ESTAT:ISOC_CI_IN_H(1.0),25/06/26 23:00:00,A,PC_HH,ALL_DCH,LU,2020,98.24,,
ESTAT:ISOC_CI_IN_H(1.0),25/06/26 23:00:00,A,PC_HH,ALL_DCH,LU,2021,100.00,,
ESTAT:ISOC_CI_IN_H(1.0),25/06/26 23:00:00,A,PC_HH,ALL_DCH,LU,2022,99.51,,
ESTAT:ISOC_CI_IN_H(1.0),25/06/26 23:00:00,A,PC_HH,ALL_DCH,LU,2023,99.90,,
ESTAT:ISOC_CI_IN_H(1.0),25/06/26 23:00:00,A,PC_HH,ALL_DCH,LU,2024,100.00,,
ESTAT:ISOC_CI_IN_H(1.0),25/06/26 23:00:00,A,PC_HH,ALL_DCH,LU,2025,100.00,,
ESTAT:ISOC_CI_IN_H(1.0),25/06/26 23:00:00,A,PC_HH,ALL_DCH,LV,2004,22.33,,
ESTAT:ISOC_CI_IN_H(1.0),25/06/26 23:00:00,A,PC_HH,ALL_DCH,LV,2005,42.51,,
ESTAT:ISOC_CI_IN_H(1.0),25/06/26 23:00:00,A,PC_HH,ALL_DCH,LV,2006,61.62,,
ESTAT:ISOC_CI_IN_H(1.0),25/06/26 23:00:00,A,PC_HH,ALL_DCH,LV,2007,71.58,,
ESTAT:ISOC_CI_IN_H(1.0),25/06/26 23:00:00,A,PC_HH,ALL_DCH,LV,2008,72.57,,
ESTAT:ISOC_CI_IN_H(1.0),25/06/26 23:00:00,A,PC_HH,ALL_DCH,LV,2009,80.14,,
ESTAT:ISOC_CI_IN_H(1.0),25/06/26 23:00:00,A,PC_HH,ALL_DCH,LV,2010,81.88,,
ESTAT:ISOC_CI_IN_H(1.0),25/06/26 23:00:00,A,PC_HH,ALL_DCH,LV,2011,86.73,,
ESTAT:ISOC_CI_IN_H(1.0),25/06/26 23:00:00,A,PC_HH,ALL_DCH,LV,2012,90.76,,
ESTAT:ISOC_CI_IN_H(1.0),25/06/26 23:00:00,A,PC_HH,ALL_DCH,LV,2013,93.39,,
ESTAT:ISOC_CI_IN_H(1.0),25/06/26 23:00:00,A,PC_HH,ALL_DCH,LV,2014,94.42,,
ESTAT:ISOC_CI_IN_H(1.0),25/06/26 23:00:00,A,PC_HH,ALL_DCH,LV,2015,93.60,,
ESTAT:ISOC_CI_IN_H(1.0),25/06/26 23:00:00,A,PC_HH,ALL_DCH,LV,2016,94.52,b,
ESTAT:ISOC_CI_IN_H(1.0),25/06/26 23:00:00,A,PC_HH,ALL_DCH,LV,2017,96.13,,
ESTAT:ISOC_CI_IN_H(1.0),25/06/26 23:00:00,A,PC_HH,ALL_DCH,LV,2018,98.07,,
ESTAT:ISOC_CI_IN_H(1.0),25/06/26 23:00:00,A,PC_HH,ALL_DCH,LV,2019,98.15,,
ESTAT:ISOC_CI_IN_H(1.0),25/06/26 23:00:00,A,PC_HH,ALL_DCH,LV,2020,98.75,,
ESTAT:ISOC_CI_IN_H(1.0),25/06/26 23:00:00,A,PC_HH,ALL_DCH,LV,2021,98.63,,
ESTAT:ISOC_CI_IN_H(1.0),25/06/26 23:00:00,A,PC_HH,ALL_DCH,LV,2022,99.20,,
ESTAT:ISOC_CI_IN_H(1.0),25/06/26 23:00:00,A,PC_HH,ALL_DCH,LV,2023,99.44,,
ESTAT:ISOC_CI_IN_H(1.0),25/06/26 23:00:00,A,PC_HH,ALL_DCH,LV,2024,99.50,,
ESTAT:ISOC_CI_IN_H(1.0),25/06/26 23:00:00,A,PC_HH,ALL_DCH,LV,2025,98.61,,
ESTAT:ISOC_CI_IN_H(1.0),25/06/26 23:00:00,A,PC_HH,ALL_DCH,ME,2012,66.82,,
ESTAT:ISOC_CI_IN_H(1.0),25/06/26 23:00:00,A,PC_HH,ALL_DCH,ME,2017,87.17,,
ESTAT:ISOC_CI_IN_H(1.0),25/06/26 23:00:00,A,PC_HH,ALL_DCH,ME,2018,89.99,,
ESTAT:ISOC_CI_IN_H(1.0),25/06/26 23:00:00,A,PC_HH,ALL_DCH,ME,2019,94.25,,
ESTAT:ISOC_CI_IN_H(1.0),25/06/26 23:00:00,A,PC_HH,ALL_DCH,ME,2020,94.33,,
ESTAT:ISOC_CI_IN_H(1.0),25/06/26 23:00:00,A,PC_HH,ALL_DCH,ME,2021,96.93,,
ESTAT:ISOC_CI_IN_H(1.0),25/06/26 23:00:00,A,PC_HH,ALL_DCH,ME,2022,95.31,,
ESTAT:ISOC_CI_IN_H(1.0),25/06/26 23:00:00,A,PC_HH,ALL_DCH,ME,2023,97.32,,
ESTAT:ISOC_CI_IN_H(1.0),25/06/26 23:00:00,A,PC_HH,ALL_DCH,ME,2024,97.78,,
ESTAT:ISOC_CI_IN_H(1.0),25/06/26 23:00:00,A,PC_HH,ALL_DCH,ME,2025,94.33,,
ESTAT:ISOC_CI_IN_H(1.0),25/06/26 23:00:00,A,PC_HH,ALL_DCH,MK,2004,,u,
ESTAT:ISOC_CI_IN_H(1.0),25/06/26 23:00:00,A,PC_HH,ALL_DCH,MK,2006,16.46,,
ESTAT:ISOC_CI_IN_H(1.0),25/06/26 23:00:00,A,PC_HH,ALL_DCH,MK,2008,30.88,,
ESTAT:ISOC_CI_IN_H(1.0),25/06/26 23:00:00,A,PC_HH,ALL_DCH,MK,2009,46.68,,
ESTAT:ISOC_CI_IN_H(1.0),25/06/26 23:00:00,A,PC_HH,ALL_DCH,MK,2010,57.26,,
ESTAT:ISOC_CI_IN_H(1.0),25/06/26 23:00:00,A,PC_HH,ALL_DCH,MK,2012,69.13,,
ESTAT:ISOC_CI_IN_H(1.0),25/06/26 23:00:00,A,PC_HH,ALL_DCH,MK,2013,79.22,,
ESTAT:ISOC_CI_IN_H(1.0),25/06/26 23:00:00,A,PC_HH,ALL_DCH,MK,2014,84.82,,
ESTAT:ISOC_CI_IN_H(1.0),25/06/26 23:00:00,A,PC_HH,ALL_DCH,MK,2015,86.77,,
ESTAT:ISOC_CI_IN_H(1.0),25/06/26 23:00:00,A,PC_HH,ALL_DCH,MK,2016,86.88,,
ESTAT:ISOC_CI_IN_H(1.0),25/06/26 23:00:00,A,PC_HH,ALL_DCH,MK,2017,89.96,,
ESTAT:ISOC_CI_IN_H(1.0),25/06/26 23:00:00,A,PC_HH,ALL_DCH,MK,2018,95.53,,
ESTAT:ISOC_CI_IN_H(1.0),25/06/26 23:00:00,A,PC_HH,ALL_DCH,MK,2019,97.18,,
ESTAT:ISOC_CI_IN_H(1.0),25/06/26 23:00:00,A,PC_HH,ALL_DCH,MK,2020,96.67,,
ESTAT:ISOC_CI_IN_H(1.0),25/06/26 23:00:00,A,PC_HH,ALL_DCH,MK,2021,96.96,,
ESTAT:ISOC_CI_IN_H(1.0),25/06/26 23:00:00,A,PC_HH,ALL_DCH,MK,2024,98.52,,
ESTAT:ISOC_CI_IN_H(1.0),25/06/26 23:00:00,A,PC_HH,ALL_DCH,MK,2025,98.30,,
ESTAT:ISOC_CI_IN_H(1.0),25/06/26 23:00:00,A,PC_HH,ALL_DCH,MT,2005,59.97,,
ESTAT:ISOC_CI_IN_H(1.0),25/06/26 23:00:00,A,PC_HH,ALL_DCH,MT,2006,51.07,,
ESTAT:ISOC_CI_IN_H(1.0),25/06/26 23:00:00,A,PC_HH,ALL_DCH,MT,2007,,u,
ESTAT:ISOC_CI_IN_H(1.0),25/06/26 23:00:00,A,PC_HH,ALL_DCH,MT,2008,,u,
ESTAT:ISOC_CI_IN_H(1.0),25/06/26 23:00:00,A,PC_HH,ALL_DCH,MT,2009,88.38,,
ESTAT:ISOC_CI_IN_H(1.0),25/06/26 23:00:00,A,PC_HH,ALL_DCH,MT,2010,94.56,,
ESTAT:ISOC_CI_IN_H(1.0),25/06/26 23:00:00,A,PC_HH,ALL_DCH,MT,2011,91.64,,
ESTAT:ISOC_CI_IN_H(1.0),25/06/26 23:00:00,A,PC_HH,ALL_DCH,MT,2012,93.92,,
ESTAT:ISOC_CI_IN_H(1.0),25/06/26 23:00:00,A,PC_HH,ALL_DCH,MT,2013,94.44,,
ESTAT:ISOC_CI_IN_H(1.0),25/06/26 23:00:00,A,PC_HH,ALL_DCH,MT,2014,98.26,,
ESTAT:ISOC_CI_IN_H(1.0),25/06/26 23:00:00,A,PC_HH,ALL_DCH,MT,2015,95.49,,
ESTAT:ISOC_CI_IN_H(1.0),25/06/26 23:00:00,A,PC_HH,ALL_DCH,MT,2016,98.25,,
ESTAT:ISOC_CI_IN_H(1.0),25/06/26 23:00:00,A,PC_HH,ALL_DCH,MT,2017,98.62,,
ESTAT:ISOC_CI_IN_H(1.0),25/06/26 23:00:00,A,PC_HH,ALL_DCH,MT,2018,98.76,,
ESTAT:ISOC_CI_IN_H(1.0),25/06/26 23:00:00,A,PC_HH,ALL_DCH,MT,2019,96.94,,
ESTAT:ISOC_CI_IN_H(1.0),25/06/26 23:00:00,A,PC_HH,ALL_DCH,MT,2020,97.95,,
ESTAT:ISOC_CI_IN_H(1.0),25/06/26 23:00:00,A,PC_HH,ALL_DCH,MT,2021,98.81,,
ESTAT:ISOC_CI_IN_H(1.0),25/06/26 23:00:00,A,PC_HH,ALL_DCH,MT,2022,100.00,,
ESTAT:ISOC_CI_IN_H(1.0),25/06/26 23:00:00,A,PC_HH,ALL_DCH,MT,2023,99.76,,
ESTAT:ISOC_CI_IN_H(1.0),25/06/26 23:00:00,A,PC_HH,ALL_DCH,MT,2024,99.83,,
ESTAT:ISOC_CI_IN_H(1.0),25/06/26 23:00:00,A,PC_HH,ALL_DCH,MT,2025,99.11,,
ESTAT:ISOC_CI_IN_H(1.0),25/06/26 23:00:00,A,PC_HH,ALL_DCH,NL,2005,91.45,,
ESTAT:ISOC_CI_IN_H(1.0),25/06/26 23:00:00,A,PC_HH,ALL_DCH,NL,2006,,u,
ESTAT:ISOC_CI_IN_H(1.0),25/06/26 23:00:00,A,PC_HH,ALL_DCH,NL,2007,96.36,,
ESTAT:ISOC_CI_IN_H(1.0),25/06/26 23:00:00,A,PC_HH,ALL_DCH,NL,2008,97.71,,
ESTAT:ISOC_CI_IN_H(1.0),25/06/26 23:00:00,A,PC_HH,ALL_DCH,NL,2009,98.99,,
ESTAT:ISOC_CI_IN_H(1.0),25/06/26 23:00:00,A,PC_HH,ALL_DCH,NL,2010,99.25,,
ESTAT:ISOC_CI_IN_H(1.0),25/06/26 23:00:00,A,PC_HH,ALL_DCH,NL,2011,99.94,,
ESTAT:ISOC_CI_IN_H(1.0),25/06/26 23:00:00,A,PC_HH,ALL_DCH,NL,2012,98.87,,
ESTAT:ISOC_CI_IN_H(1.0),25/06/26 23:00:00,A,PC_HH,ALL_DCH,NL,2013,99.80,,
ESTAT:ISOC_CI_IN_H(1.0),25/06/26 23:00:00,A,PC_HH,ALL_DCH,NL,2014,99.29,,
ESTAT:ISOC_CI_IN_H(1.0),25/06/26 23:00:00,A,PC_HH,ALL_DCH,NL,2015,98.58,,
ESTAT:ISOC_CI_IN_H(1.0),25/06/26 23:00:00,A,PC_HH,ALL_DCH,NL,2016,99.46,,
ESTAT:ISOC_CI_IN_H(1.0),25/06/26 23:00:00,A,PC_HH,ALL_DCH,NL,2017,99.98,,
ESTAT:ISOC_CI_IN_H(1.0),25/06/26 23:00:00,A,PC_HH,ALL_DCH,NL,2018,99.39,,
ESTAT:ISOC_CI_IN_H(1.0),25/06/26 23:00:00,A,PC_HH,ALL_DCH,NL,2019,99.84,,
ESTAT:ISOC_CI_IN_H(1.0),25/06/26 23:00:00,A,PC_HH,ALL_DCH,NL,2020,98.97,,
ESTAT:ISOC_CI_IN_H(1.0),25/06/26 23:00:00,A,PC_HH,ALL_DCH,NL,2021,99.43,,
ESTAT:ISOC_CI_IN_H(1.0),25/06/26 23:00:00,A,PC_HH,ALL_DCH,NL,2022,98.67,,
ESTAT:ISOC_CI_IN_H(1.0),25/06/26 23:00:00,A,PC_HH,ALL_DCH,NL,2023,99.26,,
ESTAT:ISOC_CI_IN_H(1.0),25/06/26 23:00:00,A,PC_HH,ALL_DCH,NL,2024,99.65,,
ESTAT:ISOC_CI_IN_H(1.0),25/06/26 23:00:00,A,PC_HH,ALL_DCH,NL,2025,99.74,,
ESTAT:ISOC_CI_IN_H(1.0),25/06/26 23:00:00,A,PC_HH,ALL_DCH,NO,2003,79.44,,
ESTAT:ISOC_CI_IN_H(1.0),25/06/26 23:00:00,A,PC_HH,ALL_DCH,NO,2004,84.05,,
ESTAT:ISOC_CI_IN_H(1.0),25/06/26 23:00:00,A,PC_HH,ALL_DCH,NO,2005,87.00,,
ESTAT:ISOC_CI_IN_H(1.0),25/06/26 23:00:00,A,PC_HH,ALL_DCH,NO,2006,90.94,,
ESTAT:ISOC_CI_IN_H(1.0),25/06/26 23:00:00,A,PC_HH,ALL_DCH,NO,2007,93.47,,
ESTAT:ISOC_CI_IN_H(1.0),25/06/26 23:00:00,A,PC_HH,ALL_DCH,NO,2008,97.83,,
ESTAT:ISOC_CI_IN_H(1.0),25/06/26 23:00:00,A,PC_HH,ALL_DCH,NO,2009,98.81,,
ESTAT:ISOC_CI_IN_H(1.0),25/06/26 23:00:00,A,PC_HH,ALL_DCH,NO,2010,98.50,,
ESTAT:ISOC_CI_IN_H(1.0),25/06/26 23:00:00,A,PC_HH,ALL_DCH,NO,2011,99.63,,
ESTAT:ISOC_CI_IN_H(1.0),25/06/26 23:00:00,A,PC_HH,ALL_DCH,NO,2012,99.82,,
ESTAT:ISOC_CI_IN_H(1.0),25/06/26 23:00:00,A,PC_HH,ALL_DCH,NO,2013,99.08,,
ESTAT:ISOC_CI_IN_H(1.0),25/06/26 23:00:00,A,PC_HH,ALL_DCH,NO,2014,99.44,,
ESTAT:ISOC_CI_IN_H(1.0),25/06/26 23:00:00,A,PC_HH,ALL_DCH,NO,2015,98.68,,
ESTAT:ISOC_CI_IN_H(1.0),25/06/26 23:00:00,A,PC_HH,ALL_DCH,NO,2016,99.81,,
ESTAT:ISOC_CI_IN_H(1.0),25/06/26 23:00:00,A,PC_HH,ALL_DCH,NO,2017,100.00,,
ESTAT:ISOC_CI_IN_H(1.0),25/06/26 23:00:00,A,PC_HH,ALL_DCH,NO,2018,99.70,,
ESTAT:ISOC_CI_IN_H(1.0),25/06/26 23:00:00,A,PC_HH,ALL_DCH,NO,2019,99.81,,
ESTAT:ISOC_CI_IN_H(1.0),25/06/26 23:00:00,A,PC_HH,ALL_DCH,NO,2020,100.00,,
ESTAT:ISOC_CI_IN_H(1.0),25/06/26 23:00:00,A,PC_HH,ALL_DCH,NO,2021,99.53,,
ESTAT:ISOC_CI_IN_H(1.0),25/06/26 23:00:00,A,PC_HH,ALL_DCH,NO,2022,100.00,,
ESTAT:ISOC_CI_IN_H(1.0),25/06/26 23:00:00,A,PC_HH,ALL_DCH,NO,2023,99.01,,
ESTAT:ISOC_CI_IN_H(1.0),25/06/26 23:00:00,A,PC_HH,ALL_DCH,NO,2024,98.53,,
ESTAT:ISOC_CI_IN_H(1.0),25/06/26 23:00:00,A,PC_HH,ALL_DCH,NO,2025,99.19,,
ESTAT:ISOC_CI_IN_H(1.0),25/06/26 23:00:00,A,PC_HH,ALL_DCH,PL,2004,34.09,,
ESTAT:ISOC_CI_IN_H(1.0),25/06/26 23:00:00,A,PC_HH,ALL_DCH,PL,2005,38.21,,
ESTAT:ISOC_CI_IN_H(1.0),25/06/26 23:00:00,A,PC_HH,ALL_DCH,PL,2006,47.35,,
ESTAT:ISOC_CI_IN_H(1.0),25/06/26 23:00:00,A,PC_HH,ALL_DCH,PL,2007,,u,
ESTAT:ISOC_CI_IN_H(1.0),25/06/26 23:00:00,A,PC_HH,ALL_DCH,PL,2008,61.43,,
ESTAT:ISOC_CI_IN_H(1.0),25/06/26 23:00:00,A,PC_HH,ALL_DCH,PL,2009,75.33,,
ESTAT:ISOC_CI_IN_H(1.0),25/06/26 23:00:00,A,PC_HH,ALL_DCH,PL,2010,82.90,,
ESTAT:ISOC_CI_IN_H(1.0),25/06/26 23:00:00,A,PC_HH,ALL_DCH,PL,2011,88.31,,
ESTAT:ISOC_CI_IN_H(1.0),25/06/26 23:00:00,A,PC_HH,ALL_DCH,PL,2012,91.53,,
ESTAT:ISOC_CI_IN_H(1.0),25/06/26 23:00:00,A,PC_HH,ALL_DCH,PL,2013,93.07,,
ESTAT:ISOC_CI_IN_H(1.0),25/06/26 23:00:00,A,PC_HH,ALL_DCH,PL,2014,94.00,,
ESTAT:ISOC_CI_IN_H(1.0),25/06/26 23:00:00,A,PC_HH,ALL_DCH,PL,2015,94.98,,
ESTAT:ISOC_CI_IN_H(1.0),25/06/26 23:00:00,A,PC_HH,ALL_DCH,PL,2016,97.74,,
ESTAT:ISOC_CI_IN_H(1.0),25/06/26 23:00:00,A,PC_HH,ALL_DCH,PL,2017,98.79,,
ESTAT:ISOC_CI_IN_H(1.0),25/06/26 23:00:00,A,PC_HH,ALL_DCH,PL,2018,99.19,,
ESTAT:ISOC_CI_IN_H(1.0),25/06/26 23:00:00,A,PC_HH,ALL_DCH,PL,2019,99.34,,
ESTAT:ISOC_CI_IN_H(1.0),25/06/26 23:00:00,A,PC_HH,ALL_DCH,PL,2020,99.51,,
ESTAT:ISOC_CI_IN_H(1.0),25/06/26 23:00:00,A,PC_HH,ALL_DCH,PL,2021,99.68,,
ESTAT:ISOC_CI_IN_H(1.0),25/06/26 23:00:00,A,PC_HH,ALL_DCH,PL,2022,99.92,,
ESTAT:ISOC_CI_IN_H(1.0),25/06/26 23:00:00,A,PC_HH,ALL_DCH,PL,2023,99.78,,
ESTAT:ISOC_CI_IN_H(1.0),25/06/26 23:00:00,A,PC_HH,ALL_DCH,PL,2024,99.95,,
ESTAT:ISOC_CI_IN_H(1.0),25/06/26 23:00:00,A,PC_HH,ALL_DCH,PL,2025,100.00,,
ESTAT:ISOC_CI_IN_H(1.0),25/06/26 23:00:00,A,PC_HH,ALL_DCH,PT,2003,31.06,,
ESTAT:ISOC_CI_IN_H(1.0),25/06/26 23:00:00,A,PC_HH,ALL_DCH,PT,2004,38.53,,
ESTAT:ISOC_CI_IN_H(1.0),25/06/26 23:00:00,A,PC_HH,ALL_DCH,PT,2005,43.78,,
ESTAT:ISOC_CI_IN_H(1.0),25/06/26 23:00:00,A,PC_HH,ALL_DCH,PT,2006,46.55,,
ESTAT:ISOC_CI_IN_H(1.0),25/06/26 23:00:00,A,PC_HH,ALL_DCH,PT,2007,54.17,,
ESTAT:ISOC_CI_IN_H(1.0),25/06/26 23:00:00,A,PC_HH,ALL_DCH,PT,2008,66.80,,
ESTAT:ISOC_CI_IN_H(1.0),25/06/26 23:00:00,A,PC_HH,ALL_DCH,PT,2009,72.26,,
ESTAT:ISOC_CI_IN_H(1.0),25/06/26 23:00:00,A,PC_HH,ALL_DCH,PT,2010,80.26,,
ESTAT:ISOC_CI_IN_H(1.0),25/06/26 23:00:00,A,PC_HH,ALL_DCH,PT,2011,82.98,,
ESTAT:ISOC_CI_IN_H(1.0),25/06/26 23:00:00,A,PC_HH,ALL_DCH,PT,2012,85.13,,
ESTAT:ISOC_CI_IN_H(1.0),25/06/26 23:00:00,A,PC_HH,ALL_DCH,PT,2013,85.86,,
ESTAT:ISOC_CI_IN_H(1.0),25/06/26 23:00:00,A,PC_HH,ALL_DCH,PT,2014,88.02,,
ESTAT:ISOC_CI_IN_H(1.0),25/06/26 23:00:00,A,PC_HH,ALL_DCH,PT,2015,91.88,,
ESTAT:ISOC_CI_IN_H(1.0),25/06/26 23:00:00,A,PC_HH,ALL_DCH,PT,2016,95.53,,
ESTAT:ISOC_CI_IN_H(1.0),25/06/26 23:00:00,A,PC_HH,ALL_DCH,PT,2017,96.49,,
ESTAT:ISOC_CI_IN_H(1.0),25/06/26 23:00:00,A,PC_HH,ALL_DCH,PT,2018,96.24,,
ESTAT:ISOC_CI_IN_H(1.0),25/06/26 23:00:00,A,PC_HH,ALL_DCH,PT,2019,96.32,,
ESTAT:ISOC_CI_IN_H(1.0),25/06/26 23:00:00,A,PC_HH,ALL_DCH,PT,2020,98.24,,
ESTAT:ISOC_CI_IN_H(1.0),25/06/26 23:00:00,A,PC_HH,ALL_DCH,PT,2021,98.22,,
ESTAT:ISOC_CI_IN_H(1.0),25/06/26 23:00:00,A,PC_HH,ALL_DCH,PT,2022,99.23,,
ESTAT:ISOC_CI_IN_H(1.0),25/06/26 23:00:00,A,PC_HH,ALL_DCH,PT,2023,98.46,,
ESTAT:ISOC_CI_IN_H(1.0),25/06/26 23:00:00,A,PC_HH,ALL_DCH,PT,2024,99.06,,
ESTAT:ISOC_CI_IN_H(1.0),25/06/26 23:00:00,A,PC_HH,ALL_DCH,PT,2025,99.01,,
ESTAT:ISOC_CI_IN_H(1.0),25/06/26 23:00:00,A,PC_HH,ALL_DCH,RO,2006,17.16,,
ESTAT:ISOC_CI_IN_H(1.0),25/06/26 23:00:00,A,PC_HH,ALL_DCH,RO,2007,25.54,,
ESTAT:ISOC_CI_IN_H(1.0),25/06/26 23:00:00,A,PC_HH,ALL_DCH,RO,2008,35.30,,
ESTAT:ISOC_CI_IN_H(1.0),25/06/26 23:00:00,A,PC_HH,ALL_DCH,RO,2009,45.97,,
ESTAT:ISOC_CI_IN_H(1.0),25/06/26 23:00:00,A,PC_HH,ALL_DCH,RO,2010,50.45,,
ESTAT:ISOC_CI_IN_H(1.0),25/06/26 23:00:00,A,PC_HH,ALL_DCH,RO,2011,58.53,,
ESTAT:ISOC_CI_IN_H(1.0),25/06/26 23:00:00,A,PC_HH,ALL_DCH,RO,2012,62.86,,
ESTAT:ISOC_CI_IN_H(1.0),25/06/26 23:00:00,A,PC_HH,ALL_DCH,RO,2013,67.41,,
ESTAT:ISOC_CI_IN_H(1.0),25/06/26 23:00:00,A,PC_HH,ALL_DCH,RO,2014,74.61,b,
ESTAT:ISOC_CI_IN_H(1.0),25/06/26 23:00:00,A,PC_HH,ALL_DCH,RO,2015,79.69,,
ESTAT:ISOC_CI_IN_H(1.0),25/06/26 23:00:00,A,PC_HH,ALL_DCH,RO,2016,85.23,,
ESTAT:ISOC_CI_IN_H(1.0),25/06/26 23:00:00,A,PC_HH,ALL_DCH,RO,2017,90.65,,
ESTAT:ISOC_CI_IN_H(1.0),25/06/26 23:00:00,A,PC_HH,ALL_DCH,RO,2018,92.37,,
ESTAT:ISOC_CI_IN_H(1.0),25/06/26 23:00:00,A,PC_HH,ALL_DCH,RO,2019,94.42,,
ESTAT:ISOC_CI_IN_H(1.0),25/06/26 23:00:00,A,PC_HH,ALL_DCH,RO,2020,96.26,,
ESTAT:ISOC_CI_IN_H(1.0),25/06/26 23:00:00,A,PC_HH,ALL_DCH,RO,2021,98.60,,
ESTAT:ISOC_CI_IN_H(1.0),25/06/26 23:00:00,A,PC_HH,ALL_DCH,RO,2022,97.23,,
ESTAT:ISOC_CI_IN_H(1.0),25/06/26 23:00:00,A,PC_HH,ALL_DCH,RO,2023,98.81,,
ESTAT:ISOC_CI_IN_H(1.0),25/06/26 23:00:00,A,PC_HH,ALL_DCH,RO,2024,98.87,,
ESTAT:ISOC_CI_IN_H(1.0),25/06/26 23:00:00,A,PC_HH,ALL_DCH,RO,2025,98.88,,
ESTAT:ISOC_CI_IN_H(1.0),25/06/26 23:00:00,A,PC_HH,ALL_DCH,RS,2015,88.44,,
ESTAT:ISOC_CI_IN_H(1.0),25/06/26 23:00:00,A,PC_HH,ALL_DCH,RS,2017,91.61,,
ESTAT:ISOC_CI_IN_H(1.0),25/06/26 23:00:00,A,PC_HH,ALL_DCH,RS,2018,88.64,,
ESTAT:ISOC_CI_IN_H(1.0),25/06/26 23:00:00,A,PC_HH,ALL_DCH,RS,2019,95.31,,
ESTAT:ISOC_CI_IN_H(1.0),25/06/26 23:00:00,A,PC_HH,ALL_DCH,RS,2020,95.64,,
ESTAT:ISOC_CI_IN_H(1.0),25/06/26 23:00:00,A,PC_HH,ALL_DCH,RS,2021,95.13,,
ESTAT:ISOC_CI_IN_H(1.0),25/06/26 23:00:00,A,PC_HH,ALL_DCH,RS,2022,98.46,,
ESTAT:ISOC_CI_IN_H(1.0),25/06/26 23:00:00,A,PC_HH,ALL_DCH,RS,2023,98.84,,
ESTAT:ISOC_CI_IN_H(1.0),25/06/26 23:00:00,A,PC_HH,ALL_DCH,RS,2024,97.81,,
ESTAT:ISOC_CI_IN_H(1.0),25/06/26 23:00:00,A,PC_HH,ALL_DCH,RS,2025,98.04,,
ESTAT:ISOC_CI_IN_H(1.0),25/06/26 23:00:00,A,PC_HH,ALL_DCH,SE,2005,88.76,,
ESTAT:ISOC_CI_IN_H(1.0),25/06/26 23:00:00,A,PC_HH,ALL_DCH,SE,2006,92.65,,
ESTAT:ISOC_CI_IN_H(1.0),25/06/26 23:00:00,A,PC_HH,ALL_DCH,SE,2007,92.48,,
ESTAT:ISOC_CI_IN_H(1.0),25/06/26 23:00:00,A,PC_HH,ALL_DCH,SE,2008,95.21,,
ESTAT:ISOC_CI_IN_H(1.0),25/06/26 23:00:00,A,PC_HH,ALL_DCH,SE,2009,96.85,,
ESTAT:ISOC_CI_IN_H(1.0),25/06/26 23:00:00,A,PC_HH,ALL_DCH,SE,2010,97.72,,
ESTAT:ISOC_CI_IN_H(1.0),25/06/26 23:00:00,A,PC_HH,ALL_DCH,SE,2011,98.75,,
ESTAT:ISOC_CI_IN_H(1.0),25/06/26 23:00:00,A,PC_HH,ALL_DCH,SE,2012,99.51,,
ESTAT:ISOC_CI_IN_H(1.0),25/06/26 23:00:00,A,PC_HH,ALL_DCH,SE,2013,99.48,,
ESTAT:ISOC_CI_IN_H(1.0),25/06/26 23:00:00,A,PC_HH,ALL_DCH,SE,2014,98.30,,
ESTAT:ISOC_CI_IN_H(1.0),25/06/26 23:00:00,A,PC_HH,ALL_DCH,SE,2015,97.90,,
ESTAT:ISOC_CI_IN_H(1.0),25/06/26 23:00:00,A,PC_HH,ALL_DCH,SE,2016,97.79,b,
ESTAT:ISOC_CI_IN_H(1.0),25/06/26 23:00:00,A,PC_HH,ALL_DCH,SE,2017,98.28,,
ESTAT:ISOC_CI_IN_H(1.0),25/06/26 23:00:00,A,PC_HH,ALL_DCH,SE,2018,98.18,,
ESTAT:ISOC_CI_IN_H(1.0),25/06/26 23:00:00,A,PC_HH,ALL_DCH,SE,2019,98.74,,
ESTAT:ISOC_CI_IN_H(1.0),25/06/26 23:00:00,A,PC_HH,ALL_DCH,SE,2020,98.64,,
ESTAT:ISOC_CI_IN_H(1.0),25/06/26 23:00:00,A,PC_HH,ALL_DCH,SE,2021,96.72,,
ESTAT:ISOC_CI_IN_H(1.0),25/06/26 23:00:00,A,PC_HH,ALL_DCH,SE,2022,98.27,,
ESTAT:ISOC_CI_IN_H(1.0),25/06/26 23:00:00,A,PC_HH,ALL_DCH,SE,2023,98.30,,
ESTAT:ISOC_CI_IN_H(1.0),25/06/26 23:00:00,A,PC_HH,ALL_DCH,SE,2024,97.00,,
ESTAT:ISOC_CI_IN_H(1.0),25/06/26 23:00:00,A,PC_HH,ALL_DCH,SE,2025,98.48,,
ESTAT:ISOC_CI_IN_H(1.0),25/06/26 23:00:00,A,PC_HH,ALL_DCH,SI,2004,,u,
ESTAT:ISOC_CI_IN_H(1.0),25/06/26 23:00:00,A,PC_HH,ALL_DCH,SI,2005,,u,
ESTAT:ISOC_CI_IN_H(1.0),25/06/26 23:00:00,A,PC_HH,ALL_DCH,SI,2006,75.32,,
ESTAT:ISOC_CI_IN_H(1.0),25/06/26 23:00:00,A,PC_HH,ALL_DCH,SI,2007,76.59,,
ESTAT:ISOC_CI_IN_H(1.0),25/06/26 23:00:00,A,PC_HH,ALL_DCH,SI,2008,84.83,,
ESTAT:ISOC_CI_IN_H(1.0),25/06/26 23:00:00,A,PC_HH,ALL_DCH,SI,2009,85.27,,
ESTAT:ISOC_CI_IN_H(1.0),25/06/26 23:00:00,A,PC_HH,ALL_DCH,SI,2010,92.08,,
ESTAT:ISOC_CI_IN_H(1.0),25/06/26 23:00:00,A,PC_HH,ALL_DCH,SI,2011,93.24,,
ESTAT:ISOC_CI_IN_H(1.0),25/06/26 23:00:00,A,PC_HH,ALL_DCH,SI,2012,95.00,,
ESTAT:ISOC_CI_IN_H(1.0),25/06/26 23:00:00,A,PC_HH,ALL_DCH,SI,2013,95.76,,
ESTAT:ISOC_CI_IN_H(1.0),25/06/26 23:00:00,A,PC_HH,ALL_DCH,SI,2014,96.71,,
ESTAT:ISOC_CI_IN_H(1.0),25/06/26 23:00:00,A,PC_HH,ALL_DCH,SI,2015,97.22,,
ESTAT:ISOC_CI_IN_H(1.0),25/06/26 23:00:00,A,PC_HH,ALL_DCH,SI,2016,96.98,,
ESTAT:ISOC_CI_IN_H(1.0),25/06/26 23:00:00,A,PC_HH,ALL_DCH,SI,2017,98.48,,
ESTAT:ISOC_CI_IN_H(1.0),25/06/26 23:00:00,A,PC_HH,ALL_DCH,SI,2018,98.55,,
ESTAT:ISOC_CI_IN_H(1.0),25/06/26 23:00:00,A,PC_HH,ALL_DCH,SI,2019,98.25,,
ESTAT:ISOC_CI_IN_H(1.0),25/06/26 23:00:00,A,PC_HH,ALL_DCH,SI,2020,98.84,,
ESTAT:ISOC_CI_IN_H(1.0),25/06/26 23:00:00,A,PC_HH,ALL_DCH,SI,2021,98.26,,
ESTAT:ISOC_CI_IN_H(1.0),25/06/26 23:00:00,A,PC_HH,ALL_DCH,SI,2022,99.74,,
ESTAT:ISOC_CI_IN_H(1.0),25/06/26 23:00:00,A,PC_HH,ALL_DCH,SI,2023,99.59,,
ESTAT:ISOC_CI_IN_H(1.0),25/06/26 23:00:00,A,PC_HH,ALL_DCH,SI,2024,100.00,,
ESTAT:ISOC_CI_IN_H(1.0),25/06/26 23:00:00,A,PC_HH,ALL_DCH,SI,2025,99.93,,
ESTAT:ISOC_CI_IN_H(1.0),25/06/26 23:00:00,A,PC_HH,ALL_DCH,SK,2004,29.21,,
ESTAT:ISOC_CI_IN_H(1.0),25/06/26 23:00:00,A,PC_HH,ALL_DCH,SK,2005,31.62,,
ESTAT:ISOC_CI_IN_H(1.0),25/06/26 23:00:00,A,PC_HH,ALL_DCH,SK,2006,33.79,,
ESTAT:ISOC_CI_IN_H(1.0),25/06/26 23:00:00,A,PC_HH,ALL_DCH,SK,2007,60.62,,
ESTAT:ISOC_CI_IN_H(1.0),25/06/26 23:00:00,A,PC_HH,ALL_DCH,SK,2008,74.84,,
ESTAT:ISOC_CI_IN_H(1.0),25/06/26 23:00:00,A,PC_HH,ALL_DCH,SK,2009,80.90,,
ESTAT:ISOC_CI_IN_H(1.0),25/06/26 23:00:00,A,PC_HH,ALL_DCH,SK,2010,85.79,,
ESTAT:ISOC_CI_IN_H(1.0),25/06/26 23:00:00,A,PC_HH,ALL_DCH,SK,2011,88.34,,
ESTAT:ISOC_CI_IN_H(1.0),25/06/26 23:00:00,A,PC_HH,ALL_DCH,SK,2012,92.33,,
ESTAT:ISOC_CI_IN_H(1.0),25/06/26 23:00:00,A,PC_HH,ALL_DCH,SK,2013,93.89,,
ESTAT:ISOC_CI_IN_H(1.0),25/06/26 23:00:00,A,PC_HH,ALL_DCH,SK,2014,96.11,,
ESTAT:ISOC_CI_IN_H(1.0),25/06/26 23:00:00,A,PC_HH,ALL_DCH,SK,2015,95.88,,
ESTAT:ISOC_CI_IN_H(1.0),25/06/26 23:00:00,A,PC_HH,ALL_DCH,SK,2016,95.82,,
ESTAT:ISOC_CI_IN_H(1.0),25/06/26 23:00:00,A,PC_HH,ALL_DCH,SK,2017,96.98,,
ESTAT:ISOC_CI_IN_H(1.0),25/06/26 23:00:00,A,PC_HH,ALL_DCH,SK,2018,94.56,,
ESTAT:ISOC_CI_IN_H(1.0),25/06/26 23:00:00,A,PC_HH,ALL_DCH,SK,2019,96.25,,
ESTAT:ISOC_CI_IN_H(1.0),25/06/26 23:00:00,A,PC_HH,ALL_DCH,SK,2020,91.53,,
ESTAT:ISOC_CI_IN_H(1.0),25/06/26 23:00:00,A,PC_HH,ALL_DCH,SK,2021,97.17,,
ESTAT:ISOC_CI_IN_H(1.0),25/06/26 23:00:00,A,PC_HH,ALL_DCH,SK,2022,98.95,,
ESTAT:ISOC_CI_IN_H(1.0),25/06/26 23:00:00,A,PC_HH,ALL_DCH,SK,2023,98.43,,
ESTAT:ISOC_CI_IN_H(1.0),25/06/26 23:00:00,A,PC_HH,ALL_DCH,SK,2024,98.67,,
ESTAT:ISOC_CI_IN_H(1.0),25/06/26 23:00:00,A,PC_HH,ALL_DCH,SK,2025,98.66,,
ESTAT:ISOC_CI_IN_H(1.0),25/06/26 23:00:00,A,PC_HH,ALL_DCH,TR,2004,7.45,,
ESTAT:ISOC_CI_IN_H(1.0),25/06/26 23:00:00,A,PC_HH,ALL_DCH,TR,2007,19.88,,
ESTAT:ISOC_CI_IN_H(1.0),25/06/26 23:00:00,A,PC_HH,ALL_DCH,TR,2008,25.13,,
ESTAT:ISOC_CI_IN_H(1.0),25/06/26 23:00:00,A,PC_HH,ALL_DCH,TR,2009,30.22,,
ESTAT:ISOC_CI_IN_H(1.0),25/06/26 23:00:00,A,PC_HH,ALL_DCH,TR,2010,42.50,,
ESTAT:ISOC_CI_IN_H(1.0),25/06/26 23:00:00,A,PC_HH,ALL_DCH,TR,2012,48.39,,
ESTAT:ISOC_CI_IN_H(1.0),25/06/26 23:00:00,A,PC_HH,ALL_DCH,TR,2013,51.73,,
ESTAT:ISOC_CI_IN_H(1.0),25/06/26 23:00:00,A,PC_HH,ALL_DCH,TR,2020,97.64,,
ESTAT:ISOC_CI_IN_H(1.0),25/06/26 23:00:00,A,PC_HH,ALL_DCH,TR,2021,99.02,,
ESTAT:ISOC_CI_IN_H(1.0),25/06/26 23:00:00,A,PC_HH,ALL_DCH,TR,2022,99.32,,
ESTAT:ISOC_CI_IN_H(1.0),25/06/26 23:00:00,A,PC_HH,ALL_DCH,TR,2023,99.68,,
ESTAT:ISOC_CI_IN_H(1.0),25/06/26 23:00:00,A,PC_HH,ALL_DCH,TR,2024,99.78,,
ESTAT:ISOC_CI_IN_H(1.0),25/06/26 23:00:00,A,PC_HH,ALL_DCH,TR,2025,99.83,,
ESTAT:ISOC_CI_IN_H(1.0),25/06/26 23:00:00,A,PC_HH,ALL_DCH,UK,2002,63.12,,
ESTAT:ISOC_CI_IN_H(1.0),25/06/26 23:00:00,A,PC_HH,ALL_DCH,UK,2003,68.13,,
ESTAT:ISOC_CI_IN_H(1.0),25/06/26 23:00:00,A,PC_HH,ALL_DCH,UK,2004,71.21,,
ESTAT:ISOC_CI_IN_H(1.0),25/06/26 23:00:00,A,PC_HH,ALL_DCH,UK,2005,72.98,,
ESTAT:ISOC_CI_IN_H(1.0),25/06/26 23:00:00,A,PC_HH,ALL_DCH,UK,2006,76.68,,
ESTAT:ISOC_CI_IN_H(1.0),25/06/26 23:00:00,A,PC_HH,ALL_DCH,UK,2007,75.95,,
ESTAT:ISOC_CI_IN_H(1.0),25/06/26 23:00:00,A,PC_HH,ALL_DCH,UK,2008,82.28,,
ESTAT:ISOC_CI_IN_H(1.0),25/06/26 23:00:00,A,PC_HH,ALL_DCH,UK,2009,89.77,,
ESTAT:ISOC_CI_IN_H(1.0),25/06/26 23:00:00,A,PC_HH,ALL_DCH,UK,2010,91.11,,
ESTAT:ISOC_CI_IN_H(1.0),25/06/26 23:00:00,A,PC_HH,ALL_DCH,UK,2011,94.38,,
ESTAT:ISOC_CI_IN_H(1.0),25/06/26 23:00:00,A,PC_HH,ALL_DCH,UK,2012,95.26,,
ESTAT:ISOC_CI_IN_H(1.0),25/06/26 23:00:00,A,PC_HH,ALL_DCH,UK,2013,89.46,,
ESTAT:ISOC_CI_IN_H(1.0),25/06/26 23:00:00,A,PC_HH,ALL_DCH,UK,2014,96.64,,
ESTAT:ISOC_CI_IN_H(1.0),25/06/26 23:00:00,A,PC_HH,ALL_DCH,UK,2015,97.72,,
ESTAT:ISOC_CI_IN_H(1.0),25/06/26 23:00:00,A,PC_HH,ALL_DCH,UK,2016,99.12,,
ESTAT:ISOC_CI_IN_H(1.0),25/06/26 23:00:00,A,PC_HH,ALL_DCH,UK,2017,98.43,,
ESTAT:ISOC_CI_IN_H(1.0),25/06/26 23:00:00,A,PC_HH,ALL_DCH,UK,2018,99.79,,
ESTAT:ISOC_CI_IN_H(1.0),25/06/26 23:00:00,A,PC_HH,ALL_DCH,UK,2019,99.73,,
ESTAT:ISOC_CI_IN_H(1.0),25/06/26 23:00:00,A,PC_HH,ALL_DCH,UK,2020,99.90,,
ESTAT:ISOC_CI_IN_H(1.0),25/06/26 23:00:00,A,PC_HH,ALL_DCH,XK,2017,89.79,,
ESTAT:ISOC_CI_IN_H(1.0),25/06/26 23:00:00,A,PC_HH,ALL_DCH,XK,2018,94.00,,
ESTAT:ISOC_CI_IN_H(1.0),25/06/26 23:00:00,A,PC_HH,ALL_DCH,XK,2019,93.92,,
ESTAT:ISOC_CI_IN_H(1.0),25/06/26 23:00:00,A,PC_HH,ALL_DCH,XK,2020,97.67,,
ESTAT:ISOC_CI_IN_H(1.0),25/06/26 23:00:00,A,PC_HH,ALL_DCH,XK,2024,99.66,,
ESTAT:ISOC_CI_IN_H(1.0),25/06/26 23:00:00,A,PC_HH,ALL_DCH,XK,2025,99.60,,
ESTAT:ISOC_CI_IN_H(1.0),25/06/26 23:00:00,A,PC_HH,ALL_NDCH,AL,2018,79.88,,
ESTAT:ISOC_CI_IN_H(1.0),25/06/26 23:00:00,A,PC_HH,ALL_NDCH,AL,2020,83.33,,
ESTAT:ISOC_CI_IN_H(1.0),25/06/26 23:00:00,A,PC_HH,ALL_NDCH,AL,2021,88.03,,
ESTAT:ISOC_CI_IN_H(1.0),25/06/26 23:00:00,A,PC_HH,ALL_NDCH,AL,2022,97.34,,
ESTAT:ISOC_CI_IN_H(1.0),25/06/26 23:00:00,A,PC_HH,ALL_NDCH,AL,2023,96.25,,
ESTAT:ISOC_CI_IN_H(1.0),25/06/26 23:00:00,A,PC_HH,ALL_NDCH,AL,2024,97.25,,
ESTAT:ISOC_CI_IN_H(1.0),25/06/26 23:00:00,A,PC_HH,ALL_NDCH,AL,2025,98.85,,
ESTAT:ISOC_CI_IN_H(1.0),25/06/26 23:00:00,A,PC_HH,ALL_NDCH,AT,2002,26.21,,
ESTAT:ISOC_CI_IN_H(1.0),25/06/26 23:00:00,A,PC_HH,ALL_NDCH,AT,2003,32.50,,
ESTAT:ISOC_CI_IN_H(1.0),25/06/26 23:00:00,A,PC_HH,ALL_NDCH,AT,2004,38.10,,
ESTAT:ISOC_CI_IN_H(1.0),25/06/26 23:00:00,A,PC_HH,ALL_NDCH,AT,2005,40.15,,
ESTAT:ISOC_CI_IN_H(1.0),25/06/26 23:00:00,A,PC_HH,ALL_NDCH,AT,2006,46.38,,
ESTAT:ISOC_CI_IN_H(1.0),25/06/26 23:00:00,A,PC_HH,ALL_NDCH,AT,2007,53.17,,
ESTAT:ISOC_CI_IN_H(1.0),25/06/26 23:00:00,A,PC_HH,ALL_NDCH,AT,2008,63.43,,
ESTAT:ISOC_CI_IN_H(1.0),25/06/26 23:00:00,A,PC_HH,ALL_NDCH,AT,2009,62.36,,
ESTAT:ISOC_CI_IN_H(1.0),25/06/26 23:00:00,A,PC_HH,ALL_NDCH,AT,2010,65.82,,
ESTAT:ISOC_CI_IN_H(1.0),25/06/26 23:00:00,A,PC_HH,ALL_NDCH,AT,2011,69.13,,
ESTAT:ISOC_CI_IN_H(1.0),25/06/26 23:00:00,A,PC_HH,ALL_NDCH,AT,2012,73.92,,
ESTAT:ISOC_CI_IN_H(1.0),25/06/26 23:00:00,A,PC_HH,ALL_NDCH,AT,2013,75.38,,
ESTAT:ISOC_CI_IN_H(1.0),25/06/26 23:00:00,A,PC_HH,ALL_NDCH,AT,2014,75.58,,
ESTAT:ISOC_CI_IN_H(1.0),25/06/26 23:00:00,A,PC_HH,ALL_NDCH,AT,2015,77.67,,
ESTAT:ISOC_CI_IN_H(1.0),25/06/26 23:00:00,A,PC_HH,ALL_NDCH,AT,2016,81.06,,
ESTAT:ISOC_CI_IN_H(1.0),25/06/26 23:00:00,A,PC_HH,ALL_NDCH,AT,2017,85.69,,
ESTAT:ISOC_CI_IN_H(1.0),25/06/26 23:00:00,A,PC_HH,ALL_NDCH,AT,2018,85.47,,
ESTAT:ISOC_CI_IN_H(1.0),25/06/26 23:00:00,A,PC_HH,ALL_NDCH,AT,2019,87.23,,
ESTAT:ISOC_CI_IN_H(1.0),25/06/26 23:00:00,A,PC_HH,ALL_NDCH,AT,2020,88.02,,
ESTAT:ISOC_CI_IN_H(1.0),25/06/26 23:00:00,A,PC_HH,ALL_NDCH,AT,2021,93.45,,
ESTAT:ISOC_CI_IN_H(1.0),25/06/26 23:00:00,A,PC_HH,ALL_NDCH,AT,2022,91.00,,
ESTAT:ISOC_CI_IN_H(1.0),25/06/26 23:00:00,A,PC_HH,ALL_NDCH,AT,2023,93.24,,
ESTAT:ISOC_CI_IN_H(1.0),25/06/26 23:00:00,A,PC_HH,ALL_NDCH,AT,2024,93.40,,
ESTAT:ISOC_CI_IN_H(1.0),25/06/26 23:00:00,A,PC_HH,ALL_NDCH,AT,2025,93.93,,
ESTAT:ISOC_CI_IN_H(1.0),25/06/26 23:00:00,A,PC_HH,ALL_NDCH,BA,2018,61.30,,
ESTAT:ISOC_CI_IN_H(1.0),25/06/26 23:00:00,A,PC_HH,ALL_NDCH,BA,2019,68.10,,
ESTAT:ISOC_CI_IN_H(1.0),25/06/26 23:00:00,A,PC_HH,ALL_NDCH,BA,2020,65.52,,
ESTAT:ISOC_CI_IN_H(1.0),25/06/26 23:00:00,A,PC_HH,ALL_NDCH,BA,2021,67.13,,
ESTAT:ISOC_CI_IN_H(1.0),25/06/26 23:00:00,A,PC_HH,ALL_NDCH,BA,2023,75.17,,
ESTAT:ISOC_CI_IN_H(1.0),25/06/26 23:00:00,A,PC_HH,ALL_NDCH,BA,2024,76.93,,
ESTAT:ISOC_CI_IN_H(1.0),25/06/26 23:00:00,A,PC_HH,ALL_NDCH,BA,2025,83.22,,
ESTAT:ISOC_CI_IN_H(1.0),25/06/26 23:00:00,A,PC_HH,ALL_NDCH,BE,2005,42.78,,
ESTAT:ISOC_CI_IN_H(1.0),25/06/26 23:00:00,A,PC_HH,ALL_NDCH,BE,2006,47.05,,
ESTAT:ISOC_CI_IN_H(1.0),25/06/26 23:00:00,A,PC_HH,ALL_NDCH,BE,2007,53.43,,
ESTAT:ISOC_CI_IN_H(1.0),25/06/26 23:00:00,A,PC_HH,ALL_NDCH,BE,2008,57.19,,
ESTAT:ISOC_CI_IN_H(1.0),25/06/26 23:00:00,A,PC_HH,ALL_NDCH,BE,2009,61.09,,
ESTAT:ISOC_CI_IN_H(1.0),25/06/26 23:00:00,A,PC_HH,ALL_NDCH,BE,2010,66.55,,
ESTAT:ISOC_CI_IN_H(1.0),25/06/26 23:00:00,A,PC_HH,ALL_NDCH,BE,2011,70.89,,
ESTAT:ISOC_CI_IN_H(1.0),25/06/26 23:00:00,A,PC_HH,ALL_NDCH,BE,2012,72.00,,
ESTAT:ISOC_CI_IN_H(1.0),25/06/26 23:00:00,A,PC_HH,ALL_NDCH,BE,2013,75.11,,
ESTAT:ISOC_CI_IN_H(1.0),25/06/26 23:00:00,A,PC_HH,ALL_NDCH,BE,2014,78.42,,
ESTAT:ISOC_CI_IN_H(1.0),25/06/26 23:00:00,A,PC_HH,ALL_NDCH,BE,2015,76.96,,
ESTAT:ISOC_CI_IN_H(1.0),25/06/26 23:00:00,A,PC_HH,ALL_NDCH,BE,2016,80.97,,
ESTAT:ISOC_CI_IN_H(1.0),25/06/26 23:00:00,A,PC_HH,ALL_NDCH,BE,2017,82.07,,
ESTAT:ISOC_CI_IN_H(1.0),25/06/26 23:00:00,A,PC_HH,ALL_NDCH,BE,2018,83.59,,
ESTAT:ISOC_CI_IN_H(1.0),25/06/26 23:00:00,A,PC_HH,ALL_NDCH,BE,2019,86.59,,
ESTAT:ISOC_CI_IN_H(1.0),25/06/26 23:00:00,A,PC_HH,ALL_NDCH,BE,2020,88.27,,
ESTAT:ISOC_CI_IN_H(1.0),25/06/26 23:00:00,A,PC_HH,ALL_NDCH,BE,2021,89.82,,
ESTAT:ISOC_CI_IN_H(1.0),25/06/26 23:00:00,A,PC_HH,ALL_NDCH,BE,2022,92.93,,
ESTAT:ISOC_CI_IN_H(1.0),25/06/26 23:00:00,A,PC_HH,ALL_NDCH,BE,2023,93.00,,
ESTAT:ISOC_CI_IN_H(1.0),25/06/26 23:00:00,A,PC_HH,ALL_NDCH,BE,2024,93.04,,
ESTAT:ISOC_CI_IN_H(1.0),25/06/26 23:00:00,A,PC_HH,ALL_NDCH,BE,2025,93.10,,
ESTAT:ISOC_CI_IN_H(1.0),25/06/26 23:00:00,A,PC_HH,ALL_NDCH,BG,2004,7.98,,
ESTAT:ISOC_CI_IN_H(1.0),25/06/26 23:00:00,A,PC_HH,ALL_NDCH,BG,2007,16.19,,
ESTAT:ISOC_CI_IN_H(1.0),25/06/26 23:00:00,A,PC_HH,ALL_NDCH,BG,2008,21.14,,
ESTAT:ISOC_CI_IN_H(1.0),25/06/26 23:00:00,A,PC_HH,ALL_NDCH,BG,2009,24.99,,
ESTAT:ISOC_CI_IN_H(1.0),25/06/26 23:00:00,A,PC_HH,ALL_NDCH,BG,2010,28.71,,
ESTAT:ISOC_CI_IN_H(1.0),25/06/26 23:00:00,A,PC_HH,ALL_NDCH,BG,2011,40.05,,
ESTAT:ISOC_CI_IN_H(1.0),25/06/26 23:00:00,A,PC_HH,ALL_NDCH,BG,2012,43.47,,
ESTAT:ISOC_CI_IN_H(1.0),25/06/26 23:00:00,A,PC_HH,ALL_NDCH,BG,2013,47.51,,
ESTAT:ISOC_CI_IN_H(1.0),25/06/26 23:00:00,A,PC_HH,ALL_NDCH,BG,2014,49.21,,
ESTAT:ISOC_CI_IN_H(1.0),25/06/26 23:00:00,A,PC_HH,ALL_NDCH,BG,2015,51.78,,
ESTAT:ISOC_CI_IN_H(1.0),25/06/26 23:00:00,A,PC_HH,ALL_NDCH,BG,2016,57.52,,
ESTAT:ISOC_CI_IN_H(1.0),25/06/26 23:00:00,A,PC_HH,ALL_NDCH,BG,2017,61.96,,
ESTAT:ISOC_CI_IN_H(1.0),25/06/26 23:00:00,A,PC_HH,ALL_NDCH,BG,2018,66.40,,
ESTAT:ISOC_CI_IN_H(1.0),25/06/26 23:00:00,A,PC_HH,ALL_NDCH,BG,2019,70.05,,
ESTAT:ISOC_CI_IN_H(1.0),25/06/26 23:00:00,A,PC_HH,ALL_NDCH,BG,2020,75.55,,
ESTAT:ISOC_CI_IN_H(1.0),25/06/26 23:00:00,A,PC_HH,ALL_NDCH,BG,2021,79.25,,
ESTAT:ISOC_CI_IN_H(1.0),25/06/26 23:00:00,A,PC_HH,ALL_NDCH,BG,2022,84.39,,
ESTAT:ISOC_CI_IN_H(1.0),25/06/26 23:00:00,A,PC_HH,ALL_NDCH,BG,2023,87.05,,
ESTAT:ISOC_CI_IN_H(1.0),25/06/26 23:00:00,A,PC_HH,ALL_NDCH,BG,2024,89.85,,
ESTAT:ISOC_CI_IN_H(1.0),25/06/26 23:00:00,A,PC_HH,ALL_NDCH,BG,2025,91.95,,
ESTAT:ISOC_CI_IN_H(1.0),25/06/26 23:00:00,A,PC_HH,ALL_NDCH,CH,2014,88.02,,
ESTAT:ISOC_CI_IN_H(1.0),25/06/26 23:00:00,A,PC_HH,ALL_NDCH,CH,2017,91.59,b,
ESTAT:ISOC_CI_IN_H(1.0),25/06/26 23:00:00,A,PC_HH,ALL_NDCH,CH,2019,95.07,,
ESTAT:ISOC_CI_IN_H(1.0),25/06/26 23:00:00,A,PC_HH,ALL_NDCH,CH,2021,98.34,,
ESTAT:ISOC_CI_IN_H(1.0),25/06/26 23:00:00,A,PC_HH,ALL_NDCH,CH,2023,99.59,,
ESTAT:ISOC_CI_IN_H(1.0),25/06/26 23:00:00,A,PC_HH,ALL_NDCH,CH,2025,98.70,,
ESTAT:ISOC_CI_IN_H(1.0),25/06/26 23:00:00,A,PC_HH,ALL_NDCH,CY,2004,48.77,,
ESTAT:ISOC_CI_IN_H(1.0),25/06/26 23:00:00,A,PC_HH,ALL_NDCH,CY,2005,24.37,,
ESTAT:ISOC_CI_IN_H(1.0),25/06/26 23:00:00,A,PC_HH,ALL_NDCH,CY,2006,27.87,,
ESTAT:ISOC_CI_IN_H(1.0),25/06/26 23:00:00,A,PC_HH,ALL_NDCH,CY,2007,31.26,,
ESTAT:ISOC_CI_IN_H(1.0),25/06/26 23:00:00,A,PC_HH,ALL_NDCH,CY,2008,33.34,,
ESTAT:ISOC_CI_IN_H(1.0),25/06/26 23:00:00,A,PC_HH,ALL_NDCH,CY,2009,41.80,,
ESTAT:ISOC_CI_IN_H(1.0),25/06/26 23:00:00,A,PC_HH,ALL_NDCH,CY,2010,41.19,,
ESTAT:ISOC_CI_IN_H(1.0),25/06/26 23:00:00,A,PC_HH,ALL_NDCH,CY,2011,47.27,,
ESTAT:ISOC_CI_IN_H(1.0),25/06/26 23:00:00,A,PC_HH,ALL_NDCH,CY,2012,52.26,,
ESTAT:ISOC_CI_IN_H(1.0),25/06/26 23:00:00,A,PC_HH,ALL_NDCH,CY,2013,55.68,,
ESTAT:ISOC_CI_IN_H(1.0),25/06/26 23:00:00,A,PC_HH,ALL_NDCH,CY,2014,59.10,,
ESTAT:ISOC_CI_IN_H(1.0),25/06/26 23:00:00,A,PC_HH,ALL_NDCH,CY,2015,63.73,,
ESTAT:ISOC_CI_IN_H(1.0),25/06/26 23:00:00,A,PC_HH,ALL_NDCH,CY,2016,66.34,,
ESTAT:ISOC_CI_IN_H(1.0),25/06/26 23:00:00,A,PC_HH,ALL_NDCH,CY,2017,73.19,,
ESTAT:ISOC_CI_IN_H(1.0),25/06/26 23:00:00,A,PC_HH,ALL_NDCH,CY,2018,80.88,,
ESTAT:ISOC_CI_IN_H(1.0),25/06/26 23:00:00,A,PC_HH,ALL_NDCH,CY,2019,85.32,,
ESTAT:ISOC_CI_IN_H(1.0),25/06/26 23:00:00,A,PC_HH,ALL_NDCH,CY,2020,89.86,,
ESTAT:ISOC_CI_IN_H(1.0),25/06/26 23:00:00,A,PC_HH,ALL_NDCH,CY,2021,91.23,,
ESTAT:ISOC_CI_IN_H(1.0),25/06/26 23:00:00,A,PC_HH,ALL_NDCH,CY,2022,92.26,,
ESTAT:ISOC_CI_IN_H(1.0),25/06/26 23:00:00,A,PC_HH,ALL_NDCH,CY,2023,89.91,,
ESTAT:ISOC_CI_IN_H(1.0),25/06/26 23:00:00,A,PC_HH,ALL_NDCH,CY,2024,92.95,,
ESTAT:ISOC_CI_IN_H(1.0),25/06/26 23:00:00,A,PC_HH,ALL_NDCH,CY,2025,96.77,,
ESTAT:ISOC_CI_IN_H(1.0),25/06/26 23:00:00,A,PC_HH,ALL_NDCH,CZ,2004,11.27,,
ESTAT:ISOC_CI_IN_H(1.0),25/06/26 23:00:00,A,PC_HH,ALL_NDCH,CZ,2005,11.00,,
ESTAT:ISOC_CI_IN_H(1.0),25/06/26 23:00:00,A,PC_HH,ALL_NDCH,CZ,2006,18.64,,
ESTAT:ISOC_CI_IN_H(1.0),25/06/26 23:00:00,A,PC_HH,ALL_NDCH,CZ,2007,28.99,,
ESTAT:ISOC_CI_IN_H(1.0),25/06/26 23:00:00,A,PC_HH,ALL_NDCH,CZ,2008,39.35,,
ESTAT:ISOC_CI_IN_H(1.0),25/06/26 23:00:00,A,PC_HH,ALL_NDCH,CZ,2009,40.72,,
ESTAT:ISOC_CI_IN_H(1.0),25/06/26 23:00:00,A,PC_HH,ALL_NDCH,CZ,2010,52.58,,
ESTAT:ISOC_CI_IN_H(1.0),25/06/26 23:00:00,A,PC_HH,ALL_NDCH,CZ,2011,59.11,,
ESTAT:ISOC_CI_IN_H(1.0),25/06/26 23:00:00,A,PC_HH,ALL_NDCH,CZ,2012,65.07,,
ESTAT:ISOC_CI_IN_H(1.0),25/06/26 23:00:00,A,PC_HH,ALL_NDCH,CZ,2013,64.31,,
ESTAT:ISOC_CI_IN_H(1.0),25/06/26 23:00:00,A,PC_HH,ALL_NDCH,CZ,2014,71.88,,
ESTAT:ISOC_CI_IN_H(1.0),25/06/26 23:00:00,A,PC_HH,ALL_NDCH,CZ,2015,72.63,,
ESTAT:ISOC_CI_IN_H(1.0),25/06/26 23:00:00,A,PC_HH,ALL_NDCH,CZ,2016,75.85,,
ESTAT:ISOC_CI_IN_H(1.0),25/06/26 23:00:00,A,PC_HH,ALL_NDCH,CZ,2017,78.15,,
ESTAT:ISOC_CI_IN_H(1.0),25/06/26 23:00:00,A,PC_HH,ALL_NDCH,CZ,2018,81.29,,
ESTAT:ISOC_CI_IN_H(1.0),25/06/26 23:00:00,A,PC_HH,ALL_NDCH,CZ,2019,82.80,,
ESTAT:ISOC_CI_IN_H(1.0),25/06/26 23:00:00,A,PC_HH,ALL_NDCH,CZ,2020,83.67,,
ESTAT:ISOC_CI_IN_H(1.0),25/06/26 23:00:00,A,PC_HH,ALL_NDCH,CZ,2021,85.23,,
ESTAT:ISOC_CI_IN_H(1.0),25/06/26 23:00:00,A,PC_HH,ALL_NDCH,CZ,2022,88.18,,
ESTAT:ISOC_CI_IN_H(1.0),25/06/26 23:00:00,A,PC_HH,ALL_NDCH,CZ,2023,90.25,,
ESTAT:ISOC_CI_IN_H(1.0),25/06/26 23:00:00,A,PC_HH,ALL_NDCH,CZ,2024,92.49,,
ESTAT:ISOC_CI_IN_H(1.0),25/06/26 23:00:00,A,PC_HH,ALL_NDCH,CZ,2025,93.95,,
ESTAT:ISOC_CI_IN_H(1.0),25/06/26 23:00:00,A,PC_HH,ALL_NDCH,DE,2002,37.76,,
ESTAT:ISOC_CI_IN_H(1.0),25/06/26 23:00:00,A,PC_HH,ALL_NDCH,DE,2003,44.99,,
ESTAT:ISOC_CI_IN_H(1.0),25/06/26 23:00:00,A,PC_HH,ALL_NDCH,DE,2004,52.78,,
ESTAT:ISOC_CI_IN_H(1.0),25/06/26 23:00:00,A,PC_HH,ALL_NDCH,DE,2005,55.85,,
ESTAT:ISOC_CI_IN_H(1.0),25/06/26 23:00:00,A,PC_HH,ALL_NDCH,DE,2006,61.16,,
ESTAT:ISOC_CI_IN_H(1.0),25/06/26 23:00:00,A,PC_HH,ALL_NDCH,DE,2007,65.27,,
ESTAT:ISOC_CI_IN_H(1.0),25/06/26 23:00:00,A,PC_HH,ALL_NDCH,DE,2008,69.70,,
ESTAT:ISOC_CI_IN_H(1.0),25/06/26 23:00:00,A,PC_HH,ALL_NDCH,DE,2009,74.62,,
ESTAT:ISOC_CI_IN_H(1.0),25/06/26 23:00:00,A,PC_HH,ALL_NDCH,DE,2010,78.74,,
ESTAT:ISOC_CI_IN_H(1.0),25/06/26 23:00:00,A,PC_HH,ALL_NDCH,DE,2011,79.62,,
ESTAT:ISOC_CI_IN_H(1.0),25/06/26 23:00:00,A,PC_HH,ALL_NDCH,DE,2012,82.14,,
ESTAT:ISOC_CI_IN_H(1.0),25/06/26 23:00:00,A,PC_HH,ALL_NDCH,DE,2013,84.94,,
ESTAT:ISOC_CI_IN_H(1.0),25/06/26 23:00:00,A,PC_HH,ALL_NDCH,DE,2014,86.90,,
ESTAT:ISOC_CI_IN_H(1.0),25/06/26 23:00:00,A,PC_HH,ALL_NDCH,DE,2015,87.87,,
ESTAT:ISOC_CI_IN_H(1.0),25/06/26 23:00:00,A,PC_HH,ALL_NDCH,DE,2016,90.23,,
ESTAT:ISOC_CI_IN_H(1.0),25/06/26 23:00:00,A,PC_HH,ALL_NDCH,DE,2017,91.07,,
ESTAT:ISOC_CI_IN_H(1.0),25/06/26 23:00:00,A,PC_HH,ALL_NDCH,DE,2018,92.95,,
ESTAT:ISOC_CI_IN_H(1.0),25/06/26 23:00:00,A,PC_HH,ALL_NDCH,DE,2019,93.56,,
ESTAT:ISOC_CI_IN_H(1.0),25/06/26 23:00:00,A,PC_HH,ALL_NDCH,DE,2020,94.73,,
ESTAT:ISOC_CI_IN_H(1.0),25/06/26 23:00:00,A,PC_HH,ALL_NDCH,DE,2021,90.03,b,
ESTAT:ISOC_CI_IN_H(1.0),25/06/26 23:00:00,A,PC_HH,ALL_NDCH,DE,2022,89.68,,
ESTAT:ISOC_CI_IN_H(1.0),25/06/26 23:00:00,A,PC_HH,ALL_NDCH,DE,2023,89.93,,
ESTAT:ISOC_CI_IN_H(1.0),25/06/26 23:00:00,A,PC_HH,ALL_NDCH,DE,2024,91.15,,
ESTAT:ISOC_CI_IN_H(1.0),25/06/26 23:00:00,A,PC_HH,ALL_NDCH,DE,2025,92.46,,
ESTAT:ISOC_CI_IN_H(1.0),25/06/26 23:00:00,A,PC_HH,ALL_NDCH,DK,2007,72.85,,
ESTAT:ISOC_CI_IN_H(1.0),25/06/26 23:00:00,A,PC_HH,ALL_NDCH,DK,2008,76.42,,
ESTAT:ISOC_CI_IN_H(1.0),25/06/26 23:00:00,A,PC_HH,ALL_NDCH,DK,2009,78.32,,
ESTAT:ISOC_CI_IN_H(1.0),25/06/26 23:00:00,A,PC_HH,ALL_NDCH,DK,2010,82.71,,
ESTAT:ISOC_CI_IN_H(1.0),25/06/26 23:00:00,A,PC_HH,ALL_NDCH,DK,2011,87.80,,
ESTAT:ISOC_CI_IN_H(1.0),25/06/26 23:00:00,A,PC_HH,ALL_NDCH,DK,2012,89.62,,
ESTAT:ISOC_CI_IN_H(1.0),25/06/26 23:00:00,A,PC_HH,ALL_NDCH,DK,2013,90.35,,
ESTAT:ISOC_CI_IN_H(1.0),25/06/26 23:00:00,A,PC_HH,ALL_NDCH,DK,2014,91.65,,
ESTAT:ISOC_CI_IN_H(1.0),25/06/26 23:00:00,A,PC_HH,ALL_NDCH,DK,2015,89.89,,
ESTAT:ISOC_CI_IN_H(1.0),25/06/26 23:00:00,A,PC_HH,ALL_NDCH,DK,2016,93.14,,
ESTAT:ISOC_CI_IN_H(1.0),25/06/26 23:00:00,A,PC_HH,ALL_NDCH,DK,2017,96.11,,
ESTAT:ISOC_CI_IN_H(1.0),25/06/26 23:00:00,A,PC_HH,ALL_NDCH,DK,2018,91.28,,
ESTAT:ISOC_CI_IN_H(1.0),25/06/26 23:00:00,A,PC_HH,ALL_NDCH,DK,2019,94.55,,
ESTAT:ISOC_CI_IN_H(1.0),25/06/26 23:00:00,A,PC_HH,ALL_NDCH,DK,2020,94.34,,
ESTAT:ISOC_CI_IN_H(1.0),25/06/26 23:00:00,A,PC_HH,ALL_NDCH,DK,2021,95.30,,
ESTAT:ISOC_CI_IN_H(1.0),25/06/26 23:00:00,A,PC_HH,ALL_NDCH,DK,2022,94.35,,
ESTAT:ISOC_CI_IN_H(1.0),25/06/26 23:00:00,A,PC_HH,ALL_NDCH,DK,2023,95.34,,
ESTAT:ISOC_CI_IN_H(1.0),25/06/26 23:00:00,A,PC_HH,ALL_NDCH,DK,2024,96.30,,
ESTAT:ISOC_CI_IN_H(1.0),25/06/26 23:00:00,A,PC_HH,ALL_NDCH,DK,2025,96.80,,
ESTAT:ISOC_CI_IN_H(1.0),25/06/26 23:00:00,A,PC_HH,ALL_NDCH,EA,2005,45.15,,
ESTAT:ISOC_CI_IN_H(1.0),25/06/26 23:00:00,A,PC_HH,ALL_NDCH,EA,2006,45.53,,
ESTAT:ISOC_CI_IN_H(1.0),25/06/26 23:00:00,A,PC_HH,ALL_NDCH,EA,2007,51.40,,
ESTAT:ISOC_CI_IN_H(1.0),25/06/26 23:00:00,A,PC_HH,ALL_NDCH,EA,2008,56.14,,
ESTAT:ISOC_CI_IN_H(1.0),25/06/26 23:00:00,A,PC_HH,ALL_NDCH,EA,2009,61.03,,
ESTAT:ISOC_CI_IN_H(1.0),25/06/26 23:00:00,A,PC_HH,ALL_NDCH,EA,2010,65.60,,
ESTAT:ISOC_CI_IN_H(1.0),25/06/26 23:00:00,A,PC_HH,ALL_NDCH,EA,2011,67.96,,
ESTAT:ISOC_CI_IN_H(1.0),25/06/26 23:00:00,A,PC_HH,ALL_NDCH,EA,2012,71.17,,
ESTAT:ISOC_CI_IN_H(1.0),25/06/26 23:00:00,A,PC_HH,ALL_NDCH,EA,2013,74.38,,
ESTAT:ISOC_CI_IN_H(1.0),25/06/26 23:00:00,A,PC_HH,ALL_NDCH,EA,2014,76.95,,
ESTAT:ISOC_CI_IN_H(1.0),25/06/26 23:00:00,A,PC_HH,ALL_NDCH,EA,2015,78.57,,
ESTAT:ISOC_CI_IN_H(1.0),25/06/26 23:00:00,A,PC_HH,ALL_NDCH,EA,2016,81.67,,
ESTAT:ISOC_CI_IN_H(1.0),25/06/26 23:00:00,A,PC_HH,ALL_NDCH,EA,2017,83.49,,
ESTAT:ISOC_CI_IN_H(1.0),25/06/26 23:00:00,A,PC_HH,ALL_NDCH,EA,2018,86.02,,
ESTAT:ISOC_CI_IN_H(1.0),25/06/26 23:00:00,A,PC_HH,ALL_NDCH,EA,2019,87.93,,
ESTAT:ISOC_CI_IN_H(1.0),25/06/26 23:00:00,A,PC_HH,ALL_NDCH,EA,2020,89.85,e,
ESTAT:ISOC_CI_IN_H(1.0),25/06/26 23:00:00,A,PC_HH,ALL_NDCH,EA,2021,90.71,b,
ESTAT:ISOC_CI_IN_H(1.0),25/06/26 23:00:00,A,PC_HH,ALL_NDCH,EA,2022,90.75,,
ESTAT:ISOC_CI_IN_H(1.0),25/06/26 23:00:00,A,PC_HH,ALL_NDCH,EA,2023,91.34,,
ESTAT:ISOC_CI_IN_H(1.0),25/06/26 23:00:00,A,PC_HH,ALL_NDCH,EA,2024,92.46,,
ESTAT:ISOC_CI_IN_H(1.0),25/06/26 23:00:00,A,PC_HH,ALL_NDCH,EA,2025,93.29,,
ESTAT:ISOC_CI_IN_H(1.0),25/06/26 23:00:00,A,PC_HH,ALL_NDCH,EE,2004,16.79,,
ESTAT:ISOC_CI_IN_H(1.0),25/06/26 23:00:00,A,PC_HH,ALL_NDCH,EE,2005,30.77,,
ESTAT:ISOC_CI_IN_H(1.0),25/06/26 23:00:00,A,PC_HH,ALL_NDCH,EE,2006,35.91,,
ESTAT:ISOC_CI_IN_H(1.0),25/06/26 23:00:00,A,PC_HH,ALL_NDCH,EE,2007,42.64,,
ESTAT:ISOC_CI_IN_H(1.0),25/06/26 23:00:00,A,PC_HH,ALL_NDCH,EE,2008,46.35,,
ESTAT:ISOC_CI_IN_H(1.0),25/06/26 23:00:00,A,PC_HH,ALL_NDCH,EE,2009,50.75,,
ESTAT:ISOC_CI_IN_H(1.0),25/06/26 23:00:00,A,PC_HH,ALL_NDCH,EE,2010,57.55,,
ESTAT:ISOC_CI_IN_H(1.0),25/06/26 23:00:00,A,PC_HH,ALL_NDCH,EE,2011,61.01,,
ESTAT:ISOC_CI_IN_H(1.0),25/06/26 23:00:00,A,PC_HH,ALL_NDCH,EE,2012,65.86,,
ESTAT:ISOC_CI_IN_H(1.0),25/06/26 23:00:00,A,PC_HH,ALL_NDCH,EE,2013,72.33,,
ESTAT:ISOC_CI_IN_H(1.0),25/06/26 23:00:00,A,PC_HH,ALL_NDCH,EE,2014,77.66,b,
ESTAT:ISOC_CI_IN_H(1.0),25/06/26 23:00:00,A,PC_HH,ALL_NDCH,EE,2015,83.45,,
ESTAT:ISOC_CI_IN_H(1.0),25/06/26 23:00:00,A,PC_HH,ALL_NDCH,EE,2016,81.28,,
ESTAT:ISOC_CI_IN_H(1.0),25/06/26 23:00:00,A,PC_HH,ALL_NDCH,EE,2017,84.11,,
ESTAT:ISOC_CI_IN_H(1.0),25/06/26 23:00:00,A,PC_HH,ALL_NDCH,EE,2018,87.04,,
ESTAT:ISOC_CI_IN_H(1.0),25/06/26 23:00:00,A,PC_HH,ALL_NDCH,EE,2019,86.90,,
ESTAT:ISOC_CI_IN_H(1.0),25/06/26 23:00:00,A,PC_HH,ALL_NDCH,EE,2020,86.53,,
ESTAT:ISOC_CI_IN_H(1.0),25/06/26 23:00:00,A,PC_HH,ALL_NDCH,EE,2021,88.86,,
ESTAT:ISOC_CI_IN_H(1.0),25/06/26 23:00:00,A,PC_HH,ALL_NDCH,EE,2022,89.85,,
ESTAT:ISOC_CI_IN_H(1.0),25/06/26 23:00:00,A,PC_HH,ALL_NDCH,EE,2023,90.88,,
ESTAT:ISOC_CI_IN_H(1.0),25/06/26 23:00:00,A,PC_HH,ALL_NDCH,EE,2024,90.51,,
ESTAT:ISOC_CI_IN_H(1.0),25/06/26 23:00:00,A,PC_HH,ALL_NDCH,EE,2025,93.99,,
ESTAT:ISOC_CI_IN_H(1.0),25/06/26 23:00:00,A,PC_HH,ALL_NDCH,EL,2002,8.25,,
ESTAT:ISOC_CI_IN_H(1.0),25/06/26 23:00:00,A,PC_HH,ALL_NDCH,EL,2003,11.03,,
ESTAT:ISOC_CI_IN_H(1.0),25/06/26 23:00:00,A,PC_HH,ALL_NDCH,EL,2004,11.66,,
ESTAT:ISOC_CI_IN_H(1.0),25/06/26 23:00:00,A,PC_HH,ALL_NDCH,EL,2005,19.51,,
ESTAT:ISOC_CI_IN_H(1.0),25/06/26 23:00:00,A,PC_HH,ALL_NDCH,EL,2006,20.08,,
ESTAT:ISOC_CI_IN_H(1.0),25/06/26 23:00:00,A,PC_HH,ALL_NDCH,EL,2007,21.44,,
ESTAT:ISOC_CI_IN_H(1.0),25/06/26 23:00:00,A,PC_HH,ALL_NDCH,EL,2008,26.14,,
ESTAT:ISOC_CI_IN_H(1.0),25/06/26 23:00:00,A,PC_HH,ALL_NDCH,EL,2009,32.25,,
ESTAT:ISOC_CI_IN_H(1.0),25/06/26 23:00:00,A,PC_HH,ALL_NDCH,EL,2010,39.33,,
ESTAT:ISOC_CI_IN_H(1.0),25/06/26 23:00:00,A,PC_HH,ALL_NDCH,EL,2011,41.83,,
ESTAT:ISOC_CI_IN_H(1.0),25/06/26 23:00:00,A,PC_HH,ALL_NDCH,EL,2012,45.78,,
ESTAT:ISOC_CI_IN_H(1.0),25/06/26 23:00:00,A,PC_HH,ALL_NDCH,EL,2013,49.23,,
ESTAT:ISOC_CI_IN_H(1.0),25/06/26 23:00:00,A,PC_HH,ALL_NDCH,EL,2014,59.24,,
ESTAT:ISOC_CI_IN_H(1.0),25/06/26 23:00:00,A,PC_HH,ALL_NDCH,EL,2015,62.27,,
ESTAT:ISOC_CI_IN_H(1.0),25/06/26 23:00:00,A,PC_HH,ALL_NDCH,EL,2016,62.98,,
ESTAT:ISOC_CI_IN_H(1.0),25/06/26 23:00:00,A,PC_HH,ALL_NDCH,EL,2017,65.17,,
ESTAT:ISOC_CI_IN_H(1.0),25/06/26 23:00:00,A,PC_HH,ALL_NDCH,EL,2018,70.57,,
ESTAT:ISOC_CI_IN_H(1.0),25/06/26 23:00:00,A,PC_HH,ALL_NDCH,EL,2019,73.22,,
ESTAT:ISOC_CI_IN_H(1.0),25/06/26 23:00:00,A,PC_HH,ALL_NDCH,EL,2020,75.66,,
ESTAT:ISOC_CI_IN_H(1.0),25/06/26 23:00:00,A,PC_HH,ALL_NDCH,EL,2021,80.78,,
ESTAT:ISOC_CI_IN_H(1.0),25/06/26 23:00:00,A,PC_HH,ALL_NDCH,EL,2022,82.19,,
ESTAT:ISOC_CI_IN_H(1.0),25/06/26 23:00:00,A,PC_HH,ALL_NDCH,EL,2023,84.15,,
ESTAT:ISOC_CI_IN_H(1.0),25/06/26 23:00:00,A,PC_HH,ALL_NDCH,EL,2024,84.50,,
ESTAT:ISOC_CI_IN_H(1.0),25/06/26 23:00:00,A,PC_HH,ALL_NDCH,EL,2025,86.30,,
ESTAT:ISOC_CI_IN_H(1.0),25/06/26 23:00:00,A,PC_HH,ALL_NDCH,ES,2005,31.56,,
ESTAT:ISOC_CI_IN_H(1.0),25/06/26 23:00:00,A,PC_HH,ALL_NDCH,ES,2006,33.09,,
ESTAT:ISOC_CI_IN_H(1.0),25/06/26 23:00:00,A,PC_HH,ALL_NDCH,ES,2007,38.11,,
ESTAT:ISOC_CI_IN_H(1.0),25/06/26 23:00:00,A,PC_HH,ALL_NDCH,ES,2008,43.79,,
ESTAT:ISOC_CI_IN_H(1.0),25/06/26 23:00:00,A,PC_HH,ALL_NDCH,ES,2009,46.67,,
ESTAT:ISOC_CI_IN_H(1.0),25/06/26 23:00:00,A,PC_HH,ALL_NDCH,ES,2010,51.16,,
ESTAT:ISOC_CI_IN_H(1.0),25/06/26 23:00:00,A,PC_HH,ALL_NDCH,ES,2011,56.09,,
ESTAT:ISOC_CI_IN_H(1.0),25/06/26 23:00:00,A,PC_HH,ALL_NDCH,ES,2012,60.25,,
ESTAT:ISOC_CI_IN_H(1.0),25/06/26 23:00:00,A,PC_HH,ALL_NDCH,ES,2013,63.49,,
ESTAT:ISOC_CI_IN_H(1.0),25/06/26 23:00:00,A,PC_HH,ALL_NDCH,ES,2014,68.18,,
ESTAT:ISOC_CI_IN_H(1.0),25/06/26 23:00:00,A,PC_HH,ALL_NDCH,ES,2015,72.74,,
ESTAT:ISOC_CI_IN_H(1.0),25/06/26 23:00:00,A,PC_HH,ALL_NDCH,ES,2016,76.33,,
ESTAT:ISOC_CI_IN_H(1.0),25/06/26 23:00:00,A,PC_HH,ALL_NDCH,ES,2017,78.62,,
ESTAT:ISOC_CI_IN_H(1.0),25/06/26 23:00:00,A,PC_HH,ALL_NDCH,ES,2018,82.10,,
ESTAT:ISOC_CI_IN_H(1.0),25/06/26 23:00:00,A,PC_HH,ALL_NDCH,ES,2019,88.48,,
ESTAT:ISOC_CI_IN_H(1.0),25/06/26 23:00:00,A,PC_HH,ALL_NDCH,ES,2020,93.69,,
ESTAT:ISOC_CI_IN_H(1.0),25/06/26 23:00:00,A,PC_HH,ALL_NDCH,ES,2021,94.50,,
ESTAT:ISOC_CI_IN_H(1.0),25/06/26 23:00:00,A,PC_HH,ALL_NDCH,ES,2022,94.74,,
ESTAT:ISOC_CI_IN_H(1.0),25/06/26 23:00:00,A,PC_HH,ALL_NDCH,ES,2023,95.29,,
ESTAT:ISOC_CI_IN_H(1.0),25/06/26 23:00:00,A,PC_HH,ALL_NDCH,ES,2024,95.98,,
ESTAT:ISOC_CI_IN_H(1.0),25/06/26 23:00:00,A,PC_HH,ALL_NDCH,ES,2025,96.64,,
ESTAT:ISOC_CI_IN_H(1.0),25/06/26 23:00:00,A,PC_HH,ALL_NDCH,EU15,2003,39.60,,
ESTAT:ISOC_CI_IN_H(1.0),25/06/26 23:00:00,A,PC_HH,ALL_NDCH,EU15,2004,43.49,,
ESTAT:ISOC_CI_IN_H(1.0),25/06/26 23:00:00,A,PC_HH,ALL_NDCH,EU15,2005,47.44,,
ESTAT:ISOC_CI_IN_H(1.0),25/06/26 23:00:00,A,PC_HH,ALL_NDCH,EU15,2006,48.03,,
ESTAT:ISOC_CI_IN_H(1.0),25/06/26 23:00:00,A,PC_HH,ALL_NDCH,EU15,2007,54.10,,
ESTAT:ISOC_CI_IN_H(1.0),25/06/26 23:00:00,A,PC_HH,ALL_NDCH,EU15,2008,58.80,,
ESTAT:ISOC_CI_IN_H(1.0),25/06/26 23:00:00,A,PC_HH,ALL_NDCH,EU15,2009,63.62,,
ESTAT:ISOC_CI_IN_H(1.0),25/06/26 23:00:00,A,PC_HH,ALL_NDCH,EU15,2010,67.92,,
ESTAT:ISOC_CI_IN_H(1.0),25/06/26 23:00:00,A,PC_HH,ALL_NDCH,EU15,2011,70.37,,
ESTAT:ISOC_CI_IN_H(1.0),25/06/26 23:00:00,A,PC_HH,ALL_NDCH,EU15,2012,73.83,,
ESTAT:ISOC_CI_IN_H(1.0),25/06/26 23:00:00,A,PC_HH,ALL_NDCH,EU15,2013,77.15,,
ESTAT:ISOC_CI_IN_H(1.0),25/06/26 23:00:00,A,PC_HH,ALL_NDCH,EU15,2014,79.27,,
ESTAT:ISOC_CI_IN_H(1.0),25/06/26 23:00:00,A,PC_HH,ALL_NDCH,EU15,2015,80.89,,
ESTAT:ISOC_CI_IN_H(1.0),25/06/26 23:00:00,A,PC_HH,ALL_NDCH,EU15,2016,83.97,,
ESTAT:ISOC_CI_IN_H(1.0),25/06/26 23:00:00,A,PC_HH,ALL_NDCH,EU15,2017,85.61,,
ESTAT:ISOC_CI_IN_H(1.0),25/06/26 23:00:00,A,PC_HH,ALL_NDCH,EU15,2018,87.55,,
ESTAT:ISOC_CI_IN_H(1.0),25/06/26 23:00:00,A,PC_HH,ALL_NDCH,EU25,2004,38.16,,
ESTAT:ISOC_CI_IN_H(1.0),25/06/26 23:00:00,A,PC_HH,ALL_NDCH,EU25,2005,43.27,,
ESTAT:ISOC_CI_IN_H(1.0),25/06/26 23:00:00,A,PC_HH,ALL_NDCH,EU25,2006,45.16,,
ESTAT:ISOC_CI_IN_H(1.0),25/06/26 23:00:00,A,PC_HH,ALL_NDCH,EU25,2007,51.35,,
ESTAT:ISOC_CI_IN_H(1.0),25/06/26 23:00:00,A,PC_HH,ALL_NDCH,EU25,2008,56.32,,
ESTAT:ISOC_CI_IN_H(1.0),25/06/26 23:00:00,A,PC_HH,ALL_NDCH,EU25,2009,61.57,,
ESTAT:ISOC_CI_IN_H(1.0),25/06/26 23:00:00,A,PC_HH,ALL_NDCH,EU25,2010,65.94,,
ESTAT:ISOC_CI_IN_H(1.0),25/06/26 23:00:00,A,PC_HH,ALL_NDCH,EU27_2007,2004,37.42,,
ESTAT:ISOC_CI_IN_H(1.0),25/06/26 23:00:00,A,PC_HH,ALL_NDCH,EU27_2007,2005,43.27,,
ESTAT:ISOC_CI_IN_H(1.0),25/06/26 23:00:00,A,PC_HH,ALL_NDCH,EU27_2007,2006,44.07,,
ESTAT:ISOC_CI_IN_H(1.0),25/06/26 23:00:00,A,PC_HH,ALL_NDCH,EU27_2007,2007,49.77,,
ESTAT:ISOC_CI_IN_H(1.0),25/06/26 23:00:00,A,PC_HH,ALL_NDCH,EU27_2007,2008,54.73,,
ESTAT:ISOC_CI_IN_H(1.0),25/06/26 23:00:00,A,PC_HH,ALL_NDCH,EU27_2007,2009,60.03,,
ESTAT:ISOC_CI_IN_H(1.0),25/06/26 23:00:00,A,PC_HH,ALL_NDCH,EU27_2007,2010,64.38,,
ESTAT:ISOC_CI_IN_H(1.0),25/06/26 23:00:00,A,PC_HH,ALL_NDCH,EU27_2007,2011,67.27,,
ESTAT:ISOC_CI_IN_H(1.0),25/06/26 23:00:00,A,PC_HH,ALL_NDCH,EU27_2007,2012,70.91,,
ESTAT:ISOC_CI_IN_H(1.0),25/06/26 23:00:00,A,PC_HH,ALL_NDCH,EU27_2007,2013,74.05,,
ESTAT:ISOC_CI_IN_H(1.0),25/06/26 23:00:00,A,PC_HH,ALL_NDCH,EU27_2007,2014,76.39,,
ESTAT:ISOC_CI_IN_H(1.0),25/06/26 23:00:00,A,PC_HH,ALL_NDCH,EU27_2007,2015,78.26,,
ESTAT:ISOC_CI_IN_H(1.0),25/06/26 23:00:00,A,PC_HH,ALL_NDCH,EU27_2007,2016,81.59,,
ESTAT:ISOC_CI_IN_H(1.0),25/06/26 23:00:00,A,PC_HH,ALL_NDCH,EU27_2007,2017,83.40,,
ESTAT:ISOC_CI_IN_H(1.0),25/06/26 23:00:00,A,PC_HH,ALL_NDCH,EU27_2007,2018,85.68,,
ESTAT:ISOC_CI_IN_H(1.0),25/06/26 23:00:00,A,PC_HH,ALL_NDCH,EU27_2020,2007,47.76,,
ESTAT:ISOC_CI_IN_H(1.0),25/06/26 23:00:00,A,PC_HH,ALL_NDCH,EU27_2020,2008,52.86,,
ESTAT:ISOC_CI_IN_H(1.0),25/06/26 23:00:00,A,PC_HH,ALL_NDCH,EU27_2020,2009,58.24,,
ESTAT:ISOC_CI_IN_H(1.0),25/06/26 23:00:00,A,PC_HH,ALL_NDCH,EU27_2020,2010,62.77,,
ESTAT:ISOC_CI_IN_H(1.0),25/06/26 23:00:00,A,PC_HH,ALL_NDCH,EU27_2020,2011,65.70,,
ESTAT:ISOC_CI_IN_H(1.0),25/06/26 23:00:00,A,PC_HH,ALL_NDCH,EU27_2020,2012,69.08,,
ESTAT:ISOC_CI_IN_H(1.0),25/06/26 23:00:00,A,PC_HH,ALL_NDCH,EU27_2020,2013,71.97,,
ESTAT:ISOC_CI_IN_H(1.0),25/06/26 23:00:00,A,PC_HH,ALL_NDCH,EU27_2020,2014,74.67,,
ESTAT:ISOC_CI_IN_H(1.0),25/06/26 23:00:00,A,PC_HH,ALL_NDCH,EU27_2020,2015,76.72,,
ESTAT:ISOC_CI_IN_H(1.0),25/06/26 23:00:00,A,PC_HH,ALL_NDCH,EU27_2020,2016,80.09,,
ESTAT:ISOC_CI_IN_H(1.0),25/06/26 23:00:00,A,PC_HH,ALL_NDCH,EU27_2020,2017,82.00,,
ESTAT:ISOC_CI_IN_H(1.0),25/06/26 23:00:00,A,PC_HH,ALL_NDCH,EU27_2020,2018,84.60,,
ESTAT:ISOC_CI_IN_H(1.0),25/06/26 23:00:00,A,PC_HH,ALL_NDCH,EU27_2020,2019,86.78,,
ESTAT:ISOC_CI_IN_H(1.0),25/06/26 23:00:00,A,PC_HH,ALL_NDCH,EU27_2020,2020,88.85,e,
ESTAT:ISOC_CI_IN_H(1.0),25/06/26 23:00:00,A,PC_HH,ALL_NDCH,EU27_2020,2021,90.05,b,
ESTAT:ISOC_CI_IN_H(1.0),25/06/26 23:00:00,A,PC_HH,ALL_NDCH,EU27_2020,2022,90.44,,
ESTAT:ISOC_CI_IN_H(1.0),25/06/26 23:00:00,A,PC_HH,ALL_NDCH,EU27_2020,2023,91.20,,
ESTAT:ISOC_CI_IN_H(1.0),25/06/26 23:00:00,A,PC_HH,ALL_NDCH,EU27_2020,2024,92.68,,
ESTAT:ISOC_CI_IN_H(1.0),25/06/26 23:00:00,A,PC_HH,ALL_NDCH,EU27_2020,2025,93.50,,
ESTAT:ISOC_CI_IN_H(1.0),25/06/26 23:00:00,A,PC_HH,ALL_NDCH,EU28,2007,49.63,,
ESTAT:ISOC_CI_IN_H(1.0),25/06/26 23:00:00,A,PC_HH,ALL_NDCH,EU28,2008,54.60,,
ESTAT:ISOC_CI_IN_H(1.0),25/06/26 23:00:00,A,PC_HH,ALL_NDCH,EU28,2009,59.90,,
ESTAT:ISOC_CI_IN_H(1.0),25/06/26 23:00:00,A,PC_HH,ALL_NDCH,EU28,2010,64.25,,
ESTAT:ISOC_CI_IN_H(1.0),25/06/26 23:00:00,A,PC_HH,ALL_NDCH,EU28,2011,67.15,,
ESTAT:ISOC_CI_IN_H(1.0),25/06/26 23:00:00,A,PC_HH,ALL_NDCH,EU28,2012,70.81,,
ESTAT:ISOC_CI_IN_H(1.0),25/06/26 23:00:00,A,PC_HH,ALL_NDCH,EU28,2013,73.90,,
ESTAT:ISOC_CI_IN_H(1.0),25/06/26 23:00:00,A,PC_HH,ALL_NDCH,EU28,2014,76.28,,
ESTAT:ISOC_CI_IN_H(1.0),25/06/26 23:00:00,A,PC_HH,ALL_NDCH,EU28,2015,78.20,,
ESTAT:ISOC_CI_IN_H(1.0),25/06/26 23:00:00,A,PC_HH,ALL_NDCH,EU28,2016,81.50,,
ESTAT:ISOC_CI_IN_H(1.0),25/06/26 23:00:00,A,PC_HH,ALL_NDCH,EU28,2017,83.30,,
ESTAT:ISOC_CI_IN_H(1.0),25/06/26 23:00:00,A,PC_HH,ALL_NDCH,EU28,2018,85.61,,
ESTAT:ISOC_CI_IN_H(1.0),25/06/26 23:00:00,A,PC_HH,ALL_NDCH,EU28,2019,87.72,,
ESTAT:ISOC_CI_IN_H(1.0),25/06/26 23:00:00,A,PC_HH,ALL_NDCH,FI,2002,36.31,,
ESTAT:ISOC_CI_IN_H(1.0),25/06/26 23:00:00,A,PC_HH,ALL_NDCH,FI,2003,39.49,,
ESTAT:ISOC_CI_IN_H(1.0),25/06/26 23:00:00,A,PC_HH,ALL_NDCH,FI,2004,42.19,,
ESTAT:ISOC_CI_IN_H(1.0),25/06/26 23:00:00,A,PC_HH,ALL_NDCH,FI,2005,45.99,,
ESTAT:ISOC_CI_IN_H(1.0),25/06/26 23:00:00,A,PC_HH,ALL_NDCH,FI,2006,55.01,,
ESTAT:ISOC_CI_IN_H(1.0),25/06/26 23:00:00,A,PC_HH,ALL_NDCH,FI,2007,63.08,,
ESTAT:ISOC_CI_IN_H(1.0),25/06/26 23:00:00,A,PC_HH,ALL_NDCH,FI,2008,65.50,,
ESTAT:ISOC_CI_IN_H(1.0),25/06/26 23:00:00,A,PC_HH,ALL_NDCH,FI,2009,72.73,,
ESTAT:ISOC_CI_IN_H(1.0),25/06/26 23:00:00,A,PC_HH,ALL_NDCH,FI,2010,74.82,,
ESTAT:ISOC_CI_IN_H(1.0),25/06/26 23:00:00,A,PC_HH,ALL_NDCH,FI,2011,79.43,,
ESTAT:ISOC_CI_IN_H(1.0),25/06/26 23:00:00,A,PC_HH,ALL_NDCH,FI,2012,83.42,,
ESTAT:ISOC_CI_IN_H(1.0),25/06/26 23:00:00,A,PC_HH,ALL_NDCH,FI,2013,86.47,,
ESTAT:ISOC_CI_IN_H(1.0),25/06/26 23:00:00,A,PC_HH,ALL_NDCH,FI,2014,87.43,,
ESTAT:ISOC_CI_IN_H(1.0),25/06/26 23:00:00,A,PC_HH,ALL_NDCH,FI,2015,87.48,,
ESTAT:ISOC_CI_IN_H(1.0),25/06/26 23:00:00,A,PC_HH,ALL_NDCH,FI,2016,90.07,,
ESTAT:ISOC_CI_IN_H(1.0),25/06/26 23:00:00,A,PC_HH,ALL_NDCH,FI,2017,93.07,,
ESTAT:ISOC_CI_IN_H(1.0),25/06/26 23:00:00,A,PC_HH,ALL_NDCH,FI,2018,93.21,,
ESTAT:ISOC_CI_IN_H(1.0),25/06/26 23:00:00,A,PC_HH,ALL_NDCH,FI,2019,93.14,,
ESTAT:ISOC_CI_IN_H(1.0),25/06/26 23:00:00,A,PC_HH,ALL_NDCH,FI,2020,95.01,,
ESTAT:ISOC_CI_IN_H(1.0),25/06/26 23:00:00,A,PC_HH,ALL_NDCH,FI,2021,95.83,,
ESTAT:ISOC_CI_IN_H(1.0),25/06/26 23:00:00,A,PC_HH,ALL_NDCH,FI,2022,97.05,,
ESTAT:ISOC_CI_IN_H(1.0),25/06/26 23:00:00,A,PC_HH,ALL_NDCH,FI,2023,96.13,,
ESTAT:ISOC_CI_IN_H(1.0),25/06/26 23:00:00,A,PC_HH,ALL_NDCH,FI,2024,96.65,,
ESTAT:ISOC_CI_IN_H(1.0),25/06/26 23:00:00,A,PC_HH,ALL_NDCH,FI,2025,97.01,,
ESTAT:ISOC_CI_IN_H(1.0),25/06/26 23:00:00,A,PC_HH,ALL_NDCH,FR,2006,,u,
ESTAT:ISOC_CI_IN_H(1.0),25/06/26 23:00:00,A,PC_HH,ALL_NDCH,FR,2007,46.15,,
ESTAT:ISOC_CI_IN_H(1.0),25/06/26 23:00:00,A,PC_HH,ALL_NDCH,FR,2008,52.57,,
ESTAT:ISOC_CI_IN_H(1.0),25/06/26 23:00:00,A,PC_HH,ALL_NDCH,FR,2009,59.93,,
ESTAT:ISOC_CI_IN_H(1.0),25/06/26 23:00:00,A,PC_HH,ALL_NDCH,FR,2010,65.52,,
ESTAT:ISOC_CI_IN_H(1.0),25/06/26 23:00:00,A,PC_HH,ALL_NDCH,FR,2011,67.41,,
ESTAT:ISOC_CI_IN_H(1.0),25/06/26 23:00:00,A,PC_HH,ALL_NDCH,FR,2012,72.73,,
ESTAT:ISOC_CI_IN_H(1.0),25/06/26 23:00:00,A,PC_HH,ALL_NDCH,FR,2013,75.21,,
ESTAT:ISOC_CI_IN_H(1.0),25/06/26 23:00:00,A,PC_HH,ALL_NDCH,FR,2014,76.76,,
ESTAT:ISOC_CI_IN_H(1.0),25/06/26 23:00:00,A,PC_HH,ALL_NDCH,FR,2015,77.26,,
ESTAT:ISOC_CI_IN_H(1.0),25/06/26 23:00:00,A,PC_HH,ALL_NDCH,FR,2016,81.56,,
ESTAT:ISOC_CI_IN_H(1.0),25/06/26 23:00:00,A,PC_HH,ALL_NDCH,FR,2017,82.52,,
ESTAT:ISOC_CI_IN_H(1.0),25/06/26 23:00:00,A,PC_HH,ALL_NDCH,FR,2018,85.09,,
ESTAT:ISOC_CI_IN_H(1.0),25/06/26 23:00:00,A,PC_HH,ALL_NDCH,FR,2019,87.25,,
ESTAT:ISOC_CI_IN_H(1.0),25/06/26 23:00:00,A,PC_HH,ALL_NDCH,FR,2021,91.23,,
ESTAT:ISOC_CI_IN_H(1.0),25/06/26 23:00:00,A,PC_HH,ALL_NDCH,FR,2022,90.27,,
ESTAT:ISOC_CI_IN_H(1.0),25/06/26 23:00:00,A,PC_HH,ALL_NDCH,FR,2023,91.46,,
ESTAT:ISOC_CI_IN_H(1.0),25/06/26 23:00:00,A,PC_HH,ALL_NDCH,FR,2024,92.95,,
ESTAT:ISOC_CI_IN_H(1.0),25/06/26 23:00:00,A,PC_HH,ALL_NDCH,FR,2025,93.03,,
ESTAT:ISOC_CI_IN_H(1.0),25/06/26 23:00:00,A,PC_HH,ALL_NDCH,HR,2007,32.59,,
ESTAT:ISOC_CI_IN_H(1.0),25/06/26 23:00:00,A,PC_HH,ALL_NDCH,HR,2008,37.55,,
ESTAT:ISOC_CI_IN_H(1.0),25/06/26 23:00:00,A,PC_HH,ALL_NDCH,HR,2009,42.80,,
ESTAT:ISOC_CI_IN_H(1.0),25/06/26 23:00:00,A,PC_HH,ALL_NDCH,HR,2010,47.16,,
ESTAT:ISOC_CI_IN_H(1.0),25/06/26 23:00:00,A,PC_HH,ALL_NDCH,HR,2011,52.37,,
ESTAT:ISOC_CI_IN_H(1.0),25/06/26 23:00:00,A,PC_HH,ALL_NDCH,HR,2012,57.85,,
ESTAT:ISOC_CI_IN_H(1.0),25/06/26 23:00:00,A,PC_HH,ALL_NDCH,HR,2013,56.49,,
ESTAT:ISOC_CI_IN_H(1.0),25/06/26 23:00:00,A,PC_HH,ALL_NDCH,HR,2014,59.24,,
ESTAT:ISOC_CI_IN_H(1.0),25/06/26 23:00:00,A,PC_HH,ALL_NDCH,HR,2015,68.68,,
ESTAT:ISOC_CI_IN_H(1.0),25/06/26 23:00:00,A,PC_HH,ALL_NDCH,HR,2016,68.14,,
ESTAT:ISOC_CI_IN_H(1.0),25/06/26 23:00:00,A,PC_HH,ALL_NDCH,HR,2017,68.51,,
ESTAT:ISOC_CI_IN_H(1.0),25/06/26 23:00:00,A,PC_HH,ALL_NDCH,HR,2018,75.15,,
ESTAT:ISOC_CI_IN_H(1.0),25/06/26 23:00:00,A,PC_HH,ALL_NDCH,HR,2019,75.23,,
ESTAT:ISOC_CI_IN_H(1.0),25/06/26 23:00:00,A,PC_HH,ALL_NDCH,HR,2020,81.18,,
ESTAT:ISOC_CI_IN_H(1.0),25/06/26 23:00:00,A,PC_HH,ALL_NDCH,HR,2021,81.41,,
ESTAT:ISOC_CI_IN_H(1.0),25/06/26 23:00:00,A,PC_HH,ALL_NDCH,HR,2022,81.97,,
ESTAT:ISOC_CI_IN_H(1.0),25/06/26 23:00:00,A,PC_HH,ALL_NDCH,HR,2023,85.51,,
ESTAT:ISOC_CI_IN_H(1.0),25/06/26 23:00:00,A,PC_HH,ALL_NDCH,HR,2024,85.31,,
ESTAT:ISOC_CI_IN_H(1.0),25/06/26 23:00:00,A,PC_HH,ALL_NDCH,HR,2025,85.78,,
ESTAT:ISOC_CI_IN_H(1.0),25/06/26 23:00:00,A,PC_HH,ALL_NDCH,HU,2004,8.63,,
ESTAT:ISOC_CI_IN_H(1.0),25/06/26 23:00:00,A,PC_HH,ALL_NDCH,HU,2005,19.37,,
ESTAT:ISOC_CI_IN_H(1.0),25/06/26 23:00:00,A,PC_HH,ALL_NDCH,HU,2006,28.23,,
ESTAT:ISOC_CI_IN_H(1.0),25/06/26 23:00:00,A,PC_HH,ALL_NDCH,HU,2007,33.17,,
ESTAT:ISOC_CI_IN_H(1.0),25/06/26 23:00:00,A,PC_HH,ALL_NDCH,HU,2008,40.39,,
ESTAT:ISOC_CI_IN_H(1.0),25/06/26 23:00:00,A,PC_HH,ALL_NDCH,HU,2009,46.74,,
ESTAT:ISOC_CI_IN_H(1.0),25/06/26 23:00:00,A,PC_HH,ALL_NDCH,HU,2010,52.06,,
ESTAT:ISOC_CI_IN_H(1.0),25/06/26 23:00:00,A,PC_HH,ALL_NDCH,HU,2011,57.19,,
ESTAT:ISOC_CI_IN_H(1.0),25/06/26 23:00:00,A,PC_HH,ALL_NDCH,HU,2012,60.42,,
ESTAT:ISOC_CI_IN_H(1.0),25/06/26 23:00:00,A,PC_HH,ALL_NDCH,HU,2013,62.48,,
ESTAT:ISOC_CI_IN_H(1.0),25/06/26 23:00:00,A,PC_HH,ALL_NDCH,HU,2014,66.41,,
ESTAT:ISOC_CI_IN_H(1.0),25/06/26 23:00:00,A,PC_HH,ALL_NDCH,HU,2015,69.69,,
ESTAT:ISOC_CI_IN_H(1.0),25/06/26 23:00:00,A,PC_HH,ALL_NDCH,HU,2016,73.68,,
ESTAT:ISOC_CI_IN_H(1.0),25/06/26 23:00:00,A,PC_HH,ALL_NDCH,HU,2017,77.83,,
ESTAT:ISOC_CI_IN_H(1.0),25/06/26 23:00:00,A,PC_HH,ALL_NDCH,HU,2018,78.85,,
ESTAT:ISOC_CI_IN_H(1.0),25/06/26 23:00:00,A,PC_HH,ALL_NDCH,HU,2019,82.13,,
ESTAT:ISOC_CI_IN_H(1.0),25/06/26 23:00:00,A,PC_HH,ALL_NDCH,HU,2020,83.98,,
ESTAT:ISOC_CI_IN_H(1.0),25/06/26 23:00:00,A,PC_HH,ALL_NDCH,HU,2021,87.94,,
ESTAT:ISOC_CI_IN_H(1.0),25/06/26 23:00:00,A,PC_HH,ALL_NDCH,HU,2022,89.52,,
ESTAT:ISOC_CI_IN_H(1.0),25/06/26 23:00:00,A,PC_HH,ALL_NDCH,HU,2023,90.41,,
ESTAT:ISOC_CI_IN_H(1.0),25/06/26 23:00:00,A,PC_HH,ALL_NDCH,HU,2024,93.10,,
ESTAT:ISOC_CI_IN_H(1.0),25/06/26 23:00:00,A,PC_HH,ALL_NDCH,HU,2025,92.32,,
ESTAT:ISOC_CI_IN_H(1.0),25/06/26 23:00:00,A,PC_HH,ALL_NDCH,IE,2003,25.71,,
ESTAT:ISOC_CI_IN_H(1.0),25/06/26 23:00:00,A,PC_HH,ALL_NDCH,IE,2004,30.40,,
ESTAT:ISOC_CI_IN_H(1.0),25/06/26 23:00:00,A,PC_HH,ALL_NDCH,IE,2005,40.83,,
ESTAT:ISOC_CI_IN_H(1.0),25/06/26 23:00:00,A,PC_HH,ALL_NDCH,IE,2006,42.87,,
ESTAT:ISOC_CI_IN_H(1.0),25/06/26 23:00:00,A,PC_HH,ALL_NDCH,IE,2007,49.19,,
ESTAT:ISOC_CI_IN_H(1.0),25/06/26 23:00:00,A,PC_HH,ALL_NDCH,IE,2008,54.93,,
ESTAT:ISOC_CI_IN_H(1.0),25/06/26 23:00:00,A,PC_HH,ALL_NDCH,IE,2009,58.62,,
ESTAT:ISOC_CI_IN_H(1.0),25/06/26 23:00:00,A,PC_HH,ALL_NDCH,IE,2010,63.86,,
ESTAT:ISOC_CI_IN_H(1.0),25/06/26 23:00:00,A,PC_HH,ALL_NDCH,IE,2011,70.18,,
ESTAT:ISOC_CI_IN_H(1.0),25/06/26 23:00:00,A,PC_HH,ALL_NDCH,IE,2012,73.02,,
ESTAT:ISOC_CI_IN_H(1.0),25/06/26 23:00:00,A,PC_HH,ALL_NDCH,IE,2013,74.67,,
ESTAT:ISOC_CI_IN_H(1.0),25/06/26 23:00:00,A,PC_HH,ALL_NDCH,IE,2014,75.30,,
ESTAT:ISOC_CI_IN_H(1.0),25/06/26 23:00:00,A,PC_HH,ALL_NDCH,IE,2015,77.97,,
ESTAT:ISOC_CI_IN_H(1.0),25/06/26 23:00:00,A,PC_HH,ALL_NDCH,IE,2016,80.24,,
ESTAT:ISOC_CI_IN_H(1.0),25/06/26 23:00:00,A,PC_HH,ALL_NDCH,IE,2017,81.56,,
ESTAT:ISOC_CI_IN_H(1.0),25/06/26 23:00:00,A,PC_HH,ALL_NDCH,IE,2018,84.08,,
ESTAT:ISOC_CI_IN_H(1.0),25/06/26 23:00:00,A,PC_HH,ALL_NDCH,IE,2019,86.38,,
ESTAT:ISOC_CI_IN_H(1.0),25/06/26 23:00:00,A,PC_HH,ALL_NDCH,IE,2020,90.17,,
ESTAT:ISOC_CI_IN_H(1.0),25/06/26 23:00:00,A,PC_HH,ALL_NDCH,IE,2021,96.76,b,
ESTAT:ISOC_CI_IN_H(1.0),25/06/26 23:00:00,A,PC_HH,ALL_NDCH,IE,2022,,u,
ESTAT:ISOC_CI_IN_H(1.0),25/06/26 23:00:00,A,PC_HH,ALL_NDCH,IE,2023,90.31,,
ESTAT:ISOC_CI_IN_H(1.0),25/06/26 23:00:00,A,PC_HH,ALL_NDCH,IE,2024,90.90,,
ESTAT:ISOC_CI_IN_H(1.0),25/06/26 23:00:00,A,PC_HH,ALL_NDCH,IE,2025,94.02,,
ESTAT:ISOC_CI_IN_H(1.0),25/06/26 23:00:00,A,PC_HH,ALL_NDCH,IS,2004,66.32,,
ESTAT:ISOC_CI_IN_H(1.0),25/06/26 23:00:00,A,PC_HH,ALL_NDCH,IS,2005,76.24,,
ESTAT:ISOC_CI_IN_H(1.0),25/06/26 23:00:00,A,PC_HH,ALL_NDCH,IS,2006,74.88,,
ESTAT:ISOC_CI_IN_H(1.0),25/06/26 23:00:00,A,PC_HH,ALL_NDCH,IS,2007,76.52,,
ESTAT:ISOC_CI_IN_H(1.0),25/06/26 23:00:00,A,PC_HH,ALL_NDCH,IS,2008,82.05,,
ESTAT:ISOC_CI_IN_H(1.0),25/06/26 23:00:00,A,PC_HH,ALL_NDCH,IS,2009,84.74,,
ESTAT:ISOC_CI_IN_H(1.0),25/06/26 23:00:00,A,PC_HH,ALL_NDCH,IS,2010,86.48,,
ESTAT:ISOC_CI_IN_H(1.0),25/06/26 23:00:00,A,PC_HH,ALL_NDCH,IS,2011,88.89,,
ESTAT:ISOC_CI_IN_H(1.0),25/06/26 23:00:00,A,PC_HH,ALL_NDCH,IS,2012,92.30,,
ESTAT:ISOC_CI_IN_H(1.0),25/06/26 23:00:00,A,PC_HH,ALL_NDCH,IS,2013,94.67,,
ESTAT:ISOC_CI_IN_H(1.0),25/06/26 23:00:00,A,PC_HH,ALL_NDCH,IS,2014,94.85,,
ESTAT:ISOC_CI_IN_H(1.0),25/06/26 23:00:00,A,PC_HH,ALL_NDCH,IS,2017,97.02,,
ESTAT:ISOC_CI_IN_H(1.0),25/06/26 23:00:00,A,PC_HH,ALL_NDCH,IS,2018,98.81,,
ESTAT:ISOC_CI_IN_H(1.0),25/06/26 23:00:00,A,PC_HH,ALL_NDCH,IS,2019,96.56,,
ESTAT:ISOC_CI_IN_H(1.0),25/06/26 23:00:00,A,PC_HH,ALL_NDCH,IS,2020,97.98,,
ESTAT:ISOC_CI_IN_H(1.0),25/06/26 23:00:00,A,PC_HH,ALL_NDCH,IS,2021,98.36,,
ESTAT:ISOC_CI_IN_H(1.0),25/06/26 23:00:00,A,PC_HH,ALL_NDCH,IT,2002,18.41,,
ESTAT:ISOC_CI_IN_H(1.0),25/06/26 23:00:00,A,PC_HH,ALL_NDCH,IT,2003,29.44,,
ESTAT:ISOC_CI_IN_H(1.0),25/06/26 23:00:00,A,PC_HH,ALL_NDCH,IT,2004,30.17,,
ESTAT:ISOC_CI_IN_H(1.0),25/06/26 23:00:00,A,PC_HH,ALL_NDCH,IT,2005,33.30,,
ESTAT:ISOC_CI_IN_H(1.0),25/06/26 23:00:00,A,PC_HH,ALL_NDCH,IT,2006,35.18,,
ESTAT:ISOC_CI_IN_H(1.0),25/06/26 23:00:00,A,PC_HH,ALL_NDCH,IT,2007,38.36,,
ESTAT:ISOC_CI_IN_H(1.0),25/06/26 23:00:00,A,PC_HH,ALL_NDCH,IT,2008,41.33,,
ESTAT:ISOC_CI_IN_H(1.0),25/06/26 23:00:00,A,PC_HH,ALL_NDCH,IT,2009,47.44,,
ESTAT:ISOC_CI_IN_H(1.0),25/06/26 23:00:00,A,PC_HH,ALL_NDCH,IT,2010,52.65,,
ESTAT:ISOC_CI_IN_H(1.0),25/06/26 23:00:00,A,PC_HH,ALL_NDCH,IT,2011,54.64,,
ESTAT:ISOC_CI_IN_H(1.0),25/06/26 23:00:00,A,PC_HH,ALL_NDCH,IT,2012,57.19,,
ESTAT:ISOC_CI_IN_H(1.0),25/06/26 23:00:00,A,PC_HH,ALL_NDCH,IT,2013,62.92,,
ESTAT:ISOC_CI_IN_H(1.0),25/06/26 23:00:00,A,PC_HH,ALL_NDCH,IT,2014,66.86,,
ESTAT:ISOC_CI_IN_H(1.0),25/06/26 23:00:00,A,PC_HH,ALL_NDCH,IT,2015,69.88,,
ESTAT:ISOC_CI_IN_H(1.0),25/06/26 23:00:00,A,PC_HH,ALL_NDCH,IT,2016,73.53,,
ESTAT:ISOC_CI_IN_H(1.0),25/06/26 23:00:00,A,PC_HH,ALL_NDCH,IT,2017,76.46,,
ESTAT:ISOC_CI_IN_H(1.0),25/06/26 23:00:00,A,PC_HH,ALL_NDCH,IT,2018,80.60,,
ESTAT:ISOC_CI_IN_H(1.0),25/06/26 23:00:00,A,PC_HH,ALL_NDCH,IT,2019,81.37,,
ESTAT:ISOC_CI_IN_H(1.0),25/06/26 23:00:00,A,PC_HH,ALL_NDCH,IT,2020,84.87,,
ESTAT:ISOC_CI_IN_H(1.0),25/06/26 23:00:00,A,PC_HH,ALL_NDCH,IT,2021,87.82,,
ESTAT:ISOC_CI_IN_H(1.0),25/06/26 23:00:00,A,PC_HH,ALL_NDCH,IT,2022,89.21,,
ESTAT:ISOC_CI_IN_H(1.0),25/06/26 23:00:00,A,PC_HH,ALL_NDCH,IT,2023,89.80,,
ESTAT:ISOC_CI_IN_H(1.0),25/06/26 23:00:00,A,PC_HH,ALL_NDCH,IT,2024,91.74,,
ESTAT:ISOC_CI_IN_H(1.0),25/06/26 23:00:00,A,PC_HH,ALL_NDCH,IT,2025,92.85,,
ESTAT:ISOC_CI_IN_H(1.0),25/06/26 23:00:00,A,PC_HH,ALL_NDCH,LT,2004,6.27,,
ESTAT:ISOC_CI_IN_H(1.0),25/06/26 23:00:00,A,PC_HH,ALL_NDCH,LT,2005,12.47,,
ESTAT:ISOC_CI_IN_H(1.0),25/06/26 23:00:00,A,PC_HH,ALL_NDCH,LT,2006,26.08,,
ESTAT:ISOC_CI_IN_H(1.0),25/06/26 23:00:00,A,PC_HH,ALL_NDCH,LT,2007,32.69,,
ESTAT:ISOC_CI_IN_H(1.0),25/06/26 23:00:00,A,PC_HH,ALL_NDCH,LT,2008,38.80,,
ESTAT:ISOC_CI_IN_H(1.0),25/06/26 23:00:00,A,PC_HH,ALL_NDCH,LT,2009,51.02,,
ESTAT:ISOC_CI_IN_H(1.0),25/06/26 23:00:00,A,PC_HH,ALL_NDCH,LT,2010,51.70,,
ESTAT:ISOC_CI_IN_H(1.0),25/06/26 23:00:00,A,PC_HH,ALL_NDCH,LT,2011,50.33,,
ESTAT:ISOC_CI_IN_H(1.0),25/06/26 23:00:00,A,PC_HH,ALL_NDCH,LT,2012,49.76,,
ESTAT:ISOC_CI_IN_H(1.0),25/06/26 23:00:00,A,PC_HH,ALL_NDCH,LT,2013,55.37,,
ESTAT:ISOC_CI_IN_H(1.0),25/06/26 23:00:00,A,PC_HH,ALL_NDCH,LT,2014,56.88,,
ESTAT:ISOC_CI_IN_H(1.0),25/06/26 23:00:00,A,PC_HH,ALL_NDCH,LT,2015,60.34,,
ESTAT:ISOC_CI_IN_H(1.0),25/06/26 23:00:00,A,PC_HH,ALL_NDCH,LT,2016,63.35,,
ESTAT:ISOC_CI_IN_H(1.0),25/06/26 23:00:00,A,PC_HH,ALL_NDCH,LT,2017,67.84,,
ESTAT:ISOC_CI_IN_H(1.0),25/06/26 23:00:00,A,PC_HH,ALL_NDCH,LT,2018,71.90,,
ESTAT:ISOC_CI_IN_H(1.0),25/06/26 23:00:00,A,PC_HH,ALL_NDCH,LT,2019,75.74,,
ESTAT:ISOC_CI_IN_H(1.0),25/06/26 23:00:00,A,PC_HH,ALL_NDCH,LT,2020,76.69,,
ESTAT:ISOC_CI_IN_H(1.0),25/06/26 23:00:00,A,PC_HH,ALL_NDCH,LT,2021,82.63,,
ESTAT:ISOC_CI_IN_H(1.0),25/06/26 23:00:00,A,PC_HH,ALL_NDCH,LT,2022,84.06,,
ESTAT:ISOC_CI_IN_H(1.0),25/06/26 23:00:00,A,PC_HH,ALL_NDCH,LT,2023,85.38,,
ESTAT:ISOC_CI_IN_H(1.0),25/06/26 23:00:00,A,PC_HH,ALL_NDCH,LT,2024,87.92,,
ESTAT:ISOC_CI_IN_H(1.0),25/06/26 23:00:00,A,PC_HH,ALL_NDCH,LT,2025,86.84,,
ESTAT:ISOC_CI_IN_H(1.0),25/06/26 23:00:00,A,PC_HH,ALL_NDCH,LU,2002,30.84,,
ESTAT:ISOC_CI_IN_H(1.0),25/06/26 23:00:00,A,PC_HH,ALL_NDCH,LU,2003,35.37,,
ESTAT:ISOC_CI_IN_H(1.0),25/06/26 23:00:00,A,PC_HH,ALL_NDCH,LU,2004,52.59,,
ESTAT:ISOC_CI_IN_H(1.0),25/06/26 23:00:00,A,PC_HH,ALL_NDCH,LU,2005,60.29,,
ESTAT:ISOC_CI_IN_H(1.0),25/06/26 23:00:00,A,PC_HH,ALL_NDCH,LU,2006,64.28,,
ESTAT:ISOC_CI_IN_H(1.0),25/06/26 23:00:00,A,PC_HH,ALL_NDCH,LU,2007,69.28,,
ESTAT:ISOC_CI_IN_H(1.0),25/06/26 23:00:00,A,PC_HH,ALL_NDCH,LU,2008,75.86,,
ESTAT:ISOC_CI_IN_H(1.0),25/06/26 23:00:00,A,PC_HH,ALL_NDCH,LU,2009,83.63,,
ESTAT:ISOC_CI_IN_H(1.0),25/06/26 23:00:00,A,PC_HH,ALL_NDCH,LU,2010,87.37,,
ESTAT:ISOC_CI_IN_H(1.0),25/06/26 23:00:00,A,PC_HH,ALL_NDCH,LU,2011,87.89,,
ESTAT:ISOC_CI_IN_H(1.0),25/06/26 23:00:00,A,PC_HH,ALL_NDCH,LU,2012,92.05,,
ESTAT:ISOC_CI_IN_H(1.0),25/06/26 23:00:00,A,PC_HH,ALL_NDCH,LU,2013,92.86,,
ESTAT:ISOC_CI_IN_H(1.0),25/06/26 23:00:00,A,PC_HH,ALL_NDCH,LU,2014,94.49,,
ESTAT:ISOC_CI_IN_H(1.0),25/06/26 23:00:00,A,PC_HH,ALL_NDCH,LU,2015,96.01,,
ESTAT:ISOC_CI_IN_H(1.0),25/06/26 23:00:00,A,PC_HH,ALL_NDCH,LU,2016,96.40,,
ESTAT:ISOC_CI_IN_H(1.0),25/06/26 23:00:00,A,PC_HH,ALL_NDCH,LU,2017,96.64,,
ESTAT:ISOC_CI_IN_H(1.0),25/06/26 23:00:00,A,PC_HH,ALL_NDCH,LU,2018,92.32,b,
ESTAT:ISOC_CI_IN_H(1.0),25/06/26 23:00:00,A,PC_HH,ALL_NDCH,LU,2019,93.96,,
ESTAT:ISOC_CI_IN_H(1.0),25/06/26 23:00:00,A,PC_HH,ALL_NDCH,LU,2020,91.80,,
ESTAT:ISOC_CI_IN_H(1.0),25/06/26 23:00:00,A,PC_HH,ALL_NDCH,LU,2021,98.81,,
ESTAT:ISOC_CI_IN_H(1.0),25/06/26 23:00:00,A,PC_HH,ALL_NDCH,LU,2022,96.94,,
ESTAT:ISOC_CI_IN_H(1.0),25/06/26 23:00:00,A,PC_HH,ALL_NDCH,LU,2023,98.71,,
ESTAT:ISOC_CI_IN_H(1.0),25/06/26 23:00:00,A,PC_HH,ALL_NDCH,LU,2024,98.34,,
ESTAT:ISOC_CI_IN_H(1.0),25/06/26 23:00:00,A,PC_HH,ALL_NDCH,LU,2025,98.75,,
ESTAT:ISOC_CI_IN_H(1.0),25/06/26 23:00:00,A,PC_HH,ALL_NDCH,LV,2004,10.35,,
ESTAT:ISOC_CI_IN_H(1.0),25/06/26 23:00:00,A,PC_HH,ALL_NDCH,LV,2005,25.71,,
ESTAT:ISOC_CI_IN_H(1.0),25/06/26 23:00:00,A,PC_HH,ALL_NDCH,LV,2006,34.73,,
ESTAT:ISOC_CI_IN_H(1.0),25/06/26 23:00:00,A,PC_HH,ALL_NDCH,LV,2007,42.60,,
ESTAT:ISOC_CI_IN_H(1.0),25/06/26 23:00:00,A,PC_HH,ALL_NDCH,LV,2008,44.21,,
ESTAT:ISOC_CI_IN_H(1.0),25/06/26 23:00:00,A,PC_HH,ALL_NDCH,LV,2009,49.99,,
ESTAT:ISOC_CI_IN_H(1.0),25/06/26 23:00:00,A,PC_HH,ALL_NDCH,LV,2010,51.80,,
ESTAT:ISOC_CI_IN_H(1.0),25/06/26 23:00:00,A,PC_HH,ALL_NDCH,LV,2011,55.49,,
ESTAT:ISOC_CI_IN_H(1.0),25/06/26 23:00:00,A,PC_HH,ALL_NDCH,LV,2012,60.11,,
ESTAT:ISOC_CI_IN_H(1.0),25/06/26 23:00:00,A,PC_HH,ALL_NDCH,LV,2013,63.82,,
ESTAT:ISOC_CI_IN_H(1.0),25/06/26 23:00:00,A,PC_HH,ALL_NDCH,LV,2014,65.80,,
ESTAT:ISOC_CI_IN_H(1.0),25/06/26 23:00:00,A,PC_HH,ALL_NDCH,LV,2015,69.14,,
ESTAT:ISOC_CI_IN_H(1.0),25/06/26 23:00:00,A,PC_HH,ALL_NDCH,LV,2016,71.35,b,
ESTAT:ISOC_CI_IN_H(1.0),25/06/26 23:00:00,A,PC_HH,ALL_NDCH,LV,2017,72.54,,
ESTAT:ISOC_CI_IN_H(1.0),25/06/26 23:00:00,A,PC_HH,ALL_NDCH,LV,2018,76.62,,
ESTAT:ISOC_CI_IN_H(1.0),25/06/26 23:00:00,A,PC_HH,ALL_NDCH,LV,2019,81.29,,
ESTAT:ISOC_CI_IN_H(1.0),25/06/26 23:00:00,A,PC_HH,ALL_NDCH,LV,2020,86.56,,
ESTAT:ISOC_CI_IN_H(1.0),25/06/26 23:00:00,A,PC_HH,ALL_NDCH,LV,2021,88.69,,
ESTAT:ISOC_CI_IN_H(1.0),25/06/26 23:00:00,A,PC_HH,ALL_NDCH,LV,2022,88.94,,
ESTAT:ISOC_CI_IN_H(1.0),25/06/26 23:00:00,A,PC_HH,ALL_NDCH,LV,2023,91.05,,
ESTAT:ISOC_CI_IN_H(1.0),25/06/26 23:00:00,A,PC_HH,ALL_NDCH,LV,2024,92.68,,
ESTAT:ISOC_CI_IN_H(1.0),25/06/26 23:00:00,A,PC_HH,ALL_NDCH,LV,2025,92.55,,
ESTAT:ISOC_CI_IN_H(1.0),25/06/26 23:00:00,A,PC_HH,ALL_NDCH,ME,2012,47.39,,
ESTAT:ISOC_CI_IN_H(1.0),25/06/26 23:00:00,A,PC_HH,ALL_NDCH,ME,2017,63.09,,
ESTAT:ISOC_CI_IN_H(1.0),25/06/26 23:00:00,A,PC_HH,ALL_NDCH,ME,2018,64.34,,
ESTAT:ISOC_CI_IN_H(1.0),25/06/26 23:00:00,A,PC_HH,ALL_NDCH,ME,2019,66.26,,
ESTAT:ISOC_CI_IN_H(1.0),25/06/26 23:00:00,A,PC_HH,ALL_NDCH,ME,2020,74.37,,
ESTAT:ISOC_CI_IN_H(1.0),25/06/26 23:00:00,A,PC_HH,ALL_NDCH,ME,2021,75.17,,
ESTAT:ISOC_CI_IN_H(1.0),25/06/26 23:00:00,A,PC_HH,ALL_NDCH,ME,2022,76.70,,
ESTAT:ISOC_CI_IN_H(1.0),25/06/26 23:00:00,A,PC_HH,ALL_NDCH,ME,2023,76.65,,
ESTAT:ISOC_CI_IN_H(1.0),25/06/26 23:00:00,A,PC_HH,ALL_NDCH,ME,2024,80.19,,
ESTAT:ISOC_CI_IN_H(1.0),25/06/26 23:00:00,A,PC_HH,ALL_NDCH,ME,2025,85.49,,
ESTAT:ISOC_CI_IN_H(1.0),25/06/26 23:00:00,A,PC_HH,ALL_NDCH,MK,2004,10.31,,
ESTAT:ISOC_CI_IN_H(1.0),25/06/26 23:00:00,A,PC_HH,ALL_NDCH,MK,2006,11.83,,
ESTAT:ISOC_CI_IN_H(1.0),25/06/26 23:00:00,A,PC_HH,ALL_NDCH,MK,2008,28.14,,
ESTAT:ISOC_CI_IN_H(1.0),25/06/26 23:00:00,A,PC_HH,ALL_NDCH,MK,2009,38.51,,
ESTAT:ISOC_CI_IN_H(1.0),25/06/26 23:00:00,A,PC_HH,ALL_NDCH,MK,2010,39.72,,
ESTAT:ISOC_CI_IN_H(1.0),25/06/26 23:00:00,A,PC_HH,ALL_NDCH,MK,2012,52.00,,
ESTAT:ISOC_CI_IN_H(1.0),25/06/26 23:00:00,A,PC_HH,ALL_NDCH,MK,2013,56.13,,
ESTAT:ISOC_CI_IN_H(1.0),25/06/26 23:00:00,A,PC_HH,ALL_NDCH,MK,2014,60.18,,
ESTAT:ISOC_CI_IN_H(1.0),25/06/26 23:00:00,A,PC_HH,ALL_NDCH,MK,2015,61.23,,
ESTAT:ISOC_CI_IN_H(1.0),25/06/26 23:00:00,A,PC_HH,ALL_NDCH,MK,2016,68.81,,
ESTAT:ISOC_CI_IN_H(1.0),25/06/26 23:00:00,A,PC_HH,ALL_NDCH,MK,2017,65.49,,
ESTAT:ISOC_CI_IN_H(1.0),25/06/26 23:00:00,A,PC_HH,ALL_NDCH,MK,2018,71.85,,
ESTAT:ISOC_CI_IN_H(1.0),25/06/26 23:00:00,A,PC_HH,ALL_NDCH,MK,2019,74.14,,
ESTAT:ISOC_CI_IN_H(1.0),25/06/26 23:00:00,A,PC_HH,ALL_NDCH,MK,2020,71.45,,
ESTAT:ISOC_CI_IN_H(1.0),25/06/26 23:00:00,A,PC_HH,ALL_NDCH,MK,2021,77.19,,
ESTAT:ISOC_CI_IN_H(1.0),25/06/26 23:00:00,A,PC_HH,ALL_NDCH,MK,2024,87.26,,
ESTAT:ISOC_CI_IN_H(1.0),25/06/26 23:00:00,A,PC_HH,ALL_NDCH,MK,2025,88.44,,
ESTAT:ISOC_CI_IN_H(1.0),25/06/26 23:00:00,A,PC_HH,ALL_NDCH,MT,2005,33.75,,
ESTAT:ISOC_CI_IN_H(1.0),25/06/26 23:00:00,A,PC_HH,ALL_NDCH,MT,2006,53.41,,
ESTAT:ISOC_CI_IN_H(1.0),25/06/26 23:00:00,A,PC_HH,ALL_NDCH,MT,2007,46.65,,
ESTAT:ISOC_CI_IN_H(1.0),25/06/26 23:00:00,A,PC_HH,ALL_NDCH,MT,2008,51.52,,
ESTAT:ISOC_CI_IN_H(1.0),25/06/26 23:00:00,A,PC_HH,ALL_NDCH,MT,2009,56.87,,
ESTAT:ISOC_CI_IN_H(1.0),25/06/26 23:00:00,A,PC_HH,ALL_NDCH,MT,2010,62.43,,
ESTAT:ISOC_CI_IN_H(1.0),25/06/26 23:00:00,A,PC_HH,ALL_NDCH,MT,2011,68.91,,
ESTAT:ISOC_CI_IN_H(1.0),25/06/26 23:00:00,A,PC_HH,ALL_NDCH,MT,2012,70.76,,
ESTAT:ISOC_CI_IN_H(1.0),25/06/26 23:00:00,A,PC_HH,ALL_NDCH,MT,2013,73.65,,
ESTAT:ISOC_CI_IN_H(1.0),25/06/26 23:00:00,A,PC_HH,ALL_NDCH,MT,2014,74.23,,
ESTAT:ISOC_CI_IN_H(1.0),25/06/26 23:00:00,A,PC_HH,ALL_NDCH,MT,2015,76.57,,
ESTAT:ISOC_CI_IN_H(1.0),25/06/26 23:00:00,A,PC_HH,ALL_NDCH,MT,2016,77.00,,
ESTAT:ISOC_CI_IN_H(1.0),25/06/26 23:00:00,A,PC_HH,ALL_NDCH,MT,2017,80.60,,
ESTAT:ISOC_CI_IN_H(1.0),25/06/26 23:00:00,A,PC_HH,ALL_NDCH,MT,2018,80.19,,
ESTAT:ISOC_CI_IN_H(1.0),25/06/26 23:00:00,A,PC_HH,ALL_NDCH,MT,2019,83.40,,
ESTAT:ISOC_CI_IN_H(1.0),25/06/26 23:00:00,A,PC_HH,ALL_NDCH,MT,2020,87.85,,
ESTAT:ISOC_CI_IN_H(1.0),25/06/26 23:00:00,A,PC_HH,ALL_NDCH,MT,2021,88.02,,
ESTAT:ISOC_CI_IN_H(1.0),25/06/26 23:00:00,A,PC_HH,ALL_NDCH,MT,2022,91.43,,
ESTAT:ISOC_CI_IN_H(1.0),25/06/26 23:00:00,A,PC_HH,ALL_NDCH,MT,2023,91.77,,
ESTAT:ISOC_CI_IN_H(1.0),25/06/26 23:00:00,A,PC_HH,ALL_NDCH,MT,2024,94.50,,
ESTAT:ISOC_CI_IN_H(1.0),25/06/26 23:00:00,A,PC_HH,ALL_NDCH,MT,2025,97.37,,
ESTAT:ISOC_CI_IN_H(1.0),25/06/26 23:00:00,A,PC_HH,ALL_NDCH,NL,2005,73.17,,
ESTAT:ISOC_CI_IN_H(1.0),25/06/26 23:00:00,A,PC_HH,ALL_NDCH,NL,2006,74.41,,
ESTAT:ISOC_CI_IN_H(1.0),25/06/26 23:00:00,A,PC_HH,ALL_NDCH,NL,2007,77.83,,
ESTAT:ISOC_CI_IN_H(1.0),25/06/26 23:00:00,A,PC_HH,ALL_NDCH,NL,2008,81.69,,
ESTAT:ISOC_CI_IN_H(1.0),25/06/26 23:00:00,A,PC_HH,ALL_NDCH,NL,2009,86.19,,
ESTAT:ISOC_CI_IN_H(1.0),25/06/26 23:00:00,A,PC_HH,ALL_NDCH,NL,2010,88.16,,
ESTAT:ISOC_CI_IN_H(1.0),25/06/26 23:00:00,A,PC_HH,ALL_NDCH,NL,2011,91.51,,
ESTAT:ISOC_CI_IN_H(1.0),25/06/26 23:00:00,A,PC_HH,ALL_NDCH,NL,2012,91.83,,
ESTAT:ISOC_CI_IN_H(1.0),25/06/26 23:00:00,A,PC_HH,ALL_NDCH,NL,2013,92.99,,
ESTAT:ISOC_CI_IN_H(1.0),25/06/26 23:00:00,A,PC_HH,ALL_NDCH,NL,2014,94.72,,
ESTAT:ISOC_CI_IN_H(1.0),25/06/26 23:00:00,A,PC_HH,ALL_NDCH,NL,2015,95.06,,
ESTAT:ISOC_CI_IN_H(1.0),25/06/26 23:00:00,A,PC_HH,ALL_NDCH,NL,2016,95.84,,
ESTAT:ISOC_CI_IN_H(1.0),25/06/26 23:00:00,A,PC_HH,ALL_NDCH,NL,2017,97.72,,
ESTAT:ISOC_CI_IN_H(1.0),25/06/26 23:00:00,A,PC_HH,ALL_NDCH,NL,2018,97.58,,
ESTAT:ISOC_CI_IN_H(1.0),25/06/26 23:00:00,A,PC_HH,ALL_NDCH,NL,2019,97.97,,
ESTAT:ISOC_CI_IN_H(1.0),25/06/26 23:00:00,A,PC_HH,ALL_NDCH,NL,2020,96.34,,
ESTAT:ISOC_CI_IN_H(1.0),25/06/26 23:00:00,A,PC_HH,ALL_NDCH,NL,2021,98.30,,
ESTAT:ISOC_CI_IN_H(1.0),25/06/26 23:00:00,A,PC_HH,ALL_NDCH,NL,2022,98.16,,
ESTAT:ISOC_CI_IN_H(1.0),25/06/26 23:00:00,A,PC_HH,ALL_NDCH,NL,2023,98.75,,
ESTAT:ISOC_CI_IN_H(1.0),25/06/26 23:00:00,A,PC_HH,ALL_NDCH,NL,2024,98.87,,
ESTAT:ISOC_CI_IN_H(1.0),25/06/26 23:00:00,A,PC_HH,ALL_NDCH,NL,2025,99.15,,
ESTAT:ISOC_CI_IN_H(1.0),25/06/26 23:00:00,A,PC_HH,ALL_NDCH,NO,2003,52.04,,
ESTAT:ISOC_CI_IN_H(1.0),25/06/26 23:00:00,A,PC_HH,ALL_NDCH,NO,2004,49.40,,
ESTAT:ISOC_CI_IN_H(1.0),25/06/26 23:00:00,A,PC_HH,ALL_NDCH,NO,2005,58.13,,
ESTAT:ISOC_CI_IN_H(1.0),25/06/26 23:00:00,A,PC_HH,ALL_NDCH,NO,2006,62.56,,
ESTAT:ISOC_CI_IN_H(1.0),25/06/26 23:00:00,A,PC_HH,ALL_NDCH,NO,2007,71.83,,
ESTAT:ISOC_CI_IN_H(1.0),25/06/26 23:00:00,A,PC_HH,ALL_NDCH,NO,2008,76.99,,
ESTAT:ISOC_CI_IN_H(1.0),25/06/26 23:00:00,A,PC_HH,ALL_NDCH,NO,2009,79.85,,
ESTAT:ISOC_CI_IN_H(1.0),25/06/26 23:00:00,A,PC_HH,ALL_NDCH,NO,2010,85.94,,
ESTAT:ISOC_CI_IN_H(1.0),25/06/26 23:00:00,A,PC_HH,ALL_NDCH,NO,2011,89.08,,
ESTAT:ISOC_CI_IN_H(1.0),25/06/26 23:00:00,A,PC_HH,ALL_NDCH,NO,2012,89.79,,
ESTAT:ISOC_CI_IN_H(1.0),25/06/26 23:00:00,A,PC_HH,ALL_NDCH,NO,2013,92.54,,
ESTAT:ISOC_CI_IN_H(1.0),25/06/26 23:00:00,A,PC_HH,ALL_NDCH,NO,2014,90.92,,
ESTAT:ISOC_CI_IN_H(1.0),25/06/26 23:00:00,A,PC_HH,ALL_NDCH,NO,2015,95.86,,
ESTAT:ISOC_CI_IN_H(1.0),25/06/26 23:00:00,A,PC_HH,ALL_NDCH,NO,2016,96.12,,
ESTAT:ISOC_CI_IN_H(1.0),25/06/26 23:00:00,A,PC_HH,ALL_NDCH,NO,2017,95.69,,
ESTAT:ISOC_CI_IN_H(1.0),25/06/26 23:00:00,A,PC_HH,ALL_NDCH,NO,2018,94.84,,
ESTAT:ISOC_CI_IN_H(1.0),25/06/26 23:00:00,A,PC_HH,ALL_NDCH,NO,2019,97.89,,
ESTAT:ISOC_CI_IN_H(1.0),25/06/26 23:00:00,A,PC_HH,ALL_NDCH,NO,2020,95.06,,
ESTAT:ISOC_CI_IN_H(1.0),25/06/26 23:00:00,A,PC_HH,ALL_NDCH,NO,2021,98.74,,
ESTAT:ISOC_CI_IN_H(1.0),25/06/26 23:00:00,A,PC_HH,ALL_NDCH,NO,2022,98.71,,
ESTAT:ISOC_CI_IN_H(1.0),25/06/26 23:00:00,A,PC_HH,ALL_NDCH,NO,2023,99.01,,
ESTAT:ISOC_CI_IN_H(1.0),25/06/26 23:00:00,A,PC_HH,ALL_NDCH,NO,2024,97.97,,
ESTAT:ISOC_CI_IN_H(1.0),25/06/26 23:00:00,A,PC_HH,ALL_NDCH,NO,2025,98.99,,
ESTAT:ISOC_CI_IN_H(1.0),25/06/26 23:00:00,A,PC_HH,ALL_NDCH,PL,2004,18.68,,
ESTAT:ISOC_CI_IN_H(1.0),25/06/26 23:00:00,A,PC_HH,ALL_NDCH,PL,2005,27.10,,
ESTAT:ISOC_CI_IN_H(1.0),25/06/26 23:00:00,A,PC_HH,ALL_NDCH,PL,2006,30.74,,
ESTAT:ISOC_CI_IN_H(1.0),25/06/26 23:00:00,A,PC_HH,ALL_NDCH,PL,2007,35.36,,
ESTAT:ISOC_CI_IN_H(1.0),25/06/26 23:00:00,A,PC_HH,ALL_NDCH,PL,2008,40.91,,
ESTAT:ISOC_CI_IN_H(1.0),25/06/26 23:00:00,A,PC_HH,ALL_NDCH,PL,2009,50.09,,
ESTAT:ISOC_CI_IN_H(1.0),25/06/26 23:00:00,A,PC_HH,ALL_NDCH,PL,2010,53.72,,
ESTAT:ISOC_CI_IN_H(1.0),25/06/26 23:00:00,A,PC_HH,ALL_NDCH,PL,2011,56.00,,
ESTAT:ISOC_CI_IN_H(1.0),25/06/26 23:00:00,A,PC_HH,ALL_NDCH,PL,2012,60.00,,
ESTAT:ISOC_CI_IN_H(1.0),25/06/26 23:00:00,A,PC_HH,ALL_NDCH,PL,2013,61.17,,
ESTAT:ISOC_CI_IN_H(1.0),25/06/26 23:00:00,A,PC_HH,ALL_NDCH,PL,2014,65.17,,
ESTAT:ISOC_CI_IN_H(1.0),25/06/26 23:00:00,A,PC_HH,ALL_NDCH,PL,2015,66.48,,
ESTAT:ISOC_CI_IN_H(1.0),25/06/26 23:00:00,A,PC_HH,ALL_NDCH,PL,2016,71.90,,
ESTAT:ISOC_CI_IN_H(1.0),25/06/26 23:00:00,A,PC_HH,ALL_NDCH,PL,2017,73.27,,
ESTAT:ISOC_CI_IN_H(1.0),25/06/26 23:00:00,A,PC_HH,ALL_NDCH,PL,2018,77.00,,
ESTAT:ISOC_CI_IN_H(1.0),25/06/26 23:00:00,A,PC_HH,ALL_NDCH,PL,2019,80.44,,
ESTAT:ISOC_CI_IN_H(1.0),25/06/26 23:00:00,A,PC_HH,ALL_NDCH,PL,2020,85.94,,
ESTAT:ISOC_CI_IN_H(1.0),25/06/26 23:00:00,A,PC_HH,ALL_NDCH,PL,2021,88.84,,
ESTAT:ISOC_CI_IN_H(1.0),25/06/26 23:00:00,A,PC_HH,ALL_NDCH,PL,2022,90.46,,
ESTAT:ISOC_CI_IN_H(1.0),25/06/26 23:00:00,A,PC_HH,ALL_NDCH,PL,2023,90.32,,
ESTAT:ISOC_CI_IN_H(1.0),25/06/26 23:00:00,A,PC_HH,ALL_NDCH,PL,2024,94.25,,
ESTAT:ISOC_CI_IN_H(1.0),25/06/26 23:00:00,A,PC_HH,ALL_NDCH,PL,2025,94.95,,
ESTAT:ISOC_CI_IN_H(1.0),25/06/26 23:00:00,A,PC_HH,ALL_NDCH,PT,2003,13.75,,
ESTAT:ISOC_CI_IN_H(1.0),25/06/26 23:00:00,A,PC_HH,ALL_NDCH,PT,2004,16.32,,
ESTAT:ISOC_CI_IN_H(1.0),25/06/26 23:00:00,A,PC_HH,ALL_NDCH,PT,2005,28.67,,
ESTAT:ISOC_CI_IN_H(1.0),25/06/26 23:00:00,A,PC_HH,ALL_NDCH,PT,2006,30.04,,
ESTAT:ISOC_CI_IN_H(1.0),25/06/26 23:00:00,A,PC_HH,ALL_NDCH,PT,2007,33.48,,
ESTAT:ISOC_CI_IN_H(1.0),25/06/26 23:00:00,A,PC_HH,ALL_NDCH,PT,2008,38.98,,
ESTAT:ISOC_CI_IN_H(1.0),25/06/26 23:00:00,A,PC_HH,ALL_NDCH,PT,2009,38.62,,
ESTAT:ISOC_CI_IN_H(1.0),25/06/26 23:00:00,A,PC_HH,ALL_NDCH,PT,2010,44.44,,
ESTAT:ISOC_CI_IN_H(1.0),25/06/26 23:00:00,A,PC_HH,ALL_NDCH,PT,2011,49.01,,
ESTAT:ISOC_CI_IN_H(1.0),25/06/26 23:00:00,A,PC_HH,ALL_NDCH,PT,2012,51.82,,
ESTAT:ISOC_CI_IN_H(1.0),25/06/26 23:00:00,A,PC_HH,ALL_NDCH,PT,2013,52.81,,
ESTAT:ISOC_CI_IN_H(1.0),25/06/26 23:00:00,A,PC_HH,ALL_NDCH,PT,2014,55.74,,
ESTAT:ISOC_CI_IN_H(1.0),25/06/26 23:00:00,A,PC_HH,ALL_NDCH,PT,2015,61.87,,
ESTAT:ISOC_CI_IN_H(1.0),25/06/26 23:00:00,A,PC_HH,ALL_NDCH,PT,2016,66.05,,
ESTAT:ISOC_CI_IN_H(1.0),25/06/26 23:00:00,A,PC_HH,ALL_NDCH,PT,2017,70.22,,
ESTAT:ISOC_CI_IN_H(1.0),25/06/26 23:00:00,A,PC_HH,ALL_NDCH,PT,2018,74.56,,
ESTAT:ISOC_CI_IN_H(1.0),25/06/26 23:00:00,A,PC_HH,ALL_NDCH,PT,2019,76.50,,
ESTAT:ISOC_CI_IN_H(1.0),25/06/26 23:00:00,A,PC_HH,ALL_NDCH,PT,2020,80.78,,
ESTAT:ISOC_CI_IN_H(1.0),25/06/26 23:00:00,A,PC_HH,ALL_NDCH,PT,2021,84.82,,
ESTAT:ISOC_CI_IN_H(1.0),25/06/26 23:00:00,A,PC_HH,ALL_NDCH,PT,2022,85.72,,
ESTAT:ISOC_CI_IN_H(1.0),25/06/26 23:00:00,A,PC_HH,ALL_NDCH,PT,2023,86.86,,
ESTAT:ISOC_CI_IN_H(1.0),25/06/26 23:00:00,A,PC_HH,ALL_NDCH,PT,2024,88.64,,
ESTAT:ISOC_CI_IN_H(1.0),25/06/26 23:00:00,A,PC_HH,ALL_NDCH,PT,2025,89.24,,
ESTAT:ISOC_CI_IN_H(1.0),25/06/26 23:00:00,A,PC_HH,ALL_NDCH,RO,2006,12.24,,
ESTAT:ISOC_CI_IN_H(1.0),25/06/26 23:00:00,A,PC_HH,ALL_NDCH,RO,2007,19.84,,
ESTAT:ISOC_CI_IN_H(1.0),25/06/26 23:00:00,A,PC_HH,ALL_NDCH,RO,2008,25.79,,
ESTAT:ISOC_CI_IN_H(1.0),25/06/26 23:00:00,A,PC_HH,ALL_NDCH,RO,2009,32.73,,
ESTAT:ISOC_CI_IN_H(1.0),25/06/26 23:00:00,A,PC_HH,ALL_NDCH,RO,2010,36.94,,
ESTAT:ISOC_CI_IN_H(1.0),25/06/26 23:00:00,A,PC_HH,ALL_NDCH,RO,2011,40.42,,
ESTAT:ISOC_CI_IN_H(1.0),25/06/26 23:00:00,A,PC_HH,ALL_NDCH,RO,2012,49.61,,
ESTAT:ISOC_CI_IN_H(1.0),25/06/26 23:00:00,A,PC_HH,ALL_NDCH,RO,2013,53.64,,
ESTAT:ISOC_CI_IN_H(1.0),25/06/26 23:00:00,A,PC_HH,ALL_NDCH,RO,2014,54.14,b,
ESTAT:ISOC_CI_IN_H(1.0),25/06/26 23:00:00,A,PC_HH,ALL_NDCH,RO,2015,62.65,,
ESTAT:ISOC_CI_IN_H(1.0),25/06/26 23:00:00,A,PC_HH,ALL_NDCH,RO,2016,66.65,,
ESTAT:ISOC_CI_IN_H(1.0),25/06/26 23:00:00,A,PC_HH,ALL_NDCH,RO,2017,69.71,,
ESTAT:ISOC_CI_IN_H(1.0),25/06/26 23:00:00,A,PC_HH,ALL_NDCH,RO,2018,75.37,,
ESTAT:ISOC_CI_IN_H(1.0),25/06/26 23:00:00,A,PC_HH,ALL_NDCH,RO,2019,78.55,,
ESTAT:ISOC_CI_IN_H(1.0),25/06/26 23:00:00,A,PC_HH,ALL_NDCH,RO,2020,82.04,,
ESTAT:ISOC_CI_IN_H(1.0),25/06/26 23:00:00,A,PC_HH,ALL_NDCH,RO,2021,84.03,,
ESTAT:ISOC_CI_IN_H(1.0),25/06/26 23:00:00,A,PC_HH,ALL_NDCH,RO,2022,86.13,,
ESTAT:ISOC_CI_IN_H(1.0),25/06/26 23:00:00,A,PC_HH,ALL_NDCH,RO,2023,88.66,,
ESTAT:ISOC_CI_IN_H(1.0),25/06/26 23:00:00,A,PC_HH,ALL_NDCH,RO,2024,92.65,,
ESTAT:ISOC_CI_IN_H(1.0),25/06/26 23:00:00,A,PC_HH,ALL_NDCH,RO,2025,94.10,,
ESTAT:ISOC_CI_IN_H(1.0),25/06/26 23:00:00,A,PC_HH,ALL_NDCH,RS,2015,52.70,,
ESTAT:ISOC_CI_IN_H(1.0),25/06/26 23:00:00,A,PC_HH,ALL_NDCH,RS,2017,59.91,,
ESTAT:ISOC_CI_IN_H(1.0),25/06/26 23:00:00,A,PC_HH,ALL_NDCH,RS,2018,66.77,,
ESTAT:ISOC_CI_IN_H(1.0),25/06/26 23:00:00,A,PC_HH,ALL_NDCH,RS,2019,73.98,,
ESTAT:ISOC_CI_IN_H(1.0),25/06/26 23:00:00,A,PC_HH,ALL_NDCH,RS,2020,75.32,,
ESTAT:ISOC_CI_IN_H(1.0),25/06/26 23:00:00,A,PC_HH,ALL_NDCH,RS,2021,77.00,,
ESTAT:ISOC_CI_IN_H(1.0),25/06/26 23:00:00,A,PC_HH,ALL_NDCH,RS,2022,79.16,,
ESTAT:ISOC_CI_IN_H(1.0),25/06/26 23:00:00,A,PC_HH,ALL_NDCH,RS,2023,90.13,,
ESTAT:ISOC_CI_IN_H(1.0),25/06/26 23:00:00,A,PC_HH,ALL_NDCH,RS,2024,86.82,,
ESTAT:ISOC_CI_IN_H(1.0),25/06/26 23:00:00,A,PC_HH,ALL_NDCH,RS,2025,88.21,,
ESTAT:ISOC_CI_IN_H(1.0),25/06/26 23:00:00,A,PC_HH,ALL_NDCH,SE,2005,66.20,,
ESTAT:ISOC_CI_IN_H(1.0),25/06/26 23:00:00,A,PC_HH,ALL_NDCH,SE,2006,72.05,,
ESTAT:ISOC_CI_IN_H(1.0),25/06/26 23:00:00,A,PC_HH,ALL_NDCH,SE,2007,73.70,,
ESTAT:ISOC_CI_IN_H(1.0),25/06/26 23:00:00,A,PC_HH,ALL_NDCH,SE,2008,80.46,,
ESTAT:ISOC_CI_IN_H(1.0),25/06/26 23:00:00,A,PC_HH,ALL_NDCH,SE,2009,82.16,,
ESTAT:ISOC_CI_IN_H(1.0),25/06/26 23:00:00,A,PC_HH,ALL_NDCH,SE,2010,84.89,,
ESTAT:ISOC_CI_IN_H(1.0),25/06/26 23:00:00,A,PC_HH,ALL_NDCH,SE,2011,87.73,,
ESTAT:ISOC_CI_IN_H(1.0),25/06/26 23:00:00,A,PC_HH,ALL_NDCH,SE,2012,88.54,,
ESTAT:ISOC_CI_IN_H(1.0),25/06/26 23:00:00,A,PC_HH,ALL_NDCH,SE,2013,89.92,,
ESTAT:ISOC_CI_IN_H(1.0),25/06/26 23:00:00,A,PC_HH,ALL_NDCH,SE,2014,86.43,,
ESTAT:ISOC_CI_IN_H(1.0),25/06/26 23:00:00,A,PC_HH,ALL_NDCH,SE,2015,88.72,,
ESTAT:ISOC_CI_IN_H(1.0),25/06/26 23:00:00,A,PC_HH,ALL_NDCH,SE,2016,92.37,b,
ESTAT:ISOC_CI_IN_H(1.0),25/06/26 23:00:00,A,PC_HH,ALL_NDCH,SE,2017,93.27,,
ESTAT:ISOC_CI_IN_H(1.0),25/06/26 23:00:00,A,PC_HH,ALL_NDCH,SE,2018,91.26,,
ESTAT:ISOC_CI_IN_H(1.0),25/06/26 23:00:00,A,PC_HH,ALL_NDCH,SE,2019,95.00,,
ESTAT:ISOC_CI_IN_H(1.0),25/06/26 23:00:00,A,PC_HH,ALL_NDCH,SE,2020,92.03,,
ESTAT:ISOC_CI_IN_H(1.0),25/06/26 23:00:00,A,PC_HH,ALL_NDCH,SE,2021,92.57,,
ESTAT:ISOC_CI_IN_H(1.0),25/06/26 23:00:00,A,PC_HH,ALL_NDCH,SE,2022,93.59,,
ESTAT:ISOC_CI_IN_H(1.0),25/06/26 23:00:00,A,PC_HH,ALL_NDCH,SE,2023,94.18,,
ESTAT:ISOC_CI_IN_H(1.0),25/06/26 23:00:00,A,PC_HH,ALL_NDCH,SE,2024,95.09,,
ESTAT:ISOC_CI_IN_H(1.0),25/06/26 23:00:00,A,PC_HH,ALL_NDCH,SE,2025,95.18,,
ESTAT:ISOC_CI_IN_H(1.0),25/06/26 23:00:00,A,PC_HH,ALL_NDCH,SI,2004,27.99,,
ESTAT:ISOC_CI_IN_H(1.0),25/06/26 23:00:00,A,PC_HH,ALL_NDCH,SI,2005,,u,
ESTAT:ISOC_CI_IN_H(1.0),25/06/26 23:00:00,A,PC_HH,ALL_NDCH,SI,2006,46.50,,
ESTAT:ISOC_CI_IN_H(1.0),25/06/26 23:00:00,A,PC_HH,ALL_NDCH,SI,2007,48.35,,
ESTAT:ISOC_CI_IN_H(1.0),25/06/26 23:00:00,A,PC_HH,ALL_NDCH,SI,2008,49.53,,
ESTAT:ISOC_CI_IN_H(1.0),25/06/26 23:00:00,A,PC_HH,ALL_NDCH,SI,2009,55.74,,
ESTAT:ISOC_CI_IN_H(1.0),25/06/26 23:00:00,A,PC_HH,ALL_NDCH,SI,2010,58.71,,
ESTAT:ISOC_CI_IN_H(1.0),25/06/26 23:00:00,A,PC_HH,ALL_NDCH,SI,2011,65.20,,
ESTAT:ISOC_CI_IN_H(1.0),25/06/26 23:00:00,A,PC_HH,ALL_NDCH,SI,2012,66.28,,
ESTAT:ISOC_CI_IN_H(1.0),25/06/26 23:00:00,A,PC_HH,ALL_NDCH,SI,2013,68.53,,
ESTAT:ISOC_CI_IN_H(1.0),25/06/26 23:00:00,A,PC_HH,ALL_NDCH,SI,2014,70.00,,
ESTAT:ISOC_CI_IN_H(1.0),25/06/26 23:00:00,A,PC_HH,ALL_NDCH,SI,2015,70.08,,
ESTAT:ISOC_CI_IN_H(1.0),25/06/26 23:00:00,A,PC_HH,ALL_NDCH,SI,2016,71.71,,
ESTAT:ISOC_CI_IN_H(1.0),25/06/26 23:00:00,A,PC_HH,ALL_NDCH,SI,2017,75.38,,
ESTAT:ISOC_CI_IN_H(1.0),25/06/26 23:00:00,A,PC_HH,ALL_NDCH,SI,2018,81.69,,
ESTAT:ISOC_CI_IN_H(1.0),25/06/26 23:00:00,A,PC_HH,ALL_NDCH,SI,2019,85.44,,
ESTAT:ISOC_CI_IN_H(1.0),25/06/26 23:00:00,A,PC_HH,ALL_NDCH,SI,2020,86.75,,
ESTAT:ISOC_CI_IN_H(1.0),25/06/26 23:00:00,A,PC_HH,ALL_NDCH,SI,2021,91.27,,
ESTAT:ISOC_CI_IN_H(1.0),25/06/26 23:00:00,A,PC_HH,ALL_NDCH,SI,2022,90.17,,
ESTAT:ISOC_CI_IN_H(1.0),25/06/26 23:00:00,A,PC_HH,ALL_NDCH,SI,2023,91.72,,
ESTAT:ISOC_CI_IN_H(1.0),25/06/26 23:00:00,A,PC_HH,ALL_NDCH,SI,2024,92.20,,
ESTAT:ISOC_CI_IN_H(1.0),25/06/26 23:00:00,A,PC_HH,ALL_NDCH,SI,2025,91.51,,
ESTAT:ISOC_CI_IN_H(1.0),25/06/26 23:00:00,A,PC_HH,ALL_NDCH,SK,2004,18.79,,
ESTAT:ISOC_CI_IN_H(1.0),25/06/26 23:00:00,A,PC_HH,ALL_NDCH,SK,2005,16.70,,
ESTAT:ISOC_CI_IN_H(1.0),25/06/26 23:00:00,A,PC_HH,ALL_NDCH,SK,2006,22.98,,
ESTAT:ISOC_CI_IN_H(1.0),25/06/26 23:00:00,A,PC_HH,ALL_NDCH,SK,2007,39.28,,
ESTAT:ISOC_CI_IN_H(1.0),25/06/26 23:00:00,A,PC_HH,ALL_NDCH,SK,2008,50.71,,
ESTAT:ISOC_CI_IN_H(1.0),25/06/26 23:00:00,A,PC_HH,ALL_NDCH,SK,2009,53.97,,
ESTAT:ISOC_CI_IN_H(1.0),25/06/26 23:00:00,A,PC_HH,ALL_NDCH,SK,2010,59.87,,
ESTAT:ISOC_CI_IN_H(1.0),25/06/26 23:00:00,A,PC_HH,ALL_NDCH,SK,2011,63.41,,
ESTAT:ISOC_CI_IN_H(1.0),25/06/26 23:00:00,A,PC_HH,ALL_NDCH,SK,2012,68.75,,
ESTAT:ISOC_CI_IN_H(1.0),25/06/26 23:00:00,A,PC_HH,ALL_NDCH,SK,2013,71.20,,
ESTAT:ISOC_CI_IN_H(1.0),25/06/26 23:00:00,A,PC_HH,ALL_NDCH,SK,2014,71.63,,
ESTAT:ISOC_CI_IN_H(1.0),25/06/26 23:00:00,A,PC_HH,ALL_NDCH,SK,2015,73.47,,
ESTAT:ISOC_CI_IN_H(1.0),25/06/26 23:00:00,A,PC_HH,ALL_NDCH,SK,2016,75.06,,
ESTAT:ISOC_CI_IN_H(1.0),25/06/26 23:00:00,A,PC_HH,ALL_NDCH,SK,2017,75.53,,
ESTAT:ISOC_CI_IN_H(1.0),25/06/26 23:00:00,A,PC_HH,ALL_NDCH,SK,2018,76.07,,
ESTAT:ISOC_CI_IN_H(1.0),25/06/26 23:00:00,A,PC_HH,ALL_NDCH,SK,2019,77.10,,
ESTAT:ISOC_CI_IN_H(1.0),25/06/26 23:00:00,A,PC_HH,ALL_NDCH,SK,2020,83.68,,
ESTAT:ISOC_CI_IN_H(1.0),25/06/26 23:00:00,A,PC_HH,ALL_NDCH,SK,2021,87.07,,
ESTAT:ISOC_CI_IN_H(1.0),25/06/26 23:00:00,A,PC_HH,ALL_NDCH,SK,2022,87.25,,
ESTAT:ISOC_CI_IN_H(1.0),25/06/26 23:00:00,A,PC_HH,ALL_NDCH,SK,2023,87.37,,
ESTAT:ISOC_CI_IN_H(1.0),25/06/26 23:00:00,A,PC_HH,ALL_NDCH,SK,2024,88.13,,
ESTAT:ISOC_CI_IN_H(1.0),25/06/26 23:00:00,A,PC_HH,ALL_NDCH,SK,2025,90.79,,
ESTAT:ISOC_CI_IN_H(1.0),25/06/26 23:00:00,A,PC_HH,ALL_NDCH,TR,2004,6.07,,
ESTAT:ISOC_CI_IN_H(1.0),25/06/26 23:00:00,A,PC_HH,ALL_NDCH,TR,2007,19.49,,
ESTAT:ISOC_CI_IN_H(1.0),25/06/26 23:00:00,A,PC_HH,ALL_NDCH,TR,2008,25.75,,
ESTAT:ISOC_CI_IN_H(1.0),25/06/26 23:00:00,A,PC_HH,ALL_NDCH,TR,2009,29.80,,
ESTAT:ISOC_CI_IN_H(1.0),25/06/26 23:00:00,A,PC_HH,ALL_NDCH,TR,2010,40.51,,
ESTAT:ISOC_CI_IN_H(1.0),25/06/26 23:00:00,A,PC_HH,ALL_NDCH,TR,2012,45.85,,
ESTAT:ISOC_CI_IN_H(1.0),25/06/26 23:00:00,A,PC_HH,ALL_NDCH,TR,2013,46.06,,
ESTAT:ISOC_CI_IN_H(1.0),25/06/26 23:00:00,A,PC_HH,ALL_NDCH,TR,2020,85.32,,
ESTAT:ISOC_CI_IN_H(1.0),25/06/26 23:00:00,A,PC_HH,ALL_NDCH,TR,2022,90.35,,
ESTAT:ISOC_CI_IN_H(1.0),25/06/26 23:00:00,A,PC_HH,ALL_NDCH,TR,2023,92.64,,
ESTAT:ISOC_CI_IN_H(1.0),25/06/26 23:00:00,A,PC_HH,ALL_NDCH,TR,2024,94.24,,
ESTAT:ISOC_CI_IN_H(1.0),25/06/26 23:00:00,A,PC_HH,ALL_NDCH,TR,2025,93.85,,
ESTAT:ISOC_CI_IN_H(1.0),25/06/26 23:00:00,A,PC_HH,ALL_NDCH,UK,2002,42.98,,
ESTAT:ISOC_CI_IN_H(1.0),25/06/26 23:00:00,A,PC_HH,ALL_NDCH,UK,2003,48.58,,
ESTAT:ISOC_CI_IN_H(1.0),25/06/26 23:00:00,A,PC_HH,ALL_NDCH,UK,2004,48.07,,
ESTAT:ISOC_CI_IN_H(1.0),25/06/26 23:00:00,A,PC_HH,ALL_NDCH,UK,2005,54.67,,
ESTAT:ISOC_CI_IN_H(1.0),25/06/26 23:00:00,A,PC_HH,ALL_NDCH,UK,2006,56.73,,
ESTAT:ISOC_CI_IN_H(1.0),25/06/26 23:00:00,A,PC_HH,ALL_NDCH,UK,2007,63.11,,
ESTAT:ISOC_CI_IN_H(1.0),25/06/26 23:00:00,A,PC_HH,ALL_NDCH,UK,2008,66.85,,
ESTAT:ISOC_CI_IN_H(1.0),25/06/26 23:00:00,A,PC_HH,ALL_NDCH,UK,2009,71.63,,
ESTAT:ISOC_CI_IN_H(1.0),25/06/26 23:00:00,A,PC_HH,ALL_NDCH,UK,2010,74.88,,
ESTAT:ISOC_CI_IN_H(1.0),25/06/26 23:00:00,A,PC_HH,ALL_NDCH,UK,2011,77.97,,
ESTAT:ISOC_CI_IN_H(1.0),25/06/26 23:00:00,A,PC_HH,ALL_NDCH,UK,2012,83.39,,
ESTAT:ISOC_CI_IN_H(1.0),25/06/26 23:00:00,A,PC_HH,ALL_NDCH,UK,2013,88.05,,
ESTAT:ISOC_CI_IN_H(1.0),25/06/26 23:00:00,A,PC_HH,ALL_NDCH,UK,2014,87.65,,
ESTAT:ISOC_CI_IN_H(1.0),25/06/26 23:00:00,A,PC_HH,ALL_NDCH,UK,2015,88.79,,
ESTAT:ISOC_CI_IN_H(1.0),25/06/26 23:00:00,A,PC_HH,ALL_NDCH,UK,2016,91.34,,
ESTAT:ISOC_CI_IN_H(1.0),25/06/26 23:00:00,A,PC_HH,ALL_NDCH,UK,2017,92.27,,
ESTAT:ISOC_CI_IN_H(1.0),25/06/26 23:00:00,A,PC_HH,ALL_NDCH,UK,2018,92.87,,
ESTAT:ISOC_CI_IN_H(1.0),25/06/26 23:00:00,A,PC_HH,ALL_NDCH,UK,2019,94.31,,
ESTAT:ISOC_CI_IN_H(1.0),25/06/26 23:00:00,A,PC_HH,ALL_NDCH,UK,2020,96.17,,
ESTAT:ISOC_CI_IN_H(1.0),25/06/26 23:00:00,A,PC_HH,ALL_NDCH,XK,2017,87.60,,
ESTAT:ISOC_CI_IN_H(1.0),25/06/26 23:00:00,A,PC_HH,ALL_NDCH,XK,2018,92.13,,
ESTAT:ISOC_CI_IN_H(1.0),25/06/26 23:00:00,A,PC_HH,ALL_NDCH,XK,2019,92.19,,
ESTAT:ISOC_CI_IN_H(1.0),25/06/26 23:00:00,A,PC_HH,ALL_NDCH,XK,2020,95.01,,
ESTAT:ISOC_CI_IN_H(1.0),25/06/26 23:00:00,A,PC_HH,ALL_NDCH,XK,2024,98.41,,
ESTAT:ISOC_CI_IN_H(1.0),25/06/26 23:00:00,A,PC_HH,ALL_NDCH,XK,2025,99.09,,
ESTAT:ISOC_CI_IN_H(1.0),25/06/26 23:00:00,A,PC_HH,A_GE3,AL,2018,94.18,,
ESTAT:ISOC_CI_IN_H(1.0),25/06/26 23:00:00,A,PC_HH,A_GE3,AL,2020,94.66,,
ESTAT:ISOC_CI_IN_H(1.0),25/06/26 23:00:00,A,PC_HH,A_GE3,AL,2021,96.15,,
ESTAT:ISOC_CI_IN_H(1.0),25/06/26 23:00:00,A,PC_HH,A_GE3,AL,2022,99.94,,
ESTAT:ISOC_CI_IN_H(1.0),25/06/26 23:00:00,A,PC_HH,A_GE3,AL,2023,99.84,,
ESTAT:ISOC_CI_IN_H(1.0),25/06/26 23:00:00,A,PC_HH,A_GE3,AL,2024,99.94,,
ESTAT:ISOC_CI_IN_H(1.0),25/06/26 23:00:00,A,PC_HH,A_GE3,AL,2025,99.85,,
ESTAT:ISOC_CI_IN_H(1.0),25/06/26 23:00:00,A,PC_HH,A_GE3,AT,2002,43.17,,
ESTAT:ISOC_CI_IN_H(1.0),25/06/26 23:00:00,A,PC_HH,A_GE3,AT,2003,51.95,,
ESTAT:ISOC_CI_IN_H(1.0),25/06/26 23:00:00,A,PC_HH,A_GE3,AT,2004,50.75,,
ESTAT:ISOC_CI_IN_H(1.0),25/06/26 23:00:00,A,PC_HH,A_GE3,AT,2005,59.11,,
ESTAT:ISOC_CI_IN_H(1.0),25/06/26 23:00:00,A,PC_HH,A_GE3,AT,2006,68.44,,
ESTAT:ISOC_CI_IN_H(1.0),25/06/26 23:00:00,A,PC_HH,A_GE3,AT,2007,74.11,,
ESTAT:ISOC_CI_IN_H(1.0),25/06/26 23:00:00,A,PC_HH,A_GE3,AT,2008,84.52,,
ESTAT:ISOC_CI_IN_H(1.0),25/06/26 23:00:00,A,PC_HH,A_GE3,AT,2009,86.81,,
ESTAT:ISOC_CI_IN_H(1.0),25/06/26 23:00:00,A,PC_HH,A_GE3,AT,2010,89.53,,
ESTAT:ISOC_CI_IN_H(1.0),25/06/26 23:00:00,A,PC_HH,A_GE3,AT,2011,90.00,,
ESTAT:ISOC_CI_IN_H(1.0),25/06/26 23:00:00,A,PC_HH,A_GE3,AT,2012,90.34,,
ESTAT:ISOC_CI_IN_H(1.0),25/06/26 23:00:00,A,PC_HH,A_GE3,AT,2013,92.53,,
ESTAT:ISOC_CI_IN_H(1.0),25/06/26 23:00:00,A,PC_HH,A_GE3,AT,2014,91.56,,
ESTAT:ISOC_CI_IN_H(1.0),25/06/26 23:00:00,A,PC_HH,A_GE3,AT,2015,92.55,,
ESTAT:ISOC_CI_IN_H(1.0),25/06/26 23:00:00,A,PC_HH,A_GE3,AT,2016,94.25,,
ESTAT:ISOC_CI_IN_H(1.0),25/06/26 23:00:00,A,PC_HH,A_GE3,AT,2017,96.69,,
ESTAT:ISOC_CI_IN_H(1.0),25/06/26 23:00:00,A,PC_HH,A_GE3,AT,2018,93.33,,
ESTAT:ISOC_CI_IN_H(1.0),25/06/26 23:00:00,A,PC_HH,A_GE3,AT,2019,95.28,,
ESTAT:ISOC_CI_IN_H(1.0),25/06/26 23:00:00,A,PC_HH,A_GE3,AT,2020,97.16,,
ESTAT:ISOC_CI_IN_H(1.0),25/06/26 23:00:00,A,PC_HH,A_GE3,AT,2021,98.38,,
ESTAT:ISOC_CI_IN_H(1.0),25/06/26 23:00:00,A,PC_HH,A_GE3,AT,2022,98.65,,
ESTAT:ISOC_CI_IN_H(1.0),25/06/26 23:00:00,A,PC_HH,A_GE3,AT,2023,98.22,,
ESTAT:ISOC_CI_IN_H(1.0),25/06/26 23:00:00,A,PC_HH,A_GE3,AT,2024,98.20,,
ESTAT:ISOC_CI_IN_H(1.0),25/06/26 23:00:00,A,PC_HH,A_GE3,AT,2025,97.86,,
ESTAT:ISOC_CI_IN_H(1.0),25/06/26 23:00:00,A,PC_HH,A_GE3,BA,2018,81.85,,
ESTAT:ISOC_CI_IN_H(1.0),25/06/26 23:00:00,A,PC_HH,A_GE3,BA,2019,77.79,,
ESTAT:ISOC_CI_IN_H(1.0),25/06/26 23:00:00,A,PC_HH,A_GE3,BA,2020,85.49,,
ESTAT:ISOC_CI_IN_H(1.0),25/06/26 23:00:00,A,PC_HH,A_GE3,BA,2021,77.50,,
ESTAT:ISOC_CI_IN_H(1.0),25/06/26 23:00:00,A,PC_HH,A_GE3,BA,2023,90.90,,
ESTAT:ISOC_CI_IN_H(1.0),25/06/26 23:00:00,A,PC_HH,A_GE3,BA,2024,93.51,,
ESTAT:ISOC_CI_IN_H(1.0),25/06/26 23:00:00,A,PC_HH,A_GE3,BA,2025,94.77,,
ESTAT:ISOC_CI_IN_H(1.0),25/06/26 23:00:00,A,PC_HH,A_GE3,BE,2005,73.75,,
ESTAT:ISOC_CI_IN_H(1.0),25/06/26 23:00:00,A,PC_HH,A_GE3,BE,2006,78.48,,
ESTAT:ISOC_CI_IN_H(1.0),25/06/26 23:00:00,A,PC_HH,A_GE3,BE,2007,83.15,,
ESTAT:ISOC_CI_IN_H(1.0),25/06/26 23:00:00,A,PC_HH,A_GE3,BE,2008,86.28,,
ESTAT:ISOC_CI_IN_H(1.0),25/06/26 23:00:00,A,PC_HH,A_GE3,BE,2009,89.49,,
ESTAT:ISOC_CI_IN_H(1.0),25/06/26 23:00:00,A,PC_HH,A_GE3,BE,2010,92.17,,
ESTAT:ISOC_CI_IN_H(1.0),25/06/26 23:00:00,A,PC_HH,A_GE3,BE,2011,91.14,,
ESTAT:ISOC_CI_IN_H(1.0),25/06/26 23:00:00,A,PC_HH,A_GE3,BE,2012,92.77,,
ESTAT:ISOC_CI_IN_H(1.0),25/06/26 23:00:00,A,PC_HH,A_GE3,BE,2013,94.67,,
ESTAT:ISOC_CI_IN_H(1.0),25/06/26 23:00:00,A,PC_HH,A_GE3,BE,2014,94.71,,
ESTAT:ISOC_CI_IN_H(1.0),25/06/26 23:00:00,A,PC_HH,A_GE3,BE,2015,94.63,,
ESTAT:ISOC_CI_IN_H(1.0),25/06/26 23:00:00,A,PC_HH,A_GE3,BE,2016,95.31,,
ESTAT:ISOC_CI_IN_H(1.0),25/06/26 23:00:00,A,PC_HH,A_GE3,BE,2017,96.46,,
ESTAT:ISOC_CI_IN_H(1.0),25/06/26 23:00:00,A,PC_HH,A_GE3,BE,2018,95.92,,
ESTAT:ISOC_CI_IN_H(1.0),25/06/26 23:00:00,A,PC_HH,A_GE3,BE,2019,97.71,,
ESTAT:ISOC_CI_IN_H(1.0),25/06/26 23:00:00,A,PC_HH,A_GE3,BE,2020,97.92,,
ESTAT:ISOC_CI_IN_H(1.0),25/06/26 23:00:00,A,PC_HH,A_GE3,BE,2021,98.67,,
ESTAT:ISOC_CI_IN_H(1.0),25/06/26 23:00:00,A,PC_HH,A_GE3,BE,2022,98.63,,
ESTAT:ISOC_CI_IN_H(1.0),25/06/26 23:00:00,A,PC_HH,A_GE3,BE,2023,98.40,,
ESTAT:ISOC_CI_IN_H(1.0),25/06/26 23:00:00,A,PC_HH,A_GE3,BE,2024,98.87,,
ESTAT:ISOC_CI_IN_H(1.0),25/06/26 23:00:00,A,PC_HH,A_GE3,BE,2025,99.70,,
ESTAT:ISOC_CI_IN_H(1.0),25/06/26 23:00:00,A,PC_HH,A_GE3,BG,2004,15.74,,
ESTAT:ISOC_CI_IN_H(1.0),25/06/26 23:00:00,A,PC_HH,A_GE3,BG,2007,34.66,,
ESTAT:ISOC_CI_IN_H(1.0),25/06/26 23:00:00,A,PC_HH,A_GE3,BG,2008,44.48,,
ESTAT:ISOC_CI_IN_H(1.0),25/06/26 23:00:00,A,PC_HH,A_GE3,BG,2009,57.40,,
ESTAT:ISOC_CI_IN_H(1.0),25/06/26 23:00:00,A,PC_HH,A_GE3,BG,2010,58.51,,
ESTAT:ISOC_CI_IN_H(1.0),25/06/26 23:00:00,A,PC_HH,A_GE3,BG,2011,67.93,,
ESTAT:ISOC_CI_IN_H(1.0),25/06/26 23:00:00,A,PC_HH,A_GE3,BG,2012,71.03,,
ESTAT:ISOC_CI_IN_H(1.0),25/06/26 23:00:00,A,PC_HH,A_GE3,BG,2013,75.70,,
ESTAT:ISOC_CI_IN_H(1.0),25/06/26 23:00:00,A,PC_HH,A_GE3,BG,2014,81.32,,
ESTAT:ISOC_CI_IN_H(1.0),25/06/26 23:00:00,A,PC_HH,A_GE3,BG,2015,78.80,,
ESTAT:ISOC_CI_IN_H(1.0),25/06/26 23:00:00,A,PC_HH,A_GE3,BG,2016,84.41,,
ESTAT:ISOC_CI_IN_H(1.0),25/06/26 23:00:00,A,PC_HH,A_GE3,BG,2017,87.96,,
ESTAT:ISOC_CI_IN_H(1.0),25/06/26 23:00:00,A,PC_HH,A_GE3,BG,2018,91.09,,
ESTAT:ISOC_CI_IN_H(1.0),25/06/26 23:00:00,A,PC_HH,A_GE3,BG,2019,91.78,,
ESTAT:ISOC_CI_IN_H(1.0),25/06/26 23:00:00,A,PC_HH,A_GE3,BG,2020,93.15,,
ESTAT:ISOC_CI_IN_H(1.0),25/06/26 23:00:00,A,PC_HH,A_GE3,BG,2021,96.28,,
ESTAT:ISOC_CI_IN_H(1.0),25/06/26 23:00:00,A,PC_HH,A_GE3,BG,2022,96.69,,
ESTAT:ISOC_CI_IN_H(1.0),25/06/26 23:00:00,A,PC_HH,A_GE3,BG,2023,98.36,,
ESTAT:ISOC_CI_IN_H(1.0),25/06/26 23:00:00,A,PC_HH,A_GE3,BG,2024,96.35,,
ESTAT:ISOC_CI_IN_H(1.0),25/06/26 23:00:00,A,PC_HH,A_GE3,BG,2025,98.90,,
ESTAT:ISOC_CI_IN_H(1.0),25/06/26 23:00:00,A,PC_HH,A_GE3,CH,2014,97.35,,
ESTAT:ISOC_CI_IN_H(1.0),25/06/26 23:00:00,A,PC_HH,A_GE3,CH,2017,97.87,b,
ESTAT:ISOC_CI_IN_H(1.0),25/06/26 23:00:00,A,PC_HH,A_GE3,CH,2019,98.06,,
ESTAT:ISOC_CI_IN_H(1.0),25/06/26 23:00:00,A,PC_HH,A_GE3,CH,2021,99.75,,
ESTAT:ISOC_CI_IN_H(1.0),25/06/26 23:00:00,A,PC_HH,A_GE3,CH,2023,99.88,,
ESTAT:ISOC_CI_IN_H(1.0),25/06/26 23:00:00,A,PC_HH,A_GE3,CH,2025,99.13,,
ESTAT:ISOC_CI_IN_H(1.0),25/06/26 23:00:00,A,PC_HH,A_GE3,CY,2004,52.49,,
ESTAT:ISOC_CI_IN_H(1.0),25/06/26 23:00:00,A,PC_HH,A_GE3,CY,2005,49.80,,
ESTAT:ISOC_CI_IN_H(1.0),25/06/26 23:00:00,A,PC_HH,A_GE3,CY,2006,47.63,,
ESTAT:ISOC_CI_IN_H(1.0),25/06/26 23:00:00,A,PC_HH,A_GE3,CY,2007,53.76,,
ESTAT:ISOC_CI_IN_H(1.0),25/06/26 23:00:00,A,PC_HH,A_GE3,CY,2008,52.09,,
ESTAT:ISOC_CI_IN_H(1.0),25/06/26 23:00:00,A,PC_HH,A_GE3,CY,2009,65.27,,
ESTAT:ISOC_CI_IN_H(1.0),25/06/26 23:00:00,A,PC_HH,A_GE3,CY,2010,67.79,,
ESTAT:ISOC_CI_IN_H(1.0),25/06/26 23:00:00,A,PC_HH,A_GE3,CY,2011,77.93,,
ESTAT:ISOC_CI_IN_H(1.0),25/06/26 23:00:00,A,PC_HH,A_GE3,CY,2012,76.02,,
ESTAT:ISOC_CI_IN_H(1.0),25/06/26 23:00:00,A,PC_HH,A_GE3,CY,2013,81.10,,
ESTAT:ISOC_CI_IN_H(1.0),25/06/26 23:00:00,A,PC_HH,A_GE3,CY,2014,86.95,,
ESTAT:ISOC_CI_IN_H(1.0),25/06/26 23:00:00,A,PC_HH,A_GE3,CY,2015,85.96,,
ESTAT:ISOC_CI_IN_H(1.0),25/06/26 23:00:00,A,PC_HH,A_GE3,CY,2016,90.22,,
ESTAT:ISOC_CI_IN_H(1.0),25/06/26 23:00:00,A,PC_HH,A_GE3,CY,2017,92.39,,
ESTAT:ISOC_CI_IN_H(1.0),25/06/26 23:00:00,A,PC_HH,A_GE3,CY,2018,96.53,,
ESTAT:ISOC_CI_IN_H(1.0),25/06/26 23:00:00,A,PC_HH,A_GE3,CY,2019,97.15,,
ESTAT:ISOC_CI_IN_H(1.0),25/06/26 23:00:00,A,PC_HH,A_GE3,CY,2020,99.54,,
ESTAT:ISOC_CI_IN_H(1.0),25/06/26 23:00:00,A,PC_HH,A_GE3,CY,2021,98.28,,
ESTAT:ISOC_CI_IN_H(1.0),25/06/26 23:00:00,A,PC_HH,A_GE3,CY,2022,99.90,,
ESTAT:ISOC_CI_IN_H(1.0),25/06/26 23:00:00,A,PC_HH,A_GE3,CY,2023,98.30,,
ESTAT:ISOC_CI_IN_H(1.0),25/06/26 23:00:00,A,PC_HH,A_GE3,CY,2024,99.49,,
ESTAT:ISOC_CI_IN_H(1.0),25/06/26 23:00:00,A,PC_HH,A_GE3,CY,2025,98.19,,
ESTAT:ISOC_CI_IN_H(1.0),25/06/26 23:00:00,A,PC_HH,A_GE3,CZ,2004,21.30,,
ESTAT:ISOC_CI_IN_H(1.0),25/06/26 23:00:00,A,PC_HH,A_GE3,CZ,2005,24.41,,
ESTAT:ISOC_CI_IN_H(1.0),25/06/26 23:00:00,A,PC_HH,A_GE3,CZ,2006,30.65,,
ESTAT:ISOC_CI_IN_H(1.0),25/06/26 23:00:00,A,PC_HH,A_GE3,CZ,2007,50.74,,
ESTAT:ISOC_CI_IN_H(1.0),25/06/26 23:00:00,A,PC_HH,A_GE3,CZ,2008,66.40,,
ESTAT:ISOC_CI_IN_H(1.0),25/06/26 23:00:00,A,PC_HH,A_GE3,CZ,2009,63.84,,
ESTAT:ISOC_CI_IN_H(1.0),25/06/26 23:00:00,A,PC_HH,A_GE3,CZ,2010,79.81,,
ESTAT:ISOC_CI_IN_H(1.0),25/06/26 23:00:00,A,PC_HH,A_GE3,CZ,2011,85.13,,
ESTAT:ISOC_CI_IN_H(1.0),25/06/26 23:00:00,A,PC_HH,A_GE3,CZ,2012,88.04,,
ESTAT:ISOC_CI_IN_H(1.0),25/06/26 23:00:00,A,PC_HH,A_GE3,CZ,2013,87.15,,
ESTAT:ISOC_CI_IN_H(1.0),25/06/26 23:00:00,A,PC_HH,A_GE3,CZ,2014,91.42,,
ESTAT:ISOC_CI_IN_H(1.0),25/06/26 23:00:00,A,PC_HH,A_GE3,CZ,2015,91.15,,
ESTAT:ISOC_CI_IN_H(1.0),25/06/26 23:00:00,A,PC_HH,A_GE3,CZ,2016,93.49,,
ESTAT:ISOC_CI_IN_H(1.0),25/06/26 23:00:00,A,PC_HH,A_GE3,CZ,2017,95.41,,
ESTAT:ISOC_CI_IN_H(1.0),25/06/26 23:00:00,A,PC_HH,A_GE3,CZ,2018,96.09,,
ESTAT:ISOC_CI_IN_H(1.0),25/06/26 23:00:00,A,PC_HH,A_GE3,CZ,2019,96.82,,
ESTAT:ISOC_CI_IN_H(1.0),25/06/26 23:00:00,A,PC_HH,A_GE3,CZ,2020,97.01,,
ESTAT:ISOC_CI_IN_H(1.0),25/06/26 23:00:00,A,PC_HH,A_GE3,CZ,2021,96.77,,
ESTAT:ISOC_CI_IN_H(1.0),25/06/26 23:00:00,A,PC_HH,A_GE3,CZ,2022,99.12,,
ESTAT:ISOC_CI_IN_H(1.0),25/06/26 23:00:00,A,PC_HH,A_GE3,CZ,2023,97.58,,
ESTAT:ISOC_CI_IN_H(1.0),25/06/26 23:00:00,A,PC_HH,A_GE3,CZ,2024,98.90,,
ESTAT:ISOC_CI_IN_H(1.0),25/06/26 23:00:00,A,PC_HH,A_GE3,CZ,2025,97.92,,
ESTAT:ISOC_CI_IN_H(1.0),25/06/26 23:00:00,A,PC_HH,A_GE3,DE,2002,59.82,,
ESTAT:ISOC_CI_IN_H(1.0),25/06/26 23:00:00,A,PC_HH,A_GE3,DE,2003,77.15,,
ESTAT:ISOC_CI_IN_H(1.0),25/06/26 23:00:00,A,PC_HH,A_GE3,DE,2004,81.00,,
ESTAT:ISOC_CI_IN_H(1.0),25/06/26 23:00:00,A,PC_HH,A_GE3,DE,2005,85.09,,
ESTAT:ISOC_CI_IN_H(1.0),25/06/26 23:00:00,A,PC_HH,A_GE3,DE,2006,89.66,,
ESTAT:ISOC_CI_IN_H(1.0),25/06/26 23:00:00,A,PC_HH,A_GE3,DE,2007,91.91,,
ESTAT:ISOC_CI_IN_H(1.0),25/06/26 23:00:00,A,PC_HH,A_GE3,DE,2008,93.24,,
ESTAT:ISOC_CI_IN_H(1.0),25/06/26 23:00:00,A,PC_HH,A_GE3,DE,2009,93.80,,
ESTAT:ISOC_CI_IN_H(1.0),25/06/26 23:00:00,A,PC_HH,A_GE3,DE,2010,96.84,,
ESTAT:ISOC_CI_IN_H(1.0),25/06/26 23:00:00,A,PC_HH,A_GE3,DE,2011,97.28,,
ESTAT:ISOC_CI_IN_H(1.0),25/06/26 23:00:00,A,PC_HH,A_GE3,DE,2012,97.76,,
ESTAT:ISOC_CI_IN_H(1.0),25/06/26 23:00:00,A,PC_HH,A_GE3,DE,2013,98.63,,
ESTAT:ISOC_CI_IN_H(1.0),25/06/26 23:00:00,A,PC_HH,A_GE3,DE,2014,98.96,,
ESTAT:ISOC_CI_IN_H(1.0),25/06/26 23:00:00,A,PC_HH,A_GE3,DE,2015,99.07,,
ESTAT:ISOC_CI_IN_H(1.0),25/06/26 23:00:00,A,PC_HH,A_GE3,DE,2016,98.76,,
ESTAT:ISOC_CI_IN_H(1.0),25/06/26 23:00:00,A,PC_HH,A_GE3,DE,2017,99.32,,
ESTAT:ISOC_CI_IN_H(1.0),25/06/26 23:00:00,A,PC_HH,A_GE3,DE,2018,99.30,,
ESTAT:ISOC_CI_IN_H(1.0),25/06/26 23:00:00,A,PC_HH,A_GE3,DE,2019,99.57,,
ESTAT:ISOC_CI_IN_H(1.0),25/06/26 23:00:00,A,PC_HH,A_GE3,DE,2020,99.57,,
ESTAT:ISOC_CI_IN_H(1.0),25/06/26 23:00:00,A,PC_HH,A_GE3,DE,2021,97.56,b,
ESTAT:ISOC_CI_IN_H(1.0),25/06/26 23:00:00,A,PC_HH,A_GE3,DE,2022,96.38,,
ESTAT:ISOC_CI_IN_H(1.0),25/06/26 23:00:00,A,PC_HH,A_GE3,DE,2023,97.08,,
ESTAT:ISOC_CI_IN_H(1.0),25/06/26 23:00:00,A,PC_HH,A_GE3,DE,2024,96.46,,
ESTAT:ISOC_CI_IN_H(1.0),25/06/26 23:00:00,A,PC_HH,A_GE3,DE,2025,97.78,,
ESTAT:ISOC_CI_IN_H(1.0),25/06/26 23:00:00,A,PC_HH,A_GE3,DK,2007,95.47,,
ESTAT:ISOC_CI_IN_H(1.0),25/06/26 23:00:00,A,PC_HH,A_GE3,DK,2008,93.25,,
ESTAT:ISOC_CI_IN_H(1.0),25/06/26 23:00:00,A,PC_HH,A_GE3,DK,2009,94.13,,
ESTAT:ISOC_CI_IN_H(1.0),25/06/26 23:00:00,A,PC_HH,A_GE3,DK,2010,98.02,,
ESTAT:ISOC_CI_IN_H(1.0),25/06/26 23:00:00,A,PC_HH,A_GE3,DK,2011,96.98,,
ESTAT:ISOC_CI_IN_H(1.0),25/06/26 23:00:00,A,PC_HH,A_GE3,DK,2012,97.59,,
ESTAT:ISOC_CI_IN_H(1.0),25/06/26 23:00:00,A,PC_HH,A_GE3,DK,2013,96.95,,
ESTAT:ISOC_CI_IN_H(1.0),25/06/26 23:00:00,A,PC_HH,A_GE3,DK,2014,96.44,,
ESTAT:ISOC_CI_IN_H(1.0),25/06/26 23:00:00,A,PC_HH,A_GE3,DK,2015,93.69,,
ESTAT:ISOC_CI_IN_H(1.0),25/06/26 23:00:00,A,PC_HH,A_GE3,DK,2016,99.22,,
ESTAT:ISOC_CI_IN_H(1.0),25/06/26 23:00:00,A,PC_HH,A_GE3,DK,2017,98.72,,
ESTAT:ISOC_CI_IN_H(1.0),25/06/26 23:00:00,A,PC_HH,A_GE3,DK,2018,95.40,,
ESTAT:ISOC_CI_IN_H(1.0),25/06/26 23:00:00,A,PC_HH,A_GE3,DK,2019,98.82,,
ESTAT:ISOC_CI_IN_H(1.0),25/06/26 23:00:00,A,PC_HH,A_GE3,DK,2020,99.46,,
ESTAT:ISOC_CI_IN_H(1.0),25/06/26 23:00:00,A,PC_HH,A_GE3,DK,2021,98.27,,
ESTAT:ISOC_CI_IN_H(1.0),25/06/26 23:00:00,A,PC_HH,A_GE3,DK,2022,97.01,,
ESTAT:ISOC_CI_IN_H(1.0),25/06/26 23:00:00,A,PC_HH,A_GE3,DK,2023,98.26,,
ESTAT:ISOC_CI_IN_H(1.0),25/06/26 23:00:00,A,PC_HH,A_GE3,DK,2024,97.47,,
ESTAT:ISOC_CI_IN_H(1.0),25/06/26 23:00:00,A,PC_HH,A_GE3,DK,2025,98.00,,
ESTAT:ISOC_CI_IN_H(1.0),25/06/26 23:00:00,A,PC_HH,A_GE3,EA,2005,59.65,,
ESTAT:ISOC_CI_IN_H(1.0),25/06/26 23:00:00,A,PC_HH,A_GE3,EA,2006,63.46,,
ESTAT:ISOC_CI_IN_H(1.0),25/06/26 23:00:00,A,PC_HH,A_GE3,EA,2007,68.77,,
ESTAT:ISOC_CI_IN_H(1.0),25/06/26 23:00:00,A,PC_HH,A_GE3,EA,2008,72.76,,
ESTAT:ISOC_CI_IN_H(1.0),25/06/26 23:00:00,A,PC_HH,A_GE3,EA,2009,77.07,,
ESTAT:ISOC_CI_IN_H(1.0),25/06/26 23:00:00,A,PC_HH,A_GE3,EA,2010,81.26,,
ESTAT:ISOC_CI_IN_H(1.0),25/06/26 23:00:00,A,PC_HH,A_GE3,EA,2011,83.72,,
ESTAT:ISOC_CI_IN_H(1.0),25/06/26 23:00:00,A,PC_HH,A_GE3,EA,2012,86.01,,
ESTAT:ISOC_CI_IN_H(1.0),25/06/26 23:00:00,A,PC_HH,A_GE3,EA,2013,88.34,,
ESTAT:ISOC_CI_IN_H(1.0),25/06/26 23:00:00,A,PC_HH,A_GE3,EA,2014,90.70,,
ESTAT:ISOC_CI_IN_H(1.0),25/06/26 23:00:00,A,PC_HH,A_GE3,EA,2015,92.02,,
ESTAT:ISOC_CI_IN_H(1.0),25/06/26 23:00:00,A,PC_HH,A_GE3,EA,2016,93.15,,
ESTAT:ISOC_CI_IN_H(1.0),25/06/26 23:00:00,A,PC_HH,A_GE3,EA,2017,93.95,,
ESTAT:ISOC_CI_IN_H(1.0),25/06/26 23:00:00,A,PC_HH,A_GE3,EA,2018,94.92,,
ESTAT:ISOC_CI_IN_H(1.0),25/06/26 23:00:00,A,PC_HH,A_GE3,EA,2019,95.45,,
ESTAT:ISOC_CI_IN_H(1.0),25/06/26 23:00:00,A,PC_HH,A_GE3,EA,2020,96.58,e,
ESTAT:ISOC_CI_IN_H(1.0),25/06/26 23:00:00,A,PC_HH,A_GE3,EA,2021,97.47,b,
ESTAT:ISOC_CI_IN_H(1.0),25/06/26 23:00:00,A,PC_HH,A_GE3,EA,2022,97.59,,
ESTAT:ISOC_CI_IN_H(1.0),25/06/26 23:00:00,A,PC_HH,A_GE3,EA,2023,97.47,,
ESTAT:ISOC_CI_IN_H(1.0),25/06/26 23:00:00,A,PC_HH,A_GE3,EA,2024,97.49,,
ESTAT:ISOC_CI_IN_H(1.0),25/06/26 23:00:00,A,PC_HH,A_GE3,EA,2025,98.18,,
ESTAT:ISOC_CI_IN_H(1.0),25/06/26 23:00:00,A,PC_HH,A_GE3,EE,2004,26.07,,
ESTAT:ISOC_CI_IN_H(1.0),25/06/26 23:00:00,A,PC_HH,A_GE3,EE,2005,58.80,,
ESTAT:ISOC_CI_IN_H(1.0),25/06/26 23:00:00,A,PC_HH,A_GE3,EE,2006,63.37,,
ESTAT:ISOC_CI_IN_H(1.0),25/06/26 23:00:00,A,PC_HH,A_GE3,EE,2007,72.27,,
ESTAT:ISOC_CI_IN_H(1.0),25/06/26 23:00:00,A,PC_HH,A_GE3,EE,2008,78.61,,
ESTAT:ISOC_CI_IN_H(1.0),25/06/26 23:00:00,A,PC_HH,A_GE3,EE,2009,82.25,,
ESTAT:ISOC_CI_IN_H(1.0),25/06/26 23:00:00,A,PC_HH,A_GE3,EE,2010,87.77,,
ESTAT:ISOC_CI_IN_H(1.0),25/06/26 23:00:00,A,PC_HH,A_GE3,EE,2011,88.93,,
ESTAT:ISOC_CI_IN_H(1.0),25/06/26 23:00:00,A,PC_HH,A_GE3,EE,2012,89.66,,
ESTAT:ISOC_CI_IN_H(1.0),25/06/26 23:00:00,A,PC_HH,A_GE3,EE,2013,92.98,,
ESTAT:ISOC_CI_IN_H(1.0),25/06/26 23:00:00,A,PC_HH,A_GE3,EE,2014,95.51,b,
ESTAT:ISOC_CI_IN_H(1.0),25/06/26 23:00:00,A,PC_HH,A_GE3,EE,2015,96.83,,
ESTAT:ISOC_CI_IN_H(1.0),25/06/26 23:00:00,A,PC_HH,A_GE3,EE,2016,97.30,,
ESTAT:ISOC_CI_IN_H(1.0),25/06/26 23:00:00,A,PC_HH,A_GE3,EE,2017,97.34,,
ESTAT:ISOC_CI_IN_H(1.0),25/06/26 23:00:00,A,PC_HH,A_GE3,EE,2018,95.80,,
ESTAT:ISOC_CI_IN_H(1.0),25/06/26 23:00:00,A,PC_HH,A_GE3,EE,2019,97.79,,
ESTAT:ISOC_CI_IN_H(1.0),25/06/26 23:00:00,A,PC_HH,A_GE3,EE,2020,96.93,,
ESTAT:ISOC_CI_IN_H(1.0),25/06/26 23:00:00,A,PC_HH,A_GE3,EE,2021,98.45,,
ESTAT:ISOC_CI_IN_H(1.0),25/06/26 23:00:00,A,PC_HH,A_GE3,EE,2022,98.61,,
ESTAT:ISOC_CI_IN_H(1.0),25/06/26 23:00:00,A,PC_HH,A_GE3,EE,2023,98.50,,
ESTAT:ISOC_CI_IN_H(1.0),25/06/26 23:00:00,A,PC_HH,A_GE3,EE,2024,98.36,,
ESTAT:ISOC_CI_IN_H(1.0),25/06/26 23:00:00,A,PC_HH,A_GE3,EE,2025,99.41,,
ESTAT:ISOC_CI_IN_H(1.0),25/06/26 23:00:00,A,PC_HH,A_GE3,EL,2002,10.59,,
ESTAT:ISOC_CI_IN_H(1.0),25/06/26 23:00:00,A,PC_HH,A_GE3,EL,2003,16.65,,
ESTAT:ISOC_CI_IN_H(1.0),25/06/26 23:00:00,A,PC_HH,A_GE3,EL,2004,18.77,,
ESTAT:ISOC_CI_IN_H(1.0),25/06/26 23:00:00,A,PC_HH,A_GE3,EL,2005,29.57,,
ESTAT:ISOC_CI_IN_H(1.0),25/06/26 23:00:00,A,PC_HH,A_GE3,EL,2006,32.70,,
ESTAT:ISOC_CI_IN_H(1.0),25/06/26 23:00:00,A,PC_HH,A_GE3,EL,2007,35.56,,
ESTAT:ISOC_CI_IN_H(1.0),25/06/26 23:00:00,A,PC_HH,A_GE3,EL,2008,41.57,,
ESTAT:ISOC_CI_IN_H(1.0),25/06/26 23:00:00,A,PC_HH,A_GE3,EL,2009,53.13,,
ESTAT:ISOC_CI_IN_H(1.0),25/06/26 23:00:00,A,PC_HH,A_GE3,EL,2010,58.90,,
ESTAT:ISOC_CI_IN_H(1.0),25/06/26 23:00:00,A,PC_HH,A_GE3,EL,2011,62.94,,
ESTAT:ISOC_CI_IN_H(1.0),25/06/26 23:00:00,A,PC_HH,A_GE3,EL,2012,71.29,,
ESTAT:ISOC_CI_IN_H(1.0),25/06/26 23:00:00,A,PC_HH,A_GE3,EL,2013,72.44,,
ESTAT:ISOC_CI_IN_H(1.0),25/06/26 23:00:00,A,PC_HH,A_GE3,EL,2014,77.31,,
ESTAT:ISOC_CI_IN_H(1.0),25/06/26 23:00:00,A,PC_HH,A_GE3,EL,2015,81.47,,
ESTAT:ISOC_CI_IN_H(1.0),25/06/26 23:00:00,A,PC_HH,A_GE3,EL,2016,83.19,,
ESTAT:ISOC_CI_IN_H(1.0),25/06/26 23:00:00,A,PC_HH,A_GE3,EL,2017,84.10,,
ESTAT:ISOC_CI_IN_H(1.0),25/06/26 23:00:00,A,PC_HH,A_GE3,EL,2018,88.81,,
ESTAT:ISOC_CI_IN_H(1.0),25/06/26 23:00:00,A,PC_HH,A_GE3,EL,2019,90.41,,
ESTAT:ISOC_CI_IN_H(1.0),25/06/26 23:00:00,A,PC_HH,A_GE3,EL,2020,93.15,,
ESTAT:ISOC_CI_IN_H(1.0),25/06/26 23:00:00,A,PC_HH,A_GE3,EL,2021,93.87,,
ESTAT:ISOC_CI_IN_H(1.0),25/06/26 23:00:00,A,PC_HH,A_GE3,EL,2022,95.35,,
ESTAT:ISOC_CI_IN_H(1.0),25/06/26 23:00:00,A,PC_HH,A_GE3,EL,2023,95.96,,
ESTAT:ISOC_CI_IN_H(1.0),25/06/26 23:00:00,A,PC_HH,A_GE3,EL,2024,93.98,,
ESTAT:ISOC_CI_IN_H(1.0),25/06/26 23:00:00,A,PC_HH,A_GE3,EL,2025,95.91,,
ESTAT:ISOC_CI_IN_H(1.0),25/06/26 23:00:00,A,PC_HH,A_GE3,ES,2005,44.93,,
ESTAT:ISOC_CI_IN_H(1.0),25/06/26 23:00:00,A,PC_HH,A_GE3,ES,2006,50.43,,
ESTAT:ISOC_CI_IN_H(1.0),25/06/26 23:00:00,A,PC_HH,A_GE3,ES,2007,57.51,,
ESTAT:ISOC_CI_IN_H(1.0),25/06/26 23:00:00,A,PC_HH,A_GE3,ES,2008,62.89,,
ESTAT:ISOC_CI_IN_H(1.0),25/06/26 23:00:00,A,PC_HH,A_GE3,ES,2009,65.90,,
ESTAT:ISOC_CI_IN_H(1.0),25/06/26 23:00:00,A,PC_HH,A_GE3,ES,2010,70.78,,
ESTAT:ISOC_CI_IN_H(1.0),25/06/26 23:00:00,A,PC_HH,A_GE3,ES,2011,76.29,,
ESTAT:ISOC_CI_IN_H(1.0),25/06/26 23:00:00,A,PC_HH,A_GE3,ES,2012,79.63,,
ESTAT:ISOC_CI_IN_H(1.0),25/06/26 23:00:00,A,PC_HH,A_GE3,ES,2013,81.54,,
ESTAT:ISOC_CI_IN_H(1.0),25/06/26 23:00:00,A,PC_HH,A_GE3,ES,2014,85.08,,
ESTAT:ISOC_CI_IN_H(1.0),25/06/26 23:00:00,A,PC_HH,A_GE3,ES,2015,88.09,,
ESTAT:ISOC_CI_IN_H(1.0),25/06/26 23:00:00,A,PC_HH,A_GE3,ES,2016,91.13,,
ESTAT:ISOC_CI_IN_H(1.0),25/06/26 23:00:00,A,PC_HH,A_GE3,ES,2017,91.59,,
ESTAT:ISOC_CI_IN_H(1.0),25/06/26 23:00:00,A,PC_HH,A_GE3,ES,2018,93.26,,
ESTAT:ISOC_CI_IN_H(1.0),25/06/26 23:00:00,A,PC_HH,A_GE3,ES,2019,95.30,,
ESTAT:ISOC_CI_IN_H(1.0),25/06/26 23:00:00,A,PC_HH,A_GE3,ES,2020,97.82,,
ESTAT:ISOC_CI_IN_H(1.0),25/06/26 23:00:00,A,PC_HH,A_GE3,ES,2021,97.80,,
ESTAT:ISOC_CI_IN_H(1.0),25/06/26 23:00:00,A,PC_HH,A_GE3,ES,2022,98.18,,
ESTAT:ISOC_CI_IN_H(1.0),25/06/26 23:00:00,A,PC_HH,A_GE3,ES,2023,97.98,,
ESTAT:ISOC_CI_IN_H(1.0),25/06/26 23:00:00,A,PC_HH,A_GE3,ES,2024,98.41,,
ESTAT:ISOC_CI_IN_H(1.0),25/06/26 23:00:00,A,PC_HH,A_GE3,ES,2025,98.82,,
ESTAT:ISOC_CI_IN_H(1.0),25/06/26 23:00:00,A,PC_HH,A_GE3,EU15,2003,50.99,,
ESTAT:ISOC_CI_IN_H(1.0),25/06/26 23:00:00,A,PC_HH,A_GE3,EU15,2004,57.90,,
ESTAT:ISOC_CI_IN_H(1.0),25/06/26 23:00:00,A,PC_HH,A_GE3,EU15,2005,61.85,,
ESTAT:ISOC_CI_IN_H(1.0),25/06/26 23:00:00,A,PC_HH,A_GE3,EU15,2006,65.35,,
ESTAT:ISOC_CI_IN_H(1.0),25/06/26 23:00:00,A,PC_HH,A_GE3,EU15,2007,70.36,,
ESTAT:ISOC_CI_IN_H(1.0),25/06/26 23:00:00,A,PC_HH,A_GE3,EU15,2008,74.80,,
ESTAT:ISOC_CI_IN_H(1.0),25/06/26 23:00:00,A,PC_HH,A_GE3,EU15,2009,78.91,,
ESTAT:ISOC_CI_IN_H(1.0),25/06/26 23:00:00,A,PC_HH,A_GE3,EU15,2010,82.88,,
ESTAT:ISOC_CI_IN_H(1.0),25/06/26 23:00:00,A,PC_HH,A_GE3,EU15,2011,85.30,,
ESTAT:ISOC_CI_IN_H(1.0),25/06/26 23:00:00,A,PC_HH,A_GE3,EU15,2012,87.82,,
ESTAT:ISOC_CI_IN_H(1.0),25/06/26 23:00:00,A,PC_HH,A_GE3,EU15,2013,88.45,,
ESTAT:ISOC_CI_IN_H(1.0),25/06/26 23:00:00,A,PC_HH,A_GE3,EU15,2014,91.70,,
ESTAT:ISOC_CI_IN_H(1.0),25/06/26 23:00:00,A,PC_HH,A_GE3,EU15,2015,93.04,,
ESTAT:ISOC_CI_IN_H(1.0),25/06/26 23:00:00,A,PC_HH,A_GE3,EU15,2016,94.18,,
ESTAT:ISOC_CI_IN_H(1.0),25/06/26 23:00:00,A,PC_HH,A_GE3,EU15,2017,95.01,,
ESTAT:ISOC_CI_IN_H(1.0),25/06/26 23:00:00,A,PC_HH,A_GE3,EU15,2018,95.48,,
ESTAT:ISOC_CI_IN_H(1.0),25/06/26 23:00:00,A,PC_HH,A_GE3,EU25,2004,52.13,,
ESTAT:ISOC_CI_IN_H(1.0),25/06/26 23:00:00,A,PC_HH,A_GE3,EU25,2005,57.20,,
ESTAT:ISOC_CI_IN_H(1.0),25/06/26 23:00:00,A,PC_HH,A_GE3,EU25,2006,61.72,,
ESTAT:ISOC_CI_IN_H(1.0),25/06/26 23:00:00,A,PC_HH,A_GE3,EU25,2007,68.19,,
ESTAT:ISOC_CI_IN_H(1.0),25/06/26 23:00:00,A,PC_HH,A_GE3,EU25,2008,73.54,,
ESTAT:ISOC_CI_IN_H(1.0),25/06/26 23:00:00,A,PC_HH,A_GE3,EU25,2009,78.52,,
ESTAT:ISOC_CI_IN_H(1.0),25/06/26 23:00:00,A,PC_HH,A_GE3,EU25,2010,82.61,,
ESTAT:ISOC_CI_IN_H(1.0),25/06/26 23:00:00,A,PC_HH,A_GE3,EU27_2007,2004,50.57,,
ESTAT:ISOC_CI_IN_H(1.0),25/06/26 23:00:00,A,PC_HH,A_GE3,EU27_2007,2005,57.20,,
ESTAT:ISOC_CI_IN_H(1.0),25/06/26 23:00:00,A,PC_HH,A_GE3,EU27_2007,2006,60.29,,
ESTAT:ISOC_CI_IN_H(1.0),25/06/26 23:00:00,A,PC_HH,A_GE3,EU27_2007,2007,66.20,,
ESTAT:ISOC_CI_IN_H(1.0),25/06/26 23:00:00,A,PC_HH,A_GE3,EU27_2007,2008,71.68,,
ESTAT:ISOC_CI_IN_H(1.0),25/06/26 23:00:00,A,PC_HH,A_GE3,EU27_2007,2009,77.00,,
ESTAT:ISOC_CI_IN_H(1.0),25/06/26 23:00:00,A,PC_HH,A_GE3,EU27_2007,2010,81.14,,
ESTAT:ISOC_CI_IN_H(1.0),25/06/26 23:00:00,A,PC_HH,A_GE3,EU27_2007,2011,84.00,,
ESTAT:ISOC_CI_IN_H(1.0),25/06/26 23:00:00,A,PC_HH,A_GE3,EU27_2007,2012,86.26,,
ESTAT:ISOC_CI_IN_H(1.0),25/06/26 23:00:00,A,PC_HH,A_GE3,EU27_2007,2013,87.09,,
ESTAT:ISOC_CI_IN_H(1.0),25/06/26 23:00:00,A,PC_HH,A_GE3,EU27_2007,2014,90.53,,
ESTAT:ISOC_CI_IN_H(1.0),25/06/26 23:00:00,A,PC_HH,A_GE3,EU27_2007,2015,92.17,,
ESTAT:ISOC_CI_IN_H(1.0),25/06/26 23:00:00,A,PC_HH,A_GE3,EU27_2007,2016,93.52,,
ESTAT:ISOC_CI_IN_H(1.0),25/06/26 23:00:00,A,PC_HH,A_GE3,EU27_2007,2017,94.53,,
ESTAT:ISOC_CI_IN_H(1.0),25/06/26 23:00:00,A,PC_HH,A_GE3,EU27_2007,2018,95.19,,
ESTAT:ISOC_CI_IN_H(1.0),25/06/26 23:00:00,A,PC_HH,A_GE3,EU27_2020,2007,64.90,,
ESTAT:ISOC_CI_IN_H(1.0),25/06/26 23:00:00,A,PC_HH,A_GE3,EU27_2020,2008,70.16,,
ESTAT:ISOC_CI_IN_H(1.0),25/06/26 23:00:00,A,PC_HH,A_GE3,EU27_2020,2009,75.57,,
ESTAT:ISOC_CI_IN_H(1.0),25/06/26 23:00:00,A,PC_HH,A_GE3,EU27_2020,2010,79.97,,
ESTAT:ISOC_CI_IN_H(1.0),25/06/26 23:00:00,A,PC_HH,A_GE3,EU27_2020,2011,82.87,,
ESTAT:ISOC_CI_IN_H(1.0),25/06/26 23:00:00,A,PC_HH,A_GE3,EU27_2020,2012,84.95,,
ESTAT:ISOC_CI_IN_H(1.0),25/06/26 23:00:00,A,PC_HH,A_GE3,EU27_2020,2013,87.00,,
ESTAT:ISOC_CI_IN_H(1.0),25/06/26 23:00:00,A,PC_HH,A_GE3,EU27_2020,2014,89.72,,
ESTAT:ISOC_CI_IN_H(1.0),25/06/26 23:00:00,A,PC_HH,A_GE3,EU27_2020,2015,91.31,,
ESTAT:ISOC_CI_IN_H(1.0),25/06/26 23:00:00,A,PC_HH,A_GE3,EU27_2020,2016,92.76,,
ESTAT:ISOC_CI_IN_H(1.0),25/06/26 23:00:00,A,PC_HH,A_GE3,EU27_2020,2017,93.82,,
ESTAT:ISOC_CI_IN_H(1.0),25/06/26 23:00:00,A,PC_HH,A_GE3,EU27_2020,2018,94.80,,
ESTAT:ISOC_CI_IN_H(1.0),25/06/26 23:00:00,A,PC_HH,A_GE3,EU27_2020,2019,95.61,,
ESTAT:ISOC_CI_IN_H(1.0),25/06/26 23:00:00,A,PC_HH,A_GE3,EU27_2020,2020,96.68,e,
ESTAT:ISOC_CI_IN_H(1.0),25/06/26 23:00:00,A,PC_HH,A_GE3,EU27_2020,2021,97.53,b,
ESTAT:ISOC_CI_IN_H(1.0),25/06/26 23:00:00,A,PC_HH,A_GE3,EU27_2020,2022,97.65,,
ESTAT:ISOC_CI_IN_H(1.0),25/06/26 23:00:00,A,PC_HH,A_GE3,EU27_2020,2023,97.58,,
ESTAT:ISOC_CI_IN_H(1.0),25/06/26 23:00:00,A,PC_HH,A_GE3,EU27_2020,2024,97.78,,
ESTAT:ISOC_CI_IN_H(1.0),25/06/26 23:00:00,A,PC_HH,A_GE3,EU27_2020,2025,98.14,,
ESTAT:ISOC_CI_IN_H(1.0),25/06/26 23:00:00,A,PC_HH,A_GE3,EU28,2007,66.05,,
ESTAT:ISOC_CI_IN_H(1.0),25/06/26 23:00:00,A,PC_HH,A_GE3,EU28,2008,71.52,,
ESTAT:ISOC_CI_IN_H(1.0),25/06/26 23:00:00,A,PC_HH,A_GE3,EU28,2009,76.85,,
ESTAT:ISOC_CI_IN_H(1.0),25/06/26 23:00:00,A,PC_HH,A_GE3,EU28,2010,81.08,,
ESTAT:ISOC_CI_IN_H(1.0),25/06/26 23:00:00,A,PC_HH,A_GE3,EU28,2011,83.94,,
ESTAT:ISOC_CI_IN_H(1.0),25/06/26 23:00:00,A,PC_HH,A_GE3,EU28,2012,86.26,,
ESTAT:ISOC_CI_IN_H(1.0),25/06/26 23:00:00,A,PC_HH,A_GE3,EU28,2013,87.09,,
ESTAT:ISOC_CI_IN_H(1.0),25/06/26 23:00:00,A,PC_HH,A_GE3,EU28,2014,90.46,,
ESTAT:ISOC_CI_IN_H(1.0),25/06/26 23:00:00,A,PC_HH,A_GE3,EU28,2015,92.10,,
ESTAT:ISOC_CI_IN_H(1.0),25/06/26 23:00:00,A,PC_HH,A_GE3,EU28,2016,93.45,,
ESTAT:ISOC_CI_IN_H(1.0),25/06/26 23:00:00,A,PC_HH,A_GE3,EU28,2017,94.47,,
ESTAT:ISOC_CI_IN_H(1.0),25/06/26 23:00:00,A,PC_HH,A_GE3,EU28,2018,95.15,,
ESTAT:ISOC_CI_IN_H(1.0),25/06/26 23:00:00,A,PC_HH,A_GE3,EU28,2019,95.99,,
ESTAT:ISOC_CI_IN_H(1.0),25/06/26 23:00:00,A,PC_HH,A_GE3,FI,2002,68.15,,
ESTAT:ISOC_CI_IN_H(1.0),25/06/26 23:00:00,A,PC_HH,A_GE3,FI,2003,66.27,,
ESTAT:ISOC_CI_IN_H(1.0),25/06/26 23:00:00,A,PC_HH,A_GE3,FI,2004,65.95,,
ESTAT:ISOC_CI_IN_H(1.0),25/06/26 23:00:00,A,PC_HH,A_GE3,FI,2005,74.90,,
ESTAT:ISOC_CI_IN_H(1.0),25/06/26 23:00:00,A,PC_HH,A_GE3,FI,2006,79.74,,
ESTAT:ISOC_CI_IN_H(1.0),25/06/26 23:00:00,A,PC_HH,A_GE3,FI,2007,88.72,,
ESTAT:ISOC_CI_IN_H(1.0),25/06/26 23:00:00,A,PC_HH,A_GE3,FI,2008,91.59,,
ESTAT:ISOC_CI_IN_H(1.0),25/06/26 23:00:00,A,PC_HH,A_GE3,FI,2009,91.68,,
ESTAT:ISOC_CI_IN_H(1.0),25/06/26 23:00:00,A,PC_HH,A_GE3,FI,2010,92.29,,
ESTAT:ISOC_CI_IN_H(1.0),25/06/26 23:00:00,A,PC_HH,A_GE3,FI,2011,96.26,,
ESTAT:ISOC_CI_IN_H(1.0),25/06/26 23:00:00,A,PC_HH,A_GE3,FI,2012,98.26,,
ESTAT:ISOC_CI_IN_H(1.0),25/06/26 23:00:00,A,PC_HH,A_GE3,FI,2013,96.03,,
ESTAT:ISOC_CI_IN_H(1.0),25/06/26 23:00:00,A,PC_HH,A_GE3,FI,2014,96.79,,
ESTAT:ISOC_CI_IN_H(1.0),25/06/26 23:00:00,A,PC_HH,A_GE3,FI,2015,99.38,,
ESTAT:ISOC_CI_IN_H(1.0),25/06/26 23:00:00,A,PC_HH,A_GE3,FI,2016,98.02,,
ESTAT:ISOC_CI_IN_H(1.0),25/06/26 23:00:00,A,PC_HH,A_GE3,FI,2017,98.35,,
ESTAT:ISOC_CI_IN_H(1.0),25/06/26 23:00:00,A,PC_HH,A_GE3,FI,2018,99.02,,
ESTAT:ISOC_CI_IN_H(1.0),25/06/26 23:00:00,A,PC_HH,A_GE3,FI,2019,96.48,,
ESTAT:ISOC_CI_IN_H(1.0),25/06/26 23:00:00,A,PC_HH,A_GE3,FI,2020,97.71,,
ESTAT:ISOC_CI_IN_H(1.0),25/06/26 23:00:00,A,PC_HH,A_GE3,FI,2021,99.65,,
ESTAT:ISOC_CI_IN_H(1.0),25/06/26 23:00:00,A,PC_HH,A_GE3,FI,2022,99.25,,
ESTAT:ISOC_CI_IN_H(1.0),25/06/26 23:00:00,A,PC_HH,A_GE3,FI,2023,96.49,,
ESTAT:ISOC_CI_IN_H(1.0),25/06/26 23:00:00,A,PC_HH,A_GE3,FI,2024,100.00,,
ESTAT:ISOC_CI_IN_H(1.0),25/06/26 23:00:00,A,PC_HH,A_GE3,FI,2025,98.28,,
ESTAT:ISOC_CI_IN_H(1.0),25/06/26 23:00:00,A,PC_HH,A_GE3,FR,2006,,u,
ESTAT:ISOC_CI_IN_H(1.0),25/06/26 23:00:00,A,PC_HH,A_GE3,FR,2007,65.41,,
ESTAT:ISOC_CI_IN_H(1.0),25/06/26 23:00:00,A,PC_HH,A_GE3,FR,2008,70.63,,
ESTAT:ISOC_CI_IN_H(1.0),25/06/26 23:00:00,A,PC_HH,A_GE3,FR,2009,79.56,,
ESTAT:ISOC_CI_IN_H(1.0),25/06/26 23:00:00,A,PC_HH,A_GE3,FR,2010,85.20,,
ESTAT:ISOC_CI_IN_H(1.0),25/06/26 23:00:00,A,PC_HH,A_GE3,FR,2011,86.52,,
ESTAT:ISOC_CI_IN_H(1.0),25/06/26 23:00:00,A,PC_HH,A_GE3,FR,2012,88.92,,
ESTAT:ISOC_CI_IN_H(1.0),25/06/26 23:00:00,A,PC_HH,A_GE3,FR,2013,90.59,,
ESTAT:ISOC_CI_IN_H(1.0),25/06/26 23:00:00,A,PC_HH,A_GE3,FR,2014,94.93,,
ESTAT:ISOC_CI_IN_H(1.0),25/06/26 23:00:00,A,PC_HH,A_GE3,FR,2015,94.93,,
ESTAT:ISOC_CI_IN_H(1.0),25/06/26 23:00:00,A,PC_HH,A_GE3,FR,2016,93.42,,
ESTAT:ISOC_CI_IN_H(1.0),25/06/26 23:00:00,A,PC_HH,A_GE3,FR,2017,94.94,,
ESTAT:ISOC_CI_IN_H(1.0),25/06/26 23:00:00,A,PC_HH,A_GE3,FR,2018,95.17,,
ESTAT:ISOC_CI_IN_H(1.0),25/06/26 23:00:00,A,PC_HH,A_GE3,FR,2019,95.22,,
ESTAT:ISOC_CI_IN_H(1.0),25/06/26 23:00:00,A,PC_HH,A_GE3,FR,2021,98.64,,
ESTAT:ISOC_CI_IN_H(1.0),25/06/26 23:00:00,A,PC_HH,A_GE3,FR,2022,97.76,,
ESTAT:ISOC_CI_IN_H(1.0),25/06/26 23:00:00,A,PC_HH,A_GE3,FR,2023,97.49,,
ESTAT:ISOC_CI_IN_H(1.0),25/06/26 23:00:00,A,PC_HH,A_GE3,FR,2024,97.42,,
ESTAT:ISOC_CI_IN_H(1.0),25/06/26 23:00:00,A,PC_HH,A_GE3,FR,2025,98.54,,
ESTAT:ISOC_CI_IN_H(1.0),25/06/26 23:00:00,A,PC_HH,A_GE3,HR,2007,55.12,,
ESTAT:ISOC_CI_IN_H(1.0),25/06/26 23:00:00,A,PC_HH,A_GE3,HR,2008,59.50,,
ESTAT:ISOC_CI_IN_H(1.0),25/06/26 23:00:00,A,PC_HH,A_GE3,HR,2009,66.15,,
ESTAT:ISOC_CI_IN_H(1.0),25/06/26 23:00:00,A,PC_HH,A_GE3,HR,2010,77.21,,
ESTAT:ISOC_CI_IN_H(1.0),25/06/26 23:00:00,A,PC_HH,A_GE3,HR,2011,79.63,,
ESTAT:ISOC_CI_IN_H(1.0),25/06/26 23:00:00,A,PC_HH,A_GE3,HR,2012,85.98,,
ESTAT:ISOC_CI_IN_H(1.0),25/06/26 23:00:00,A,PC_HH,A_GE3,HR,2013,87.36,,
ESTAT:ISOC_CI_IN_H(1.0),25/06/26 23:00:00,A,PC_HH,A_GE3,HR,2014,85.33,,
ESTAT:ISOC_CI_IN_H(1.0),25/06/26 23:00:00,A,PC_HH,A_GE3,HR,2015,87.21,,
ESTAT:ISOC_CI_IN_H(1.0),25/06/26 23:00:00,A,PC_HH,A_GE3,HR,2016,88.81,,
ESTAT:ISOC_CI_IN_H(1.0),25/06/26 23:00:00,A,PC_HH,A_GE3,HR,2017,90.36,,
ESTAT:ISOC_CI_IN_H(1.0),25/06/26 23:00:00,A,PC_HH,A_GE3,HR,2018,92.53,,
ESTAT:ISOC_CI_IN_H(1.0),25/06/26 23:00:00,A,PC_HH,A_GE3,HR,2019,93.46,,
ESTAT:ISOC_CI_IN_H(1.0),25/06/26 23:00:00,A,PC_HH,A_GE3,HR,2020,94.75,,
ESTAT:ISOC_CI_IN_H(1.0),25/06/26 23:00:00,A,PC_HH,A_GE3,HR,2021,96.27,,
ESTAT:ISOC_CI_IN_H(1.0),25/06/26 23:00:00,A,PC_HH,A_GE3,HR,2022,93.98,,
ESTAT:ISOC_CI_IN_H(1.0),25/06/26 23:00:00,A,PC_HH,A_GE3,HR,2023,97.80,,
ESTAT:ISOC_CI_IN_H(1.0),25/06/26 23:00:00,A,PC_HH,A_GE3,HR,2024,93.84,,
ESTAT:ISOC_CI_IN_H(1.0),25/06/26 23:00:00,A,PC_HH,A_GE3,HR,2025,96.34,,
ESTAT:ISOC_CI_IN_H(1.0),25/06/26 23:00:00,A,PC_HH,A_GE3,HU,2004,19.16,,
ESTAT:ISOC_CI_IN_H(1.0),25/06/26 23:00:00,A,PC_HH,A_GE3,HU,2005,31.88,,
ESTAT:ISOC_CI_IN_H(1.0),25/06/26 23:00:00,A,PC_HH,A_GE3,HU,2006,45.29,,
ESTAT:ISOC_CI_IN_H(1.0),25/06/26 23:00:00,A,PC_HH,A_GE3,HU,2007,53.77,,
ESTAT:ISOC_CI_IN_H(1.0),25/06/26 23:00:00,A,PC_HH,A_GE3,HU,2008,67.04,,
ESTAT:ISOC_CI_IN_H(1.0),25/06/26 23:00:00,A,PC_HH,A_GE3,HU,2009,75.06,,
ESTAT:ISOC_CI_IN_H(1.0),25/06/26 23:00:00,A,PC_HH,A_GE3,HU,2010,81.27,,
ESTAT:ISOC_CI_IN_H(1.0),25/06/26 23:00:00,A,PC_HH,A_GE3,HU,2011,85.36,,
ESTAT:ISOC_CI_IN_H(1.0),25/06/26 23:00:00,A,PC_HH,A_GE3,HU,2012,86.94,,
ESTAT:ISOC_CI_IN_H(1.0),25/06/26 23:00:00,A,PC_HH,A_GE3,HU,2013,88.13,,
ESTAT:ISOC_CI_IN_H(1.0),25/06/26 23:00:00,A,PC_HH,A_GE3,HU,2014,90.73,,
ESTAT:ISOC_CI_IN_H(1.0),25/06/26 23:00:00,A,PC_HH,A_GE3,HU,2015,92.56,,
ESTAT:ISOC_CI_IN_H(1.0),25/06/26 23:00:00,A,PC_HH,A_GE3,HU,2016,93.27,,
ESTAT:ISOC_CI_IN_H(1.0),25/06/26 23:00:00,A,PC_HH,A_GE3,HU,2017,94.79,,
ESTAT:ISOC_CI_IN_H(1.0),25/06/26 23:00:00,A,PC_HH,A_GE3,HU,2018,94.64,,
ESTAT:ISOC_CI_IN_H(1.0),25/06/26 23:00:00,A,PC_HH,A_GE3,HU,2019,95.89,,
ESTAT:ISOC_CI_IN_H(1.0),25/06/26 23:00:00,A,PC_HH,A_GE3,HU,2020,96.64,,
ESTAT:ISOC_CI_IN_H(1.0),25/06/26 23:00:00,A,PC_HH,A_GE3,HU,2021,97.79,,
ESTAT:ISOC_CI_IN_H(1.0),25/06/26 23:00:00,A,PC_HH,A_GE3,HU,2022,98.61,,
ESTAT:ISOC_CI_IN_H(1.0),25/06/26 23:00:00,A,PC_HH,A_GE3,HU,2023,97.96,,
ESTAT:ISOC_CI_IN_H(1.0),25/06/26 23:00:00,A,PC_HH,A_GE3,HU,2024,98.77,,
ESTAT:ISOC_CI_IN_H(1.0),25/06/26 23:00:00,A,PC_HH,A_GE3,HU,2025,95.54,,
ESTAT:ISOC_CI_IN_H(1.0),25/06/26 23:00:00,A,PC_HH,A_GE3,IE,2003,39.33,,
ESTAT:ISOC_CI_IN_H(1.0),25/06/26 23:00:00,A,PC_HH,A_GE3,IE,2004,46.26,,
ESTAT:ISOC_CI_IN_H(1.0),25/06/26 23:00:00,A,PC_HH,A_GE3,IE,2005,59.13,,
ESTAT:ISOC_CI_IN_H(1.0),25/06/26 23:00:00,A,PC_HH,A_GE3,IE,2006,59.98,,
ESTAT:ISOC_CI_IN_H(1.0),25/06/26 23:00:00,A,PC_HH,A_GE3,IE,2007,65.72,,
ESTAT:ISOC_CI_IN_H(1.0),25/06/26 23:00:00,A,PC_HH,A_GE3,IE,2008,75.17,,
ESTAT:ISOC_CI_IN_H(1.0),25/06/26 23:00:00,A,PC_HH,A_GE3,IE,2009,80.40,,
ESTAT:ISOC_CI_IN_H(1.0),25/06/26 23:00:00,A,PC_HH,A_GE3,IE,2010,85.43,,
ESTAT:ISOC_CI_IN_H(1.0),25/06/26 23:00:00,A,PC_HH,A_GE3,IE,2011,88.08,,
ESTAT:ISOC_CI_IN_H(1.0),25/06/26 23:00:00,A,PC_HH,A_GE3,IE,2012,89.77,,
ESTAT:ISOC_CI_IN_H(1.0),25/06/26 23:00:00,A,PC_HH,A_GE3,IE,2013,91.84,,
ESTAT:ISOC_CI_IN_H(1.0),25/06/26 23:00:00,A,PC_HH,A_GE3,IE,2014,93.58,,
ESTAT:ISOC_CI_IN_H(1.0),25/06/26 23:00:00,A,PC_HH,A_GE3,IE,2015,94.79,,
ESTAT:ISOC_CI_IN_H(1.0),25/06/26 23:00:00,A,PC_HH,A_GE3,IE,2016,94.39,,
ESTAT:ISOC_CI_IN_H(1.0),25/06/26 23:00:00,A,PC_HH,A_GE3,IE,2017,95.02,,
ESTAT:ISOC_CI_IN_H(1.0),25/06/26 23:00:00,A,PC_HH,A_GE3,IE,2018,97.53,,
ESTAT:ISOC_CI_IN_H(1.0),25/06/26 23:00:00,A,PC_HH,A_GE3,IE,2019,95.58,,
ESTAT:ISOC_CI_IN_H(1.0),25/06/26 23:00:00,A,PC_HH,A_GE3,IE,2020,93.67,,
ESTAT:ISOC_CI_IN_H(1.0),25/06/26 23:00:00,A,PC_HH,A_GE3,IE,2021,99.31,b,
ESTAT:ISOC_CI_IN_H(1.0),25/06/26 23:00:00,A,PC_HH,A_GE3,IE,2022,,u,
ESTAT:ISOC_CI_IN_H(1.0),25/06/26 23:00:00,A,PC_HH,A_GE3,IE,2023,97.98,,
ESTAT:ISOC_CI_IN_H(1.0),25/06/26 23:00:00,A,PC_HH,A_GE3,IE,2024,98.26,,
ESTAT:ISOC_CI_IN_H(1.0),25/06/26 23:00:00,A,PC_HH,A_GE3,IE,2025,98.80,,
ESTAT:ISOC_CI_IN_H(1.0),25/06/26 23:00:00,A,PC_HH,A_GE3,IS,2004,83.67,,
ESTAT:ISOC_CI_IN_H(1.0),25/06/26 23:00:00,A,PC_HH,A_GE3,IS,2005,92.31,,
ESTAT:ISOC_CI_IN_H(1.0),25/06/26 23:00:00,A,PC_HH,A_GE3,IS,2006,96.63,,
ESTAT:ISOC_CI_IN_H(1.0),25/06/26 23:00:00,A,PC_HH,A_GE3,IS,2007,95.71,,
ESTAT:ISOC_CI_IN_H(1.0),25/06/26 23:00:00,A,PC_HH,A_GE3,IS,2008,93.79,,
ESTAT:ISOC_CI_IN_H(1.0),25/06/26 23:00:00,A,PC_HH,A_GE3,IS,2009,97.29,,
ESTAT:ISOC_CI_IN_H(1.0),25/06/26 23:00:00,A,PC_HH,A_GE3,IS,2010,98.58,,
ESTAT:ISOC_CI_IN_H(1.0),25/06/26 23:00:00,A,PC_HH,A_GE3,IS,2011,99.00,,
ESTAT:ISOC_CI_IN_H(1.0),25/06/26 23:00:00,A,PC_HH,A_GE3,IS,2012,97.88,,
ESTAT:ISOC_CI_IN_H(1.0),25/06/26 23:00:00,A,PC_HH,A_GE3,IS,2013,99.30,,
ESTAT:ISOC_CI_IN_H(1.0),25/06/26 23:00:00,A,PC_HH,A_GE3,IS,2014,99.29,,
ESTAT:ISOC_CI_IN_H(1.0),25/06/26 23:00:00,A,PC_HH,A_GE3,IS,2017,99.41,,
ESTAT:ISOC_CI_IN_H(1.0),25/06/26 23:00:00,A,PC_HH,A_GE3,IS,2018,99.62,,
ESTAT:ISOC_CI_IN_H(1.0),25/06/26 23:00:00,A,PC_HH,A_GE3,IS,2019,100.00,,
ESTAT:ISOC_CI_IN_H(1.0),25/06/26 23:00:00,A,PC_HH,A_GE3,IS,2020,99.24,,
ESTAT:ISOC_CI_IN_H(1.0),25/06/26 23:00:00,A,PC_HH,A_GE3,IS,2021,99.67,,
ESTAT:ISOC_CI_IN_H(1.0),25/06/26 23:00:00,A,PC_HH,A_GE3,IT,2002,34.84,,
ESTAT:ISOC_CI_IN_H(1.0),25/06/26 23:00:00,A,PC_HH,A_GE3,IT,2003,42.72,,
ESTAT:ISOC_CI_IN_H(1.0),25/06/26 23:00:00,A,PC_HH,A_GE3,IT,2004,48.07,,
ESTAT:ISOC_CI_IN_H(1.0),25/06/26 23:00:00,A,PC_HH,A_GE3,IT,2005,53.35,,
ESTAT:ISOC_CI_IN_H(1.0),25/06/26 23:00:00,A,PC_HH,A_GE3,IT,2006,57.59,,
ESTAT:ISOC_CI_IN_H(1.0),25/06/26 23:00:00,A,PC_HH,A_GE3,IT,2007,62.07,,
ESTAT:ISOC_CI_IN_H(1.0),25/06/26 23:00:00,A,PC_HH,A_GE3,IT,2008,64.68,,
ESTAT:ISOC_CI_IN_H(1.0),25/06/26 23:00:00,A,PC_HH,A_GE3,IT,2009,72.16,,
ESTAT:ISOC_CI_IN_H(1.0),25/06/26 23:00:00,A,PC_HH,A_GE3,IT,2010,77.22,,
ESTAT:ISOC_CI_IN_H(1.0),25/06/26 23:00:00,A,PC_HH,A_GE3,IT,2011,78.31,,
ESTAT:ISOC_CI_IN_H(1.0),25/06/26 23:00:00,A,PC_HH,A_GE3,IT,2012,80.87,,
ESTAT:ISOC_CI_IN_H(1.0),25/06/26 23:00:00,A,PC_HH,A_GE3,IT,2013,86.07,,
ESTAT:ISOC_CI_IN_H(1.0),25/06/26 23:00:00,A,PC_HH,A_GE3,IT,2014,88.54,,
ESTAT:ISOC_CI_IN_H(1.0),25/06/26 23:00:00,A,PC_HH,A_GE3,IT,2015,89.74,,
ESTAT:ISOC_CI_IN_H(1.0),25/06/26 23:00:00,A,PC_HH,A_GE3,IT,2016,92.21,,
ESTAT:ISOC_CI_IN_H(1.0),25/06/26 23:00:00,A,PC_HH,A_GE3,IT,2017,92.46,,
ESTAT:ISOC_CI_IN_H(1.0),25/06/26 23:00:00,A,PC_HH,A_GE3,IT,2018,94.23,,
ESTAT:ISOC_CI_IN_H(1.0),25/06/26 23:00:00,A,PC_HH,A_GE3,IT,2019,93.96,,
ESTAT:ISOC_CI_IN_H(1.0),25/06/26 23:00:00,A,PC_HH,A_GE3,IT,2020,95.82,,
ESTAT:ISOC_CI_IN_H(1.0),25/06/26 23:00:00,A,PC_HH,A_GE3,IT,2021,97.22,,
ESTAT:ISOC_CI_IN_H(1.0),25/06/26 23:00:00,A,PC_HH,A_GE3,IT,2022,98.02,,
ESTAT:ISOC_CI_IN_H(1.0),25/06/26 23:00:00,A,PC_HH,A_GE3,IT,2023,97.29,,
ESTAT:ISOC_CI_IN_H(1.0),25/06/26 23:00:00,A,PC_HH,A_GE3,IT,2024,97.94,,
ESTAT:ISOC_CI_IN_H(1.0),25/06/26 23:00:00,A,PC_HH,A_GE3,IT,2025,98.49,,
ESTAT:ISOC_CI_IN_H(1.0),25/06/26 23:00:00,A,PC_HH,A_GE3,LT,2004,13.69,,
ESTAT:ISOC_CI_IN_H(1.0),25/06/26 23:00:00,A,PC_HH,A_GE3,LT,2005,33.77,,
ESTAT:ISOC_CI_IN_H(1.0),25/06/26 23:00:00,A,PC_HH,A_GE3,LT,2006,59.13,,
ESTAT:ISOC_CI_IN_H(1.0),25/06/26 23:00:00,A,PC_HH,A_GE3,LT,2007,73.93,,
ESTAT:ISOC_CI_IN_H(1.0),25/06/26 23:00:00,A,PC_HH,A_GE3,LT,2008,78.19,,
ESTAT:ISOC_CI_IN_H(1.0),25/06/26 23:00:00,A,PC_HH,A_GE3,LT,2009,86.26,,
ESTAT:ISOC_CI_IN_H(1.0),25/06/26 23:00:00,A,PC_HH,A_GE3,LT,2010,85.62,,
ESTAT:ISOC_CI_IN_H(1.0),25/06/26 23:00:00,A,PC_HH,A_GE3,LT,2011,87.48,,
ESTAT:ISOC_CI_IN_H(1.0),25/06/26 23:00:00,A,PC_HH,A_GE3,LT,2012,88.06,,
ESTAT:ISOC_CI_IN_H(1.0),25/06/26 23:00:00,A,PC_HH,A_GE3,LT,2013,91.50,,
ESTAT:ISOC_CI_IN_H(1.0),25/06/26 23:00:00,A,PC_HH,A_GE3,LT,2014,85.98,,
ESTAT:ISOC_CI_IN_H(1.0),25/06/26 23:00:00,A,PC_HH,A_GE3,LT,2015,88.73,,
ESTAT:ISOC_CI_IN_H(1.0),25/06/26 23:00:00,A,PC_HH,A_GE3,LT,2016,89.11,,
ESTAT:ISOC_CI_IN_H(1.0),25/06/26 23:00:00,A,PC_HH,A_GE3,LT,2017,89.76,,
ESTAT:ISOC_CI_IN_H(1.0),25/06/26 23:00:00,A,PC_HH,A_GE3,LT,2018,91.21,,
ESTAT:ISOC_CI_IN_H(1.0),25/06/26 23:00:00,A,PC_HH,A_GE3,LT,2019,94.19,,
ESTAT:ISOC_CI_IN_H(1.0),25/06/26 23:00:00,A,PC_HH,A_GE3,LT,2020,95.34,,
ESTAT:ISOC_CI_IN_H(1.0),25/06/26 23:00:00,A,PC_HH,A_GE3,LT,2021,95.28,,
ESTAT:ISOC_CI_IN_H(1.0),25/06/26 23:00:00,A,PC_HH,A_GE3,LT,2022,95.57,,
ESTAT:ISOC_CI_IN_H(1.0),25/06/26 23:00:00,A,PC_HH,A_GE3,LT,2023,96.71,,
ESTAT:ISOC_CI_IN_H(1.0),25/06/26 23:00:00,A,PC_HH,A_GE3,LT,2024,98.53,,
ESTAT:ISOC_CI_IN_H(1.0),25/06/26 23:00:00,A,PC_HH,A_GE3,LT,2025,96.43,,
ESTAT:ISOC_CI_IN_H(1.0),25/06/26 23:00:00,A,PC_HH,A_GE3,LU,2002,39.98,,
ESTAT:ISOC_CI_IN_H(1.0),25/06/26 23:00:00,A,PC_HH,A_GE3,LU,2003,59.09,,
ESTAT:ISOC_CI_IN_H(1.0),25/06/26 23:00:00,A,PC_HH,A_GE3,LU,2004,67.43,,
ESTAT:ISOC_CI_IN_H(1.0),25/06/26 23:00:00,A,PC_HH,A_GE3,LU,2005,84.72,,
ESTAT:ISOC_CI_IN_H(1.0),25/06/26 23:00:00,A,PC_HH,A_GE3,LU,2006,88.20,,
ESTAT:ISOC_CI_IN_H(1.0),25/06/26 23:00:00,A,PC_HH,A_GE3,LU,2007,86.76,,
ESTAT:ISOC_CI_IN_H(1.0),25/06/26 23:00:00,A,PC_HH,A_GE3,LU,2008,92.31,,
ESTAT:ISOC_CI_IN_H(1.0),25/06/26 23:00:00,A,PC_HH,A_GE3,LU,2009,95.83,,
ESTAT:ISOC_CI_IN_H(1.0),25/06/26 23:00:00,A,PC_HH,A_GE3,LU,2010,98.17,,
ESTAT:ISOC_CI_IN_H(1.0),25/06/26 23:00:00,A,PC_HH,A_GE3,LU,2011,98.04,,
ESTAT:ISOC_CI_IN_H(1.0),25/06/26 23:00:00,A,PC_HH,A_GE3,LU,2012,98.52,,
ESTAT:ISOC_CI_IN_H(1.0),25/06/26 23:00:00,A,PC_HH,A_GE3,LU,2013,99.25,,
ESTAT:ISOC_CI_IN_H(1.0),25/06/26 23:00:00,A,PC_HH,A_GE3,LU,2014,99.05,,
ESTAT:ISOC_CI_IN_H(1.0),25/06/26 23:00:00,A,PC_HH,A_GE3,LU,2015,99.50,,
ESTAT:ISOC_CI_IN_H(1.0),25/06/26 23:00:00,A,PC_HH,A_GE3,LU,2016,99.51,,
ESTAT:ISOC_CI_IN_H(1.0),25/06/26 23:00:00,A,PC_HH,A_GE3,LU,2017,99.78,,
ESTAT:ISOC_CI_IN_H(1.0),25/06/26 23:00:00,A,PC_HH,A_GE3,LU,2018,96.77,b,
ESTAT:ISOC_CI_IN_H(1.0),25/06/26 23:00:00,A,PC_HH,A_GE3,LU,2019,96.67,,
ESTAT:ISOC_CI_IN_H(1.0),25/06/26 23:00:00,A,PC_HH,A_GE3,LU,2020,98.41,,
ESTAT:ISOC_CI_IN_H(1.0),25/06/26 23:00:00,A,PC_HH,A_GE3,LU,2021,98.68,,
ESTAT:ISOC_CI_IN_H(1.0),25/06/26 23:00:00,A,PC_HH,A_GE3,LU,2022,99.54,,
ESTAT:ISOC_CI_IN_H(1.0),25/06/26 23:00:00,A,PC_HH,A_GE3,LU,2023,99.01,,
ESTAT:ISOC_CI_IN_H(1.0),25/06/26 23:00:00,A,PC_HH,A_GE3,LU,2024,99.81,,
ESTAT:ISOC_CI_IN_H(1.0),25/06/26 23:00:00,A,PC_HH,A_GE3,LU,2025,100.00,,
ESTAT:ISOC_CI_IN_H(1.0),25/06/26 23:00:00,A,PC_HH,A_GE3,LV,2004,23.99,,
ESTAT:ISOC_CI_IN_H(1.0),25/06/26 23:00:00,A,PC_HH,A_GE3,LV,2005,45.22,,
ESTAT:ISOC_CI_IN_H(1.0),25/06/26 23:00:00,A,PC_HH,A_GE3,LV,2006,61.84,,
ESTAT:ISOC_CI_IN_H(1.0),25/06/26 23:00:00,A,PC_HH,A_GE3,LV,2007,75.19,,
ESTAT:ISOC_CI_IN_H(1.0),25/06/26 23:00:00,A,PC_HH,A_GE3,LV,2008,73.86,,
ESTAT:ISOC_CI_IN_H(1.0),25/06/26 23:00:00,A,PC_HH,A_GE3,LV,2009,77.29,,
ESTAT:ISOC_CI_IN_H(1.0),25/06/26 23:00:00,A,PC_HH,A_GE3,LV,2010,79.38,,
ESTAT:ISOC_CI_IN_H(1.0),25/06/26 23:00:00,A,PC_HH,A_GE3,LV,2011,85.90,,
ESTAT:ISOC_CI_IN_H(1.0),25/06/26 23:00:00,A,PC_HH,A_GE3,LV,2012,88.18,,
ESTAT:ISOC_CI_IN_H(1.0),25/06/26 23:00:00,A,PC_HH,A_GE3,LV,2013,87.00,,
ESTAT:ISOC_CI_IN_H(1.0),25/06/26 23:00:00,A,PC_HH,A_GE3,LV,2014,89.21,,
ESTAT:ISOC_CI_IN_H(1.0),25/06/26 23:00:00,A,PC_HH,A_GE3,LV,2015,92.04,,
ESTAT:ISOC_CI_IN_H(1.0),25/06/26 23:00:00,A,PC_HH,A_GE3,LV,2016,89.77,b,
ESTAT:ISOC_CI_IN_H(1.0),25/06/26 23:00:00,A,PC_HH,A_GE3,LV,2017,91.58,,
ESTAT:ISOC_CI_IN_H(1.0),25/06/26 23:00:00,A,PC_HH,A_GE3,LV,2018,92.53,,
ESTAT:ISOC_CI_IN_H(1.0),25/06/26 23:00:00,A,PC_HH,A_GE3,LV,2019,95.90,,
ESTAT:ISOC_CI_IN_H(1.0),25/06/26 23:00:00,A,PC_HH,A_GE3,LV,2020,95.81,,
ESTAT:ISOC_CI_IN_H(1.0),25/06/26 23:00:00,A,PC_HH,A_GE3,LV,2021,97.42,,
ESTAT:ISOC_CI_IN_H(1.0),25/06/26 23:00:00,A,PC_HH,A_GE3,LV,2022,97.89,,
ESTAT:ISOC_CI_IN_H(1.0),25/06/26 23:00:00,A,PC_HH,A_GE3,LV,2023,97.99,,
ESTAT:ISOC_CI_IN_H(1.0),25/06/26 23:00:00,A,PC_HH,A_GE3,LV,2024,98.85,,
ESTAT:ISOC_CI_IN_H(1.0),25/06/26 23:00:00,A,PC_HH,A_GE3,LV,2025,98.08,,
ESTAT:ISOC_CI_IN_H(1.0),25/06/26 23:00:00,A,PC_HH,A_GE3,ME,2012,68.86,,
ESTAT:ISOC_CI_IN_H(1.0),25/06/26 23:00:00,A,PC_HH,A_GE3,ME,2017,85.51,,
ESTAT:ISOC_CI_IN_H(1.0),25/06/26 23:00:00,A,PC_HH,A_GE3,ME,2018,89.94,,
ESTAT:ISOC_CI_IN_H(1.0),25/06/26 23:00:00,A,PC_HH,A_GE3,ME,2019,88.16,,
ESTAT:ISOC_CI_IN_H(1.0),25/06/26 23:00:00,A,PC_HH,A_GE3,ME,2020,95.84,,
ESTAT:ISOC_CI_IN_H(1.0),25/06/26 23:00:00,A,PC_HH,A_GE3,ME,2021,97.48,,
ESTAT:ISOC_CI_IN_H(1.0),25/06/26 23:00:00,A,PC_HH,A_GE3,ME,2022,95.43,,
ESTAT:ISOC_CI_IN_H(1.0),25/06/26 23:00:00,A,PC_HH,A_GE3,ME,2023,96.05,,
ESTAT:ISOC_CI_IN_H(1.0),25/06/26 23:00:00,A,PC_HH,A_GE3,ME,2024,95.28,,
ESTAT:ISOC_CI_IN_H(1.0),25/06/26 23:00:00,A,PC_HH,A_GE3,ME,2025,92.34,,
ESTAT:ISOC_CI_IN_H(1.0),25/06/26 23:00:00,A,PC_HH,A_GE3,MK,2004,13.61,,
ESTAT:ISOC_CI_IN_H(1.0),25/06/26 23:00:00,A,PC_HH,A_GE3,MK,2006,16.59,,
ESTAT:ISOC_CI_IN_H(1.0),25/06/26 23:00:00,A,PC_HH,A_GE3,MK,2008,38.93,,
ESTAT:ISOC_CI_IN_H(1.0),25/06/26 23:00:00,A,PC_HH,A_GE3,MK,2009,52.79,,
ESTAT:ISOC_CI_IN_H(1.0),25/06/26 23:00:00,A,PC_HH,A_GE3,MK,2010,55.79,,
ESTAT:ISOC_CI_IN_H(1.0),25/06/26 23:00:00,A,PC_HH,A_GE3,MK,2012,71.97,,
ESTAT:ISOC_CI_IN_H(1.0),25/06/26 23:00:00,A,PC_HH,A_GE3,MK,2013,77.01,,
ESTAT:ISOC_CI_IN_H(1.0),25/06/26 23:00:00,A,PC_HH,A_GE3,MK,2014,86.04,,
ESTAT:ISOC_CI_IN_H(1.0),25/06/26 23:00:00,A,PC_HH,A_GE3,MK,2015,84.54,,
ESTAT:ISOC_CI_IN_H(1.0),25/06/26 23:00:00,A,PC_HH,A_GE3,MK,2016,85.81,,
ESTAT:ISOC_CI_IN_H(1.0),25/06/26 23:00:00,A,PC_HH,A_GE3,MK,2017,89.58,,
ESTAT:ISOC_CI_IN_H(1.0),25/06/26 23:00:00,A,PC_HH,A_GE3,MK,2018,92.70,,
ESTAT:ISOC_CI_IN_H(1.0),25/06/26 23:00:00,A,PC_HH,A_GE3,MK,2019,94.43,,
ESTAT:ISOC_CI_IN_H(1.0),25/06/26 23:00:00,A,PC_HH,A_GE3,MK,2020,93.69,,
ESTAT:ISOC_CI_IN_H(1.0),25/06/26 23:00:00,A,PC_HH,A_GE3,MK,2021,97.53,,
ESTAT:ISOC_CI_IN_H(1.0),25/06/26 23:00:00,A,PC_HH,A_GE3,MK,2024,96.25,,
ESTAT:ISOC_CI_IN_H(1.0),25/06/26 23:00:00,A,PC_HH,A_GE3,MK,2025,99.31,,
ESTAT:ISOC_CI_IN_H(1.0),25/06/26 23:00:00,A,PC_HH,A_GE3,MT,2005,52.79,,
ESTAT:ISOC_CI_IN_H(1.0),25/06/26 23:00:00,A,PC_HH,A_GE3,MT,2006,49.84,,
ESTAT:ISOC_CI_IN_H(1.0),25/06/26 23:00:00,A,PC_HH,A_GE3,MT,2007,68.98,,
ESTAT:ISOC_CI_IN_H(1.0),25/06/26 23:00:00,A,PC_HH,A_GE3,MT,2008,75.36,,
ESTAT:ISOC_CI_IN_H(1.0),25/06/26 23:00:00,A,PC_HH,A_GE3,MT,2009,78.28,,
ESTAT:ISOC_CI_IN_H(1.0),25/06/26 23:00:00,A,PC_HH,A_GE3,MT,2010,85.06,,
ESTAT:ISOC_CI_IN_H(1.0),25/06/26 23:00:00,A,PC_HH,A_GE3,MT,2011,90.20,,
ESTAT:ISOC_CI_IN_H(1.0),25/06/26 23:00:00,A,PC_HH,A_GE3,MT,2012,90.71,,
ESTAT:ISOC_CI_IN_H(1.0),25/06/26 23:00:00,A,PC_HH,A_GE3,MT,2013,91.04,,
ESTAT:ISOC_CI_IN_H(1.0),25/06/26 23:00:00,A,PC_HH,A_GE3,MT,2014,91.27,,
ESTAT:ISOC_CI_IN_H(1.0),25/06/26 23:00:00,A,PC_HH,A_GE3,MT,2015,92.71,,
ESTAT:ISOC_CI_IN_H(1.0),25/06/26 23:00:00,A,PC_HH,A_GE3,MT,2016,92.58,,
ESTAT:ISOC_CI_IN_H(1.0),25/06/26 23:00:00,A,PC_HH,A_GE3,MT,2017,94.24,,
ESTAT:ISOC_CI_IN_H(1.0),25/06/26 23:00:00,A,PC_HH,A_GE3,MT,2018,96.34,,
ESTAT:ISOC_CI_IN_H(1.0),25/06/26 23:00:00,A,PC_HH,A_GE3,MT,2019,95.13,,
ESTAT:ISOC_CI_IN_H(1.0),25/06/26 23:00:00,A,PC_HH,A_GE3,MT,2020,95.83,,
ESTAT:ISOC_CI_IN_H(1.0),25/06/26 23:00:00,A,PC_HH,A_GE3,MT,2021,97.20,,
ESTAT:ISOC_CI_IN_H(1.0),25/06/26 23:00:00,A,PC_HH,A_GE3,MT,2022,97.58,,
ESTAT:ISOC_CI_IN_H(1.0),25/06/26 23:00:00,A,PC_HH,A_GE3,MT,2023,96.82,,
ESTAT:ISOC_CI_IN_H(1.0),25/06/26 23:00:00,A,PC_HH,A_GE3,MT,2024,98.39,,
ESTAT:ISOC_CI_IN_H(1.0),25/06/26 23:00:00,A,PC_HH,A_GE3,MT,2025,98.03,,
ESTAT:ISOC_CI_IN_H(1.0),25/06/26 23:00:00,A,PC_HH,A_GE3,NL,2005,90.51,,
ESTAT:ISOC_CI_IN_H(1.0),25/06/26 23:00:00,A,PC_HH,A_GE3,NL,2006,91.11,,
ESTAT:ISOC_CI_IN_H(1.0),25/06/26 23:00:00,A,PC_HH,A_GE3,NL,2007,96.27,,
ESTAT:ISOC_CI_IN_H(1.0),25/06/26 23:00:00,A,PC_HH,A_GE3,NL,2008,97.82,,
ESTAT:ISOC_CI_IN_H(1.0),25/06/26 23:00:00,A,PC_HH,A_GE3,NL,2009,98.60,,
ESTAT:ISOC_CI_IN_H(1.0),25/06/26 23:00:00,A,PC_HH,A_GE3,NL,2010,98.72,,
ESTAT:ISOC_CI_IN_H(1.0),25/06/26 23:00:00,A,PC_HH,A_GE3,NL,2011,98.80,,
ESTAT:ISOC_CI_IN_H(1.0),25/06/26 23:00:00,A,PC_HH,A_GE3,NL,2012,98.66,,
ESTAT:ISOC_CI_IN_H(1.0),25/06/26 23:00:00,A,PC_HH,A_GE3,NL,2013,99.14,,
ESTAT:ISOC_CI_IN_H(1.0),25/06/26 23:00:00,A,PC_HH,A_GE3,NL,2014,98.81,,
ESTAT:ISOC_CI_IN_H(1.0),25/06/26 23:00:00,A,PC_HH,A_GE3,NL,2015,98.44,,
ESTAT:ISOC_CI_IN_H(1.0),25/06/26 23:00:00,A,PC_HH,A_GE3,NL,2016,98.90,,
ESTAT:ISOC_CI_IN_H(1.0),25/06/26 23:00:00,A,PC_HH,A_GE3,NL,2017,99.60,,
ESTAT:ISOC_CI_IN_H(1.0),25/06/26 23:00:00,A,PC_HH,A_GE3,NL,2018,99.49,,
ESTAT:ISOC_CI_IN_H(1.0),25/06/26 23:00:00,A,PC_HH,A_GE3,NL,2019,99.33,,
ESTAT:ISOC_CI_IN_H(1.0),25/06/26 23:00:00,A,PC_HH,A_GE3,NL,2020,98.13,,
ESTAT:ISOC_CI_IN_H(1.0),25/06/26 23:00:00,A,PC_HH,A_GE3,NL,2021,99.41,,
ESTAT:ISOC_CI_IN_H(1.0),25/06/26 23:00:00,A,PC_HH,A_GE3,NL,2022,99.39,,
ESTAT:ISOC_CI_IN_H(1.0),25/06/26 23:00:00,A,PC_HH,A_GE3,NL,2023,99.56,,
ESTAT:ISOC_CI_IN_H(1.0),25/06/26 23:00:00,A,PC_HH,A_GE3,NL,2024,99.29,,
ESTAT:ISOC_CI_IN_H(1.0),25/06/26 23:00:00,A,PC_HH,A_GE3,NL,2025,99.11,,
ESTAT:ISOC_CI_IN_H(1.0),25/06/26 23:00:00,A,PC_HH,A_GE3,NO,2003,84.98,,
ESTAT:ISOC_CI_IN_H(1.0),25/06/26 23:00:00,A,PC_HH,A_GE3,NO,2004,80.27,,
ESTAT:ISOC_CI_IN_H(1.0),25/06/26 23:00:00,A,PC_HH,A_GE3,NO,2005,89.49,,
ESTAT:ISOC_CI_IN_H(1.0),25/06/26 23:00:00,A,PC_HH,A_GE3,NO,2006,85.61,,
ESTAT:ISOC_CI_IN_H(1.0),25/06/26 23:00:00,A,PC_HH,A_GE3,NO,2007,94.99,,
ESTAT:ISOC_CI_IN_H(1.0),25/06/26 23:00:00,A,PC_HH,A_GE3,NO,2008,100.00,,
ESTAT:ISOC_CI_IN_H(1.0),25/06/26 23:00:00,A,PC_HH,A_GE3,NO,2009,98.76,,
ESTAT:ISOC_CI_IN_H(1.0),25/06/26 23:00:00,A,PC_HH,A_GE3,NO,2010,98.35,,
ESTAT:ISOC_CI_IN_H(1.0),25/06/26 23:00:00,A,PC_HH,A_GE3,NO,2011,98.29,,
ESTAT:ISOC_CI_IN_H(1.0),25/06/26 23:00:00,A,PC_HH,A_GE3,NO,2012,100.00,,
ESTAT:ISOC_CI_IN_H(1.0),25/06/26 23:00:00,A,PC_HH,A_GE3,NO,2013,100.00,,
ESTAT:ISOC_CI_IN_H(1.0),25/06/26 23:00:00,A,PC_HH,A_GE3,NO,2014,98.68,,
ESTAT:ISOC_CI_IN_H(1.0),25/06/26 23:00:00,A,PC_HH,A_GE3,NO,2015,99.56,,
ESTAT:ISOC_CI_IN_H(1.0),25/06/26 23:00:00,A,PC_HH,A_GE3,NO,2016,98.91,,
ESTAT:ISOC_CI_IN_H(1.0),25/06/26 23:00:00,A,PC_HH,A_GE3,NO,2017,99.46,,
ESTAT:ISOC_CI_IN_H(1.0),25/06/26 23:00:00,A,PC_HH,A_GE3,NO,2018,100.00,,
ESTAT:ISOC_CI_IN_H(1.0),25/06/26 23:00:00,A,PC_HH,A_GE3,NO,2019,100.00,,
ESTAT:ISOC_CI_IN_H(1.0),25/06/26 23:00:00,A,PC_HH,A_GE3,NO,2020,100.00,,
ESTAT:ISOC_CI_IN_H(1.0),25/06/26 23:00:00,A,PC_HH,A_GE3,NO,2021,99.29,,
ESTAT:ISOC_CI_IN_H(1.0),25/06/26 23:00:00,A,PC_HH,A_GE3,NO,2022,100.00,,
ESTAT:ISOC_CI_IN_H(1.0),25/06/26 23:00:00,A,PC_HH,A_GE3,NO,2023,99.42,,
ESTAT:ISOC_CI_IN_H(1.0),25/06/26 23:00:00,A,PC_HH,A_GE3,NO,2024,99.32,,
ESTAT:ISOC_CI_IN_H(1.0),25/06/26 23:00:00,A,PC_HH,A_GE3,NO,2025,100.00,,
ESTAT:ISOC_CI_IN_H(1.0),25/06/26 23:00:00,A,PC_HH,A_GE3,PL,2004,29.63,,
ESTAT:ISOC_CI_IN_H(1.0),25/06/26 23:00:00,A,PC_HH,A_GE3,PL,2005,44.08,,
ESTAT:ISOC_CI_IN_H(1.0),25/06/26 23:00:00,A,PC_HH,A_GE3,PL,2006,48.96,,
ESTAT:ISOC_CI_IN_H(1.0),25/06/26 23:00:00,A,PC_HH,A_GE3,PL,2007,59.18,,
ESTAT:ISOC_CI_IN_H(1.0),25/06/26 23:00:00,A,PC_HH,A_GE3,PL,2008,67.47,,
ESTAT:ISOC_CI_IN_H(1.0),25/06/26 23:00:00,A,PC_HH,A_GE3,PL,2009,78.09,,
ESTAT:ISOC_CI_IN_H(1.0),25/06/26 23:00:00,A,PC_HH,A_GE3,PL,2010,81.23,,
ESTAT:ISOC_CI_IN_H(1.0),25/06/26 23:00:00,A,PC_HH,A_GE3,PL,2011,84.31,,
ESTAT:ISOC_CI_IN_H(1.0),25/06/26 23:00:00,A,PC_HH,A_GE3,PL,2012,85.74,,
ESTAT:ISOC_CI_IN_H(1.0),25/06/26 23:00:00,A,PC_HH,A_GE3,PL,2013,86.10,,
ESTAT:ISOC_CI_IN_H(1.0),25/06/26 23:00:00,A,PC_HH,A_GE3,PL,2014,90.27,,
ESTAT:ISOC_CI_IN_H(1.0),25/06/26 23:00:00,A,PC_HH,A_GE3,PL,2015,90.80,,
ESTAT:ISOC_CI_IN_H(1.0),25/06/26 23:00:00,A,PC_HH,A_GE3,PL,2016,92.45,,
ESTAT:ISOC_CI_IN_H(1.0),25/06/26 23:00:00,A,PC_HH,A_GE3,PL,2017,93.89,,
ESTAT:ISOC_CI_IN_H(1.0),25/06/26 23:00:00,A,PC_HH,A_GE3,PL,2018,94.83,,
ESTAT:ISOC_CI_IN_H(1.0),25/06/26 23:00:00,A,PC_HH,A_GE3,PL,2019,97.15,,
ESTAT:ISOC_CI_IN_H(1.0),25/06/26 23:00:00,A,PC_HH,A_GE3,PL,2020,97.38,,
ESTAT:ISOC_CI_IN_H(1.0),25/06/26 23:00:00,A,PC_HH,A_GE3,PL,2021,98.27,,
ESTAT:ISOC_CI_IN_H(1.0),25/06/26 23:00:00,A,PC_HH,A_GE3,PL,2022,98.84,,
ESTAT:ISOC_CI_IN_H(1.0),25/06/26 23:00:00,A,PC_HH,A_GE3,PL,2023,98.30,,
ESTAT:ISOC_CI_IN_H(1.0),25/06/26 23:00:00,A,PC_HH,A_GE3,PL,2024,99.17,,
ESTAT:ISOC_CI_IN_H(1.0),25/06/26 23:00:00,A,PC_HH,A_GE3,PL,2025,98.07,,
ESTAT:ISOC_CI_IN_H(1.0),25/06/26 23:00:00,A,PC_HH,A_GE3,PT,2003,22.44,,
ESTAT:ISOC_CI_IN_H(1.0),25/06/26 23:00:00,A,PC_HH,A_GE3,PT,2004,27.89,,
ESTAT:ISOC_CI_IN_H(1.0),25/06/26 23:00:00,A,PC_HH,A_GE3,PT,2005,49.75,,
ESTAT:ISOC_CI_IN_H(1.0),25/06/26 23:00:00,A,PC_HH,A_GE3,PT,2006,50.74,,
ESTAT:ISOC_CI_IN_H(1.0),25/06/26 23:00:00,A,PC_HH,A_GE3,PT,2007,56.02,,
ESTAT:ISOC_CI_IN_H(1.0),25/06/26 23:00:00,A,PC_HH,A_GE3,PT,2008,66.34,,
ESTAT:ISOC_CI_IN_H(1.0),25/06/26 23:00:00,A,PC_HH,A_GE3,PT,2009,66.01,,
ESTAT:ISOC_CI_IN_H(1.0),25/06/26 23:00:00,A,PC_HH,A_GE3,PT,2010,70.57,,
ESTAT:ISOC_CI_IN_H(1.0),25/06/26 23:00:00,A,PC_HH,A_GE3,PT,2011,76.57,,
ESTAT:ISOC_CI_IN_H(1.0),25/06/26 23:00:00,A,PC_HH,A_GE3,PT,2012,79.25,,
ESTAT:ISOC_CI_IN_H(1.0),25/06/26 23:00:00,A,PC_HH,A_GE3,PT,2013,78.85,,
ESTAT:ISOC_CI_IN_H(1.0),25/06/26 23:00:00,A,PC_HH,A_GE3,PT,2014,83.20,,
ESTAT:ISOC_CI_IN_H(1.0),25/06/26 23:00:00,A,PC_HH,A_GE3,PT,2015,86.15,,
ESTAT:ISOC_CI_IN_H(1.0),25/06/26 23:00:00,A,PC_HH,A_GE3,PT,2016,86.47,,
ESTAT:ISOC_CI_IN_H(1.0),25/06/26 23:00:00,A,PC_HH,A_GE3,PT,2017,90.08,,
ESTAT:ISOC_CI_IN_H(1.0),25/06/26 23:00:00,A,PC_HH,A_GE3,PT,2018,90.07,,
ESTAT:ISOC_CI_IN_H(1.0),25/06/26 23:00:00,A,PC_HH,A_GE3,PT,2019,90.76,,
ESTAT:ISOC_CI_IN_H(1.0),25/06/26 23:00:00,A,PC_HH,A_GE3,PT,2020,93.09,,
ESTAT:ISOC_CI_IN_H(1.0),25/06/26 23:00:00,A,PC_HH,A_GE3,PT,2021,94.36,,
ESTAT:ISOC_CI_IN_H(1.0),25/06/26 23:00:00,A,PC_HH,A_GE3,PT,2022,95.86,,
ESTAT:ISOC_CI_IN_H(1.0),25/06/26 23:00:00,A,PC_HH,A_GE3,PT,2023,95.63,,
ESTAT:ISOC_CI_IN_H(1.0),25/06/26 23:00:00,A,PC_HH,A_GE3,PT,2024,95.50,,
ESTAT:ISOC_CI_IN_H(1.0),25/06/26 23:00:00,A,PC_HH,A_GE3,PT,2025,96.19,,
ESTAT:ISOC_CI_IN_H(1.0),25/06/26 23:00:00,A,PC_HH,A_GE3,RO,2006,25.12,,
ESTAT:ISOC_CI_IN_H(1.0),25/06/26 23:00:00,A,PC_HH,A_GE3,RO,2007,34.59,,
ESTAT:ISOC_CI_IN_H(1.0),25/06/26 23:00:00,A,PC_HH,A_GE3,RO,2008,45.60,,
ESTAT:ISOC_CI_IN_H(1.0),25/06/26 23:00:00,A,PC_HH,A_GE3,RO,2009,54.84,,
ESTAT:ISOC_CI_IN_H(1.0),25/06/26 23:00:00,A,PC_HH,A_GE3,RO,2010,60.77,,
ESTAT:ISOC_CI_IN_H(1.0),25/06/26 23:00:00,A,PC_HH,A_GE3,RO,2011,65.29,,
ESTAT:ISOC_CI_IN_H(1.0),25/06/26 23:00:00,A,PC_HH,A_GE3,RO,2012,70.36,,
ESTAT:ISOC_CI_IN_H(1.0),25/06/26 23:00:00,A,PC_HH,A_GE3,RO,2013,73.80,,
ESTAT:ISOC_CI_IN_H(1.0),25/06/26 23:00:00,A,PC_HH,A_GE3,RO,2014,76.69,b,
ESTAT:ISOC_CI_IN_H(1.0),25/06/26 23:00:00,A,PC_HH,A_GE3,RO,2015,86.60,,
ESTAT:ISOC_CI_IN_H(1.0),25/06/26 23:00:00,A,PC_HH,A_GE3,RO,2016,89.58,,
ESTAT:ISOC_CI_IN_H(1.0),25/06/26 23:00:00,A,PC_HH,A_GE3,RO,2017,91.07,,
ESTAT:ISOC_CI_IN_H(1.0),25/06/26 23:00:00,A,PC_HH,A_GE3,RO,2018,93.73,,
ESTAT:ISOC_CI_IN_H(1.0),25/06/26 23:00:00,A,PC_HH,A_GE3,RO,2019,94.35,,
ESTAT:ISOC_CI_IN_H(1.0),25/06/26 23:00:00,A,PC_HH,A_GE3,RO,2020,97.56,,
ESTAT:ISOC_CI_IN_H(1.0),25/06/26 23:00:00,A,PC_HH,A_GE3,RO,2021,98.11,,
ESTAT:ISOC_CI_IN_H(1.0),25/06/26 23:00:00,A,PC_HH,A_GE3,RO,2022,96.68,,
ESTAT:ISOC_CI_IN_H(1.0),25/06/26 23:00:00,A,PC_HH,A_GE3,RO,2023,96.97,,
ESTAT:ISOC_CI_IN_H(1.0),25/06/26 23:00:00,A,PC_HH,A_GE3,RO,2024,98.60,,
ESTAT:ISOC_CI_IN_H(1.0),25/06/26 23:00:00,A,PC_HH,A_GE3,RO,2025,98.91,,
ESTAT:ISOC_CI_IN_H(1.0),25/06/26 23:00:00,A,PC_HH,A_GE3,RS,2015,78.80,,
ESTAT:ISOC_CI_IN_H(1.0),25/06/26 23:00:00,A,PC_HH,A_GE3,RS,2017,80.99,,
ESTAT:ISOC_CI_IN_H(1.0),25/06/26 23:00:00,A,PC_HH,A_GE3,RS,2018,81.54,,
ESTAT:ISOC_CI_IN_H(1.0),25/06/26 23:00:00,A,PC_HH,A_GE3,RS,2019,86.68,,
ESTAT:ISOC_CI_IN_H(1.0),25/06/26 23:00:00,A,PC_HH,A_GE3,RS,2020,91.21,,
ESTAT:ISOC_CI_IN_H(1.0),25/06/26 23:00:00,A,PC_HH,A_GE3,RS,2021,92.59,,
ESTAT:ISOC_CI_IN_H(1.0),25/06/26 23:00:00,A,PC_HH,A_GE3,RS,2022,94.65,,
ESTAT:ISOC_CI_IN_H(1.0),25/06/26 23:00:00,A,PC_HH,A_GE3,RS,2023,97.64,,
ESTAT:ISOC_CI_IN_H(1.0),25/06/26 23:00:00,A,PC_HH,A_GE3,RS,2024,97.54,,
ESTAT:ISOC_CI_IN_H(1.0),25/06/26 23:00:00,A,PC_HH,A_GE3,RS,2025,97.52,,
ESTAT:ISOC_CI_IN_H(1.0),25/06/26 23:00:00,A,PC_HH,A_GE3,SE,2005,82.83,,
ESTAT:ISOC_CI_IN_H(1.0),25/06/26 23:00:00,A,PC_HH,A_GE3,SE,2006,90.05,,
ESTAT:ISOC_CI_IN_H(1.0),25/06/26 23:00:00,A,PC_HH,A_GE3,SE,2007,91.47,,
ESTAT:ISOC_CI_IN_H(1.0),25/06/26 23:00:00,A,PC_HH,A_GE3,SE,2008,96.10,,
ESTAT:ISOC_CI_IN_H(1.0),25/06/26 23:00:00,A,PC_HH,A_GE3,SE,2009,95.88,,
ESTAT:ISOC_CI_IN_H(1.0),25/06/26 23:00:00,A,PC_HH,A_GE3,SE,2010,95.35,,
ESTAT:ISOC_CI_IN_H(1.0),25/06/26 23:00:00,A,PC_HH,A_GE3,SE,2011,96.21,,
ESTAT:ISOC_CI_IN_H(1.0),25/06/26 23:00:00,A,PC_HH,A_GE3,SE,2012,98.90,,
ESTAT:ISOC_CI_IN_H(1.0),25/06/26 23:00:00,A,PC_HH,A_GE3,SE,2013,97.44,,
ESTAT:ISOC_CI_IN_H(1.0),25/06/26 23:00:00,A,PC_HH,A_GE3,SE,2014,99.41,,
ESTAT:ISOC_CI_IN_H(1.0),25/06/26 23:00:00,A,PC_HH,A_GE3,SE,2015,98.95,,
ESTAT:ISOC_CI_IN_H(1.0),25/06/26 23:00:00,A,PC_HH,A_GE3,SE,2016,97.02,b,
ESTAT:ISOC_CI_IN_H(1.0),25/06/26 23:00:00,A,PC_HH,A_GE3,SE,2017,98.53,,
ESTAT:ISOC_CI_IN_H(1.0),25/06/26 23:00:00,A,PC_HH,A_GE3,SE,2018,98.82,,
ESTAT:ISOC_CI_IN_H(1.0),25/06/26 23:00:00,A,PC_HH,A_GE3,SE,2019,100.00,,
ESTAT:ISOC_CI_IN_H(1.0),25/06/26 23:00:00,A,PC_HH,A_GE3,SE,2020,98.11,,
ESTAT:ISOC_CI_IN_H(1.0),25/06/26 23:00:00,A,PC_HH,A_GE3,SE,2021,96.57,,
ESTAT:ISOC_CI_IN_H(1.0),25/06/26 23:00:00,A,PC_HH,A_GE3,SE,2022,96.72,,
ESTAT:ISOC_CI_IN_H(1.0),25/06/26 23:00:00,A,PC_HH,A_GE3,SE,2023,97.27,,
ESTAT:ISOC_CI_IN_H(1.0),25/06/26 23:00:00,A,PC_HH,A_GE3,SE,2024,97.70,,
ESTAT:ISOC_CI_IN_H(1.0),25/06/26 23:00:00,A,PC_HH,A_GE3,SE,2025,97.53,,
ESTAT:ISOC_CI_IN_H(1.0),25/06/26 23:00:00,A,PC_HH,A_GE3,SI,2004,54.68,,
ESTAT:ISOC_CI_IN_H(1.0),25/06/26 23:00:00,A,PC_HH,A_GE3,SI,2005,65.28,,
ESTAT:ISOC_CI_IN_H(1.0),25/06/26 23:00:00,A,PC_HH,A_GE3,SI,2006,71.40,,
ESTAT:ISOC_CI_IN_H(1.0),25/06/26 23:00:00,A,PC_HH,A_GE3,SI,2007,77.62,,
ESTAT:ISOC_CI_IN_H(1.0),25/06/26 23:00:00,A,PC_HH,A_GE3,SI,2008,79.65,,
ESTAT:ISOC_CI_IN_H(1.0),25/06/26 23:00:00,A,PC_HH,A_GE3,SI,2009,78.83,,
ESTAT:ISOC_CI_IN_H(1.0),25/06/26 23:00:00,A,PC_HH,A_GE3,SI,2010,87.01,,
ESTAT:ISOC_CI_IN_H(1.0),25/06/26 23:00:00,A,PC_HH,A_GE3,SI,2011,89.19,,
ESTAT:ISOC_CI_IN_H(1.0),25/06/26 23:00:00,A,PC_HH,A_GE3,SI,2012,91.32,,
ESTAT:ISOC_CI_IN_H(1.0),25/06/26 23:00:00,A,PC_HH,A_GE3,SI,2013,90.23,,
ESTAT:ISOC_CI_IN_H(1.0),25/06/26 23:00:00,A,PC_HH,A_GE3,SI,2014,93.75,,
ESTAT:ISOC_CI_IN_H(1.0),25/06/26 23:00:00,A,PC_HH,A_GE3,SI,2015,94.92,,
ESTAT:ISOC_CI_IN_H(1.0),25/06/26 23:00:00,A,PC_HH,A_GE3,SI,2016,94.72,,
ESTAT:ISOC_CI_IN_H(1.0),25/06/26 23:00:00,A,PC_HH,A_GE3,SI,2017,95.18,,
ESTAT:ISOC_CI_IN_H(1.0),25/06/26 23:00:00,A,PC_HH,A_GE3,SI,2018,95.87,,
ESTAT:ISOC_CI_IN_H(1.0),25/06/26 23:00:00,A,PC_HH,A_GE3,SI,2019,96.59,,
ESTAT:ISOC_CI_IN_H(1.0),25/06/26 23:00:00,A,PC_HH,A_GE3,SI,2020,97.18,,
ESTAT:ISOC_CI_IN_H(1.0),25/06/26 23:00:00,A,PC_HH,A_GE3,SI,2021,98.28,,
ESTAT:ISOC_CI_IN_H(1.0),25/06/26 23:00:00,A,PC_HH,A_GE3,SI,2022,98.97,,
ESTAT:ISOC_CI_IN_H(1.0),25/06/26 23:00:00,A,PC_HH,A_GE3,SI,2023,98.57,,
ESTAT:ISOC_CI_IN_H(1.0),25/06/26 23:00:00,A,PC_HH,A_GE3,SI,2024,98.83,,
ESTAT:ISOC_CI_IN_H(1.0),25/06/26 23:00:00,A,PC_HH,A_GE3,SI,2025,98.57,,
ESTAT:ISOC_CI_IN_H(1.0),25/06/26 23:00:00,A,PC_HH,A_GE3,SK,2004,31.11,,
ESTAT:ISOC_CI_IN_H(1.0),25/06/26 23:00:00,A,PC_HH,A_GE3,SK,2005,26.03,,
ESTAT:ISOC_CI_IN_H(1.0),25/06/26 23:00:00,A,PC_HH,A_GE3,SK,2006,42.50,,
ESTAT:ISOC_CI_IN_H(1.0),25/06/26 23:00:00,A,PC_HH,A_GE3,SK,2007,64.83,,
ESTAT:ISOC_CI_IN_H(1.0),25/06/26 23:00:00,A,PC_HH,A_GE3,SK,2008,75.12,,
ESTAT:ISOC_CI_IN_H(1.0),25/06/26 23:00:00,A,PC_HH,A_GE3,SK,2009,81.71,,
ESTAT:ISOC_CI_IN_H(1.0),25/06/26 23:00:00,A,PC_HH,A_GE3,SK,2010,85.77,,
ESTAT:ISOC_CI_IN_H(1.0),25/06/26 23:00:00,A,PC_HH,A_GE3,SK,2011,89.38,,
ESTAT:ISOC_CI_IN_H(1.0),25/06/26 23:00:00,A,PC_HH,A_GE3,SK,2012,91.54,,
ESTAT:ISOC_CI_IN_H(1.0),25/06/26 23:00:00,A,PC_HH,A_GE3,SK,2013,92.33,,
ESTAT:ISOC_CI_IN_H(1.0),25/06/26 23:00:00,A,PC_HH,A_GE3,SK,2014,93.48,,
ESTAT:ISOC_CI_IN_H(1.0),25/06/26 23:00:00,A,PC_HH,A_GE3,SK,2015,95.15,,
ESTAT:ISOC_CI_IN_H(1.0),25/06/26 23:00:00,A,PC_HH,A_GE3,SK,2016,95.00,,
ESTAT:ISOC_CI_IN_H(1.0),25/06/26 23:00:00,A,PC_HH,A_GE3,SK,2017,94.24,,
ESTAT:ISOC_CI_IN_H(1.0),25/06/26 23:00:00,A,PC_HH,A_GE3,SK,2018,93.76,,
ESTAT:ISOC_CI_IN_H(1.0),25/06/26 23:00:00,A,PC_HH,A_GE3,SK,2019,92.92,,
ESTAT:ISOC_CI_IN_H(1.0),25/06/26 23:00:00,A,PC_HH,A_GE3,SK,2020,90.37,,
ESTAT:ISOC_CI_IN_H(1.0),25/06/26 23:00:00,A,PC_HH,A_GE3,SK,2021,96.38,,
ESTAT:ISOC_CI_IN_H(1.0),25/06/26 23:00:00,A,PC_HH,A_GE3,SK,2022,96.82,,
ESTAT:ISOC_CI_IN_H(1.0),25/06/26 23:00:00,A,PC_HH,A_GE3,SK,2023,97.37,,
ESTAT:ISOC_CI_IN_H(1.0),25/06/26 23:00:00,A,PC_HH,A_GE3,SK,2024,96.81,,
ESTAT:ISOC_CI_IN_H(1.0),25/06/26 23:00:00,A,PC_HH,A_GE3,SK,2025,96.44,,
ESTAT:ISOC_CI_IN_H(1.0),25/06/26 23:00:00,A,PC_HH,A_GE3,TR,2004,12.74,,
ESTAT:ISOC_CI_IN_H(1.0),25/06/26 23:00:00,A,PC_HH,A_GE3,TR,2007,30.85,,
ESTAT:ISOC_CI_IN_H(1.0),25/06/26 23:00:00,A,PC_HH,A_GE3,TR,2008,40.53,,
ESTAT:ISOC_CI_IN_H(1.0),25/06/26 23:00:00,A,PC_HH,A_GE3,TR,2009,45.47,,
ESTAT:ISOC_CI_IN_H(1.0),25/06/26 23:00:00,A,PC_HH,A_GE3,TR,2010,55.93,,
ESTAT:ISOC_CI_IN_H(1.0),25/06/26 23:00:00,A,PC_HH,A_GE3,TR,2012,62.58,,
ESTAT:ISOC_CI_IN_H(1.0),25/06/26 23:00:00,A,PC_HH,A_GE3,TR,2013,62.70,,
ESTAT:ISOC_CI_IN_H(1.0),25/06/26 23:00:00,A,PC_HH,A_GE3,TR,2020,97.33,,
ESTAT:ISOC_CI_IN_H(1.0),25/06/26 23:00:00,A,PC_HH,A_GE3,TR,2022,98.45,,
ESTAT:ISOC_CI_IN_H(1.0),25/06/26 23:00:00,A,PC_HH,A_GE3,TR,2023,99.05,,
ESTAT:ISOC_CI_IN_H(1.0),25/06/26 23:00:00,A,PC_HH,A_GE3,TR,2024,99.18,,
ESTAT:ISOC_CI_IN_H(1.0),25/06/26 23:00:00,A,PC_HH,A_GE3,TR,2025,99.39,,
ESTAT:ISOC_CI_IN_H(1.0),25/06/26 23:00:00,A,PC_HH,A_GE3,UK,2002,53.57,,
ESTAT:ISOC_CI_IN_H(1.0),25/06/26 23:00:00,A,PC_HH,A_GE3,UK,2003,60.91,,
ESTAT:ISOC_CI_IN_H(1.0),25/06/26 23:00:00,A,PC_HH,A_GE3,UK,2004,63.32,,
ESTAT:ISOC_CI_IN_H(1.0),25/06/26 23:00:00,A,PC_HH,A_GE3,UK,2005,75.77,,
ESTAT:ISOC_CI_IN_H(1.0),25/06/26 23:00:00,A,PC_HH,A_GE3,UK,2006,76.01,,
ESTAT:ISOC_CI_IN_H(1.0),25/06/26 23:00:00,A,PC_HH,A_GE3,UK,2007,78.85,,
ESTAT:ISOC_CI_IN_H(1.0),25/06/26 23:00:00,A,PC_HH,A_GE3,UK,2008,84.65,,
ESTAT:ISOC_CI_IN_H(1.0),25/06/26 23:00:00,A,PC_HH,A_GE3,UK,2009,90.02,,
ESTAT:ISOC_CI_IN_H(1.0),25/06/26 23:00:00,A,PC_HH,A_GE3,UK,2010,92.69,,
ESTAT:ISOC_CI_IN_H(1.0),25/06/26 23:00:00,A,PC_HH,A_GE3,UK,2011,93.76,,
ESTAT:ISOC_CI_IN_H(1.0),25/06/26 23:00:00,A,PC_HH,A_GE3,UK,2012,98.31,,
ESTAT:ISOC_CI_IN_H(1.0),25/06/26 23:00:00,A,PC_HH,A_GE3,UK,2013,88.17,,
ESTAT:ISOC_CI_IN_H(1.0),25/06/26 23:00:00,A,PC_HH,A_GE3,UK,2014,97.14,,
ESTAT:ISOC_CI_IN_H(1.0),25/06/26 23:00:00,A,PC_HH,A_GE3,UK,2015,98.18,,
ESTAT:ISOC_CI_IN_H(1.0),25/06/26 23:00:00,A,PC_HH,A_GE3,UK,2016,98.90,,
ESTAT:ISOC_CI_IN_H(1.0),25/06/26 23:00:00,A,PC_HH,A_GE3,UK,2017,99.63,,
ESTAT:ISOC_CI_IN_H(1.0),25/06/26 23:00:00,A,PC_HH,A_GE3,UK,2018,97.72,,
ESTAT:ISOC_CI_IN_H(1.0),25/06/26 23:00:00,A,PC_HH,A_GE3,UK,2019,99.04,,
ESTAT:ISOC_CI_IN_H(1.0),25/06/26 23:00:00,A,PC_HH,A_GE3,UK,2020,97.63,,
ESTAT:ISOC_CI_IN_H(1.0),25/06/26 23:00:00,A,PC_HH,A_GE3,XK,2017,91.46,,
ESTAT:ISOC_CI_IN_H(1.0),25/06/26 23:00:00,A,PC_HH,A_GE3,XK,2018,96.13,,
ESTAT:ISOC_CI_IN_H(1.0),25/06/26 23:00:00,A,PC_HH,A_GE3,XK,2019,95.76,,
ESTAT:ISOC_CI_IN_H(1.0),25/06/26 23:00:00,A,PC_HH,A_GE3,XK,2020,97.92,,
ESTAT:ISOC_CI_IN_H(1.0),25/06/26 23:00:00,A,PC_HH,A_GE3,XK,2024,98.85,,
ESTAT:ISOC_CI_IN_H(1.0),25/06/26 23:00:00,A,PC_HH,A_GE3,XK,2025,99.45,,
ESTAT:ISOC_CI_IN_H(1.0),25/06/26 23:00:00,A,PC_HH,A_GE3_DCH,AL,2018,91.25,,
ESTAT:ISOC_CI_IN_H(1.0),25/06/26 23:00:00,A,PC_HH,A_GE3_DCH,AL,2019,92.09,,
ESTAT:ISOC_CI_IN_H(1.0),25/06/26 23:00:00,A,PC_HH,A_GE3_DCH,AL,2020,93.80,,
ESTAT:ISOC_CI_IN_H(1.0),25/06/26 23:00:00,A,PC_HH,A_GE3_DCH,AL,2021,95.85,,
ESTAT:ISOC_CI_IN_H(1.0),25/06/26 23:00:00,A,PC_HH,A_GE3_DCH,AL,2022,100.00,,
ESTAT:ISOC_CI_IN_H(1.0),25/06/26 23:00:00,A,PC_HH,A_GE3_DCH,AL,2023,100.00,,
ESTAT:ISOC_CI_IN_H(1.0),25/06/26 23:00:00,A,PC_HH,A_GE3_DCH,AL,2024,99.91,,
ESTAT:ISOC_CI_IN_H(1.0),25/06/26 23:00:00,A,PC_HH,A_GE3_DCH,AL,2025,100.00,,
ESTAT:ISOC_CI_IN_H(1.0),25/06/26 23:00:00,A,PC_HH,A_GE3_DCH,AT,2002,46.82,,
ESTAT:ISOC_CI_IN_H(1.0),25/06/26 23:00:00,A,PC_HH,A_GE3_DCH,AT,2003,55.13,,
ESTAT:ISOC_CI_IN_H(1.0),25/06/26 23:00:00,A,PC_HH,A_GE3_DCH,AT,2004,61.53,,
ESTAT:ISOC_CI_IN_H(1.0),25/06/26 23:00:00,A,PC_HH,A_GE3_DCH,AT,2005,66.21,,
ESTAT:ISOC_CI_IN_H(1.0),25/06/26 23:00:00,A,PC_HH,A_GE3_DCH,AT,2006,70.98,,
ESTAT:ISOC_CI_IN_H(1.0),25/06/26 23:00:00,A,PC_HH,A_GE3_DCH,AT,2007,77.91,,
ESTAT:ISOC_CI_IN_H(1.0),25/06/26 23:00:00,A,PC_HH,A_GE3_DCH,AT,2008,86.71,,
ESTAT:ISOC_CI_IN_H(1.0),25/06/26 23:00:00,A,PC_HH,A_GE3_DCH,AT,2009,94.14,,
ESTAT:ISOC_CI_IN_H(1.0),25/06/26 23:00:00,A,PC_HH,A_GE3_DCH,AT,2010,96.39,,
ESTAT:ISOC_CI_IN_H(1.0),25/06/26 23:00:00,A,PC_HH,A_GE3_DCH,AT,2011,97.36,,
ESTAT:ISOC_CI_IN_H(1.0),25/06/26 23:00:00,A,PC_HH,A_GE3_DCH,AT,2012,95.44,,
ESTAT:ISOC_CI_IN_H(1.0),25/06/26 23:00:00,A,PC_HH,A_GE3_DCH,AT,2013,98.83,,
ESTAT:ISOC_CI_IN_H(1.0),25/06/26 23:00:00,A,PC_HH,A_GE3_DCH,AT,2014,98.40,,
ESTAT:ISOC_CI_IN_H(1.0),25/06/26 23:00:00,A,PC_HH,A_GE3_DCH,AT,2015,97.30,,
ESTAT:ISOC_CI_IN_H(1.0),25/06/26 23:00:00,A,PC_HH,A_GE3_DCH,AT,2016,98.01,,
ESTAT:ISOC_CI_IN_H(1.0),25/06/26 23:00:00,A,PC_HH,A_GE3_DCH,AT,2017,99.66,,
ESTAT:ISOC_CI_IN_H(1.0),25/06/26 23:00:00,A,PC_HH,A_GE3_DCH,AT,2018,99.36,,
ESTAT:ISOC_CI_IN_H(1.0),25/06/26 23:00:00,A,PC_HH,A_GE3_DCH,AT,2019,97.48,,
ESTAT:ISOC_CI_IN_H(1.0),25/06/26 23:00:00,A,PC_HH,A_GE3_DCH,AT,2020,97.05,,
ESTAT:ISOC_CI_IN_H(1.0),25/06/26 23:00:00,A,PC_HH,A_GE3_DCH,AT,2021,100.00,,
ESTAT:ISOC_CI_IN_H(1.0),25/06/26 23:00:00,A,PC_HH,A_GE3_DCH,AT,2022,100.00,,
ESTAT:ISOC_CI_IN_H(1.0),25/06/26 23:00:00,A,PC_HH,A_GE3_DCH,AT,2023,100.00,,
ESTAT:ISOC_CI_IN_H(1.0),25/06/26 23:00:00,A,PC_HH,A_GE3_DCH,AT,2024,100.00,,
ESTAT:ISOC_CI_IN_H(1.0),25/06/26 23:00:00,A,PC_HH,A_GE3_DCH,AT,2025,99.81,,
ESTAT:ISOC_CI_IN_H(1.0),25/06/26 23:00:00,A,PC_HH,A_GE3_DCH,BA,2018,84.68,,
ESTAT:ISOC_CI_IN_H(1.0),25/06/26 23:00:00,A,PC_HH,A_GE3_DCH,BA,2019,84.98,,
ESTAT:ISOC_CI_IN_H(1.0),25/06/26 23:00:00,A,PC_HH,A_GE3_DCH,BA,2020,90.87,,
ESTAT:ISOC_CI_IN_H(1.0),25/06/26 23:00:00,A,PC_HH,A_GE3_DCH,BA,2021,93.48,,
ESTAT:ISOC_CI_IN_H(1.0),25/06/26 23:00:00,A,PC_HH,A_GE3_DCH,BA,2023,95.77,,
ESTAT:ISOC_CI_IN_H(1.0),25/06/26 23:00:00,A,PC_HH,A_GE3_DCH,BA,2024,98.79,,
ESTAT:ISOC_CI_IN_H(1.0),25/06/26 23:00:00,A,PC_HH,A_GE3_DCH,BA,2025,98.38,,
ESTAT:ISOC_CI_IN_H(1.0),25/06/26 23:00:00,A,PC_HH,A_GE3_DCH,BE,2005,77.83,,
ESTAT:ISOC_CI_IN_H(1.0),25/06/26 23:00:00,A,PC_HH,A_GE3_DCH,BE,2006,81.50,,
ESTAT:ISOC_CI_IN_H(1.0),25/06/26 23:00:00,A,PC_HH,A_GE3_DCH,BE,2007,85.24,,
ESTAT:ISOC_CI_IN_H(1.0),25/06/26 23:00:00,A,PC_HH,A_GE3_DCH,BE,2008,87.10,,
ESTAT:ISOC_CI_IN_H(1.0),25/06/26 23:00:00,A,PC_HH,A_GE3_DCH,BE,2009,89.18,,
ESTAT:ISOC_CI_IN_H(1.0),25/06/26 23:00:00,A,PC_HH,A_GE3_DCH,BE,2010,94.84,,
ESTAT:ISOC_CI_IN_H(1.0),25/06/26 23:00:00,A,PC_HH,A_GE3_DCH,BE,2011,95.09,,
ESTAT:ISOC_CI_IN_H(1.0),25/06/26 23:00:00,A,PC_HH,A_GE3_DCH,BE,2012,94.36,,
ESTAT:ISOC_CI_IN_H(1.0),25/06/26 23:00:00,A,PC_HH,A_GE3_DCH,BE,2013,96.59,,
ESTAT:ISOC_CI_IN_H(1.0),25/06/26 23:00:00,A,PC_HH,A_GE3_DCH,BE,2014,95.22,,
ESTAT:ISOC_CI_IN_H(1.0),25/06/26 23:00:00,A,PC_HH,A_GE3_DCH,BE,2015,95.98,,
ESTAT:ISOC_CI_IN_H(1.0),25/06/26 23:00:00,A,PC_HH,A_GE3_DCH,BE,2016,96.74,,
ESTAT:ISOC_CI_IN_H(1.0),25/06/26 23:00:00,A,PC_HH,A_GE3_DCH,BE,2017,95.49,,
ESTAT:ISOC_CI_IN_H(1.0),25/06/26 23:00:00,A,PC_HH,A_GE3_DCH,BE,2018,97.99,,
ESTAT:ISOC_CI_IN_H(1.0),25/06/26 23:00:00,A,PC_HH,A_GE3_DCH,BE,2019,99.08,,
ESTAT:ISOC_CI_IN_H(1.0),25/06/26 23:00:00,A,PC_HH,A_GE3_DCH,BE,2020,99.16,,
ESTAT:ISOC_CI_IN_H(1.0),25/06/26 23:00:00,A,PC_HH,A_GE3_DCH,BE,2021,97.88,,
ESTAT:ISOC_CI_IN_H(1.0),25/06/26 23:00:00,A,PC_HH,A_GE3_DCH,BE,2022,98.64,,
ESTAT:ISOC_CI_IN_H(1.0),25/06/26 23:00:00,A,PC_HH,A_GE3_DCH,BE,2023,100.00,,
ESTAT:ISOC_CI_IN_H(1.0),25/06/26 23:00:00,A,PC_HH,A_GE3_DCH,BE,2024,99.36,,
ESTAT:ISOC_CI_IN_H(1.0),25/06/26 23:00:00,A,PC_HH,A_GE3_DCH,BE,2025,99.73,,
ESTAT:ISOC_CI_IN_H(1.0),25/06/26 23:00:00,A,PC_HH,A_GE3_DCH,BG,2004,12.13,,
ESTAT:ISOC_CI_IN_H(1.0),25/06/26 23:00:00,A,PC_HH,A_GE3_DCH,BG,2007,35.33,,
ESTAT:ISOC_CI_IN_H(1.0),25/06/26 23:00:00,A,PC_HH,A_GE3_DCH,BG,2008,52.28,,
ESTAT:ISOC_CI_IN_H(1.0),25/06/26 23:00:00,A,PC_HH,A_GE3_DCH,BG,2009,54.77,,
ESTAT:ISOC_CI_IN_H(1.0),25/06/26 23:00:00,A,PC_HH,A_GE3_DCH,BG,2010,59.17,,
ESTAT:ISOC_CI_IN_H(1.0),25/06/26 23:00:00,A,PC_HH,A_GE3_DCH,BG,2011,64.58,,
ESTAT:ISOC_CI_IN_H(1.0),25/06/26 23:00:00,A,PC_HH,A_GE3_DCH,BG,2012,75.01,,
ESTAT:ISOC_CI_IN_H(1.0),25/06/26 23:00:00,A,PC_HH,A_GE3_DCH,BG,2013,71.74,,
ESTAT:ISOC_CI_IN_H(1.0),25/06/26 23:00:00,A,PC_HH,A_GE3_DCH,BG,2014,79.28,,
ESTAT:ISOC_CI_IN_H(1.0),25/06/26 23:00:00,A,PC_HH,A_GE3_DCH,BG,2015,82.48,,
ESTAT:ISOC_CI_IN_H(1.0),25/06/26 23:00:00,A,PC_HH,A_GE3_DCH,BG,2016,83.24,,
ESTAT:ISOC_CI_IN_H(1.0),25/06/26 23:00:00,A,PC_HH,A_GE3_DCH,BG,2017,84.47,,
ESTAT:ISOC_CI_IN_H(1.0),25/06/26 23:00:00,A,PC_HH,A_GE3_DCH,BG,2018,86.65,,
ESTAT:ISOC_CI_IN_H(1.0),25/06/26 23:00:00,A,PC_HH,A_GE3_DCH,BG,2019,86.46,,
ESTAT:ISOC_CI_IN_H(1.0),25/06/26 23:00:00,A,PC_HH,A_GE3_DCH,BG,2020,96.80,,
ESTAT:ISOC_CI_IN_H(1.0),25/06/26 23:00:00,A,PC_HH,A_GE3_DCH,BG,2021,95.19,,
ESTAT:ISOC_CI_IN_H(1.0),25/06/26 23:00:00,A,PC_HH,A_GE3_DCH,BG,2022,95.30,,
ESTAT:ISOC_CI_IN_H(1.0),25/06/26 23:00:00,A,PC_HH,A_GE3_DCH,BG,2023,99.34,,
ESTAT:ISOC_CI_IN_H(1.0),25/06/26 23:00:00,A,PC_HH,A_GE3_DCH,BG,2024,98.04,,
ESTAT:ISOC_CI_IN_H(1.0),25/06/26 23:00:00,A,PC_HH,A_GE3_DCH,BG,2025,99.45,,
ESTAT:ISOC_CI_IN_H(1.0),25/06/26 23:00:00,A,PC_HH,A_GE3_DCH,CH,2014,98.62,,
ESTAT:ISOC_CI_IN_H(1.0),25/06/26 23:00:00,A,PC_HH,A_GE3_DCH,CH,2017,99.54,b,
ESTAT:ISOC_CI_IN_H(1.0),25/06/26 23:00:00,A,PC_HH,A_GE3_DCH,CH,2019,91.91,,
ESTAT:ISOC_CI_IN_H(1.0),25/06/26 23:00:00,A,PC_HH,A_GE3_DCH,CH,2021,100.00,,
ESTAT:ISOC_CI_IN_H(1.0),25/06/26 23:00:00,A,PC_HH,A_GE3_DCH,CH,2023,99.42,,
ESTAT:ISOC_CI_IN_H(1.0),25/06/26 23:00:00,A,PC_HH,A_GE3_DCH,CH,2025,100.00,,
ESTAT:ISOC_CI_IN_H(1.0),25/06/26 23:00:00,A,PC_HH,A_GE3_DCH,CY,2004,58.80,,
ESTAT:ISOC_CI_IN_H(1.0),25/06/26 23:00:00,A,PC_HH,A_GE3_DCH,CY,2005,51.88,,
ESTAT:ISOC_CI_IN_H(1.0),25/06/26 23:00:00,A,PC_HH,A_GE3_DCH,CY,2006,61.40,,
ESTAT:ISOC_CI_IN_H(1.0),25/06/26 23:00:00,A,PC_HH,A_GE3_DCH,CY,2007,59.38,,
ESTAT:ISOC_CI_IN_H(1.0),25/06/26 23:00:00,A,PC_HH,A_GE3_DCH,CY,2008,65.66,,
ESTAT:ISOC_CI_IN_H(1.0),25/06/26 23:00:00,A,PC_HH,A_GE3_DCH,CY,2009,83.43,,
ESTAT:ISOC_CI_IN_H(1.0),25/06/26 23:00:00,A,PC_HH,A_GE3_DCH,CY,2010,87.95,,
ESTAT:ISOC_CI_IN_H(1.0),25/06/26 23:00:00,A,PC_HH,A_GE3_DCH,CY,2011,88.38,,
ESTAT:ISOC_CI_IN_H(1.0),25/06/26 23:00:00,A,PC_HH,A_GE3_DCH,CY,2012,85.75,,
ESTAT:ISOC_CI_IN_H(1.0),25/06/26 23:00:00,A,PC_HH,A_GE3_DCH,CY,2013,89.48,,
ESTAT:ISOC_CI_IN_H(1.0),25/06/26 23:00:00,A,PC_HH,A_GE3_DCH,CY,2014,91.91,,
ESTAT:ISOC_CI_IN_H(1.0),25/06/26 23:00:00,A,PC_HH,A_GE3_DCH,CY,2015,89.98,,
ESTAT:ISOC_CI_IN_H(1.0),25/06/26 23:00:00,A,PC_HH,A_GE3_DCH,CY,2016,97.04,,
ESTAT:ISOC_CI_IN_H(1.0),25/06/26 23:00:00,A,PC_HH,A_GE3_DCH,CY,2017,98.04,,
ESTAT:ISOC_CI_IN_H(1.0),25/06/26 23:00:00,A,PC_HH,A_GE3_DCH,CY,2018,100.00,,
ESTAT:ISOC_CI_IN_H(1.0),25/06/26 23:00:00,A,PC_HH,A_GE3_DCH,CY,2019,100.00,,
ESTAT:ISOC_CI_IN_H(1.0),25/06/26 23:00:00,A,PC_HH,A_GE3_DCH,CY,2020,98.40,,
ESTAT:ISOC_CI_IN_H(1.0),25/06/26 23:00:00,A,PC_HH,A_GE3_DCH,CY,2021,100.00,,
ESTAT:ISOC_CI_IN_H(1.0),25/06/26 23:00:00,A,PC_HH,A_GE3_DCH,CY,2022,100.00,,
ESTAT:ISOC_CI_IN_H(1.0),25/06/26 23:00:00,A,PC_HH,A_GE3_DCH,CY,2023,100.00,,
ESTAT:ISOC_CI_IN_H(1.0),25/06/26 23:00:00,A,PC_HH,A_GE3_DCH,CY,2024,100.00,,
ESTAT:ISOC_CI_IN_H(1.0),25/06/26 23:00:00,A,PC_HH,A_GE3_DCH,CY,2025,99.07,,
ESTAT:ISOC_CI_IN_H(1.0),25/06/26 23:00:00,A,PC_HH,A_GE3_DCH,CZ,2004,34.65,,
ESTAT:ISOC_CI_IN_H(1.0),25/06/26 23:00:00,A,PC_HH,A_GE3_DCH,CZ,2005,33.02,,
ESTAT:ISOC_CI_IN_H(1.0),25/06/26 23:00:00,A,PC_HH,A_GE3_DCH,CZ,2006,45.92,,
ESTAT:ISOC_CI_IN_H(1.0),25/06/26 23:00:00,A,PC_HH,A_GE3_DCH,CZ,2007,55.96,,
ESTAT:ISOC_CI_IN_H(1.0),25/06/26 23:00:00,A,PC_HH,A_GE3_DCH,CZ,2008,67.71,,
ESTAT:ISOC_CI_IN_H(1.0),25/06/26 23:00:00,A,PC_HH,A_GE3_DCH,CZ,2009,88.84,,
ESTAT:ISOC_CI_IN_H(1.0),25/06/26 23:00:00,A,PC_HH,A_GE3_DCH,CZ,2010,83.10,,
ESTAT:ISOC_CI_IN_H(1.0),25/06/26 23:00:00,A,PC_HH,A_GE3_DCH,CZ,2011,84.90,,
ESTAT:ISOC_CI_IN_H(1.0),25/06/26 23:00:00,A,PC_HH,A_GE3_DCH,CZ,2012,90.88,,
ESTAT:ISOC_CI_IN_H(1.0),25/06/26 23:00:00,A,PC_HH,A_GE3_DCH,CZ,2013,92.63,,
ESTAT:ISOC_CI_IN_H(1.0),25/06/26 23:00:00,A,PC_HH,A_GE3_DCH,CZ,2014,95.33,,
ESTAT:ISOC_CI_IN_H(1.0),25/06/26 23:00:00,A,PC_HH,A_GE3_DCH,CZ,2015,96.02,,
ESTAT:ISOC_CI_IN_H(1.0),25/06/26 23:00:00,A,PC_HH,A_GE3_DCH,CZ,2016,97.29,,
ESTAT:ISOC_CI_IN_H(1.0),25/06/26 23:00:00,A,PC_HH,A_GE3_DCH,CZ,2017,96.33,,
ESTAT:ISOC_CI_IN_H(1.0),25/06/26 23:00:00,A,PC_HH,A_GE3_DCH,CZ,2018,97.34,,
ESTAT:ISOC_CI_IN_H(1.0),25/06/26 23:00:00,A,PC_HH,A_GE3_DCH,CZ,2019,95.69,,
ESTAT:ISOC_CI_IN_H(1.0),25/06/26 23:00:00,A,PC_HH,A_GE3_DCH,CZ,2020,99.13,,
ESTAT:ISOC_CI_IN_H(1.0),25/06/26 23:00:00,A,PC_HH,A_GE3_DCH,CZ,2021,99.33,,
ESTAT:ISOC_CI_IN_H(1.0),25/06/26 23:00:00,A,PC_HH,A_GE3_DCH,CZ,2022,99.86,,
ESTAT:ISOC_CI_IN_H(1.0),25/06/26 23:00:00,A,PC_HH,A_GE3_DCH,CZ,2023,99.78,,
ESTAT:ISOC_CI_IN_H(1.0),25/06/26 23:00:00,A,PC_HH,A_GE3_DCH,CZ,2024,100.00,,
ESTAT:ISOC_CI_IN_H(1.0),25/06/26 23:00:00,A,PC_HH,A_GE3_DCH,CZ,2025,99.69,,
ESTAT:ISOC_CI_IN_H(1.0),25/06/26 23:00:00,A,PC_HH,A_GE3_DCH,DE,2002,75.10,,
ESTAT:ISOC_CI_IN_H(1.0),25/06/26 23:00:00,A,PC_HH,A_GE3_DCH,DE,2003,82.71,,
ESTAT:ISOC_CI_IN_H(1.0),25/06/26 23:00:00,A,PC_HH,A_GE3_DCH,DE,2004,89.67,,
ESTAT:ISOC_CI_IN_H(1.0),25/06/26 23:00:00,A,PC_HH,A_GE3_DCH,DE,2005,84.51,,
ESTAT:ISOC_CI_IN_H(1.0),25/06/26 23:00:00,A,PC_HH,A_GE3_DCH,DE,2006,92.89,,
ESTAT:ISOC_CI_IN_H(1.0),25/06/26 23:00:00,A,PC_HH,A_GE3_DCH,DE,2007,96.20,,
ESTAT:ISOC_CI_IN_H(1.0),25/06/26 23:00:00,A,PC_HH,A_GE3_DCH,DE,2008,97.78,,
ESTAT:ISOC_CI_IN_H(1.0),25/06/26 23:00:00,A,PC_HH,A_GE3_DCH,DE,2009,98.67,,
ESTAT:ISOC_CI_IN_H(1.0),25/06/26 23:00:00,A,PC_HH,A_GE3_DCH,DE,2010,98.25,,
ESTAT:ISOC_CI_IN_H(1.0),25/06/26 23:00:00,A,PC_HH,A_GE3_DCH,DE,2011,98.11,,
ESTAT:ISOC_CI_IN_H(1.0),25/06/26 23:00:00,A,PC_HH,A_GE3_DCH,DE,2012,99.84,,
ESTAT:ISOC_CI_IN_H(1.0),25/06/26 23:00:00,A,PC_HH,A_GE3_DCH,DE,2013,99.68,,
ESTAT:ISOC_CI_IN_H(1.0),25/06/26 23:00:00,A,PC_HH,A_GE3_DCH,DE,2014,99.93,,
ESTAT:ISOC_CI_IN_H(1.0),25/06/26 23:00:00,A,PC_HH,A_GE3_DCH,DE,2015,99.41,,
ESTAT:ISOC_CI_IN_H(1.0),25/06/26 23:00:00,A,PC_HH,A_GE3_DCH,DE,2016,100.00,,
ESTAT:ISOC_CI_IN_H(1.0),25/06/26 23:00:00,A,PC_HH,A_GE3_DCH,DE,2017,100.00,,
ESTAT:ISOC_CI_IN_H(1.0),25/06/26 23:00:00,A,PC_HH,A_GE3_DCH,DE,2018,100.00,,
ESTAT:ISOC_CI_IN_H(1.0),25/06/26 23:00:00,A,PC_HH,A_GE3_DCH,DE,2019,99.99,,
ESTAT:ISOC_CI_IN_H(1.0),25/06/26 23:00:00,A,PC_HH,A_GE3_DCH,DE,2020,100.00,,
ESTAT:ISOC_CI_IN_H(1.0),25/06/26 23:00:00,A,PC_HH,A_GE3_DCH,DE,2021,98.61,b,
ESTAT:ISOC_CI_IN_H(1.0),25/06/26 23:00:00,A,PC_HH,A_GE3_DCH,DE,2022,98.57,,
ESTAT:ISOC_CI_IN_H(1.0),25/06/26 23:00:00,A,PC_HH,A_GE3_DCH,DE,2023,97.75,,
ESTAT:ISOC_CI_IN_H(1.0),25/06/26 23:00:00,A,PC_HH,A_GE3_DCH,DE,2024,100.00,,
ESTAT:ISOC_CI_IN_H(1.0),25/06/26 23:00:00,A,PC_HH,A_GE3_DCH,DE,2025,97.76,,
ESTAT:ISOC_CI_IN_H(1.0),25/06/26 23:00:00,A,PC_HH,A_GE3_DCH,DK,2002,61.32,,
ESTAT:ISOC_CI_IN_H(1.0),25/06/26 23:00:00,A,PC_HH,A_GE3_DCH,DK,2007,95.45,,
ESTAT:ISOC_CI_IN_H(1.0),25/06/26 23:00:00,A,PC_HH,A_GE3_DCH,DK,2008,96.61,,
ESTAT:ISOC_CI_IN_H(1.0),25/06/26 23:00:00,A,PC_HH,A_GE3_DCH,DK,2009,95.86,,
ESTAT:ISOC_CI_IN_H(1.0),25/06/26 23:00:00,A,PC_HH,A_GE3_DCH,DK,2010,96.91,,
ESTAT:ISOC_CI_IN_H(1.0),25/06/26 23:00:00,A,PC_HH,A_GE3_DCH,DK,2011,97.07,,
ESTAT:ISOC_CI_IN_H(1.0),25/06/26 23:00:00,A,PC_HH,A_GE3_DCH,DK,2012,99.36,,
ESTAT:ISOC_CI_IN_H(1.0),25/06/26 23:00:00,A,PC_HH,A_GE3_DCH,DK,2013,99.78,,
ESTAT:ISOC_CI_IN_H(1.0),25/06/26 23:00:00,A,PC_HH,A_GE3_DCH,DK,2014,96.91,,
ESTAT:ISOC_CI_IN_H(1.0),25/06/26 23:00:00,A,PC_HH,A_GE3_DCH,DK,2015,95.68,,
ESTAT:ISOC_CI_IN_H(1.0),25/06/26 23:00:00,A,PC_HH,A_GE3_DCH,DK,2016,95.30,,
ESTAT:ISOC_CI_IN_H(1.0),25/06/26 23:00:00,A,PC_HH,A_GE3_DCH,DK,2017,99.57,,
ESTAT:ISOC_CI_IN_H(1.0),25/06/26 23:00:00,A,PC_HH,A_GE3_DCH,DK,2018,97.50,,
ESTAT:ISOC_CI_IN_H(1.0),25/06/26 23:00:00,A,PC_HH,A_GE3_DCH,DK,2019,97.05,,
ESTAT:ISOC_CI_IN_H(1.0),25/06/26 23:00:00,A,PC_HH,A_GE3_DCH,DK,2020,95.92,,
ESTAT:ISOC_CI_IN_H(1.0),25/06/26 23:00:00,A,PC_HH,A_GE3_DCH,DK,2021,96.90,,
ESTAT:ISOC_CI_IN_H(1.0),25/06/26 23:00:00,A,PC_HH,A_GE3_DCH,DK,2022,94.04,,
ESTAT:ISOC_CI_IN_H(1.0),25/06/26 23:00:00,A,PC_HH,A_GE3_DCH,DK,2023,100.00,,
ESTAT:ISOC_CI_IN_H(1.0),25/06/26 23:00:00,A,PC_HH,A_GE3_DCH,DK,2024,99.26,,
ESTAT:ISOC_CI_IN_H(1.0),25/06/26 23:00:00,A,PC_HH,A_GE3_DCH,DK,2025,99.72,,
ESTAT:ISOC_CI_IN_H(1.0),25/06/26 23:00:00,A,PC_HH,A_GE3_DCH,EA,2002,48.39,,
ESTAT:ISOC_CI_IN_H(1.0),25/06/26 23:00:00,A,PC_HH,A_GE3_DCH,EA,2003,49.26,,
ESTAT:ISOC_CI_IN_H(1.0),25/06/26 23:00:00,A,PC_HH,A_GE3_DCH,EA,2005,63.28,,
ESTAT:ISOC_CI_IN_H(1.0),25/06/26 23:00:00,A,PC_HH,A_GE3_DCH,EA,2006,66.11,,
ESTAT:ISOC_CI_IN_H(1.0),25/06/26 23:00:00,A,PC_HH,A_GE3_DCH,EA,2007,71.94,,
ESTAT:ISOC_CI_IN_H(1.0),25/06/26 23:00:00,A,PC_HH,A_GE3_DCH,EA,2008,78.06,,
ESTAT:ISOC_CI_IN_H(1.0),25/06/26 23:00:00,A,PC_HH,A_GE3_DCH,EA,2009,82.32,,
ESTAT:ISOC_CI_IN_H(1.0),25/06/26 23:00:00,A,PC_HH,A_GE3_DCH,EA,2010,86.60,,
ESTAT:ISOC_CI_IN_H(1.0),25/06/26 23:00:00,A,PC_HH,A_GE3_DCH,EA,2011,89.49,,
ESTAT:ISOC_CI_IN_H(1.0),25/06/26 23:00:00,A,PC_HH,A_GE3_DCH,EA,2012,90.86,,
ESTAT:ISOC_CI_IN_H(1.0),25/06/26 23:00:00,A,PC_HH,A_GE3_DCH,EA,2013,92.22,,
ESTAT:ISOC_CI_IN_H(1.0),25/06/26 23:00:00,A,PC_HH,A_GE3_DCH,EA,2014,93.39,,
ESTAT:ISOC_CI_IN_H(1.0),25/06/26 23:00:00,A,PC_HH,A_GE3_DCH,EA,2015,95.14,,
ESTAT:ISOC_CI_IN_H(1.0),25/06/26 23:00:00,A,PC_HH,A_GE3_DCH,EA,2016,96.32,,
ESTAT:ISOC_CI_IN_H(1.0),25/06/26 23:00:00,A,PC_HH,A_GE3_DCH,EA,2017,96.85,,
ESTAT:ISOC_CI_IN_H(1.0),25/06/26 23:00:00,A,PC_HH,A_GE3_DCH,EA,2018,97.30,,
ESTAT:ISOC_CI_IN_H(1.0),25/06/26 23:00:00,A,PC_HH,A_GE3_DCH,EA,2019,98.12,,
ESTAT:ISOC_CI_IN_H(1.0),25/06/26 23:00:00,A,PC_HH,A_GE3_DCH,EA,2020,98.28,e,
ESTAT:ISOC_CI_IN_H(1.0),25/06/26 23:00:00,A,PC_HH,A_GE3_DCH,EA,2021,99.03,b,
ESTAT:ISOC_CI_IN_H(1.0),25/06/26 23:00:00,A,PC_HH,A_GE3_DCH,EA,2022,98.95,,
ESTAT:ISOC_CI_IN_H(1.0),25/06/26 23:00:00,A,PC_HH,A_GE3_DCH,EA,2023,98.88,,
ESTAT:ISOC_CI_IN_H(1.0),25/06/26 23:00:00,A,PC_HH,A_GE3_DCH,EA,2024,99.35,,
ESTAT:ISOC_CI_IN_H(1.0),25/06/26 23:00:00,A,PC_HH,A_GE3_DCH,EA,2025,98.65,,
ESTAT:ISOC_CI_IN_H(1.0),25/06/26 23:00:00,A,PC_HH,A_GE3_DCH,EE,2004,31.97,,
ESTAT:ISOC_CI_IN_H(1.0),25/06/26 23:00:00,A,PC_HH,A_GE3_DCH,EE,2005,60.29,,
ESTAT:ISOC_CI_IN_H(1.0),25/06/26 23:00:00,A,PC_HH,A_GE3_DCH,EE,2006,78.71,,
ESTAT:ISOC_CI_IN_H(1.0),25/06/26 23:00:00,A,PC_HH,A_GE3_DCH,EE,2007,82.21,,
ESTAT:ISOC_CI_IN_H(1.0),25/06/26 23:00:00,A,PC_HH,A_GE3_DCH,EE,2008,88.11,,
ESTAT:ISOC_CI_IN_H(1.0),25/06/26 23:00:00,A,PC_HH,A_GE3_DCH,EE,2009,91.27,,
ESTAT:ISOC_CI_IN_H(1.0),25/06/26 23:00:00,A,PC_HH,A_GE3_DCH,EE,2010,94.65,,
ESTAT:ISOC_CI_IN_H(1.0),25/06/26 23:00:00,A,PC_HH,A_GE3_DCH,EE,2011,96.00,,
ESTAT:ISOC_CI_IN_H(1.0),25/06/26 23:00:00,A,PC_HH,A_GE3_DCH,EE,2012,97.34,,
ESTAT:ISOC_CI_IN_H(1.0),25/06/26 23:00:00,A,PC_HH,A_GE3_DCH,EE,2013,95.55,,
ESTAT:ISOC_CI_IN_H(1.0),25/06/26 23:00:00,A,PC_HH,A_GE3_DCH,EE,2014,98.66,b,
ESTAT:ISOC_CI_IN_H(1.0),25/06/26 23:00:00,A,PC_HH,A_GE3_DCH,EE,2015,99.05,,
ESTAT:ISOC_CI_IN_H(1.0),25/06/26 23:00:00,A,PC_HH,A_GE3_DCH,EE,2016,99.46,,
ESTAT:ISOC_CI_IN_H(1.0),25/06/26 23:00:00,A,PC_HH,A_GE3_DCH,EE,2017,99.67,,
ESTAT:ISOC_CI_IN_H(1.0),25/06/26 23:00:00,A,PC_HH,A_GE3_DCH,EE,2018,99.32,,
ESTAT:ISOC_CI_IN_H(1.0),25/06/26 23:00:00,A,PC_HH,A_GE3_DCH,EE,2019,99.72,,
ESTAT:ISOC_CI_IN_H(1.0),25/06/26 23:00:00,A,PC_HH,A_GE3_DCH,EE,2020,99.48,,
ESTAT:ISOC_CI_IN_H(1.0),25/06/26 23:00:00,A,PC_HH,A_GE3_DCH,EE,2021,99.88,,
ESTAT:ISOC_CI_IN_H(1.0),25/06/26 23:00:00,A,PC_HH,A_GE3_DCH,EE,2022,99.71,,
ESTAT:ISOC_CI_IN_H(1.0),25/06/26 23:00:00,A,PC_HH,A_GE3_DCH,EE,2023,100.00,,
ESTAT:ISOC_CI_IN_H(1.0),25/06/26 23:00:00,A,PC_HH,A_GE3_DCH,EE,2024,99.18,,
ESTAT:ISOC_CI_IN_H(1.0),25/06/26 23:00:00,A,PC_HH,A_GE3_DCH,EE,2025,99.30,,
ESTAT:ISOC_CI_IN_H(1.0),25/06/26 23:00:00,A,PC_HH,A_GE3_DCH,EL,2002,14.75,,
ESTAT:ISOC_CI_IN_H(1.0),25/06/26 23:00:00,A,PC_HH,A_GE3_DCH,EL,2003,18.83,,
ESTAT:ISOC_CI_IN_H(1.0),25/06/26 23:00:00,A,PC_HH,A_GE3_DCH,EL,2004,13.52,,
ESTAT:ISOC_CI_IN_H(1.0),25/06/26 23:00:00,A,PC_HH,A_GE3_DCH,EL,2005,26.27,,
ESTAT:ISOC_CI_IN_H(1.0),25/06/26 23:00:00,A,PC_HH,A_GE3_DCH,EL,2006,29.88,,
ESTAT:ISOC_CI_IN_H(1.0),25/06/26 23:00:00,A,PC_HH,A_GE3_DCH,EL,2007,33.67,,
ESTAT:ISOC_CI_IN_H(1.0),25/06/26 23:00:00,A,PC_HH,A_GE3_DCH,EL,2008,44.49,,
ESTAT:ISOC_CI_IN_H(1.0),25/06/26 23:00:00,A,PC_HH,A_GE3_DCH,EL,2009,55.07,,
ESTAT:ISOC_CI_IN_H(1.0),25/06/26 23:00:00,A,PC_HH,A_GE3_DCH,EL,2010,68.20,,
ESTAT:ISOC_CI_IN_H(1.0),25/06/26 23:00:00,A,PC_HH,A_GE3_DCH,EL,2011,71.03,,
ESTAT:ISOC_CI_IN_H(1.0),25/06/26 23:00:00,A,PC_HH,A_GE3_DCH,EL,2012,77.99,,
ESTAT:ISOC_CI_IN_H(1.0),25/06/26 23:00:00,A,PC_HH,A_GE3_DCH,EL,2013,79.72,,
ESTAT:ISOC_CI_IN_H(1.0),25/06/26 23:00:00,A,PC_HH,A_GE3_DCH,EL,2014,81.55,,
ESTAT:ISOC_CI_IN_H(1.0),25/06/26 23:00:00,A,PC_HH,A_GE3_DCH,EL,2015,83.65,,
ESTAT:ISOC_CI_IN_H(1.0),25/06/26 23:00:00,A,PC_HH,A_GE3_DCH,EL,2016,87.56,,
ESTAT:ISOC_CI_IN_H(1.0),25/06/26 23:00:00,A,PC_HH,A_GE3_DCH,EL,2017,88.63,,
ESTAT:ISOC_CI_IN_H(1.0),25/06/26 23:00:00,A,PC_HH,A_GE3_DCH,EL,2018,94.24,,
ESTAT:ISOC_CI_IN_H(1.0),25/06/26 23:00:00,A,PC_HH,A_GE3_DCH,EL,2019,94.91,,
ESTAT:ISOC_CI_IN_H(1.0),25/06/26 23:00:00,A,PC_HH,A_GE3_DCH,EL,2020,94.26,,
ESTAT:ISOC_CI_IN_H(1.0),25/06/26 23:00:00,A,PC_HH,A_GE3_DCH,EL,2021,98.64,,
ESTAT:ISOC_CI_IN_H(1.0),25/06/26 23:00:00,A,PC_HH,A_GE3_DCH,EL,2022,96.36,,
ESTAT:ISOC_CI_IN_H(1.0),25/06/26 23:00:00,A,PC_HH,A_GE3_DCH,EL,2023,97.88,,
ESTAT:ISOC_CI_IN_H(1.0),25/06/26 23:00:00,A,PC_HH,A_GE3_DCH,EL,2024,95.34,,
ESTAT:ISOC_CI_IN_H(1.0),25/06/26 23:00:00,A,PC_HH,A_GE3_DCH,EL,2025,100.00,,
ESTAT:ISOC_CI_IN_H(1.0),25/06/26 23:00:00,A,PC_HH,A_GE3_DCH,ES,2005,45.86,,
ESTAT:ISOC_CI_IN_H(1.0),25/06/26 23:00:00,A,PC_HH,A_GE3_DCH,ES,2006,51.54,,
ESTAT:ISOC_CI_IN_H(1.0),25/06/26 23:00:00,A,PC_HH,A_GE3_DCH,ES,2007,58.64,,
ESTAT:ISOC_CI_IN_H(1.0),25/06/26 23:00:00,A,PC_HH,A_GE3_DCH,ES,2008,67.88,,
ESTAT:ISOC_CI_IN_H(1.0),25/06/26 23:00:00,A,PC_HH,A_GE3_DCH,ES,2009,70.76,,
ESTAT:ISOC_CI_IN_H(1.0),25/06/26 23:00:00,A,PC_HH,A_GE3_DCH,ES,2010,75.36,,
ESTAT:ISOC_CI_IN_H(1.0),25/06/26 23:00:00,A,PC_HH,A_GE3_DCH,ES,2011,80.04,,
ESTAT:ISOC_CI_IN_H(1.0),25/06/26 23:00:00,A,PC_HH,A_GE3_DCH,ES,2012,82.13,,
ESTAT:ISOC_CI_IN_H(1.0),25/06/26 23:00:00,A,PC_HH,A_GE3_DCH,ES,2013,84.55,,
ESTAT:ISOC_CI_IN_H(1.0),25/06/26 23:00:00,A,PC_HH,A_GE3_DCH,ES,2014,88.92,,
ESTAT:ISOC_CI_IN_H(1.0),25/06/26 23:00:00,A,PC_HH,A_GE3_DCH,ES,2015,93.48,,
ESTAT:ISOC_CI_IN_H(1.0),25/06/26 23:00:00,A,PC_HH,A_GE3_DCH,ES,2016,96.35,,
ESTAT:ISOC_CI_IN_H(1.0),25/06/26 23:00:00,A,PC_HH,A_GE3_DCH,ES,2017,94.83,,
ESTAT:ISOC_CI_IN_H(1.0),25/06/26 23:00:00,A,PC_HH,A_GE3_DCH,ES,2018,95.74,,
ESTAT:ISOC_CI_IN_H(1.0),25/06/26 23:00:00,A,PC_HH,A_GE3_DCH,ES,2019,98.75,,
ESTAT:ISOC_CI_IN_H(1.0),25/06/26 23:00:00,A,PC_HH,A_GE3_DCH,ES,2020,99.61,,
ESTAT:ISOC_CI_IN_H(1.0),25/06/26 23:00:00,A,PC_HH,A_GE3_DCH,ES,2021,99.68,,
ESTAT:ISOC_CI_IN_H(1.0),25/06/26 23:00:00,A,PC_HH,A_GE3_DCH,ES,2022,99.44,,
ESTAT:ISOC_CI_IN_H(1.0),25/06/26 23:00:00,A,PC_HH,A_GE3_DCH,ES,2023,99.72,,
ESTAT:ISOC_CI_IN_H(1.0),25/06/26 23:00:00,A,PC_HH,A_GE3_DCH,ES,2024,99.79,,
ESTAT:ISOC_CI_IN_H(1.0),25/06/26 23:00:00,A,PC_HH,A_GE3_DCH,ES,2025,99.61,,
ESTAT:ISOC_CI_IN_H(1.0),25/06/26 23:00:00,A,PC_HH,A_GE3_DCH,EU15,2002,52.32,,
ESTAT:ISOC_CI_IN_H(1.0),25/06/26 23:00:00,A,PC_HH,A_GE3_DCH,EU15,2003,53.37,,
ESTAT:ISOC_CI_IN_H(1.0),25/06/26 23:00:00,A,PC_HH,A_GE3_DCH,EU15,2004,63.76,,
ESTAT:ISOC_CI_IN_H(1.0),25/06/26 23:00:00,A,PC_HH,A_GE3_DCH,EU15,2005,64.33,,
ESTAT:ISOC_CI_IN_H(1.0),25/06/26 23:00:00,A,PC_HH,A_GE3_DCH,EU15,2006,68.60,,
ESTAT:ISOC_CI_IN_H(1.0),25/06/26 23:00:00,A,PC_HH,A_GE3_DCH,EU15,2007,73.37,,
ESTAT:ISOC_CI_IN_H(1.0),25/06/26 23:00:00,A,PC_HH,A_GE3_DCH,EU15,2008,79.90,,
ESTAT:ISOC_CI_IN_H(1.0),25/06/26 23:00:00,A,PC_HH,A_GE3_DCH,EU15,2009,83.29,,
ESTAT:ISOC_CI_IN_H(1.0),25/06/26 23:00:00,A,PC_HH,A_GE3_DCH,EU15,2010,87.72,,
ESTAT:ISOC_CI_IN_H(1.0),25/06/26 23:00:00,A,PC_HH,A_GE3_DCH,EU15,2011,91.04,,
ESTAT:ISOC_CI_IN_H(1.0),25/06/26 23:00:00,A,PC_HH,A_GE3_DCH,EU15,2012,92.02,,
ESTAT:ISOC_CI_IN_H(1.0),25/06/26 23:00:00,A,PC_HH,A_GE3_DCH,EU15,2013,92.37,,
ESTAT:ISOC_CI_IN_H(1.0),25/06/26 23:00:00,A,PC_HH,A_GE3_DCH,EU15,2014,94.06,,
ESTAT:ISOC_CI_IN_H(1.0),25/06/26 23:00:00,A,PC_HH,A_GE3_DCH,EU15,2015,95.77,,
ESTAT:ISOC_CI_IN_H(1.0),25/06/26 23:00:00,A,PC_HH,A_GE3_DCH,EU15,2016,96.56,,
ESTAT:ISOC_CI_IN_H(1.0),25/06/26 23:00:00,A,PC_HH,A_GE3_DCH,EU15,2017,96.88,,
ESTAT:ISOC_CI_IN_H(1.0),25/06/26 23:00:00,A,PC_HH,A_GE3_DCH,EU15,2018,97.72,,
ESTAT:ISOC_CI_IN_H(1.0),25/06/26 23:00:00,A,PC_HH,A_GE3_DCH,EU25,2004,52.18,,
ESTAT:ISOC_CI_IN_H(1.0),25/06/26 23:00:00,A,PC_HH,A_GE3_DCH,EU25,2005,56.04,,
ESTAT:ISOC_CI_IN_H(1.0),25/06/26 23:00:00,A,PC_HH,A_GE3_DCH,EU25,2006,62.21,,
ESTAT:ISOC_CI_IN_H(1.0),25/06/26 23:00:00,A,PC_HH,A_GE3_DCH,EU25,2007,68.91,,
ESTAT:ISOC_CI_IN_H(1.0),25/06/26 23:00:00,A,PC_HH,A_GE3_DCH,EU25,2008,75.27,,
ESTAT:ISOC_CI_IN_H(1.0),25/06/26 23:00:00,A,PC_HH,A_GE3_DCH,EU25,2009,81.81,,
ESTAT:ISOC_CI_IN_H(1.0),25/06/26 23:00:00,A,PC_HH,A_GE3_DCH,EU25,2010,86.30,,
ESTAT:ISOC_CI_IN_H(1.0),25/06/26 23:00:00,A,PC_HH,A_GE3_DCH,EU27_2007,2004,50.48,,
ESTAT:ISOC_CI_IN_H(1.0),25/06/26 23:00:00,A,PC_HH,A_GE3_DCH,EU27_2007,2005,56.04,,
ESTAT:ISOC_CI_IN_H(1.0),25/06/26 23:00:00,A,PC_HH,A_GE3_DCH,EU27_2007,2006,57.30,,
ESTAT:ISOC_CI_IN_H(1.0),25/06/26 23:00:00,A,PC_HH,A_GE3_DCH,EU27_2007,2007,64.02,,
ESTAT:ISOC_CI_IN_H(1.0),25/06/26 23:00:00,A,PC_HH,A_GE3_DCH,EU27_2007,2008,70.23,,
ESTAT:ISOC_CI_IN_H(1.0),25/06/26 23:00:00,A,PC_HH,A_GE3_DCH,EU27_2007,2009,77.53,,
ESTAT:ISOC_CI_IN_H(1.0),25/06/26 23:00:00,A,PC_HH,A_GE3_DCH,EU27_2007,2010,81.88,,
ESTAT:ISOC_CI_IN_H(1.0),25/06/26 23:00:00,A,PC_HH,A_GE3_DCH,EU27_2007,2011,86.61,,
ESTAT:ISOC_CI_IN_H(1.0),25/06/26 23:00:00,A,PC_HH,A_GE3_DCH,EU27_2007,2012,89.01,,
ESTAT:ISOC_CI_IN_H(1.0),25/06/26 23:00:00,A,PC_HH,A_GE3_DCH,EU27_2007,2013,89.83,,
ESTAT:ISOC_CI_IN_H(1.0),25/06/26 23:00:00,A,PC_HH,A_GE3_DCH,EU27_2007,2014,92.18,,
ESTAT:ISOC_CI_IN_H(1.0),25/06/26 23:00:00,A,PC_HH,A_GE3_DCH,EU27_2007,2015,94.31,,
ESTAT:ISOC_CI_IN_H(1.0),25/06/26 23:00:00,A,PC_HH,A_GE3_DCH,EU27_2007,2016,95.43,,
ESTAT:ISOC_CI_IN_H(1.0),25/06/26 23:00:00,A,PC_HH,A_GE3_DCH,EU27_2007,2017,96.39,,
ESTAT:ISOC_CI_IN_H(1.0),25/06/26 23:00:00,A,PC_HH,A_GE3_DCH,EU27_2007,2018,97.25,,
ESTAT:ISOC_CI_IN_H(1.0),25/06/26 23:00:00,A,PC_HH,A_GE3_DCH,EU27_2020,2007,63.26,,
ESTAT:ISOC_CI_IN_H(1.0),25/06/26 23:00:00,A,PC_HH,A_GE3_DCH,EU27_2020,2008,69.08,,
ESTAT:ISOC_CI_IN_H(1.0),25/06/26 23:00:00,A,PC_HH,A_GE3_DCH,EU27_2020,2009,76.89,,
ESTAT:ISOC_CI_IN_H(1.0),25/06/26 23:00:00,A,PC_HH,A_GE3_DCH,EU27_2020,2010,81.16,,
ESTAT:ISOC_CI_IN_H(1.0),25/06/26 23:00:00,A,PC_HH,A_GE3_DCH,EU27_2020,2011,85.43,,
ESTAT:ISOC_CI_IN_H(1.0),25/06/26 23:00:00,A,PC_HH,A_GE3_DCH,EU27_2020,2012,88.22,,
ESTAT:ISOC_CI_IN_H(1.0),25/06/26 23:00:00,A,PC_HH,A_GE3_DCH,EU27_2020,2013,89.72,,
ESTAT:ISOC_CI_IN_H(1.0),25/06/26 23:00:00,A,PC_HH,A_GE3_DCH,EU27_2020,2014,91.56,,
ESTAT:ISOC_CI_IN_H(1.0),25/06/26 23:00:00,A,PC_HH,A_GE3_DCH,EU27_2020,2015,93.76,,
ESTAT:ISOC_CI_IN_H(1.0),25/06/26 23:00:00,A,PC_HH,A_GE3_DCH,EU27_2020,2016,95.15,,
ESTAT:ISOC_CI_IN_H(1.0),25/06/26 23:00:00,A,PC_HH,A_GE3_DCH,EU27_2020,2017,96.37,,
ESTAT:ISOC_CI_IN_H(1.0),25/06/26 23:00:00,A,PC_HH,A_GE3_DCH,EU27_2020,2018,96.99,,
ESTAT:ISOC_CI_IN_H(1.0),25/06/26 23:00:00,A,PC_HH,A_GE3_DCH,EU27_2020,2019,97.77,,
ESTAT:ISOC_CI_IN_H(1.0),25/06/26 23:00:00,A,PC_HH,A_GE3_DCH,EU27_2020,2020,98.33,e,
ESTAT:ISOC_CI_IN_H(1.0),25/06/26 23:00:00,A,PC_HH,A_GE3_DCH,EU27_2020,2021,98.90,b,
ESTAT:ISOC_CI_IN_H(1.0),25/06/26 23:00:00,A,PC_HH,A_GE3_DCH,EU27_2020,2022,98.95,,
ESTAT:ISOC_CI_IN_H(1.0),25/06/26 23:00:00,A,PC_HH,A_GE3_DCH,EU27_2020,2023,99.05,,
ESTAT:ISOC_CI_IN_H(1.0),25/06/26 23:00:00,A,PC_HH,A_GE3_DCH,EU27_2020,2024,99.35,,
ESTAT:ISOC_CI_IN_H(1.0),25/06/26 23:00:00,A,PC_HH,A_GE3_DCH,EU27_2020,2025,98.93,,
ESTAT:ISOC_CI_IN_H(1.0),25/06/26 23:00:00,A,PC_HH,A_GE3_DCH,EU28,2007,63.93,,
ESTAT:ISOC_CI_IN_H(1.0),25/06/26 23:00:00,A,PC_HH,A_GE3_DCH,EU28,2008,70.08,,
ESTAT:ISOC_CI_IN_H(1.0),25/06/26 23:00:00,A,PC_HH,A_GE3_DCH,EU28,2009,77.37,,
ESTAT:ISOC_CI_IN_H(1.0),25/06/26 23:00:00,A,PC_HH,A_GE3_DCH,EU28,2010,81.84,,
ESTAT:ISOC_CI_IN_H(1.0),25/06/26 23:00:00,A,PC_HH,A_GE3_DCH,EU28,2011,86.57,,
ESTAT:ISOC_CI_IN_H(1.0),25/06/26 23:00:00,A,PC_HH,A_GE3_DCH,EU28,2012,89.03,,
ESTAT:ISOC_CI_IN_H(1.0),25/06/26 23:00:00,A,PC_HH,A_GE3_DCH,EU28,2013,89.87,,
ESTAT:ISOC_CI_IN_H(1.0),25/06/26 23:00:00,A,PC_HH,A_GE3_DCH,EU28,2014,92.10,,
ESTAT:ISOC_CI_IN_H(1.0),25/06/26 23:00:00,A,PC_HH,A_GE3_DCH,EU28,2015,94.26,,
ESTAT:ISOC_CI_IN_H(1.0),25/06/26 23:00:00,A,PC_HH,A_GE3_DCH,EU28,2016,95.45,,
ESTAT:ISOC_CI_IN_H(1.0),25/06/26 23:00:00,A,PC_HH,A_GE3_DCH,EU28,2017,96.37,,
ESTAT:ISOC_CI_IN_H(1.0),25/06/26 23:00:00,A,PC_HH,A_GE3_DCH,EU28,2018,97.25,,
ESTAT:ISOC_CI_IN_H(1.0),25/06/26 23:00:00,A,PC_HH,A_GE3_DCH,EU28,2019,97.99,,
ESTAT:ISOC_CI_IN_H(1.0),25/06/26 23:00:00,A,PC_HH,A_GE3_DCH,FI,2002,71.36,,
ESTAT:ISOC_CI_IN_H(1.0),25/06/26 23:00:00,A,PC_HH,A_GE3_DCH,FI,2003,83.46,,
ESTAT:ISOC_CI_IN_H(1.0),25/06/26 23:00:00,A,PC_HH,A_GE3_DCH,FI,2004,92.45,,
ESTAT:ISOC_CI_IN_H(1.0),25/06/26 23:00:00,A,PC_HH,A_GE3_DCH,FI,2005,86.26,,
ESTAT:ISOC_CI_IN_H(1.0),25/06/26 23:00:00,A,PC_HH,A_GE3_DCH,FI,2006,94.67,,
ESTAT:ISOC_CI_IN_H(1.0),25/06/26 23:00:00,A,PC_HH,A_GE3_DCH,FI,2007,96.74,,
ESTAT:ISOC_CI_IN_H(1.0),25/06/26 23:00:00,A,PC_HH,A_GE3_DCH,FI,2008,98.17,,
ESTAT:ISOC_CI_IN_H(1.0),25/06/26 23:00:00,A,PC_HH,A_GE3_DCH,FI,2009,99.24,,
ESTAT:ISOC_CI_IN_H(1.0),25/06/26 23:00:00,A,PC_HH,A_GE3_DCH,FI,2010,100.00,,
ESTAT:ISOC_CI_IN_H(1.0),25/06/26 23:00:00,A,PC_HH,A_GE3_DCH,FI,2011,100.00,,
ESTAT:ISOC_CI_IN_H(1.0),25/06/26 23:00:00,A,PC_HH,A_GE3_DCH,FI,2012,99.78,,
ESTAT:ISOC_CI_IN_H(1.0),25/06/26 23:00:00,A,PC_HH,A_GE3_DCH,FI,2013,99.43,,
ESTAT:ISOC_CI_IN_H(1.0),25/06/26 23:00:00,A,PC_HH,A_GE3_DCH,FI,2014,99.28,,
ESTAT:ISOC_CI_IN_H(1.0),25/06/26 23:00:00,A,PC_HH,A_GE3_DCH,FI,2015,99.41,,
ESTAT:ISOC_CI_IN_H(1.0),25/06/26 23:00:00,A,PC_HH,A_GE3_DCH,FI,2016,98.05,,
ESTAT:ISOC_CI_IN_H(1.0),25/06/26 23:00:00,A,PC_HH,A_GE3_DCH,FI,2017,99.56,,
ESTAT:ISOC_CI_IN_H(1.0),25/06/26 23:00:00,A,PC_HH,A_GE3_DCH,FI,2018,100.00,,
ESTAT:ISOC_CI_IN_H(1.0),25/06/26 23:00:00,A,PC_HH,A_GE3_DCH,FI,2019,100.00,,
ESTAT:ISOC_CI_IN_H(1.0),25/06/26 23:00:00,A,PC_HH,A_GE3_DCH,FI,2020,100.00,,
ESTAT:ISOC_CI_IN_H(1.0),25/06/26 23:00:00,A,PC_HH,A_GE3_DCH,FI,2021,100.00,,
ESTAT:ISOC_CI_IN_H(1.0),25/06/26 23:00:00,A,PC_HH,A_GE3_DCH,FI,2022,100.00,,
ESTAT:ISOC_CI_IN_H(1.0),25/06/26 23:00:00,A,PC_HH,A_GE3_DCH,FI,2023,100.00,,
ESTAT:ISOC_CI_IN_H(1.0),25/06/26 23:00:00,A,PC_HH,A_GE3_DCH,FI,2024,99.42,,
ESTAT:ISOC_CI_IN_H(1.0),25/06/26 23:00:00,A,PC_HH,A_GE3_DCH,FI,2025,100.00,,
ESTAT:ISOC_CI_IN_H(1.0),25/06/26 23:00:00,A,PC_HH,A_GE3_DCH,FR,2002,19.17,,
ESTAT:ISOC_CI_IN_H(1.0),25/06/26 23:00:00,A,PC_HH,A_GE3_DCH,FR,2003,28.23,,
ESTAT:ISOC_CI_IN_H(1.0),25/06/26 23:00:00,A,PC_HH,A_GE3_DCH,FR,2006,45.36,,
ESTAT:ISOC_CI_IN_H(1.0),25/06/26 23:00:00,A,PC_HH,A_GE3_DCH,FR,2007,71.97,,
ESTAT:ISOC_CI_IN_H(1.0),25/06/26 23:00:00,A,PC_HH,A_GE3_DCH,FR,2008,86.09,,
ESTAT:ISOC_CI_IN_H(1.0),25/06/26 23:00:00,A,PC_HH,A_GE3_DCH,FR,2009,85.65,,
ESTAT:ISOC_CI_IN_H(1.0),25/06/26 23:00:00,A,PC_HH,A_GE3_DCH,FR,2010,93.73,,
ESTAT:ISOC_CI_IN_H(1.0),25/06/26 23:00:00,A,PC_HH,A_GE3_DCH,FR,2011,96.21,,
ESTAT:ISOC_CI_IN_H(1.0),25/06/26 23:00:00,A,PC_HH,A_GE3_DCH,FR,2012,95.30,,
ESTAT:ISOC_CI_IN_H(1.0),25/06/26 23:00:00,A,PC_HH,A_GE3_DCH,FR,2013,97.09,,
ESTAT:ISOC_CI_IN_H(1.0),25/06/26 23:00:00,A,PC_HH,A_GE3_DCH,FR,2014,95.02,,
ESTAT:ISOC_CI_IN_H(1.0),25/06/26 23:00:00,A,PC_HH,A_GE3_DCH,FR,2015,95.59,,
ESTAT:ISOC_CI_IN_H(1.0),25/06/26 23:00:00,A,PC_HH,A_GE3_DCH,FR,2016,97.67,,
ESTAT:ISOC_CI_IN_H(1.0),25/06/26 23:00:00,A,PC_HH,A_GE3_DCH,FR,2017,98.10,,
ESTAT:ISOC_CI_IN_H(1.0),25/06/26 23:00:00,A,PC_HH,A_GE3_DCH,FR,2018,97.13,,
ESTAT:ISOC_CI_IN_H(1.0),25/06/26 23:00:00,A,PC_HH,A_GE3_DCH,FR,2019,98.04,,
ESTAT:ISOC_CI_IN_H(1.0),25/06/26 23:00:00,A,PC_HH,A_GE3_DCH,FR,2021,99.10,,
ESTAT:ISOC_CI_IN_H(1.0),25/06/26 23:00:00,A,PC_HH,A_GE3_DCH,FR,2022,99.04,,
ESTAT:ISOC_CI_IN_H(1.0),25/06/26 23:00:00,A,PC_HH,A_GE3_DCH,FR,2023,98.90,,
ESTAT:ISOC_CI_IN_H(1.0),25/06/26 23:00:00,A,PC_HH,A_GE3_DCH,FR,2024,99.27,,
ESTAT:ISOC_CI_IN_H(1.0),25/06/26 23:00:00,A,PC_HH,A_GE3_DCH,FR,2025,98.16,,
ESTAT:ISOC_CI_IN_H(1.0),25/06/26 23:00:00,A,PC_HH,A_GE3_DCH,HR,2007,58.36,,
ESTAT:ISOC_CI_IN_H(1.0),25/06/26 23:00:00,A,PC_HH,A_GE3_DCH,HR,2008,61.60,,
ESTAT:ISOC_CI_IN_H(1.0),25/06/26 23:00:00,A,PC_HH,A_GE3_DCH,HR,2009,67.12,,
ESTAT:ISOC_CI_IN_H(1.0),25/06/26 23:00:00,A,PC_HH,A_GE3_DCH,HR,2010,79.54,,
ESTAT:ISOC_CI_IN_H(1.0),25/06/26 23:00:00,A,PC_HH,A_GE3_DCH,HR,2011,83.98,,
ESTAT:ISOC_CI_IN_H(1.0),25/06/26 23:00:00,A,PC_HH,A_GE3_DCH,HR,2012,90.02,,
ESTAT:ISOC_CI_IN_H(1.0),25/06/26 23:00:00,A,PC_HH,A_GE3_DCH,HR,2013,92.66,,
ESTAT:ISOC_CI_IN_H(1.0),25/06/26 23:00:00,A,PC_HH,A_GE3_DCH,HR,2014,86.85,,
ESTAT:ISOC_CI_IN_H(1.0),25/06/26 23:00:00,A,PC_HH,A_GE3_DCH,HR,2015,91.59,,
ESTAT:ISOC_CI_IN_H(1.0),25/06/26 23:00:00,A,PC_HH,A_GE3_DCH,HR,2016,96.34,,
ESTAT:ISOC_CI_IN_H(1.0),25/06/26 23:00:00,A,PC_HH,A_GE3_DCH,HR,2017,95.25,,
ESTAT:ISOC_CI_IN_H(1.0),25/06/26 23:00:00,A,PC_HH,A_GE3_DCH,HR,2018,97.46,,
ESTAT:ISOC_CI_IN_H(1.0),25/06/26 23:00:00,A,PC_HH,A_GE3_DCH,HR,2019,97.57,,
ESTAT:ISOC_CI_IN_H(1.0),25/06/26 23:00:00,A,PC_HH,A_GE3_DCH,HR,2020,97.31,,
ESTAT:ISOC_CI_IN_H(1.0),25/06/26 23:00:00,A,PC_HH,A_GE3_DCH,HR,2021,99.25,,
ESTAT:ISOC_CI_IN_H(1.0),25/06/26 23:00:00,A,PC_HH,A_GE3_DCH,HR,2022,98.65,,
ESTAT:ISOC_CI_IN_H(1.0),25/06/26 23:00:00,A,PC_HH,A_GE3_DCH,HR,2023,99.43,,
ESTAT:ISOC_CI_IN_H(1.0),25/06/26 23:00:00,A,PC_HH,A_GE3_DCH,HR,2024,99.03,,
ESTAT:ISOC_CI_IN_H(1.0),25/06/26 23:00:00,A,PC_HH,A_GE3_DCH,HR,2025,96.02,,
ESTAT:ISOC_CI_IN_H(1.0),25/06/26 23:00:00,A,PC_HH,A_GE3_DCH,HU,2004,22.91,,
ESTAT:ISOC_CI_IN_H(1.0),25/06/26 23:00:00,A,PC_HH,A_GE3_DCH,HU,2005,29.23,,
ESTAT:ISOC_CI_IN_H(1.0),25/06/26 23:00:00,A,PC_HH,A_GE3_DCH,HU,2006,40.40,,
ESTAT:ISOC_CI_IN_H(1.0),25/06/26 23:00:00,A,PC_HH,A_GE3_DCH,HU,2007,53.84,,
ESTAT:ISOC_CI_IN_H(1.0),25/06/26 23:00:00,A,PC_HH,A_GE3_DCH,HU,2008,63.04,,
ESTAT:ISOC_CI_IN_H(1.0),25/06/26 23:00:00,A,PC_HH,A_GE3_DCH,HU,2009,72.92,,
ESTAT:ISOC_CI_IN_H(1.0),25/06/26 23:00:00,A,PC_HH,A_GE3_DCH,HU,2010,75.64,,
ESTAT:ISOC_CI_IN_H(1.0),25/06/26 23:00:00,A,PC_HH,A_GE3_DCH,HU,2011,79.87,,
ESTAT:ISOC_CI_IN_H(1.0),25/06/26 23:00:00,A,PC_HH,A_GE3_DCH,HU,2012,88.00,,
ESTAT:ISOC_CI_IN_H(1.0),25/06/26 23:00:00,A,PC_HH,A_GE3_DCH,HU,2013,90.75,,
ESTAT:ISOC_CI_IN_H(1.0),25/06/26 23:00:00,A,PC_HH,A_GE3_DCH,HU,2014,93.55,,
ESTAT:ISOC_CI_IN_H(1.0),25/06/26 23:00:00,A,PC_HH,A_GE3_DCH,HU,2015,93.85,,
ESTAT:ISOC_CI_IN_H(1.0),25/06/26 23:00:00,A,PC_HH,A_GE3_DCH,HU,2016,94.73,,
ESTAT:ISOC_CI_IN_H(1.0),25/06/26 23:00:00,A,PC_HH,A_GE3_DCH,HU,2017,95.40,,
ESTAT:ISOC_CI_IN_H(1.0),25/06/26 23:00:00,A,PC_HH,A_GE3_DCH,HU,2018,96.05,,
ESTAT:ISOC_CI_IN_H(1.0),25/06/26 23:00:00,A,PC_HH,A_GE3_DCH,HU,2019,97.72,,
ESTAT:ISOC_CI_IN_H(1.0),25/06/26 23:00:00,A,PC_HH,A_GE3_DCH,HU,2020,97.99,,
ESTAT:ISOC_CI_IN_H(1.0),25/06/26 23:00:00,A,PC_HH,A_GE3_DCH,HU,2021,98.40,,
ESTAT:ISOC_CI_IN_H(1.0),25/06/26 23:00:00,A,PC_HH,A_GE3_DCH,HU,2022,99.13,,
ESTAT:ISOC_CI_IN_H(1.0),25/06/26 23:00:00,A,PC_HH,A_GE3_DCH,HU,2023,98.40,,
ESTAT:ISOC_CI_IN_H(1.0),25/06/26 23:00:00,A,PC_HH,A_GE3_DCH,HU,2024,99.13,,
ESTAT:ISOC_CI_IN_H(1.0),25/06/26 23:00:00,A,PC_HH,A_GE3_DCH,HU,2025,96.61,,
ESTAT:ISOC_CI_IN_H(1.0),25/06/26 23:00:00,A,PC_HH,A_GE3_DCH,IE,2003,51.78,,
ESTAT:ISOC_CI_IN_H(1.0),25/06/26 23:00:00,A,PC_HH,A_GE3_DCH,IE,2004,54.79,,
ESTAT:ISOC_CI_IN_H(1.0),25/06/26 23:00:00,A,PC_HH,A_GE3_DCH,IE,2005,64.89,,
ESTAT:ISOC_CI_IN_H(1.0),25/06/26 23:00:00,A,PC_HH,A_GE3_DCH,IE,2006,67.03,,
ESTAT:ISOC_CI_IN_H(1.0),25/06/26 23:00:00,A,PC_HH,A_GE3_DCH,IE,2007,75.02,,
ESTAT:ISOC_CI_IN_H(1.0),25/06/26 23:00:00,A,PC_HH,A_GE3_DCH,IE,2008,79.18,,
ESTAT:ISOC_CI_IN_H(1.0),25/06/26 23:00:00,A,PC_HH,A_GE3_DCH,IE,2009,86.33,,
ESTAT:ISOC_CI_IN_H(1.0),25/06/26 23:00:00,A,PC_HH,A_GE3_DCH,IE,2010,90.78,,
ESTAT:ISOC_CI_IN_H(1.0),25/06/26 23:00:00,A,PC_HH,A_GE3_DCH,IE,2011,94.86,,
ESTAT:ISOC_CI_IN_H(1.0),25/06/26 23:00:00,A,PC_HH,A_GE3_DCH,IE,2012,96.44,,
ESTAT:ISOC_CI_IN_H(1.0),25/06/26 23:00:00,A,PC_HH,A_GE3_DCH,IE,2013,95.15,,
ESTAT:ISOC_CI_IN_H(1.0),25/06/26 23:00:00,A,PC_HH,A_GE3_DCH,IE,2014,95.34,,
ESTAT:ISOC_CI_IN_H(1.0),25/06/26 23:00:00,A,PC_HH,A_GE3_DCH,IE,2015,96.21,,
ESTAT:ISOC_CI_IN_H(1.0),25/06/26 23:00:00,A,PC_HH,A_GE3_DCH,IE,2016,97.48,,
ESTAT:ISOC_CI_IN_H(1.0),25/06/26 23:00:00,A,PC_HH,A_GE3_DCH,IE,2017,98.06,,
ESTAT:ISOC_CI_IN_H(1.0),25/06/26 23:00:00,A,PC_HH,A_GE3_DCH,IE,2018,99.50,,
ESTAT:ISOC_CI_IN_H(1.0),25/06/26 23:00:00,A,PC_HH,A_GE3_DCH,IE,2019,98.42,,
ESTAT:ISOC_CI_IN_H(1.0),25/06/26 23:00:00,A,PC_HH,A_GE3_DCH,IE,2020,92.67,,
ESTAT:ISOC_CI_IN_H(1.0),25/06/26 23:00:00,A,PC_HH,A_GE3_DCH,IE,2021,100.00,b,
ESTAT:ISOC_CI_IN_H(1.0),25/06/26 23:00:00,A,PC_HH,A_GE3_DCH,IE,2022,,u,
ESTAT:ISOC_CI_IN_H(1.0),25/06/26 23:00:00,A,PC_HH,A_GE3_DCH,IE,2023,96.87,,
ESTAT:ISOC_CI_IN_H(1.0),25/06/26 23:00:00,A,PC_HH,A_GE3_DCH,IE,2024,97.26,,
ESTAT:ISOC_CI_IN_H(1.0),25/06/26 23:00:00,A,PC_HH,A_GE3_DCH,IE,2025,100.00,,
ESTAT:ISOC_CI_IN_H(1.0),25/06/26 23:00:00,A,PC_HH,A_GE3_DCH,IS,2004,95.00,,
ESTAT:ISOC_CI_IN_H(1.0),25/06/26 23:00:00,A,PC_HH,A_GE3_DCH,IS,2005,98.21,,
ESTAT:ISOC_CI_IN_H(1.0),25/06/26 23:00:00,A,PC_HH,A_GE3_DCH,IS,2006,98.13,,
ESTAT:ISOC_CI_IN_H(1.0),25/06/26 23:00:00,A,PC_HH,A_GE3_DCH,IS,2007,98.02,,
ESTAT:ISOC_CI_IN_H(1.0),25/06/26 23:00:00,A,PC_HH,A_GE3_DCH,IS,2008,98.15,,
ESTAT:ISOC_CI_IN_H(1.0),25/06/26 23:00:00,A,PC_HH,A_GE3_DCH,IS,2009,98.90,,
ESTAT:ISOC_CI_IN_H(1.0),25/06/26 23:00:00,A,PC_HH,A_GE3_DCH,IS,2010,99.33,,
ESTAT:ISOC_CI_IN_H(1.0),25/06/26 23:00:00,A,PC_HH,A_GE3_DCH,IS,2011,99.53,,
ESTAT:ISOC_CI_IN_H(1.0),25/06/26 23:00:00,A,PC_HH,A_GE3_DCH,IS,2012,99.69,,
ESTAT:ISOC_CI_IN_H(1.0),25/06/26 23:00:00,A,PC_HH,A_GE3_DCH,IS,2013,100.00,,
ESTAT:ISOC_CI_IN_H(1.0),25/06/26 23:00:00,A,PC_HH,A_GE3_DCH,IS,2014,99.69,,
ESTAT:ISOC_CI_IN_H(1.0),25/06/26 23:00:00,A,PC_HH,A_GE3_DCH,IS,2017,99.62,,
ESTAT:ISOC_CI_IN_H(1.0),25/06/26 23:00:00,A,PC_HH,A_GE3_DCH,IS,2018,99.73,,
ESTAT:ISOC_CI_IN_H(1.0),25/06/26 23:00:00,A,PC_HH,A_GE3_DCH,IS,2019,100.00,,
ESTAT:ISOC_CI_IN_H(1.0),25/06/26 23:00:00,A,PC_HH,A_GE3_DCH,IS,2020,100.00,,
ESTAT:ISOC_CI_IN_H(1.0),25/06/26 23:00:00,A,PC_HH,A_GE3_DCH,IT,2002,44.56,,
ESTAT:ISOC_CI_IN_H(1.0),25/06/26 23:00:00,A,PC_HH,A_GE3_DCH,IT,2003,40.76,,
ESTAT:ISOC_CI_IN_H(1.0),25/06/26 23:00:00,A,PC_HH,A_GE3_DCH,IT,2004,47.99,,
ESTAT:ISOC_CI_IN_H(1.0),25/06/26 23:00:00,A,PC_HH,A_GE3_DCH,IT,2005,58.15,,
ESTAT:ISOC_CI_IN_H(1.0),25/06/26 23:00:00,A,PC_HH,A_GE3_DCH,IT,2006,58.90,,
ESTAT:ISOC_CI_IN_H(1.0),25/06/26 23:00:00,A,PC_HH,A_GE3_DCH,IT,2007,62.55,,
ESTAT:ISOC_CI_IN_H(1.0),25/06/26 23:00:00,A,PC_HH,A_GE3_DCH,IT,2008,65.33,,
ESTAT:ISOC_CI_IN_H(1.0),25/06/26 23:00:00,A,PC_HH,A_GE3_DCH,IT,2009,74.38,,
ESTAT:ISOC_CI_IN_H(1.0),25/06/26 23:00:00,A,PC_HH,A_GE3_DCH,IT,2010,79.07,,
ESTAT:ISOC_CI_IN_H(1.0),25/06/26 23:00:00,A,PC_HH,A_GE3_DCH,IT,2011,83.27,,
ESTAT:ISOC_CI_IN_H(1.0),25/06/26 23:00:00,A,PC_HH,A_GE3_DCH,IT,2012,84.81,,
ESTAT:ISOC_CI_IN_H(1.0),25/06/26 23:00:00,A,PC_HH,A_GE3_DCH,IT,2013,87.05,,
ESTAT:ISOC_CI_IN_H(1.0),25/06/26 23:00:00,A,PC_HH,A_GE3_DCH,IT,2014,89.55,,
ESTAT:ISOC_CI_IN_H(1.0),25/06/26 23:00:00,A,PC_HH,A_GE3_DCH,IT,2015,93.44,,
ESTAT:ISOC_CI_IN_H(1.0),25/06/26 23:00:00,A,PC_HH,A_GE3_DCH,IT,2016,92.55,,
ESTAT:ISOC_CI_IN_H(1.0),25/06/26 23:00:00,A,PC_HH,A_GE3_DCH,IT,2017,94.83,,
ESTAT:ISOC_CI_IN_H(1.0),25/06/26 23:00:00,A,PC_HH,A_GE3_DCH,IT,2018,96.61,,
ESTAT:ISOC_CI_IN_H(1.0),25/06/26 23:00:00,A,PC_HH,A_GE3_DCH,IT,2019,97.06,,
ESTAT:ISOC_CI_IN_H(1.0),25/06/26 23:00:00,A,PC_HH,A_GE3_DCH,IT,2020,97.46,,
ESTAT:ISOC_CI_IN_H(1.0),25/06/26 23:00:00,A,PC_HH,A_GE3_DCH,IT,2021,99.08,,
ESTAT:ISOC_CI_IN_H(1.0),25/06/26 23:00:00,A,PC_HH,A_GE3_DCH,IT,2022,98.89,,
ESTAT:ISOC_CI_IN_H(1.0),25/06/26 23:00:00,A,PC_HH,A_GE3_DCH,IT,2023,98.89,,
ESTAT:ISOC_CI_IN_H(1.0),25/06/26 23:00:00,A,PC_HH,A_GE3_DCH,IT,2024,99.51,,
ESTAT:ISOC_CI_IN_H(1.0),25/06/26 23:00:00,A,PC_HH,A_GE3_DCH,IT,2025,98.14,,
ESTAT:ISOC_CI_IN_H(1.0),25/06/26 23:00:00,A,PC_HH,A_GE3_DCH,LT,2004,14.63,,
ESTAT:ISOC_CI_IN_H(1.0),25/06/26 23:00:00,A,PC_HH,A_GE3_DCH,LT,2005,29.36,,
ESTAT:ISOC_CI_IN_H(1.0),25/06/26 23:00:00,A,PC_HH,A_GE3_DCH,LT,2006,67.58,,
ESTAT:ISOC_CI_IN_H(1.0),25/06/26 23:00:00,A,PC_HH,A_GE3_DCH,LT,2007,78.44,,
ESTAT:ISOC_CI_IN_H(1.0),25/06/26 23:00:00,A,PC_HH,A_GE3_DCH,LT,2008,81.73,,
ESTAT:ISOC_CI_IN_H(1.0),25/06/26 23:00:00,A,PC_HH,A_GE3_DCH,LT,2009,85.17,,
ESTAT:ISOC_CI_IN_H(1.0),25/06/26 23:00:00,A,PC_HH,A_GE3_DCH,LT,2010,86.67,,
ESTAT:ISOC_CI_IN_H(1.0),25/06/26 23:00:00,A,PC_HH,A_GE3_DCH,LT,2011,89.77,,
ESTAT:ISOC_CI_IN_H(1.0),25/06/26 23:00:00,A,PC_HH,A_GE3_DCH,LT,2012,92.30,,
ESTAT:ISOC_CI_IN_H(1.0),25/06/26 23:00:00,A,PC_HH,A_GE3_DCH,LT,2013,94.78,,
ESTAT:ISOC_CI_IN_H(1.0),25/06/26 23:00:00,A,PC_HH,A_GE3_DCH,LT,2014,93.86,,
ESTAT:ISOC_CI_IN_H(1.0),25/06/26 23:00:00,A,PC_HH,A_GE3_DCH,LT,2015,94.31,,
ESTAT:ISOC_CI_IN_H(1.0),25/06/26 23:00:00,A,PC_HH,A_GE3_DCH,LT,2016,97.40,,
ESTAT:ISOC_CI_IN_H(1.0),25/06/26 23:00:00,A,PC_HH,A_GE3_DCH,LT,2017,96.93,,
ESTAT:ISOC_CI_IN_H(1.0),25/06/26 23:00:00,A,PC_HH,A_GE3_DCH,LT,2018,98.33,,
ESTAT:ISOC_CI_IN_H(1.0),25/06/26 23:00:00,A,PC_HH,A_GE3_DCH,LT,2019,99.09,,
ESTAT:ISOC_CI_IN_H(1.0),25/06/26 23:00:00,A,PC_HH,A_GE3_DCH,LT,2020,98.54,,
ESTAT:ISOC_CI_IN_H(1.0),25/06/26 23:00:00,A,PC_HH,A_GE3_DCH,LT,2021,99.04,,
ESTAT:ISOC_CI_IN_H(1.0),25/06/26 23:00:00,A,PC_HH,A_GE3_DCH,LT,2022,99.58,,
ESTAT:ISOC_CI_IN_H(1.0),25/06/26 23:00:00,A,PC_HH,A_GE3_DCH,LT,2023,99.86,,
ESTAT:ISOC_CI_IN_H(1.0),25/06/26 23:00:00,A,PC_HH,A_GE3_DCH,LT,2024,99.41,,
ESTAT:ISOC_CI_IN_H(1.0),25/06/26 23:00:00,A,PC_HH,A_GE3_DCH,LT,2025,99.14,,
ESTAT:ISOC_CI_IN_H(1.0),25/06/26 23:00:00,A,PC_HH,A_GE3_DCH,LU,2002,46.57,,
ESTAT:ISOC_CI_IN_H(1.0),25/06/26 23:00:00,A,PC_HH,A_GE3_DCH,LU,2003,62.00,,
ESTAT:ISOC_CI_IN_H(1.0),25/06/26 23:00:00,A,PC_HH,A_GE3_DCH,LU,2004,79.47,,
ESTAT:ISOC_CI_IN_H(1.0),25/06/26 23:00:00,A,PC_HH,A_GE3_DCH,LU,2005,78.48,,
ESTAT:ISOC_CI_IN_H(1.0),25/06/26 23:00:00,A,PC_HH,A_GE3_DCH,LU,2006,88.92,,
ESTAT:ISOC_CI_IN_H(1.0),25/06/26 23:00:00,A,PC_HH,A_GE3_DCH,LU,2007,88.89,,
ESTAT:ISOC_CI_IN_H(1.0),25/06/26 23:00:00,A,PC_HH,A_GE3_DCH,LU,2008,92.63,,
ESTAT:ISOC_CI_IN_H(1.0),25/06/26 23:00:00,A,PC_HH,A_GE3_DCH,LU,2009,97.10,,
ESTAT:ISOC_CI_IN_H(1.0),25/06/26 23:00:00,A,PC_HH,A_GE3_DCH,LU,2010,98.96,,
ESTAT:ISOC_CI_IN_H(1.0),25/06/26 23:00:00,A,PC_HH,A_GE3_DCH,LU,2011,99.44,,
ESTAT:ISOC_CI_IN_H(1.0),25/06/26 23:00:00,A,PC_HH,A_GE3_DCH,LU,2012,99.47,,
ESTAT:ISOC_CI_IN_H(1.0),25/06/26 23:00:00,A,PC_HH,A_GE3_DCH,LU,2013,100.00,,
ESTAT:ISOC_CI_IN_H(1.0),25/06/26 23:00:00,A,PC_HH,A_GE3_DCH,LU,2014,99.51,,
ESTAT:ISOC_CI_IN_H(1.0),25/06/26 23:00:00,A,PC_HH,A_GE3_DCH,LU,2015,100.00,,
ESTAT:ISOC_CI_IN_H(1.0),25/06/26 23:00:00,A,PC_HH,A_GE3_DCH,LU,2016,100.00,,
ESTAT:ISOC_CI_IN_H(1.0),25/06/26 23:00:00,A,PC_HH,A_GE3_DCH,LU,2017,99.47,,
ESTAT:ISOC_CI_IN_H(1.0),25/06/26 23:00:00,A,PC_HH,A_GE3_DCH,LU,2018,97.71,b,
ESTAT:ISOC_CI_IN_H(1.0),25/06/26 23:00:00,A,PC_HH,A_GE3_DCH,LU,2019,97.11,,
ESTAT:ISOC_CI_IN_H(1.0),25/06/26 23:00:00,A,PC_HH,A_GE3_DCH,LU,2020,99.01,,
ESTAT:ISOC_CI_IN_H(1.0),25/06/26 23:00:00,A,PC_HH,A_GE3_DCH,LU,2021,100.00,,
ESTAT:ISOC_CI_IN_H(1.0),25/06/26 23:00:00,A,PC_HH,A_GE3_DCH,LU,2022,100.00,,
ESTAT:ISOC_CI_IN_H(1.0),25/06/26 23:00:00,A,PC_HH,A_GE3_DCH,LU,2023,99.57,,
ESTAT:ISOC_CI_IN_H(1.0),25/06/26 23:00:00,A,PC_HH,A_GE3_DCH,LU,2024,100.00,,
ESTAT:ISOC_CI_IN_H(1.0),25/06/26 23:00:00,A,PC_HH,A_GE3_DCH,LU,2025,100.00,,
ESTAT:ISOC_CI_IN_H(1.0),25/06/26 23:00:00,A,PC_HH,A_GE3_DCH,LV,2004,21.24,,
ESTAT:ISOC_CI_IN_H(1.0),25/06/26 23:00:00,A,PC_HH,A_GE3_DCH,LV,2005,45.17,,
ESTAT:ISOC_CI_IN_H(1.0),25/06/26 23:00:00,A,PC_HH,A_GE3_DCH,LV,2006,67.18,,
ESTAT:ISOC_CI_IN_H(1.0),25/06/26 23:00:00,A,PC_HH,A_GE3_DCH,LV,2007,80.74,,
ESTAT:ISOC_CI_IN_H(1.0),25/06/26 23:00:00,A,PC_HH,A_GE3_DCH,LV,2008,74.01,,
ESTAT:ISOC_CI_IN_H(1.0),25/06/26 23:00:00,A,PC_HH,A_GE3_DCH,LV,2009,82.14,,
ESTAT:ISOC_CI_IN_H(1.0),25/06/26 23:00:00,A,PC_HH,A_GE3_DCH,LV,2010,81.87,,
ESTAT:ISOC_CI_IN_H(1.0),25/06/26 23:00:00,A,PC_HH,A_GE3_DCH,LV,2011,87.73,,
ESTAT:ISOC_CI_IN_H(1.0),25/06/26 23:00:00,A,PC_HH,A_GE3_DCH,LV,2012,92.96,,
ESTAT:ISOC_CI_IN_H(1.0),25/06/26 23:00:00,A,PC_HH,A_GE3_DCH,LV,2013,93.83,,
ESTAT:ISOC_CI_IN_H(1.0),25/06/26 23:00:00,A,PC_HH,A_GE3_DCH,LV,2014,94.16,,
ESTAT:ISOC_CI_IN_H(1.0),25/06/26 23:00:00,A,PC_HH,A_GE3_DCH,LV,2015,95.97,,
ESTAT:ISOC_CI_IN_H(1.0),25/06/26 23:00:00,A,PC_HH,A_GE3_DCH,LV,2016,94.49,b,
ESTAT:ISOC_CI_IN_H(1.0),25/06/26 23:00:00,A,PC_HH,A_GE3_DCH,LV,2017,95.43,,
ESTAT:ISOC_CI_IN_H(1.0),25/06/26 23:00:00,A,PC_HH,A_GE3_DCH,LV,2018,97.43,,
ESTAT:ISOC_CI_IN_H(1.0),25/06/26 23:00:00,A,PC_HH,A_GE3_DCH,LV,2019,96.70,,
ESTAT:ISOC_CI_IN_H(1.0),25/06/26 23:00:00,A,PC_HH,A_GE3_DCH,LV,2020,98.49,,
ESTAT:ISOC_CI_IN_H(1.0),25/06/26 23:00:00,A,PC_HH,A_GE3_DCH,LV,2021,99.06,,
ESTAT:ISOC_CI_IN_H(1.0),25/06/26 23:00:00,A,PC_HH,A_GE3_DCH,LV,2022,99.29,,
ESTAT:ISOC_CI_IN_H(1.0),25/06/26 23:00:00,A,PC_HH,A_GE3_DCH,LV,2023,99.77,,
ESTAT:ISOC_CI_IN_H(1.0),25/06/26 23:00:00,A,PC_HH,A_GE3_DCH,LV,2024,100.00,,
ESTAT:ISOC_CI_IN_H(1.0),25/06/26 23:00:00,A,PC_HH,A_GE3_DCH,LV,2025,98.37,,
ESTAT:ISOC_CI_IN_H(1.0),25/06/26 23:00:00,A,PC_HH,A_GE3_DCH,ME,2012,71.79,,
ESTAT:ISOC_CI_IN_H(1.0),25/06/26 23:00:00,A,PC_HH,A_GE3_DCH,ME,2017,87.28,,
ESTAT:ISOC_CI_IN_H(1.0),25/06/26 23:00:00,A,PC_HH,A_GE3_DCH,ME,2018,92.31,,
ESTAT:ISOC_CI_IN_H(1.0),25/06/26 23:00:00,A,PC_HH,A_GE3_DCH,ME,2019,94.25,,
ESTAT:ISOC_CI_IN_H(1.0),25/06/26 23:00:00,A,PC_HH,A_GE3_DCH,ME,2020,93.11,,
ESTAT:ISOC_CI_IN_H(1.0),25/06/26 23:00:00,A,PC_HH,A_GE3_DCH,ME,2021,97.49,,
ESTAT:ISOC_CI_IN_H(1.0),25/06/26 23:00:00,A,PC_HH,A_GE3_DCH,ME,2022,95.35,,
ESTAT:ISOC_CI_IN_H(1.0),25/06/26 23:00:00,A,PC_HH,A_GE3_DCH,ME,2023,96.28,,
ESTAT:ISOC_CI_IN_H(1.0),25/06/26 23:00:00,A,PC_HH,A_GE3_DCH,ME,2024,97.38,,
ESTAT:ISOC_CI_IN_H(1.0),25/06/26 23:00:00,A,PC_HH,A_GE3_DCH,ME,2025,93.36,,
ESTAT:ISOC_CI_IN_H(1.0),25/06/26 23:00:00,A,PC_HH,A_GE3_DCH,MK,2004,11.63,,
ESTAT:ISOC_CI_IN_H(1.0),25/06/26 23:00:00,A,PC_HH,A_GE3_DCH,MK,2006,16.42,,
ESTAT:ISOC_CI_IN_H(1.0),25/06/26 23:00:00,A,PC_HH,A_GE3_DCH,MK,2008,31.20,,
ESTAT:ISOC_CI_IN_H(1.0),25/06/26 23:00:00,A,PC_HH,A_GE3_DCH,MK,2009,45.84,,
ESTAT:ISOC_CI_IN_H(1.0),25/06/26 23:00:00,A,PC_HH,A_GE3_DCH,MK,2010,56.49,,
ESTAT:ISOC_CI_IN_H(1.0),25/06/26 23:00:00,A,PC_HH,A_GE3_DCH,MK,2012,69.40,,
ESTAT:ISOC_CI_IN_H(1.0),25/06/26 23:00:00,A,PC_HH,A_GE3_DCH,MK,2013,79.31,,
ESTAT:ISOC_CI_IN_H(1.0),25/06/26 23:00:00,A,PC_HH,A_GE3_DCH,MK,2014,87.16,,
ESTAT:ISOC_CI_IN_H(1.0),25/06/26 23:00:00,A,PC_HH,A_GE3_DCH,MK,2015,87.11,,
ESTAT:ISOC_CI_IN_H(1.0),25/06/26 23:00:00,A,PC_HH,A_GE3_DCH,MK,2016,88.55,,
ESTAT:ISOC_CI_IN_H(1.0),25/06/26 23:00:00,A,PC_HH,A_GE3_DCH,MK,2017,89.91,,
ESTAT:ISOC_CI_IN_H(1.0),25/06/26 23:00:00,A,PC_HH,A_GE3_DCH,MK,2018,95.80,,
ESTAT:ISOC_CI_IN_H(1.0),25/06/26 23:00:00,A,PC_HH,A_GE3_DCH,MK,2019,96.82,,
ESTAT:ISOC_CI_IN_H(1.0),25/06/26 23:00:00,A,PC_HH,A_GE3_DCH,MK,2020,97.32,,
ESTAT:ISOC_CI_IN_H(1.0),25/06/26 23:00:00,A,PC_HH,A_GE3_DCH,MK,2021,98.41,,
ESTAT:ISOC_CI_IN_H(1.0),25/06/26 23:00:00,A,PC_HH,A_GE3_DCH,MK,2024,98.10,,
ESTAT:ISOC_CI_IN_H(1.0),25/06/26 23:00:00,A,PC_HH,A_GE3_DCH,MK,2025,98.44,,
ESTAT:ISOC_CI_IN_H(1.0),25/06/26 23:00:00,A,PC_HH,A_GE3_DCH,MT,2005,59.97,,
ESTAT:ISOC_CI_IN_H(1.0),25/06/26 23:00:00,A,PC_HH,A_GE3_DCH,MT,2006,50.37,,
ESTAT:ISOC_CI_IN_H(1.0),25/06/26 23:00:00,A,PC_HH,A_GE3_DCH,MT,2007,80.03,,
ESTAT:ISOC_CI_IN_H(1.0),25/06/26 23:00:00,A,PC_HH,A_GE3_DCH,MT,2008,88.92,,
ESTAT:ISOC_CI_IN_H(1.0),25/06/26 23:00:00,A,PC_HH,A_GE3_DCH,MT,2009,94.17,,
ESTAT:ISOC_CI_IN_H(1.0),25/06/26 23:00:00,A,PC_HH,A_GE3_DCH,MT,2010,94.76,,
ESTAT:ISOC_CI_IN_H(1.0),25/06/26 23:00:00,A,PC_HH,A_GE3_DCH,MT,2011,96.03,,
ESTAT:ISOC_CI_IN_H(1.0),25/06/26 23:00:00,A,PC_HH,A_GE3_DCH,MT,2012,97.63,,
ESTAT:ISOC_CI_IN_H(1.0),25/06/26 23:00:00,A,PC_HH,A_GE3_DCH,MT,2013,95.00,,
ESTAT:ISOC_CI_IN_H(1.0),25/06/26 23:00:00,A,PC_HH,A_GE3_DCH,MT,2014,99.17,,
ESTAT:ISOC_CI_IN_H(1.0),25/06/26 23:00:00,A,PC_HH,A_GE3_DCH,MT,2015,94.20,,
ESTAT:ISOC_CI_IN_H(1.0),25/06/26 23:00:00,A,PC_HH,A_GE3_DCH,MT,2016,96.97,,
ESTAT:ISOC_CI_IN_H(1.0),25/06/26 23:00:00,A,PC_HH,A_GE3_DCH,MT,2017,98.18,,
ESTAT:ISOC_CI_IN_H(1.0),25/06/26 23:00:00,A,PC_HH,A_GE3_DCH,MT,2018,96.33,,
ESTAT:ISOC_CI_IN_H(1.0),25/06/26 23:00:00,A,PC_HH,A_GE3_DCH,MT,2019,95.06,,
ESTAT:ISOC_CI_IN_H(1.0),25/06/26 23:00:00,A,PC_HH,A_GE3_DCH,MT,2020,96.35,,
ESTAT:ISOC_CI_IN_H(1.0),25/06/26 23:00:00,A,PC_HH,A_GE3_DCH,MT,2021,97.12,,
ESTAT:ISOC_CI_IN_H(1.0),25/06/26 23:00:00,A,PC_HH,A_GE3_DCH,MT,2022,100.00,,
ESTAT:ISOC_CI_IN_H(1.0),25/06/26 23:00:00,A,PC_HH,A_GE3_DCH,MT,2023,100.00,,
ESTAT:ISOC_CI_IN_H(1.0),25/06/26 23:00:00,A,PC_HH,A_GE3_DCH,MT,2024,100.00,,
ESTAT:ISOC_CI_IN_H(1.0),25/06/26 23:00:00,A,PC_HH,A_GE3_DCH,MT,2025,97.22,,
ESTAT:ISOC_CI_IN_H(1.0),25/06/26 23:00:00,A,PC_HH,A_GE3_DCH,NL,2005,96.08,,
ESTAT:ISOC_CI_IN_H(1.0),25/06/26 23:00:00,A,PC_HH,A_GE3_DCH,NL,2006,97.98,,
ESTAT:ISOC_CI_IN_H(1.0),25/06/26 23:00:00,A,PC_HH,A_GE3_DCH,NL,2007,97.12,,
ESTAT:ISOC_CI_IN_H(1.0),25/06/26 23:00:00,A,PC_HH,A_GE3_DCH,NL,2008,98.10,,
ESTAT:ISOC_CI_IN_H(1.0),25/06/26 23:00:00,A,PC_HH,A_GE3_DCH,NL,2009,99.33,,
ESTAT:ISOC_CI_IN_H(1.0),25/06/26 23:00:00,A,PC_HH,A_GE3_DCH,NL,2010,99.50,,
ESTAT:ISOC_CI_IN_H(1.0),25/06/26 23:00:00,A,PC_HH,A_GE3_DCH,NL,2011,100.00,,
ESTAT:ISOC_CI_IN_H(1.0),25/06/26 23:00:00,A,PC_HH,A_GE3_DCH,NL,2012,98.60,,
ESTAT:ISOC_CI_IN_H(1.0),25/06/26 23:00:00,A,PC_HH,A_GE3_DCH,NL,2013,99.73,,
ESTAT:ISOC_CI_IN_H(1.0),25/06/26 23:00:00,A,PC_HH,A_GE3_DCH,NL,2014,98.96,,
ESTAT:ISOC_CI_IN_H(1.0),25/06/26 23:00:00,A,PC_HH,A_GE3_DCH,NL,2015,99.15,,
ESTAT:ISOC_CI_IN_H(1.0),25/06/26 23:00:00,A,PC_HH,A_GE3_DCH,NL,2016,98.90,,
ESTAT:ISOC_CI_IN_H(1.0),25/06/26 23:00:00,A,PC_HH,A_GE3_DCH,NL,2017,99.88,,
ESTAT:ISOC_CI_IN_H(1.0),25/06/26 23:00:00,A,PC_HH,A_GE3_DCH,NL,2018,99.44,,
ESTAT:ISOC_CI_IN_H(1.0),25/06/26 23:00:00,A,PC_HH,A_GE3_DCH,NL,2019,99.07,,
ESTAT:ISOC_CI_IN_H(1.0),25/06/26 23:00:00,A,PC_HH,A_GE3_DCH,NL,2020,99.47,,
ESTAT:ISOC_CI_IN_H(1.0),25/06/26 23:00:00,A,PC_HH,A_GE3_DCH,NL,2021,99.86,,
ESTAT:ISOC_CI_IN_H(1.0),25/06/26 23:00:00,A,PC_HH,A_GE3_DCH,NL,2022,98.97,,
ESTAT:ISOC_CI_IN_H(1.0),25/06/26 23:00:00,A,PC_HH,A_GE3_DCH,NL,2023,99.67,,
ESTAT:ISOC_CI_IN_H(1.0),25/06/26 23:00:00,A,PC_HH,A_GE3_DCH,NL,2024,100.00,,
ESTAT:ISOC_CI_IN_H(1.0),25/06/26 23:00:00,A,PC_HH,A_GE3_DCH,NL,2025,99.84,,
ESTAT:ISOC_CI_IN_H(1.0),25/06/26 23:00:00,A,PC_HH,A_GE3_DCH,NO,2003,91.46,,
ESTAT:ISOC_CI_IN_H(1.0),25/06/26 23:00:00,A,PC_HH,A_GE3_DCH,NO,2004,93.84,,
ESTAT:ISOC_CI_IN_H(1.0),25/06/26 23:00:00,A,PC_HH,A_GE3_DCH,NO,2005,99.16,,
ESTAT:ISOC_CI_IN_H(1.0),25/06/26 23:00:00,A,PC_HH,A_GE3_DCH,NO,2006,97.13,,
ESTAT:ISOC_CI_IN_H(1.0),25/06/26 23:00:00,A,PC_HH,A_GE3_DCH,NO,2007,100.00,,
ESTAT:ISOC_CI_IN_H(1.0),25/06/26 23:00:00,A,PC_HH,A_GE3_DCH,NO,2008,98.86,,
ESTAT:ISOC_CI_IN_H(1.0),25/06/26 23:00:00,A,PC_HH,A_GE3_DCH,NO,2009,100.00,,
ESTAT:ISOC_CI_IN_H(1.0),25/06/26 23:00:00,A,PC_HH,A_GE3_DCH,NO,2010,98.64,,
ESTAT:ISOC_CI_IN_H(1.0),25/06/26 23:00:00,A,PC_HH,A_GE3_DCH,NO,2011,99.23,,
ESTAT:ISOC_CI_IN_H(1.0),25/06/26 23:00:00,A,PC_HH,A_GE3_DCH,NO,2012,100.00,,
ESTAT:ISOC_CI_IN_H(1.0),25/06/26 23:00:00,A,PC_HH,A_GE3_DCH,NO,2013,100.00,,
ESTAT:ISOC_CI_IN_H(1.0),25/06/26 23:00:00,A,PC_HH,A_GE3_DCH,NO,2014,100.00,,
ESTAT:ISOC_CI_IN_H(1.0),25/06/26 23:00:00,A,PC_HH,A_GE3_DCH,NO,2015,100.00,,
ESTAT:ISOC_CI_IN_H(1.0),25/06/26 23:00:00,A,PC_HH,A_GE3_DCH,NO,2016,100.00,,
ESTAT:ISOC_CI_IN_H(1.0),25/06/26 23:00:00,A,PC_HH,A_GE3_DCH,NO,2017,100.00,,
ESTAT:ISOC_CI_IN_H(1.0),25/06/26 23:00:00,A,PC_HH,A_GE3_DCH,NO,2018,100.00,,
ESTAT:ISOC_CI_IN_H(1.0),25/06/26 23:00:00,A,PC_HH,A_GE3_DCH,NO,2019,98.79,,
ESTAT:ISOC_CI_IN_H(1.0),25/06/26 23:00:00,A,PC_HH,A_GE3_DCH,NO,2020,100.00,,
ESTAT:ISOC_CI_IN_H(1.0),25/06/26 23:00:00,A,PC_HH,A_GE3_DCH,NO,2021,99.33,,
ESTAT:ISOC_CI_IN_H(1.0),25/06/26 23:00:00,A,PC_HH,A_GE3_DCH,NO,2022,100.00,,
ESTAT:ISOC_CI_IN_H(1.0),25/06/26 23:00:00,A,PC_HH,A_GE3_DCH,NO,2023,100.00,,
ESTAT:ISOC_CI_IN_H(1.0),25/06/26 23:00:00,A,PC_HH,A_GE3_DCH,NO,2024,99.18,,
ESTAT:ISOC_CI_IN_H(1.0),25/06/26 23:00:00,A,PC_HH,A_GE3_DCH,NO,2025,100.00,,
ESTAT:ISOC_CI_IN_H(1.0),25/06/26 23:00:00,A,PC_HH,A_GE3_DCH,PL,2004,30.00,,
ESTAT:ISOC_CI_IN_H(1.0),25/06/26 23:00:00,A,PC_HH,A_GE3_DCH,PL,2005,36.94,,
ESTAT:ISOC_CI_IN_H(1.0),25/06/26 23:00:00,A,PC_HH,A_GE3_DCH,PL,2006,46.26,,
ESTAT:ISOC_CI_IN_H(1.0),25/06/26 23:00:00,A,PC_HH,A_GE3_DCH,PL,2007,51.89,,
ESTAT:ISOC_CI_IN_H(1.0),25/06/26 23:00:00,A,PC_HH,A_GE3_DCH,PL,2008,58.93,,
ESTAT:ISOC_CI_IN_H(1.0),25/06/26 23:00:00,A,PC_HH,A_GE3_DCH,PL,2009,75.71,,
ESTAT:ISOC_CI_IN_H(1.0),25/06/26 23:00:00,A,PC_HH,A_GE3_DCH,PL,2010,82.23,,
ESTAT:ISOC_CI_IN_H(1.0),25/06/26 23:00:00,A,PC_HH,A_GE3_DCH,PL,2011,88.14,,
ESTAT:ISOC_CI_IN_H(1.0),25/06/26 23:00:00,A,PC_HH,A_GE3_DCH,PL,2012,90.54,,
ESTAT:ISOC_CI_IN_H(1.0),25/06/26 23:00:00,A,PC_HH,A_GE3_DCH,PL,2013,92.29,,
ESTAT:ISOC_CI_IN_H(1.0),25/06/26 23:00:00,A,PC_HH,A_GE3_DCH,PL,2014,94.58,,
ESTAT:ISOC_CI_IN_H(1.0),25/06/26 23:00:00,A,PC_HH,A_GE3_DCH,PL,2015,95.74,,
ESTAT:ISOC_CI_IN_H(1.0),25/06/26 23:00:00,A,PC_HH,A_GE3_DCH,PL,2016,97.04,,
ESTAT:ISOC_CI_IN_H(1.0),25/06/26 23:00:00,A,PC_HH,A_GE3_DCH,PL,2017,98.92,,
ESTAT:ISOC_CI_IN_H(1.0),25/06/26 23:00:00,A,PC_HH,A_GE3_DCH,PL,2018,99.41,,
ESTAT:ISOC_CI_IN_H(1.0),25/06/26 23:00:00,A,PC_HH,A_GE3_DCH,PL,2019,99.28,,
ESTAT:ISOC_CI_IN_H(1.0),25/06/26 23:00:00,A,PC_HH,A_GE3_DCH,PL,2020,99.70,,
ESTAT:ISOC_CI_IN_H(1.0),25/06/26 23:00:00,A,PC_HH,A_GE3_DCH,PL,2021,100.00,,
ESTAT:ISOC_CI_IN_H(1.0),25/06/26 23:00:00,A,PC_HH,A_GE3_DCH,PL,2022,99.97,,
ESTAT:ISOC_CI_IN_H(1.0),25/06/26 23:00:00,A,PC_HH,A_GE3_DCH,PL,2023,99.90,,
ESTAT:ISOC_CI_IN_H(1.0),25/06/26 23:00:00,A,PC_HH,A_GE3_DCH,PL,2024,100.00,,
ESTAT:ISOC_CI_IN_H(1.0),25/06/26 23:00:00,A,PC_HH,A_GE3_DCH,PL,2025,100.00,,
ESTAT:ISOC_CI_IN_H(1.0),25/06/26 23:00:00,A,PC_HH,A_GE3_DCH,PT,2003,27.49,,
ESTAT:ISOC_CI_IN_H(1.0),25/06/26 23:00:00,A,PC_HH,A_GE3_DCH,PT,2004,33.47,,
ESTAT:ISOC_CI_IN_H(1.0),25/06/26 23:00:00,A,PC_HH,A_GE3_DCH,PT,2005,48.85,,
ESTAT:ISOC_CI_IN_H(1.0),25/06/26 23:00:00,A,PC_HH,A_GE3_DCH,PT,2006,46.11,,
ESTAT:ISOC_CI_IN_H(1.0),25/06/26 23:00:00,A,PC_HH,A_GE3_DCH,PT,2007,55.22,,
ESTAT:ISOC_CI_IN_H(1.0),25/06/26 23:00:00,A,PC_HH,A_GE3_DCH,PT,2008,69.77,,
ESTAT:ISOC_CI_IN_H(1.0),25/06/26 23:00:00,A,PC_HH,A_GE3_DCH,PT,2009,75.12,,
ESTAT:ISOC_CI_IN_H(1.0),25/06/26 23:00:00,A,PC_HH,A_GE3_DCH,PT,2010,81.97,,
ESTAT:ISOC_CI_IN_H(1.0),25/06/26 23:00:00,A,PC_HH,A_GE3_DCH,PT,2011,85.17,,
ESTAT:ISOC_CI_IN_H(1.0),25/06/26 23:00:00,A,PC_HH,A_GE3_DCH,PT,2012,88.45,,
ESTAT:ISOC_CI_IN_H(1.0),25/06/26 23:00:00,A,PC_HH,A_GE3_DCH,PT,2013,85.86,,
ESTAT:ISOC_CI_IN_H(1.0),25/06/26 23:00:00,A,PC_HH,A_GE3_DCH,PT,2014,88.48,,
ESTAT:ISOC_CI_IN_H(1.0),25/06/26 23:00:00,A,PC_HH,A_GE3_DCH,PT,2015,92.04,,
ESTAT:ISOC_CI_IN_H(1.0),25/06/26 23:00:00,A,PC_HH,A_GE3_DCH,PT,2016,95.38,,
ESTAT:ISOC_CI_IN_H(1.0),25/06/26 23:00:00,A,PC_HH,A_GE3_DCH,PT,2017,96.38,,
ESTAT:ISOC_CI_IN_H(1.0),25/06/26 23:00:00,A,PC_HH,A_GE3_DCH,PT,2018,95.76,,
ESTAT:ISOC_CI_IN_H(1.0),25/06/26 23:00:00,A,PC_HH,A_GE3_DCH,PT,2019,97.02,,
ESTAT:ISOC_CI_IN_H(1.0),25/06/26 23:00:00,A,PC_HH,A_GE3_DCH,PT,2020,98.05,,
ESTAT:ISOC_CI_IN_H(1.0),25/06/26 23:00:00,A,PC_HH,A_GE3_DCH,PT,2021,97.48,,
ESTAT:ISOC_CI_IN_H(1.0),25/06/26 23:00:00,A,PC_HH,A_GE3_DCH,PT,2022,98.38,,
ESTAT:ISOC_CI_IN_H(1.0),25/06/26 23:00:00,A,PC_HH,A_GE3_DCH,PT,2023,97.63,,
ESTAT:ISOC_CI_IN_H(1.0),25/06/26 23:00:00,A,PC_HH,A_GE3_DCH,PT,2024,98.60,,
ESTAT:ISOC_CI_IN_H(1.0),25/06/26 23:00:00,A,PC_HH,A_GE3_DCH,PT,2025,99.30,,
ESTAT:ISOC_CI_IN_H(1.0),25/06/26 23:00:00,A,PC_HH,A_GE3_DCH,RO,2006,17.63,,
ESTAT:ISOC_CI_IN_H(1.0),25/06/26 23:00:00,A,PC_HH,A_GE3_DCH,RO,2007,25.90,,
ESTAT:ISOC_CI_IN_H(1.0),25/06/26 23:00:00,A,PC_HH,A_GE3_DCH,RO,2008,35.35,,
ESTAT:ISOC_CI_IN_H(1.0),25/06/26 23:00:00,A,PC_HH,A_GE3_DCH,RO,2009,45.78,,
ESTAT:ISOC_CI_IN_H(1.0),25/06/26 23:00:00,A,PC_HH,A_GE3_DCH,RO,2010,47.94,,
ESTAT:ISOC_CI_IN_H(1.0),25/06/26 23:00:00,A,PC_HH,A_GE3_DCH,RO,2011,58.86,,
ESTAT:ISOC_CI_IN_H(1.0),25/06/26 23:00:00,A,PC_HH,A_GE3_DCH,RO,2012,61.45,,
ESTAT:ISOC_CI_IN_H(1.0),25/06/26 23:00:00,A,PC_HH,A_GE3_DCH,RO,2013,66.29,,
ESTAT:ISOC_CI_IN_H(1.0),25/06/26 23:00:00,A,PC_HH,A_GE3_DCH,RO,2014,70.08,b,
ESTAT:ISOC_CI_IN_H(1.0),25/06/26 23:00:00,A,PC_HH,A_GE3_DCH,RO,2015,78.74,,
ESTAT:ISOC_CI_IN_H(1.0),25/06/26 23:00:00,A,PC_HH,A_GE3_DCH,RO,2016,83.33,,
ESTAT:ISOC_CI_IN_H(1.0),25/06/26 23:00:00,A,PC_HH,A_GE3_DCH,RO,2017,90.30,,
ESTAT:ISOC_CI_IN_H(1.0),25/06/26 23:00:00,A,PC_HH,A_GE3_DCH,RO,2018,93.46,,
ESTAT:ISOC_CI_IN_H(1.0),25/06/26 23:00:00,A,PC_HH,A_GE3_DCH,RO,2019,95.75,,
ESTAT:ISOC_CI_IN_H(1.0),25/06/26 23:00:00,A,PC_HH,A_GE3_DCH,RO,2020,96.70,,
ESTAT:ISOC_CI_IN_H(1.0),25/06/26 23:00:00,A,PC_HH,A_GE3_DCH,RO,2021,97.86,,
ESTAT:ISOC_CI_IN_H(1.0),25/06/26 23:00:00,A,PC_HH,A_GE3_DCH,RO,2022,98.71,,
ESTAT:ISOC_CI_IN_H(1.0),25/06/26 23:00:00,A,PC_HH,A_GE3_DCH,RO,2023,98.78,,
ESTAT:ISOC_CI_IN_H(1.0),25/06/26 23:00:00,A,PC_HH,A_GE3_DCH,RO,2024,99.00,,
ESTAT:ISOC_CI_IN_H(1.0),25/06/26 23:00:00,A,PC_HH,A_GE3_DCH,RO,2025,100.00,,
ESTAT:ISOC_CI_IN_H(1.0),25/06/26 23:00:00,A,PC_HH,A_GE3_DCH,RS,2015,86.57,,
ESTAT:ISOC_CI_IN_H(1.0),25/06/26 23:00:00,A,PC_HH,A_GE3_DCH,RS,2017,89.99,,
ESTAT:ISOC_CI_IN_H(1.0),25/06/26 23:00:00,A,PC_HH,A_GE3_DCH,RS,2018,85.07,,
ESTAT:ISOC_CI_IN_H(1.0),25/06/26 23:00:00,A,PC_HH,A_GE3_DCH,RS,2019,93.99,,
ESTAT:ISOC_CI_IN_H(1.0),25/06/26 23:00:00,A,PC_HH,A_GE3_DCH,RS,2020,94.26,,
ESTAT:ISOC_CI_IN_H(1.0),25/06/26 23:00:00,A,PC_HH,A_GE3_DCH,RS,2021,93.40,,
ESTAT:ISOC_CI_IN_H(1.0),25/06/26 23:00:00,A,PC_HH,A_GE3_DCH,RS,2022,97.74,,
ESTAT:ISOC_CI_IN_H(1.0),25/06/26 23:00:00,A,PC_HH,A_GE3_DCH,RS,2023,99.22,,
ESTAT:ISOC_CI_IN_H(1.0),25/06/26 23:00:00,A,PC_HH,A_GE3_DCH,RS,2024,96.58,,
ESTAT:ISOC_CI_IN_H(1.0),25/06/26 23:00:00,A,PC_HH,A_GE3_DCH,RS,2025,97.34,,
ESTAT:ISOC_CI_IN_H(1.0),25/06/26 23:00:00,A,PC_HH,A_GE3_DCH,SE,2005,93.15,,
ESTAT:ISOC_CI_IN_H(1.0),25/06/26 23:00:00,A,PC_HH,A_GE3_DCH,SE,2006,94.35,,
ESTAT:ISOC_CI_IN_H(1.0),25/06/26 23:00:00,A,PC_HH,A_GE3_DCH,SE,2007,95.19,,
ESTAT:ISOC_CI_IN_H(1.0),25/06/26 23:00:00,A,PC_HH,A_GE3_DCH,SE,2008,97.69,,
ESTAT:ISOC_CI_IN_H(1.0),25/06/26 23:00:00,A,PC_HH,A_GE3_DCH,SE,2009,99.23,,
ESTAT:ISOC_CI_IN_H(1.0),25/06/26 23:00:00,A,PC_HH,A_GE3_DCH,SE,2010,97.82,,
ESTAT:ISOC_CI_IN_H(1.0),25/06/26 23:00:00,A,PC_HH,A_GE3_DCH,SE,2011,100.00,,
ESTAT:ISOC_CI_IN_H(1.0),25/06/26 23:00:00,A,PC_HH,A_GE3_DCH,SE,2012,99.01,,
ESTAT:ISOC_CI_IN_H(1.0),25/06/26 23:00:00,A,PC_HH,A_GE3_DCH,SE,2013,100.00,,
ESTAT:ISOC_CI_IN_H(1.0),25/06/26 23:00:00,A,PC_HH,A_GE3_DCH,SE,2014,99.64,,
ESTAT:ISOC_CI_IN_H(1.0),25/06/26 23:00:00,A,PC_HH,A_GE3_DCH,SE,2015,98.56,,
ESTAT:ISOC_CI_IN_H(1.0),25/06/26 23:00:00,A,PC_HH,A_GE3_DCH,SE,2016,96.45,b,
ESTAT:ISOC_CI_IN_H(1.0),25/06/26 23:00:00,A,PC_HH,A_GE3_DCH,SE,2017,98.33,,
ESTAT:ISOC_CI_IN_H(1.0),25/06/26 23:00:00,A,PC_HH,A_GE3_DCH,SE,2018,96.31,,
ESTAT:ISOC_CI_IN_H(1.0),25/06/26 23:00:00,A,PC_HH,A_GE3_DCH,SE,2019,100.00,,
ESTAT:ISOC_CI_IN_H(1.0),25/06/26 23:00:00,A,PC_HH,A_GE3_DCH,SE,2020,99.23,,
ESTAT:ISOC_CI_IN_H(1.0),25/06/26 23:00:00,A,PC_HH,A_GE3_DCH,SE,2021,95.31,,
ESTAT:ISOC_CI_IN_H(1.0),25/06/26 23:00:00,A,PC_HH,A_GE3_DCH,SE,2022,97.57,,
ESTAT:ISOC_CI_IN_H(1.0),25/06/26 23:00:00,A,PC_HH,A_GE3_DCH,SE,2023,97.22,,
ESTAT:ISOC_CI_IN_H(1.0),25/06/26 23:00:00,A,PC_HH,A_GE3_DCH,SE,2024,95.82,,
ESTAT:ISOC_CI_IN_H(1.0),25/06/26 23:00:00,A,PC_HH,A_GE3_DCH,SE,2025,96.61,,
ESTAT:ISOC_CI_IN_H(1.0),25/06/26 23:00:00,A,PC_HH,A_GE3_DCH,SI,2004,64.81,,
ESTAT:ISOC_CI_IN_H(1.0),25/06/26 23:00:00,A,PC_HH,A_GE3_DCH,SI,2005,66.21,,
ESTAT:ISOC_CI_IN_H(1.0),25/06/26 23:00:00,A,PC_HH,A_GE3_DCH,SI,2006,76.52,,
ESTAT:ISOC_CI_IN_H(1.0),25/06/26 23:00:00,A,PC_HH,A_GE3_DCH,SI,2007,81.20,,
ESTAT:ISOC_CI_IN_H(1.0),25/06/26 23:00:00,A,PC_HH,A_GE3_DCH,SI,2008,84.74,,
ESTAT:ISOC_CI_IN_H(1.0),25/06/26 23:00:00,A,PC_HH,A_GE3_DCH,SI,2009,89.11,,
ESTAT:ISOC_CI_IN_H(1.0),25/06/26 23:00:00,A,PC_HH,A_GE3_DCH,SI,2010,92.92,,
ESTAT:ISOC_CI_IN_H(1.0),25/06/26 23:00:00,A,PC_HH,A_GE3_DCH,SI,2011,93.57,,
ESTAT:ISOC_CI_IN_H(1.0),25/06/26 23:00:00,A,PC_HH,A_GE3_DCH,SI,2012,97.50,,
ESTAT:ISOC_CI_IN_H(1.0),25/06/26 23:00:00,A,PC_HH,A_GE3_DCH,SI,2013,97.24,,
ESTAT:ISOC_CI_IN_H(1.0),25/06/26 23:00:00,A,PC_HH,A_GE3_DCH,SI,2014,97.16,,
ESTAT:ISOC_CI_IN_H(1.0),25/06/26 23:00:00,A,PC_HH,A_GE3_DCH,SI,2015,96.27,,
ESTAT:ISOC_CI_IN_H(1.0),25/06/26 23:00:00,A,PC_HH,A_GE3_DCH,SI,2016,97.66,,
ESTAT:ISOC_CI_IN_H(1.0),25/06/26 23:00:00,A,PC_HH,A_GE3_DCH,SI,2017,97.79,,
ESTAT:ISOC_CI_IN_H(1.0),25/06/26 23:00:00,A,PC_HH,A_GE3_DCH,SI,2018,99.52,,
ESTAT:ISOC_CI_IN_H(1.0),25/06/26 23:00:00,A,PC_HH,A_GE3_DCH,SI,2019,97.52,,
ESTAT:ISOC_CI_IN_H(1.0),25/06/26 23:00:00,A,PC_HH,A_GE3_DCH,SI,2020,99.75,,
ESTAT:ISOC_CI_IN_H(1.0),25/06/26 23:00:00,A,PC_HH,A_GE3_DCH,SI,2021,100.00,,
ESTAT:ISOC_CI_IN_H(1.0),25/06/26 23:00:00,A,PC_HH,A_GE3_DCH,SI,2022,100.00,,
ESTAT:ISOC_CI_IN_H(1.0),25/06/26 23:00:00,A,PC_HH,A_GE3_DCH,SI,2023,99.42,,
ESTAT:ISOC_CI_IN_H(1.0),25/06/26 23:00:00,A,PC_HH,A_GE3_DCH,SI,2024,100.00,,
ESTAT:ISOC_CI_IN_H(1.0),25/06/26 23:00:00,A,PC_HH,A_GE3_DCH,SI,2025,99.77,,
ESTAT:ISOC_CI_IN_H(1.0),25/06/26 23:00:00,A,PC_HH,A_GE3_DCH,SK,2004,32.29,,
ESTAT:ISOC_CI_IN_H(1.0),25/06/26 23:00:00,A,PC_HH,A_GE3_DCH,SK,2005,33.02,,
ESTAT:ISOC_CI_IN_H(1.0),25/06/26 23:00:00,A,PC_HH,A_GE3_DCH,SK,2006,36.82,,
ESTAT:ISOC_CI_IN_H(1.0),25/06/26 23:00:00,A,PC_HH,A_GE3_DCH,SK,2007,64.05,,
ESTAT:ISOC_CI_IN_H(1.0),25/06/26 23:00:00,A,PC_HH,A_GE3_DCH,SK,2008,77.06,,
ESTAT:ISOC_CI_IN_H(1.0),25/06/26 23:00:00,A,PC_HH,A_GE3_DCH,SK,2009,80.62,,
ESTAT:ISOC_CI_IN_H(1.0),25/06/26 23:00:00,A,PC_HH,A_GE3_DCH,SK,2010,88.43,,
ESTAT:ISOC_CI_IN_H(1.0),25/06/26 23:00:00,A,PC_HH,A_GE3_DCH,SK,2011,89.76,,
ESTAT:ISOC_CI_IN_H(1.0),25/06/26 23:00:00,A,PC_HH,A_GE3_DCH,SK,2012,92.97,,
ESTAT:ISOC_CI_IN_H(1.0),25/06/26 23:00:00,A,PC_HH,A_GE3_DCH,SK,2013,94.33,,
ESTAT:ISOC_CI_IN_H(1.0),25/06/26 23:00:00,A,PC_HH,A_GE3_DCH,SK,2014,96.06,,
ESTAT:ISOC_CI_IN_H(1.0),25/06/26 23:00:00,A,PC_HH,A_GE3_DCH,SK,2015,95.54,,
ESTAT:ISOC_CI_IN_H(1.0),25/06/26 23:00:00,A,PC_HH,A_GE3_DCH,SK,2016,96.08,,
ESTAT:ISOC_CI_IN_H(1.0),25/06/26 23:00:00,A,PC_HH,A_GE3_DCH,SK,2017,97.06,,
ESTAT:ISOC_CI_IN_H(1.0),25/06/26 23:00:00,A,PC_HH,A_GE3_DCH,SK,2018,91.88,,
ESTAT:ISOC_CI_IN_H(1.0),25/06/26 23:00:00,A,PC_HH,A_GE3_DCH,SK,2019,94.83,,
ESTAT:ISOC_CI_IN_H(1.0),25/06/26 23:00:00,A,PC_HH,A_GE3_DCH,SK,2020,93.03,,
ESTAT:ISOC_CI_IN_H(1.0),25/06/26 23:00:00,A,PC_HH,A_GE3_DCH,SK,2021,97.68,,
ESTAT:ISOC_CI_IN_H(1.0),25/06/26 23:00:00,A,PC_HH,A_GE3_DCH,SK,2022,99.35,,
ESTAT:ISOC_CI_IN_H(1.0),25/06/26 23:00:00,A,PC_HH,A_GE3_DCH,SK,2023,98.18,,
ESTAT:ISOC_CI_IN_H(1.0),25/06/26 23:00:00,A,PC_HH,A_GE3_DCH,SK,2024,97.06,,
ESTAT:ISOC_CI_IN_H(1.0),25/06/26 23:00:00,A,PC_HH,A_GE3_DCH,SK,2025,98.49,,
ESTAT:ISOC_CI_IN_H(1.0),25/06/26 23:00:00,A,PC_HH,A_GE3_DCH,TR,2004,7.57,,
ESTAT:ISOC_CI_IN_H(1.0),25/06/26 23:00:00,A,PC_HH,A_GE3_DCH,TR,2007,20.03,,
ESTAT:ISOC_CI_IN_H(1.0),25/06/26 23:00:00,A,PC_HH,A_GE3_DCH,TR,2008,25.59,,
ESTAT:ISOC_CI_IN_H(1.0),25/06/26 23:00:00,A,PC_HH,A_GE3_DCH,TR,2009,28.56,,
ESTAT:ISOC_CI_IN_H(1.0),25/06/26 23:00:00,A,PC_HH,A_GE3_DCH,TR,2010,41.65,,
ESTAT:ISOC_CI_IN_H(1.0),25/06/26 23:00:00,A,PC_HH,A_GE3_DCH,TR,2012,45.62,,
ESTAT:ISOC_CI_IN_H(1.0),25/06/26 23:00:00,A,PC_HH,A_GE3_DCH,TR,2013,48.58,,
ESTAT:ISOC_CI_IN_H(1.0),25/06/26 23:00:00,A,PC_HH,A_GE3_DCH,TR,2020,97.47,,
ESTAT:ISOC_CI_IN_H(1.0),25/06/26 23:00:00,A,PC_HH,A_GE3_DCH,TR,2021,98.79,,
ESTAT:ISOC_CI_IN_H(1.0),25/06/26 23:00:00,A,PC_HH,A_GE3_DCH,TR,2022,99.46,,
ESTAT:ISOC_CI_IN_H(1.0),25/06/26 23:00:00,A,PC_HH,A_GE3_DCH,TR,2023,99.88,,
ESTAT:ISOC_CI_IN_H(1.0),25/06/26 23:00:00,A,PC_HH,A_GE3_DCH,TR,2024,99.90,,
ESTAT:ISOC_CI_IN_H(1.0),25/06/26 23:00:00,A,PC_HH,A_GE3_DCH,TR,2025,99.89,,
ESTAT:ISOC_CI_IN_H(1.0),25/06/26 23:00:00,A,PC_HH,A_GE3_DCH,UK,2002,66.03,,
ESTAT:ISOC_CI_IN_H(1.0),25/06/26 23:00:00,A,PC_HH,A_GE3_DCH,UK,2003,69.93,,
ESTAT:ISOC_CI_IN_H(1.0),25/06/26 23:00:00,A,PC_HH,A_GE3_DCH,UK,2004,75.73,,
ESTAT:ISOC_CI_IN_H(1.0),25/06/26 23:00:00,A,PC_HH,A_GE3_DCH,UK,2005,64.67,,
ESTAT:ISOC_CI_IN_H(1.0),25/06/26 23:00:00,A,PC_HH,A_GE3_DCH,UK,2006,86.93,,
ESTAT:ISOC_CI_IN_H(1.0),25/06/26 23:00:00,A,PC_HH,A_GE3_DCH,UK,2007,80.90,,
ESTAT:ISOC_CI_IN_H(1.0),25/06/26 23:00:00,A,PC_HH,A_GE3_DCH,UK,2008,92.16,,
ESTAT:ISOC_CI_IN_H(1.0),25/06/26 23:00:00,A,PC_HH,A_GE3_DCH,UK,2009,88.79,,
ESTAT:ISOC_CI_IN_H(1.0),25/06/26 23:00:00,A,PC_HH,A_GE3_DCH,UK,2010,99.20,,
ESTAT:ISOC_CI_IN_H(1.0),25/06/26 23:00:00,A,PC_HH,A_GE3_DCH,UK,2011,97.78,,
ESTAT:ISOC_CI_IN_H(1.0),25/06/26 23:00:00,A,PC_HH,A_GE3_DCH,UK,2012,97.83,,
ESTAT:ISOC_CI_IN_H(1.0),25/06/26 23:00:00,A,PC_HH,A_GE3_DCH,UK,2013,91.36,,
ESTAT:ISOC_CI_IN_H(1.0),25/06/26 23:00:00,A,PC_HH,A_GE3_DCH,UK,2014,97.13,,
ESTAT:ISOC_CI_IN_H(1.0),25/06/26 23:00:00,A,PC_HH,A_GE3_DCH,UK,2015,99.25,,
ESTAT:ISOC_CI_IN_H(1.0),25/06/26 23:00:00,A,PC_HH,A_GE3_DCH,UK,2016,98.25,,
ESTAT:ISOC_CI_IN_H(1.0),25/06/26 23:00:00,A,PC_HH,A_GE3_DCH,UK,2017,96.36,,
ESTAT:ISOC_CI_IN_H(1.0),25/06/26 23:00:00,A,PC_HH,A_GE3_DCH,UK,2018,100.00,,
ESTAT:ISOC_CI_IN_H(1.0),25/06/26 23:00:00,A,PC_HH,A_GE3_DCH,UK,2019,100.00,,
ESTAT:ISOC_CI_IN_H(1.0),25/06/26 23:00:00,A,PC_HH,A_GE3_DCH,UK,2020,100.00,,
ESTAT:ISOC_CI_IN_H(1.0),25/06/26 23:00:00,A,PC_HH,A_GE3_DCH,XK,2017,90.95,,
ESTAT:ISOC_CI_IN_H(1.0),25/06/26 23:00:00,A,PC_HH,A_GE3_DCH,XK,2018,95.21,,
ESTAT:ISOC_CI_IN_H(1.0),25/06/26 23:00:00,A,PC_HH,A_GE3_DCH,XK,2019,95.21,,
ESTAT:ISOC_CI_IN_H(1.0),25/06/26 23:00:00,A,PC_HH,A_GE3_DCH,XK,2020,98.16,,
ESTAT:ISOC_CI_IN_H(1.0),25/06/26 23:00:00,A,PC_HH,A_GE3_DCH,XK,2024,99.63,,
ESTAT:ISOC_CI_IN_H(1.0),25/06/26 23:00:00,A,PC_HH,A_GE3_DCH,XK,2025,99.78,,
ESTAT:ISOC_CI_IN_H(1.0),25/06/26 23:00:00,A,PC_HH,HHI_Q1,AT,2008,58.40,,
ESTAT:ISOC_CI_IN_H(1.0),25/06/26 23:00:00,A,PC_HH,HHI_Q1,AT,2009,48.15,,
ESTAT:ISOC_CI_IN_H(1.0),25/06/26 23:00:00,A,PC_HH,HHI_Q1,AT,2011,53.36,,
ESTAT:ISOC_CI_IN_H(1.0),25/06/26 23:00:00,A,PC_HH,HHI_Q1,AT,2012,61.77,,
ESTAT:ISOC_CI_IN_H(1.0),25/06/26 23:00:00,A,PC_HH,HHI_Q1,AT,2013,63.96,,
ESTAT:ISOC_CI_IN_H(1.0),25/06/26 23:00:00,A,PC_HH,HHI_Q1,AT,2014,61.74,,
ESTAT:ISOC_CI_IN_H(1.0),25/06/26 23:00:00,A,PC_HH,HHI_Q1,AT,2015,73.32,,
ESTAT:ISOC_CI_IN_H(1.0),25/06/26 23:00:00,A,PC_HH,HHI_Q1,AT,2016,76.40,,
ESTAT:ISOC_CI_IN_H(1.0),25/06/26 23:00:00,A,PC_HH,HHI_Q1,AT,2017,82.09,,
ESTAT:ISOC_CI_IN_H(1.0),25/06/26 23:00:00,A,PC_HH,HHI_Q1,AT,2018,79.45,,
ESTAT:ISOC_CI_IN_H(1.0),25/06/26 23:00:00,A,PC_HH,HHI_Q1,AT,2019,83.59,,
ESTAT:ISOC_CI_IN_H(1.0),25/06/26 23:00:00,A,PC_HH,HHI_Q1,AT,2020,83.21,,
ESTAT:ISOC_CI_IN_H(1.0),25/06/26 23:00:00,A,PC_HH,HHI_Q1,BE,2006,,u,
ESTAT:ISOC_CI_IN_H(1.0),25/06/26 23:00:00,A,PC_HH,HHI_Q1,BE,2007,,u,
ESTAT:ISOC_CI_IN_H(1.0),25/06/26 23:00:00,A,PC_HH,HHI_Q1,BE,2008,41.49,,
ESTAT:ISOC_CI_IN_H(1.0),25/06/26 23:00:00,A,PC_HH,HHI_Q1,BE,2009,39.51,,
ESTAT:ISOC_CI_IN_H(1.0),25/06/26 23:00:00,A,PC_HH,HHI_Q1,BE,2010,47.01,,
ESTAT:ISOC_CI_IN_H(1.0),25/06/26 23:00:00,A,PC_HH,HHI_Q1,BE,2011,52.13,,
ESTAT:ISOC_CI_IN_H(1.0),25/06/26 23:00:00,A,PC_HH,HHI_Q1,BE,2012,50.31,,
ESTAT:ISOC_CI_IN_H(1.0),25/06/26 23:00:00,A,PC_HH,HHI_Q1,BE,2013,55.70,,
ESTAT:ISOC_CI_IN_H(1.0),25/06/26 23:00:00,A,PC_HH,HHI_Q1,BE,2014,58.82,,
ESTAT:ISOC_CI_IN_H(1.0),25/06/26 23:00:00,A,PC_HH,HHI_Q1,BE,2015,59.73,,
ESTAT:ISOC_CI_IN_H(1.0),25/06/26 23:00:00,A,PC_HH,HHI_Q1,BE,2016,61.76,,
ESTAT:ISOC_CI_IN_H(1.0),25/06/26 23:00:00,A,PC_HH,HHI_Q1,BE,2017,66.94,,
ESTAT:ISOC_CI_IN_H(1.0),25/06/26 23:00:00,A,PC_HH,HHI_Q1,BE,2018,68.43,,
ESTAT:ISOC_CI_IN_H(1.0),25/06/26 23:00:00,A,PC_HH,HHI_Q1,BE,2019,71.01,,
ESTAT:ISOC_CI_IN_H(1.0),25/06/26 23:00:00,A,PC_HH,HHI_Q1,BE,2020,80.54,,
ESTAT:ISOC_CI_IN_H(1.0),25/06/26 23:00:00,A,PC_HH,HHI_Q1,BG,2008,7.06,,
ESTAT:ISOC_CI_IN_H(1.0),25/06/26 23:00:00,A,PC_HH,HHI_Q1,BG,2009,3.44,,
ESTAT:ISOC_CI_IN_H(1.0),25/06/26 23:00:00,A,PC_HH,HHI_Q1,BG,2010,6.38,,
ESTAT:ISOC_CI_IN_H(1.0),25/06/26 23:00:00,A,PC_HH,HHI_Q1,BG,2011,12.67,,
ESTAT:ISOC_CI_IN_H(1.0),25/06/26 23:00:00,A,PC_HH,HHI_Q1,BG,2012,15.95,,
ESTAT:ISOC_CI_IN_H(1.0),25/06/26 23:00:00,A,PC_HH,HHI_Q1,BG,2013,13.99,,
ESTAT:ISOC_CI_IN_H(1.0),25/06/26 23:00:00,A,PC_HH,HHI_Q1,BG,2014,14.53,,
ESTAT:ISOC_CI_IN_H(1.0),25/06/26 23:00:00,A,PC_HH,HHI_Q1,BG,2015,17.47,,
ESTAT:ISOC_CI_IN_H(1.0),25/06/26 23:00:00,A,PC_HH,HHI_Q1,BG,2016,29.01,,
ESTAT:ISOC_CI_IN_H(1.0),25/06/26 23:00:00,A,PC_HH,HHI_Q1,BG,2017,25.71,,
ESTAT:ISOC_CI_IN_H(1.0),25/06/26 23:00:00,A,PC_HH,HHI_Q1,BG,2018,29.30,,
ESTAT:ISOC_CI_IN_H(1.0),25/06/26 23:00:00,A,PC_HH,HHI_Q1,BG,2019,32.52,,
ESTAT:ISOC_CI_IN_H(1.0),25/06/26 23:00:00,A,PC_HH,HHI_Q1,BG,2020,37.02,,
ESTAT:ISOC_CI_IN_H(1.0),25/06/26 23:00:00,A,PC_HH,HHI_Q1,CY,2008,11.39,,
ESTAT:ISOC_CI_IN_H(1.0),25/06/26 23:00:00,A,PC_HH,HHI_Q1,CY,2009,16.58,,
ESTAT:ISOC_CI_IN_H(1.0),25/06/26 23:00:00,A,PC_HH,HHI_Q1,CY,2010,20.86,,
ESTAT:ISOC_CI_IN_H(1.0),25/06/26 23:00:00,A,PC_HH,HHI_Q1,CY,2011,26.78,,
ESTAT:ISOC_CI_IN_H(1.0),25/06/26 23:00:00,A,PC_HH,HHI_Q1,CY,2012,35.14,,
ESTAT:ISOC_CI_IN_H(1.0),25/06/26 23:00:00,A,PC_HH,HHI_Q1,CY,2013,39.39,,
ESTAT:ISOC_CI_IN_H(1.0),25/06/26 23:00:00,A,PC_HH,HHI_Q1,CY,2014,44.63,,
ESTAT:ISOC_CI_IN_H(1.0),25/06/26 23:00:00,A,PC_HH,HHI_Q1,CY,2015,50.40,,
ESTAT:ISOC_CI_IN_H(1.0),25/06/26 23:00:00,A,PC_HH,HHI_Q1,CY,2016,52.54,,
ESTAT:ISOC_CI_IN_H(1.0),25/06/26 23:00:00,A,PC_HH,HHI_Q1,CY,2017,56.75,,
ESTAT:ISOC_CI_IN_H(1.0),25/06/26 23:00:00,A,PC_HH,HHI_Q1,CY,2018,62.94,,
ESTAT:ISOC_CI_IN_H(1.0),25/06/26 23:00:00,A,PC_HH,HHI_Q1,CY,2019,70.52,,
ESTAT:ISOC_CI_IN_H(1.0),25/06/26 23:00:00,A,PC_HH,HHI_Q1,CY,2020,77.58,,
ESTAT:ISOC_CI_IN_H(1.0),25/06/26 23:00:00,A,PC_HH,HHI_Q1,CZ,2008,12.79,,
ESTAT:ISOC_CI_IN_H(1.0),25/06/26 23:00:00,A,PC_HH,HHI_Q1,CZ,2009,17.22,,
ESTAT:ISOC_CI_IN_H(1.0),25/06/26 23:00:00,A,PC_HH,HHI_Q1,CZ,2010,25.24,,
ESTAT:ISOC_CI_IN_H(1.0),25/06/26 23:00:00,A,PC_HH,HHI_Q1,CZ,2011,31.35,,
ESTAT:ISOC_CI_IN_H(1.0),25/06/26 23:00:00,A,PC_HH,HHI_Q1,CZ,2012,33.87,,
ESTAT:ISOC_CI_IN_H(1.0),25/06/26 23:00:00,A,PC_HH,HHI_Q1,CZ,2013,38.13,,
ESTAT:ISOC_CI_IN_H(1.0),25/06/26 23:00:00,A,PC_HH,HHI_Q1,CZ,2014,42.81,,
ESTAT:ISOC_CI_IN_H(1.0),25/06/26 23:00:00,A,PC_HH,HHI_Q1,CZ,2015,46.15,,
ESTAT:ISOC_CI_IN_H(1.0),25/06/26 23:00:00,A,PC_HH,HHI_Q1,CZ,2016,51.93,,
ESTAT:ISOC_CI_IN_H(1.0),25/06/26 23:00:00,A,PC_HH,HHI_Q1,CZ,2017,55.23,b,
ESTAT:ISOC_CI_IN_H(1.0),25/06/26 23:00:00,A,PC_HH,HHI_Q1,CZ,2018,59.33,,
ESTAT:ISOC_CI_IN_H(1.0),25/06/26 23:00:00,A,PC_HH,HHI_Q1,CZ,2019,63.85,,
ESTAT:ISOC_CI_IN_H(1.0),25/06/26 23:00:00,A,PC_HH,HHI_Q1,CZ,2020,63.17,,
ESTAT:ISOC_CI_IN_H(1.0),25/06/26 23:00:00,A,PC_HH,HHI_Q1,DE,2006,41.71,,
ESTAT:ISOC_CI_IN_H(1.0),25/06/26 23:00:00,A,PC_HH,HHI_Q1,DE,2007,46.84,,
ESTAT:ISOC_CI_IN_H(1.0),25/06/26 23:00:00,A,PC_HH,HHI_Q1,DE,2008,52.99,,
ESTAT:ISOC_CI_IN_H(1.0),25/06/26 23:00:00,A,PC_HH,HHI_Q1,DE,2009,57.11,,
ESTAT:ISOC_CI_IN_H(1.0),25/06/26 23:00:00,A,PC_HH,HHI_Q1,DE,2011,66.85,,
ESTAT:ISOC_CI_IN_H(1.0),25/06/26 23:00:00,A,PC_HH,HHI_Q1,DE,2012,69.57,,
ESTAT:ISOC_CI_IN_H(1.0),25/06/26 23:00:00,A,PC_HH,HHI_Q1,DE,2013,74.28,,
ESTAT:ISOC_CI_IN_H(1.0),25/06/26 23:00:00,A,PC_HH,HHI_Q1,DE,2014,75.99,,
ESTAT:ISOC_CI_IN_H(1.0),25/06/26 23:00:00,A,PC_HH,HHI_Q1,DE,2015,77.32,,
ESTAT:ISOC_CI_IN_H(1.0),25/06/26 23:00:00,A,PC_HH,HHI_Q1,DE,2016,79.75,,
ESTAT:ISOC_CI_IN_H(1.0),25/06/26 23:00:00,A,PC_HH,HHI_Q1,DE,2017,82.15,,
ESTAT:ISOC_CI_IN_H(1.0),25/06/26 23:00:00,A,PC_HH,HHI_Q1,DE,2018,85.12,,
ESTAT:ISOC_CI_IN_H(1.0),25/06/26 23:00:00,A,PC_HH,HHI_Q1,DE,2019,85.15,,
ESTAT:ISOC_CI_IN_H(1.0),25/06/26 23:00:00,A,PC_HH,HHI_Q1,DE,2020,87.57,,
ESTAT:ISOC_CI_IN_H(1.0),25/06/26 23:00:00,A,PC_HH,HHI_Q1,DK,2006,61.83,,
ESTAT:ISOC_CI_IN_H(1.0),25/06/26 23:00:00,A,PC_HH,HHI_Q1,DK,2007,56.02,,
ESTAT:ISOC_CI_IN_H(1.0),25/06/26 23:00:00,A,PC_HH,HHI_Q1,DK,2008,53.94,,
ESTAT:ISOC_CI_IN_H(1.0),25/06/26 23:00:00,A,PC_HH,HHI_Q1,DK,2009,83.41,,
ESTAT:ISOC_CI_IN_H(1.0),25/06/26 23:00:00,A,PC_HH,HHI_Q1,DK,2010,91.30,,
ESTAT:ISOC_CI_IN_H(1.0),25/06/26 23:00:00,A,PC_HH,HHI_Q1,DK,2011,89.14,,
ESTAT:ISOC_CI_IN_H(1.0),25/06/26 23:00:00,A,PC_HH,HHI_Q1,DK,2012,98.05,,
ESTAT:ISOC_CI_IN_H(1.0),25/06/26 23:00:00,A,PC_HH,HHI_Q1,DK,2013,78.50,,
ESTAT:ISOC_CI_IN_H(1.0),25/06/26 23:00:00,A,PC_HH,HHI_Q1,DK,2014,85.12,,
ESTAT:ISOC_CI_IN_H(1.0),25/06/26 23:00:00,A,PC_HH,HHI_Q1,DK,2015,,u,
ESTAT:ISOC_CI_IN_H(1.0),25/06/26 23:00:00,A,PC_HH,HHI_Q1,DK,2016,87.10,,
ESTAT:ISOC_CI_IN_H(1.0),25/06/26 23:00:00,A,PC_HH,HHI_Q1,DK,2017,91.94,,
ESTAT:ISOC_CI_IN_H(1.0),25/06/26 23:00:00,A,PC_HH,HHI_Q1,DK,2018,85.77,,
ESTAT:ISOC_CI_IN_H(1.0),25/06/26 23:00:00,A,PC_HH,HHI_Q1,DK,2019,89.46,,
ESTAT:ISOC_CI_IN_H(1.0),25/06/26 23:00:00,A,PC_HH,HHI_Q1,DK,2020,90.01,,
ESTAT:ISOC_CI_IN_H(1.0),25/06/26 23:00:00,A,PC_HH,HHI_Q1,EA,2008,38.86,,
ESTAT:ISOC_CI_IN_H(1.0),25/06/26 23:00:00,A,PC_HH,HHI_Q1,EA,2009,40.50,,
ESTAT:ISOC_CI_IN_H(1.0),25/06/26 23:00:00,A,PC_HH,HHI_Q1,EA,2011,51.84,,
ESTAT:ISOC_CI_IN_H(1.0),25/06/26 23:00:00,A,PC_HH,HHI_Q1,EA,2012,56.07,,
ESTAT:ISOC_CI_IN_H(1.0),25/06/26 23:00:00,A,PC_HH,HHI_Q1,EA,2013,59.04,,
ESTAT:ISOC_CI_IN_H(1.0),25/06/26 23:00:00,A,PC_HH,HHI_Q1,EA,2014,64.78,,
ESTAT:ISOC_CI_IN_H(1.0),25/06/26 23:00:00,A,PC_HH,HHI_Q1,EA,2015,66.81,,
ESTAT:ISOC_CI_IN_H(1.0),25/06/26 23:00:00,A,PC_HH,HHI_Q1,EA,2016,71.20,,
ESTAT:ISOC_CI_IN_H(1.0),25/06/26 23:00:00,A,PC_HH,HHI_Q1,EA,2017,74.03,,
ESTAT:ISOC_CI_IN_H(1.0),25/06/26 23:00:00,A,PC_HH,HHI_Q1,EA,2018,77.60,,
ESTAT:ISOC_CI_IN_H(1.0),25/06/26 23:00:00,A,PC_HH,HHI_Q1,EA,2019,79.90,,
ESTAT:ISOC_CI_IN_H(1.0),25/06/26 23:00:00,A,PC_HH,HHI_Q1,EA,2020,82.63,e,
ESTAT:ISOC_CI_IN_H(1.0),25/06/26 23:00:00,A,PC_HH,HHI_Q1,EE,2008,22.85,,
ESTAT:ISOC_CI_IN_H(1.0),25/06/26 23:00:00,A,PC_HH,HHI_Q1,EE,2009,29.88,,
ESTAT:ISOC_CI_IN_H(1.0),25/06/26 23:00:00,A,PC_HH,HHI_Q1,EE,2010,39.12,,
ESTAT:ISOC_CI_IN_H(1.0),25/06/26 23:00:00,A,PC_HH,HHI_Q1,EE,2011,42.73,,
ESTAT:ISOC_CI_IN_H(1.0),25/06/26 23:00:00,A,PC_HH,HHI_Q1,EE,2012,43.39,,
ESTAT:ISOC_CI_IN_H(1.0),25/06/26 23:00:00,A,PC_HH,HHI_Q1,EE,2013,50.86,,
ESTAT:ISOC_CI_IN_H(1.0),25/06/26 23:00:00,A,PC_HH,HHI_Q1,EE,2014,58.84,b,
ESTAT:ISOC_CI_IN_H(1.0),25/06/26 23:00:00,A,PC_HH,HHI_Q1,EE,2015,69.59,,
ESTAT:ISOC_CI_IN_H(1.0),25/06/26 23:00:00,A,PC_HH,HHI_Q1,EE,2016,63.11,,
ESTAT:ISOC_CI_IN_H(1.0),25/06/26 23:00:00,A,PC_HH,HHI_Q1,EE,2017,69.84,,
ESTAT:ISOC_CI_IN_H(1.0),25/06/26 23:00:00,A,PC_HH,HHI_Q1,EE,2018,75.34,,
ESTAT:ISOC_CI_IN_H(1.0),25/06/26 23:00:00,A,PC_HH,HHI_Q1,EE,2019,73.73,,
ESTAT:ISOC_CI_IN_H(1.0),25/06/26 23:00:00,A,PC_HH,HHI_Q1,EE,2020,70.05,,
ESTAT:ISOC_CI_IN_H(1.0),25/06/26 23:00:00,A,PC_HH,HHI_Q1,EL,2008,3.95,,
ESTAT:ISOC_CI_IN_H(1.0),25/06/26 23:00:00,A,PC_HH,HHI_Q1,EL,2009,11.26,,
ESTAT:ISOC_CI_IN_H(1.0),25/06/26 23:00:00,A,PC_HH,HHI_Q1,EL,2010,20.50,,
ESTAT:ISOC_CI_IN_H(1.0),25/06/26 23:00:00,A,PC_HH,HHI_Q1,EL,2011,25.39,,
ESTAT:ISOC_CI_IN_H(1.0),25/06/26 23:00:00,A,PC_HH,HHI_Q1,EL,2012,27.62,,
ESTAT:ISOC_CI_IN_H(1.0),25/06/26 23:00:00,A,PC_HH,HHI_Q1,EL,2013,37.19,,
ESTAT:ISOC_CI_IN_H(1.0),25/06/26 23:00:00,A,PC_HH,HHI_Q1,EL,2014,46.25,,
ESTAT:ISOC_CI_IN_H(1.0),25/06/26 23:00:00,A,PC_HH,HHI_Q1,EL,2015,51.31,,
ESTAT:ISOC_CI_IN_H(1.0),25/06/26 23:00:00,A,PC_HH,HHI_Q1,EL,2016,51.94,,
ESTAT:ISOC_CI_IN_H(1.0),25/06/26 23:00:00,A,PC_HH,HHI_Q1,EL,2017,53.35,,
ESTAT:ISOC_CI_IN_H(1.0),25/06/26 23:00:00,A,PC_HH,HHI_Q1,EL,2018,56.55,,
ESTAT:ISOC_CI_IN_H(1.0),25/06/26 23:00:00,A,PC_HH,HHI_Q1,EL,2019,60.62,,
ESTAT:ISOC_CI_IN_H(1.0),25/06/26 23:00:00,A,PC_HH,HHI_Q1,EL,2020,57.19,,
ESTAT:ISOC_CI_IN_H(1.0),25/06/26 23:00:00,A,PC_HH,HHI_Q1,ES,2008,19.47,,
ESTAT:ISOC_CI_IN_H(1.0),25/06/26 23:00:00,A,PC_HH,HHI_Q1,ES,2009,21.38,,
ESTAT:ISOC_CI_IN_H(1.0),25/06/26 23:00:00,A,PC_HH,HHI_Q1,ES,2010,28.94,,
ESTAT:ISOC_CI_IN_H(1.0),25/06/26 23:00:00,A,PC_HH,HHI_Q1,ES,2011,34.08,,
ESTAT:ISOC_CI_IN_H(1.0),25/06/26 23:00:00,A,PC_HH,HHI_Q1,ES,2012,39.57,,
ESTAT:ISOC_CI_IN_H(1.0),25/06/26 23:00:00,A,PC_HH,HHI_Q1,ES,2013,40.34,,
ESTAT:ISOC_CI_IN_H(1.0),25/06/26 23:00:00,A,PC_HH,HHI_Q1,ES,2014,47.48,,
ESTAT:ISOC_CI_IN_H(1.0),25/06/26 23:00:00,A,PC_HH,HHI_Q1,ES,2015,53.01,,
ESTAT:ISOC_CI_IN_H(1.0),25/06/26 23:00:00,A,PC_HH,HHI_Q1,ES,2016,56.42,,
ESTAT:ISOC_CI_IN_H(1.0),25/06/26 23:00:00,A,PC_HH,HHI_Q1,ES,2017,63.34,,
ESTAT:ISOC_CI_IN_H(1.0),25/06/26 23:00:00,A,PC_HH,HHI_Q1,ES,2018,68.47,,
ESTAT:ISOC_CI_IN_H(1.0),25/06/26 23:00:00,A,PC_HH,HHI_Q1,ES,2019,77.94,,
ESTAT:ISOC_CI_IN_H(1.0),25/06/26 23:00:00,A,PC_HH,HHI_Q1,ES,2020,85.87,,
ESTAT:ISOC_CI_IN_H(1.0),25/06/26 23:00:00,A,PC_HH,HHI_Q1,EU15,2008,43.24,,
ESTAT:ISOC_CI_IN_H(1.0),25/06/26 23:00:00,A,PC_HH,HHI_Q1,EU15,2009,42.88,,
ESTAT:ISOC_CI_IN_H(1.0),25/06/26 23:00:00,A,PC_HH,HHI_Q1,EU15,2011,53.83,,
ESTAT:ISOC_CI_IN_H(1.0),25/06/26 23:00:00,A,PC_HH,HHI_Q1,EU15,2012,57.96,,
ESTAT:ISOC_CI_IN_H(1.0),25/06/26 23:00:00,A,PC_HH,HHI_Q1,EU15,2013,60.23,,
ESTAT:ISOC_CI_IN_H(1.0),25/06/26 23:00:00,A,PC_HH,HHI_Q1,EU15,2014,66.32,,
ESTAT:ISOC_CI_IN_H(1.0),25/06/26 23:00:00,A,PC_HH,HHI_Q1,EU15,2015,68.51,,
ESTAT:ISOC_CI_IN_H(1.0),25/06/26 23:00:00,A,PC_HH,HHI_Q1,EU15,2016,73.71,,
ESTAT:ISOC_CI_IN_H(1.0),25/06/26 23:00:00,A,PC_HH,HHI_Q1,EU15,2017,75.99,,
ESTAT:ISOC_CI_IN_H(1.0),25/06/26 23:00:00,A,PC_HH,HHI_Q1,EU15,2018,79.30,,
ESTAT:ISOC_CI_IN_H(1.0),25/06/26 23:00:00,A,PC_HH,HHI_Q1,EU25,2008,38.16,,
ESTAT:ISOC_CI_IN_H(1.0),25/06/26 23:00:00,A,PC_HH,HHI_Q1,EU25,2009,38.79,,
ESTAT:ISOC_CI_IN_H(1.0),25/06/26 23:00:00,A,PC_HH,HHI_Q1,EU27_2007,2008,36.24,,
ESTAT:ISOC_CI_IN_H(1.0),25/06/26 23:00:00,A,PC_HH,HHI_Q1,EU27_2007,2009,37.04,,
ESTAT:ISOC_CI_IN_H(1.0),25/06/26 23:00:00,A,PC_HH,HHI_Q1,EU27_2007,2011,47.11,,
ESTAT:ISOC_CI_IN_H(1.0),25/06/26 23:00:00,A,PC_HH,HHI_Q1,EU27_2007,2012,51.78,,
ESTAT:ISOC_CI_IN_H(1.0),25/06/26 23:00:00,A,PC_HH,HHI_Q1,EU27_2007,2013,55.20,,
ESTAT:ISOC_CI_IN_H(1.0),25/06/26 23:00:00,A,PC_HH,HHI_Q1,EU27_2007,2014,59.73,,
ESTAT:ISOC_CI_IN_H(1.0),25/06/26 23:00:00,A,PC_HH,HHI_Q1,EU27_2007,2015,61.97,,
ESTAT:ISOC_CI_IN_H(1.0),25/06/26 23:00:00,A,PC_HH,HHI_Q1,EU27_2007,2016,67.12,,
ESTAT:ISOC_CI_IN_H(1.0),25/06/26 23:00:00,A,PC_HH,HHI_Q1,EU27_2007,2017,70.04,,
ESTAT:ISOC_CI_IN_H(1.0),25/06/26 23:00:00,A,PC_HH,HHI_Q1,EU27_2007,2018,73.78,,
ESTAT:ISOC_CI_IN_H(1.0),25/06/26 23:00:00,A,PC_HH,HHI_Q1,EU27_2020,2008,32.71,,
ESTAT:ISOC_CI_IN_H(1.0),25/06/26 23:00:00,A,PC_HH,HHI_Q1,EU27_2020,2009,36.80,,
ESTAT:ISOC_CI_IN_H(1.0),25/06/26 23:00:00,A,PC_HH,HHI_Q1,EU27_2020,2010,35.16,,
ESTAT:ISOC_CI_IN_H(1.0),25/06/26 23:00:00,A,PC_HH,HHI_Q1,EU27_2020,2011,47.11,,
ESTAT:ISOC_CI_IN_H(1.0),25/06/26 23:00:00,A,PC_HH,HHI_Q1,EU27_2020,2012,51.78,,
ESTAT:ISOC_CI_IN_H(1.0),25/06/26 23:00:00,A,PC_HH,HHI_Q1,EU27_2020,2013,55.20,,
ESTAT:ISOC_CI_IN_H(1.0),25/06/26 23:00:00,A,PC_HH,HHI_Q1,EU27_2020,2014,59.73,,
ESTAT:ISOC_CI_IN_H(1.0),25/06/26 23:00:00,A,PC_HH,HHI_Q1,EU27_2020,2015,61.80,,
ESTAT:ISOC_CI_IN_H(1.0),25/06/26 23:00:00,A,PC_HH,HHI_Q1,EU27_2020,2016,67.06,,
ESTAT:ISOC_CI_IN_H(1.0),25/06/26 23:00:00,A,PC_HH,HHI_Q1,EU27_2020,2017,69.98,,
ESTAT:ISOC_CI_IN_H(1.0),25/06/26 23:00:00,A,PC_HH,HHI_Q1,EU27_2020,2018,73.74,,
ESTAT:ISOC_CI_IN_H(1.0),25/06/26 23:00:00,A,PC_HH,HHI_Q1,EU27_2020,2019,76.54,,
ESTAT:ISOC_CI_IN_H(1.0),25/06/26 23:00:00,A,PC_HH,HHI_Q1,EU27_2020,2020,79.25,e,
ESTAT:ISOC_CI_IN_H(1.0),25/06/26 23:00:00,A,PC_HH,HHI_Q1,EU28,2008,36.01,,
ESTAT:ISOC_CI_IN_H(1.0),25/06/26 23:00:00,A,PC_HH,HHI_Q1,EU28,2009,36.80,,
ESTAT:ISOC_CI_IN_H(1.0),25/06/26 23:00:00,A,PC_HH,HHI_Q1,EU28,2011,47.11,,
ESTAT:ISOC_CI_IN_H(1.0),25/06/26 23:00:00,A,PC_HH,HHI_Q1,EU28,2012,51.78,,
ESTAT:ISOC_CI_IN_H(1.0),25/06/26 23:00:00,A,PC_HH,HHI_Q1,EU28,2013,55.20,,
ESTAT:ISOC_CI_IN_H(1.0),25/06/26 23:00:00,A,PC_HH,HHI_Q1,EU28,2014,59.73,,
ESTAT:ISOC_CI_IN_H(1.0),25/06/26 23:00:00,A,PC_HH,HHI_Q1,EU28,2015,61.80,,
ESTAT:ISOC_CI_IN_H(1.0),25/06/26 23:00:00,A,PC_HH,HHI_Q1,EU28,2016,67.06,,
ESTAT:ISOC_CI_IN_H(1.0),25/06/26 23:00:00,A,PC_HH,HHI_Q1,EU28,2017,69.98,,
ESTAT:ISOC_CI_IN_H(1.0),25/06/26 23:00:00,A,PC_HH,HHI_Q1,EU28,2018,73.74,,
ESTAT:ISOC_CI_IN_H(1.0),25/06/26 23:00:00,A,PC_HH,HHI_Q1,EU28,2019,76.54,,
ESTAT:ISOC_CI_IN_H(1.0),25/06/26 23:00:00,A,PC_HH,HHI_Q1,FI,2006,41.46,,
ESTAT:ISOC_CI_IN_H(1.0),25/06/26 23:00:00,A,PC_HH,HHI_Q1,FI,2007,46.46,,
ESTAT:ISOC_CI_IN_H(1.0),25/06/26 23:00:00,A,PC_HH,HHI_Q1,FI,2008,48.65,,
ESTAT:ISOC_CI_IN_H(1.0),25/06/26 23:00:00,A,PC_HH,HHI_Q1,FI,2009,59.39,,
ESTAT:ISOC_CI_IN_H(1.0),25/06/26 23:00:00,A,PC_HH,HHI_Q1,FI,2010,65.11,,
ESTAT:ISOC_CI_IN_H(1.0),25/06/26 23:00:00,A,PC_HH,HHI_Q1,FI,2011,67.35,,
ESTAT:ISOC_CI_IN_H(1.0),25/06/26 23:00:00,A,PC_HH,HHI_Q1,FI,2012,70.53,,
ESTAT:ISOC_CI_IN_H(1.0),25/06/26 23:00:00,A,PC_HH,HHI_Q1,FI,2013,72.03,,
ESTAT:ISOC_CI_IN_H(1.0),25/06/26 23:00:00,A,PC_HH,HHI_Q1,FI,2014,71.58,,
ESTAT:ISOC_CI_IN_H(1.0),25/06/26 23:00:00,A,PC_HH,HHI_Q1,FI,2015,74.68,,
ESTAT:ISOC_CI_IN_H(1.0),25/06/26 23:00:00,A,PC_HH,HHI_Q1,FI,2016,79.81,,
ESTAT:ISOC_CI_IN_H(1.0),25/06/26 23:00:00,A,PC_HH,HHI_Q1,FI,2017,86.90,,
ESTAT:ISOC_CI_IN_H(1.0),25/06/26 23:00:00,A,PC_HH,HHI_Q1,FI,2018,85.52,,
ESTAT:ISOC_CI_IN_H(1.0),25/06/26 23:00:00,A,PC_HH,HHI_Q1,FI,2019,84.80,,
ESTAT:ISOC_CI_IN_H(1.0),25/06/26 23:00:00,A,PC_HH,HHI_Q1,FI,2020,90.25,,
ESTAT:ISOC_CI_IN_H(1.0),25/06/26 23:00:00,A,PC_HH,HHI_Q1,FR,2006,24.12,,
ESTAT:ISOC_CI_IN_H(1.0),25/06/26 23:00:00,A,PC_HH,HHI_Q1,FR,2013,63.69,,
ESTAT:ISOC_CI_IN_H(1.0),25/06/26 23:00:00,A,PC_HH,HHI_Q1,FR,2014,65.59,,
ESTAT:ISOC_CI_IN_H(1.0),25/06/26 23:00:00,A,PC_HH,HHI_Q1,FR,2015,63.69,,
ESTAT:ISOC_CI_IN_H(1.0),25/06/26 23:00:00,A,PC_HH,HHI_Q1,FR,2016,72.07,,
ESTAT:ISOC_CI_IN_H(1.0),25/06/26 23:00:00,A,PC_HH,HHI_Q1,FR,2017,71.01,,
ESTAT:ISOC_CI_IN_H(1.0),25/06/26 23:00:00,A,PC_HH,HHI_Q1,FR,2018,75.82,,
ESTAT:ISOC_CI_IN_H(1.0),25/06/26 23:00:00,A,PC_HH,HHI_Q1,FR,2019,78.03,,
ESTAT:ISOC_CI_IN_H(1.0),25/06/26 23:00:00,A,PC_HH,HHI_Q1,HR,2007,6.35,,
ESTAT:ISOC_CI_IN_H(1.0),25/06/26 23:00:00,A,PC_HH,HHI_Q1,HR,2008,11.92,,
ESTAT:ISOC_CI_IN_H(1.0),25/06/26 23:00:00,A,PC_HH,HHI_Q1,HR,2009,17.03,,
ESTAT:ISOC_CI_IN_H(1.0),25/06/26 23:00:00,A,PC_HH,HHI_Q1,HR,2015,45.71,,
ESTAT:ISOC_CI_IN_H(1.0),25/06/26 23:00:00,A,PC_HH,HHI_Q1,HR,2016,62.87,,
ESTAT:ISOC_CI_IN_H(1.0),25/06/26 23:00:00,A,PC_HH,HHI_Q1,HR,2017,65.63,,
ESTAT:ISOC_CI_IN_H(1.0),25/06/26 23:00:00,A,PC_HH,HHI_Q1,HR,2018,70.10,,
ESTAT:ISOC_CI_IN_H(1.0),25/06/26 23:00:00,A,PC_HH,HHI_Q1,HR,2019,65.41,,
ESTAT:ISOC_CI_IN_H(1.0),25/06/26 23:00:00,A,PC_HH,HHI_Q1,HR,2020,70.71,,
ESTAT:ISOC_CI_IN_H(1.0),25/06/26 23:00:00,A,PC_HH,HHI_Q1,HU,2005,16.23,,
ESTAT:ISOC_CI_IN_H(1.0),25/06/26 23:00:00,A,PC_HH,HHI_Q1,HU,2006,9.00,,
ESTAT:ISOC_CI_IN_H(1.0),25/06/26 23:00:00,A,PC_HH,HHI_Q1,HU,2007,12.32,,
ESTAT:ISOC_CI_IN_H(1.0),25/06/26 23:00:00,A,PC_HH,HHI_Q1,HU,2008,16.31,,
ESTAT:ISOC_CI_IN_H(1.0),25/06/26 23:00:00,A,PC_HH,HHI_Q1,HU,2009,23.20,,
ESTAT:ISOC_CI_IN_H(1.0),25/06/26 23:00:00,A,PC_HH,HHI_Q1,HU,2010,25.55,,
ESTAT:ISOC_CI_IN_H(1.0),25/06/26 23:00:00,A,PC_HH,HHI_Q1,HU,2011,30.29,,
ESTAT:ISOC_CI_IN_H(1.0),25/06/26 23:00:00,A,PC_HH,HHI_Q1,HU,2012,30.32,,
ESTAT:ISOC_CI_IN_H(1.0),25/06/26 23:00:00,A,PC_HH,HHI_Q1,HU,2013,35.08,,
ESTAT:ISOC_CI_IN_H(1.0),25/06/26 23:00:00,A,PC_HH,HHI_Q1,HU,2014,38.54,,
ESTAT:ISOC_CI_IN_H(1.0),25/06/26 23:00:00,A,PC_HH,HHI_Q1,HU,2015,39.29,,
ESTAT:ISOC_CI_IN_H(1.0),25/06/26 23:00:00,A,PC_HH,HHI_Q1,HU,2016,41.24,,
ESTAT:ISOC_CI_IN_H(1.0),25/06/26 23:00:00,A,PC_HH,HHI_Q1,HU,2017,45.41,,
ESTAT:ISOC_CI_IN_H(1.0),25/06/26 23:00:00,A,PC_HH,HHI_Q1,HU,2018,44.71,,
ESTAT:ISOC_CI_IN_H(1.0),25/06/26 23:00:00,A,PC_HH,HHI_Q1,HU,2019,45.49,,
ESTAT:ISOC_CI_IN_H(1.0),25/06/26 23:00:00,A,PC_HH,HHI_Q1,HU,2020,60.69,,
ESTAT:ISOC_CI_IN_H(1.0),25/06/26 23:00:00,A,PC_HH,HHI_Q1,IE,2018,73.79,,
ESTAT:ISOC_CI_IN_H(1.0),25/06/26 23:00:00,A,PC_HH,HHI_Q1,IE,2020,79.58,,
ESTAT:ISOC_CI_IN_H(1.0),25/06/26 23:00:00,A,PC_HH,HHI_Q1,IS,2005,68.20,,
ESTAT:ISOC_CI_IN_H(1.0),25/06/26 23:00:00,A,PC_HH,HHI_Q1,IS,2006,50.28,,
ESTAT:ISOC_CI_IN_H(1.0),25/06/26 23:00:00,A,PC_HH,HHI_Q1,IS,2007,56.27,,
ESTAT:ISOC_CI_IN_H(1.0),25/06/26 23:00:00,A,PC_HH,HHI_Q1,IS,2008,67.20,,
ESTAT:ISOC_CI_IN_H(1.0),25/06/26 23:00:00,A,PC_HH,HHI_Q1,IS,2009,71.13,,
ESTAT:ISOC_CI_IN_H(1.0),25/06/26 23:00:00,A,PC_HH,HHI_Q1,IS,2010,70.85,,
ESTAT:ISOC_CI_IN_H(1.0),25/06/26 23:00:00,A,PC_HH,HHI_Q1,IS,2011,86.87,,
ESTAT:ISOC_CI_IN_H(1.0),25/06/26 23:00:00,A,PC_HH,HHI_Q1,IS,2012,89.23,,
ESTAT:ISOC_CI_IN_H(1.0),25/06/26 23:00:00,A,PC_HH,HHI_Q1,IS,2013,92.22,,
ESTAT:ISOC_CI_IN_H(1.0),25/06/26 23:00:00,A,PC_HH,HHI_Q1,IS,2014,91.82,,
ESTAT:ISOC_CI_IN_H(1.0),25/06/26 23:00:00,A,PC_HH,HHI_Q1,IS,2017,94.91,,
ESTAT:ISOC_CI_IN_H(1.0),25/06/26 23:00:00,A,PC_HH,HHI_Q1,IT,2008,,u,
ESTAT:ISOC_CI_IN_H(1.0),25/06/26 23:00:00,A,PC_HH,HHI_Q1,IT,2009,,u,
ESTAT:ISOC_CI_IN_H(1.0),25/06/26 23:00:00,A,PC_HH,HHI_Q1,IT,2010,,u,
ESTAT:ISOC_CI_IN_H(1.0),25/06/26 23:00:00,A,PC_HH,HHI_Q1,IT,2011,33.26,,
ESTAT:ISOC_CI_IN_H(1.0),25/06/26 23:00:00,A,PC_HH,HHI_Q1,IT,2012,38.10,,
ESTAT:ISOC_CI_IN_H(1.0),25/06/26 23:00:00,A,PC_HH,HHI_Q1,IT,2013,42.31,,
ESTAT:ISOC_CI_IN_H(1.0),25/06/26 23:00:00,A,PC_HH,HHI_Q1,LT,2005,2.28,,
ESTAT:ISOC_CI_IN_H(1.0),25/06/26 23:00:00,A,PC_HH,HHI_Q1,LT,2006,8.64,,
ESTAT:ISOC_CI_IN_H(1.0),25/06/26 23:00:00,A,PC_HH,HHI_Q1,LT,2007,10.13,,
ESTAT:ISOC_CI_IN_H(1.0),25/06/26 23:00:00,A,PC_HH,HHI_Q1,LT,2008,15.65,,
ESTAT:ISOC_CI_IN_H(1.0),25/06/26 23:00:00,A,PC_HH,HHI_Q1,LT,2009,25.72,,
ESTAT:ISOC_CI_IN_H(1.0),25/06/26 23:00:00,A,PC_HH,HHI_Q1,LT,2010,29.41,,
ESTAT:ISOC_CI_IN_H(1.0),25/06/26 23:00:00,A,PC_HH,HHI_Q1,LT,2011,23.69,,
ESTAT:ISOC_CI_IN_H(1.0),25/06/26 23:00:00,A,PC_HH,HHI_Q1,LT,2012,23.46,,
ESTAT:ISOC_CI_IN_H(1.0),25/06/26 23:00:00,A,PC_HH,HHI_Q1,LT,2013,25.09,,
ESTAT:ISOC_CI_IN_H(1.0),25/06/26 23:00:00,A,PC_HH,HHI_Q1,LT,2014,29.46,,
ESTAT:ISOC_CI_IN_H(1.0),25/06/26 23:00:00,A,PC_HH,HHI_Q1,LT,2015,35.06,,
ESTAT:ISOC_CI_IN_H(1.0),25/06/26 23:00:00,A,PC_HH,HHI_Q1,LT,2016,45.27,,
ESTAT:ISOC_CI_IN_H(1.0),25/06/26 23:00:00,A,PC_HH,HHI_Q1,LT,2017,46.46,,
ESTAT:ISOC_CI_IN_H(1.0),25/06/26 23:00:00,A,PC_HH,HHI_Q1,LT,2018,48.60,,
ESTAT:ISOC_CI_IN_H(1.0),25/06/26 23:00:00,A,PC_HH,HHI_Q1,LT,2019,58.31,,
ESTAT:ISOC_CI_IN_H(1.0),25/06/26 23:00:00,A,PC_HH,HHI_Q1,LT,2020,56.46,,
ESTAT:ISOC_CI_IN_H(1.0),25/06/26 23:00:00,A,PC_HH,HHI_Q1,LU,2006,41.54,,
ESTAT:ISOC_CI_IN_H(1.0),25/06/26 23:00:00,A,PC_HH,HHI_Q1,LU,2007,50.59,,
ESTAT:ISOC_CI_IN_H(1.0),25/06/26 23:00:00,A,PC_HH,HHI_Q1,LU,2008,53.31,,
ESTAT:ISOC_CI_IN_H(1.0),25/06/26 23:00:00,A,PC_HH,HHI_Q1,LU,2009,72.48,,
ESTAT:ISOC_CI_IN_H(1.0),25/06/26 23:00:00,A,PC_HH,HHI_Q1,LU,2010,70.35,,
ESTAT:ISOC_CI_IN_H(1.0),25/06/26 23:00:00,A,PC_HH,HHI_Q1,LU,2011,74.22,,
ESTAT:ISOC_CI_IN_H(1.0),25/06/26 23:00:00,A,PC_HH,HHI_Q1,LU,2012,81.51,,
ESTAT:ISOC_CI_IN_H(1.0),25/06/26 23:00:00,A,PC_HH,HHI_Q1,LU,2013,90.14,,
ESTAT:ISOC_CI_IN_H(1.0),25/06/26 23:00:00,A,PC_HH,HHI_Q1,LU,2014,88.80,,
ESTAT:ISOC_CI_IN_H(1.0),25/06/26 23:00:00,A,PC_HH,HHI_Q1,LU,2015,92.29,,
ESTAT:ISOC_CI_IN_H(1.0),25/06/26 23:00:00,A,PC_HH,HHI_Q1,LU,2016,92.61,,
ESTAT:ISOC_CI_IN_H(1.0),25/06/26 23:00:00,A,PC_HH,HHI_Q1,LU,2017,94.13,,
ESTAT:ISOC_CI_IN_H(1.0),25/06/26 23:00:00,A,PC_HH,HHI_Q1,LU,2018,86.29,b,
ESTAT:ISOC_CI_IN_H(1.0),25/06/26 23:00:00,A,PC_HH,HHI_Q1,LU,2019,91.74,,
ESTAT:ISOC_CI_IN_H(1.0),25/06/26 23:00:00,A,PC_HH,HHI_Q1,LU,2020,88.82,,
ESTAT:ISOC_CI_IN_H(1.0),25/06/26 23:00:00,A,PC_HH,HHI_Q1,LV,2005,3.26,,
ESTAT:ISOC_CI_IN_H(1.0),25/06/26 23:00:00,A,PC_HH,HHI_Q1,LV,2006,9.22,,
ESTAT:ISOC_CI_IN_H(1.0),25/06/26 23:00:00,A,PC_HH,HHI_Q1,LV,2007,9.97,,
ESTAT:ISOC_CI_IN_H(1.0),25/06/26 23:00:00,A,PC_HH,HHI_Q1,LV,2008,13.58,,
ESTAT:ISOC_CI_IN_H(1.0),25/06/26 23:00:00,A,PC_HH,HHI_Q1,LV,2009,27.55,,
ESTAT:ISOC_CI_IN_H(1.0),25/06/26 23:00:00,A,PC_HH,HHI_Q1,LV,2010,26.75,,
ESTAT:ISOC_CI_IN_H(1.0),25/06/26 23:00:00,A,PC_HH,HHI_Q1,LV,2011,29.90,,
ESTAT:ISOC_CI_IN_H(1.0),25/06/26 23:00:00,A,PC_HH,HHI_Q1,LV,2012,37.89,,
ESTAT:ISOC_CI_IN_H(1.0),25/06/26 23:00:00,A,PC_HH,HHI_Q1,LV,2013,38.75,,
ESTAT:ISOC_CI_IN_H(1.0),25/06/26 23:00:00,A,PC_HH,HHI_Q1,LV,2014,49.44,,
ESTAT:ISOC_CI_IN_H(1.0),25/06/26 23:00:00,A,PC_HH,HHI_Q1,LV,2015,51.14,,
ESTAT:ISOC_CI_IN_H(1.0),25/06/26 23:00:00,A,PC_HH,HHI_Q1,LV,2016,52.23,b,
ESTAT:ISOC_CI_IN_H(1.0),25/06/26 23:00:00,A,PC_HH,HHI_Q1,LV,2017,43.31,b,
ESTAT:ISOC_CI_IN_H(1.0),25/06/26 23:00:00,A,PC_HH,HHI_Q1,LV,2018,48.69,,
ESTAT:ISOC_CI_IN_H(1.0),25/06/26 23:00:00,A,PC_HH,HHI_Q1,LV,2019,60.11,,
ESTAT:ISOC_CI_IN_H(1.0),25/06/26 23:00:00,A,PC_HH,HHI_Q1,LV,2020,76.56,,
ESTAT:ISOC_CI_IN_H(1.0),25/06/26 23:00:00,A,PC_HH,HHI_Q1,MK,2009,12.39,,
ESTAT:ISOC_CI_IN_H(1.0),25/06/26 23:00:00,A,PC_HH,HHI_Q1,MK,2010,16.51,,
ESTAT:ISOC_CI_IN_H(1.0),25/06/26 23:00:00,A,PC_HH,HHI_Q1,MK,2012,26.82,,
ESTAT:ISOC_CI_IN_H(1.0),25/06/26 23:00:00,A,PC_HH,HHI_Q1,MK,2013,24.32,,
ESTAT:ISOC_CI_IN_H(1.0),25/06/26 23:00:00,A,PC_HH,HHI_Q1,MK,2014,47.03,,
ESTAT:ISOC_CI_IN_H(1.0),25/06/26 23:00:00,A,PC_HH,HHI_Q1,MK,2015,45.57,,
ESTAT:ISOC_CI_IN_H(1.0),25/06/26 23:00:00,A,PC_HH,HHI_Q1,MK,2016,49.71,,
ESTAT:ISOC_CI_IN_H(1.0),25/06/26 23:00:00,A,PC_HH,HHI_Q1,MK,2017,45.41,,
ESTAT:ISOC_CI_IN_H(1.0),25/06/26 23:00:00,A,PC_HH,HHI_Q1,MK,2018,57.98,,
ESTAT:ISOC_CI_IN_H(1.0),25/06/26 23:00:00,A,PC_HH,HHI_Q1,MK,2019,63.97,,
ESTAT:ISOC_CI_IN_H(1.0),25/06/26 23:00:00,A,PC_HH,HHI_Q1,MK,2020,60.56,,
ESTAT:ISOC_CI_IN_H(1.0),25/06/26 23:00:00,A,PC_HH,HHI_Q1,MT,2005,12.90,,
ESTAT:ISOC_CI_IN_H(1.0),25/06/26 23:00:00,A,PC_HH,HHI_Q1,MT,2006,54.26,,
ESTAT:ISOC_CI_IN_H(1.0),25/06/26 23:00:00,A,PC_HH,HHI_Q1,MT,2007,18.83,,
ESTAT:ISOC_CI_IN_H(1.0),25/06/26 23:00:00,A,PC_HH,HHI_Q1,MT,2008,30.97,,
ESTAT:ISOC_CI_IN_H(1.0),25/06/26 23:00:00,A,PC_HH,HHI_Q1,MT,2009,36.36,,
ESTAT:ISOC_CI_IN_H(1.0),25/06/26 23:00:00,A,PC_HH,HHI_Q1,MT,2010,40.02,,
ESTAT:ISOC_CI_IN_H(1.0),25/06/26 23:00:00,A,PC_HH,HHI_Q1,MT,2011,48.53,,
ESTAT:ISOC_CI_IN_H(1.0),25/06/26 23:00:00,A,PC_HH,HHI_Q1,MT,2012,46.90,,
ESTAT:ISOC_CI_IN_H(1.0),25/06/26 23:00:00,A,PC_HH,HHI_Q1,MT,2013,55.00,,
ESTAT:ISOC_CI_IN_H(1.0),25/06/26 23:00:00,A,PC_HH,HHI_Q1,MT,2014,53.81,,
ESTAT:ISOC_CI_IN_H(1.0),25/06/26 23:00:00,A,PC_HH,HHI_Q1,NL,2007,67.23,,
ESTAT:ISOC_CI_IN_H(1.0),25/06/26 23:00:00,A,PC_HH,HHI_Q1,NL,2008,70.46,,
ESTAT:ISOC_CI_IN_H(1.0),25/06/26 23:00:00,A,PC_HH,HHI_Q1,NL,2009,76.76,,
ESTAT:ISOC_CI_IN_H(1.0),25/06/26 23:00:00,A,PC_HH,HHI_Q1,NL,2010,79.14,,
ESTAT:ISOC_CI_IN_H(1.0),25/06/26 23:00:00,A,PC_HH,HHI_Q1,NL,2011,84.41,,
ESTAT:ISOC_CI_IN_H(1.0),25/06/26 23:00:00,A,PC_HH,HHI_Q1,NL,2012,86.76,,
ESTAT:ISOC_CI_IN_H(1.0),25/06/26 23:00:00,A,PC_HH,HHI_Q1,NL,2013,87.02,,
ESTAT:ISOC_CI_IN_H(1.0),25/06/26 23:00:00,A,PC_HH,HHI_Q1,NL,2014,88.96,,
ESTAT:ISOC_CI_IN_H(1.0),25/06/26 23:00:00,A,PC_HH,HHI_Q1,NL,2015,93.13,,
ESTAT:ISOC_CI_IN_H(1.0),25/06/26 23:00:00,A,PC_HH,HHI_Q1,NL,2016,94.64,,
ESTAT:ISOC_CI_IN_H(1.0),25/06/26 23:00:00,A,PC_HH,HHI_Q1,NL,2017,96.22,,
ESTAT:ISOC_CI_IN_H(1.0),25/06/26 23:00:00,A,PC_HH,HHI_Q1,NL,2018,96.89,,
ESTAT:ISOC_CI_IN_H(1.0),25/06/26 23:00:00,A,PC_HH,HHI_Q1,NL,2019,96.34,,
ESTAT:ISOC_CI_IN_H(1.0),25/06/26 23:00:00,A,PC_HH,HHI_Q1,NL,2020,92.86,,
ESTAT:ISOC_CI_IN_H(1.0),25/06/26 23:00:00,A,PC_HH,HHI_Q1,NO,2005,38.06,,
ESTAT:ISOC_CI_IN_H(1.0),25/06/26 23:00:00,A,PC_HH,HHI_Q1,NO,2006,46.01,,
ESTAT:ISOC_CI_IN_H(1.0),25/06/26 23:00:00,A,PC_HH,HHI_Q1,NO,2007,60.87,,
ESTAT:ISOC_CI_IN_H(1.0),25/06/26 23:00:00,A,PC_HH,HHI_Q1,NO,2008,70.24,,
ESTAT:ISOC_CI_IN_H(1.0),25/06/26 23:00:00,A,PC_HH,HHI_Q1,NO,2009,70.08,,
ESTAT:ISOC_CI_IN_H(1.0),25/06/26 23:00:00,A,PC_HH,HHI_Q1,NO,2010,80.39,,
ESTAT:ISOC_CI_IN_H(1.0),25/06/26 23:00:00,A,PC_HH,HHI_Q1,NO,2011,83.60,,
ESTAT:ISOC_CI_IN_H(1.0),25/06/26 23:00:00,A,PC_HH,HHI_Q1,NO,2012,84.40,,
ESTAT:ISOC_CI_IN_H(1.0),25/06/26 23:00:00,A,PC_HH,HHI_Q1,NO,2013,89.65,,
ESTAT:ISOC_CI_IN_H(1.0),25/06/26 23:00:00,A,PC_HH,HHI_Q1,NO,2014,86.85,,
ESTAT:ISOC_CI_IN_H(1.0),25/06/26 23:00:00,A,PC_HH,HHI_Q1,NO,2015,93.53,,
ESTAT:ISOC_CI_IN_H(1.0),25/06/26 23:00:00,A,PC_HH,HHI_Q1,NO,2016,95.66,,
ESTAT:ISOC_CI_IN_H(1.0),25/06/26 23:00:00,A,PC_HH,HHI_Q1,NO,2017,92.27,,
ESTAT:ISOC_CI_IN_H(1.0),25/06/26 23:00:00,A,PC_HH,HHI_Q1,NO,2018,93.53,,
ESTAT:ISOC_CI_IN_H(1.0),25/06/26 23:00:00,A,PC_HH,HHI_Q1,NO,2019,96.42,,
ESTAT:ISOC_CI_IN_H(1.0),25/06/26 23:00:00,A,PC_HH,HHI_Q1,NO,2020,91.82,,
ESTAT:ISOC_CI_IN_H(1.0),25/06/26 23:00:00,A,PC_HH,HHI_Q1,PL,2005,11.32,,
ESTAT:ISOC_CI_IN_H(1.0),25/06/26 23:00:00,A,PC_HH,HHI_Q1,PL,2006,16.55,,
ESTAT:ISOC_CI_IN_H(1.0),25/06/26 23:00:00,A,PC_HH,HHI_Q1,PL,2007,13.80,,
ESTAT:ISOC_CI_IN_H(1.0),25/06/26 23:00:00,A,PC_HH,HHI_Q1,PL,2008,16.91,,
ESTAT:ISOC_CI_IN_H(1.0),25/06/26 23:00:00,A,PC_HH,HHI_Q1,PL,2009,25.03,,
ESTAT:ISOC_CI_IN_H(1.0),25/06/26 23:00:00,A,PC_HH,HHI_Q1,PL,2010,28.27,,
ESTAT:ISOC_CI_IN_H(1.0),25/06/26 23:00:00,A,PC_HH,HHI_Q1,PL,2011,30.99,,
ESTAT:ISOC_CI_IN_H(1.0),25/06/26 23:00:00,A,PC_HH,HHI_Q1,PL,2012,37.81,,
ESTAT:ISOC_CI_IN_H(1.0),25/06/26 23:00:00,A,PC_HH,HHI_Q1,PL,2013,45.13,,
ESTAT:ISOC_CI_IN_H(1.0),25/06/26 23:00:00,A,PC_HH,HHI_Q1,PL,2014,46.65,,
ESTAT:ISOC_CI_IN_H(1.0),25/06/26 23:00:00,A,PC_HH,HHI_Q1,PL,2015,48.80,,
ESTAT:ISOC_CI_IN_H(1.0),25/06/26 23:00:00,A,PC_HH,HHI_Q1,PL,2016,55.92,,
ESTAT:ISOC_CI_IN_H(1.0),25/06/26 23:00:00,A,PC_HH,HHI_Q1,PL,2017,53.64,,
ESTAT:ISOC_CI_IN_H(1.0),25/06/26 23:00:00,A,PC_HH,HHI_Q1,PL,2018,59.94,,
ESTAT:ISOC_CI_IN_H(1.0),25/06/26 23:00:00,A,PC_HH,HHI_Q1,PL,2019,63.65,,
ESTAT:ISOC_CI_IN_H(1.0),25/06/26 23:00:00,A,PC_HH,HHI_Q1,PL,2020,74.48,,
ESTAT:ISOC_CI_IN_H(1.0),25/06/26 23:00:00,A,PC_HH,HHI_Q1,PT,2008,10.20,,
ESTAT:ISOC_CI_IN_H(1.0),25/06/26 23:00:00,A,PC_HH,HHI_Q1,PT,2009,15.14,,
ESTAT:ISOC_CI_IN_H(1.0),25/06/26 23:00:00,A,PC_HH,HHI_Q1,PT,2010,21.53,,
ESTAT:ISOC_CI_IN_H(1.0),25/06/26 23:00:00,A,PC_HH,HHI_Q1,PT,2011,22.72,,
ESTAT:ISOC_CI_IN_H(1.0),25/06/26 23:00:00,A,PC_HH,HHI_Q1,PT,2012,27.67,,
ESTAT:ISOC_CI_IN_H(1.0),25/06/26 23:00:00,A,PC_HH,HHI_Q1,PT,2013,32.78,,
ESTAT:ISOC_CI_IN_H(1.0),25/06/26 23:00:00,A,PC_HH,HHI_Q1,PT,2014,36.29,,
ESTAT:ISOC_CI_IN_H(1.0),25/06/26 23:00:00,A,PC_HH,HHI_Q1,PT,2015,42.70,,
ESTAT:ISOC_CI_IN_H(1.0),25/06/26 23:00:00,A,PC_HH,HHI_Q1,PT,2016,45.46,,
ESTAT:ISOC_CI_IN_H(1.0),25/06/26 23:00:00,A,PC_HH,HHI_Q1,PT,2017,47.53,,
ESTAT:ISOC_CI_IN_H(1.0),25/06/26 23:00:00,A,PC_HH,HHI_Q1,PT,2018,55.17,,
ESTAT:ISOC_CI_IN_H(1.0),25/06/26 23:00:00,A,PC_HH,HHI_Q1,PT,2019,57.82,,
ESTAT:ISOC_CI_IN_H(1.0),25/06/26 23:00:00,A,PC_HH,HHI_Q1,PT,2020,63.34,,
ESTAT:ISOC_CI_IN_H(1.0),25/06/26 23:00:00,A,PC_HH,HHI_Q1,RO,2008,3.29,,
ESTAT:ISOC_CI_IN_H(1.0),25/06/26 23:00:00,A,PC_HH,HHI_Q1,RO,2009,5.89,,
ESTAT:ISOC_CI_IN_H(1.0),25/06/26 23:00:00,A,PC_HH,HHI_Q1,RO,2010,11.91,,
ESTAT:ISOC_CI_IN_H(1.0),25/06/26 23:00:00,A,PC_HH,HHI_Q1,RO,2011,16.41,,
ESTAT:ISOC_CI_IN_H(1.0),25/06/26 23:00:00,A,PC_HH,HHI_Q1,RO,2012,15.71,,
ESTAT:ISOC_CI_IN_H(1.0),25/06/26 23:00:00,A,PC_HH,HHI_Q1,RO,2013,21.53,,
ESTAT:ISOC_CI_IN_H(1.0),25/06/26 23:00:00,A,PC_HH,HHI_Q1,RO,2014,28.69,b,
ESTAT:ISOC_CI_IN_H(1.0),25/06/26 23:00:00,A,PC_HH,HHI_Q1,RO,2015,27.27,,
ESTAT:ISOC_CI_IN_H(1.0),25/06/26 23:00:00,A,PC_HH,HHI_Q1,RO,2016,37.93,,
ESTAT:ISOC_CI_IN_H(1.0),25/06/26 23:00:00,A,PC_HH,HHI_Q1,RO,2017,43.85,,
ESTAT:ISOC_CI_IN_H(1.0),25/06/26 23:00:00,A,PC_HH,HHI_Q1,RO,2018,46.41,,
ESTAT:ISOC_CI_IN_H(1.0),25/06/26 23:00:00,A,PC_HH,HHI_Q1,RO,2019,59.52,,
ESTAT:ISOC_CI_IN_H(1.0),25/06/26 23:00:00,A,PC_HH,HHI_Q1,RO,2020,66.47,,
ESTAT:ISOC_CI_IN_H(1.0),25/06/26 23:00:00,A,PC_HH,HHI_Q1,SE,2006,59.11,,
ESTAT:ISOC_CI_IN_H(1.0),25/06/26 23:00:00,A,PC_HH,HHI_Q1,SE,2007,58.13,,
ESTAT:ISOC_CI_IN_H(1.0),25/06/26 23:00:00,A,PC_HH,HHI_Q1,SE,2008,66.45,,
ESTAT:ISOC_CI_IN_H(1.0),25/06/26 23:00:00,A,PC_HH,HHI_Q1,SE,2009,66.86,,
ESTAT:ISOC_CI_IN_H(1.0),25/06/26 23:00:00,A,PC_HH,HHI_Q1,SE,2010,71.09,,
ESTAT:ISOC_CI_IN_H(1.0),25/06/26 23:00:00,A,PC_HH,HHI_Q1,SE,2011,74.39,,
ESTAT:ISOC_CI_IN_H(1.0),25/06/26 23:00:00,A,PC_HH,HHI_Q1,SE,2012,75.64,,
ESTAT:ISOC_CI_IN_H(1.0),25/06/26 23:00:00,A,PC_HH,HHI_Q1,SE,2013,77.66,,
ESTAT:ISOC_CI_IN_H(1.0),25/06/26 23:00:00,A,PC_HH,HHI_Q1,SE,2014,71.39,,
ESTAT:ISOC_CI_IN_H(1.0),25/06/26 23:00:00,A,PC_HH,HHI_Q1,SE,2015,,u,
ESTAT:ISOC_CI_IN_H(1.0),25/06/26 23:00:00,A,PC_HH,HHI_Q1,SE,2016,88.45,b,
ESTAT:ISOC_CI_IN_H(1.0),25/06/26 23:00:00,A,PC_HH,HHI_Q1,SE,2017,89.69,,
ESTAT:ISOC_CI_IN_H(1.0),25/06/26 23:00:00,A,PC_HH,HHI_Q1,SE,2018,88.45,,
ESTAT:ISOC_CI_IN_H(1.0),25/06/26 23:00:00,A,PC_HH,HHI_Q1,SE,2019,92.22,,
ESTAT:ISOC_CI_IN_H(1.0),25/06/26 23:00:00,A,PC_HH,HHI_Q1,SE,2020,83.90,,
ESTAT:ISOC_CI_IN_H(1.0),25/06/26 23:00:00,A,PC_HH,HHI_Q1,SI,2005,,u,
ESTAT:ISOC_CI_IN_H(1.0),25/06/26 23:00:00,A,PC_HH,HHI_Q1,SI,2006,18.28,,
ESTAT:ISOC_CI_IN_H(1.0),25/06/26 23:00:00,A,PC_HH,HHI_Q1,SI,2007,25.52,,
ESTAT:ISOC_CI_IN_H(1.0),25/06/26 23:00:00,A,PC_HH,HHI_Q1,SI,2008,23.17,,
ESTAT:ISOC_CI_IN_H(1.0),25/06/26 23:00:00,A,PC_HH,HHI_Q1,SI,2009,31.09,,
ESTAT:ISOC_CI_IN_H(1.0),25/06/26 23:00:00,A,PC_HH,HHI_Q1,SI,2010,28.72,,
ESTAT:ISOC_CI_IN_H(1.0),25/06/26 23:00:00,A,PC_HH,HHI_Q1,SI,2011,40.73,,
ESTAT:ISOC_CI_IN_H(1.0),25/06/26 23:00:00,A,PC_HH,HHI_Q1,SI,2012,36.84,,
ESTAT:ISOC_CI_IN_H(1.0),25/06/26 23:00:00,A,PC_HH,HHI_Q1,SI,2013,40.58,,
ESTAT:ISOC_CI_IN_H(1.0),25/06/26 23:00:00,A,PC_HH,HHI_Q1,SI,2014,44.97,,
ESTAT:ISOC_CI_IN_H(1.0),25/06/26 23:00:00,A,PC_HH,HHI_Q1,SI,2015,44.32,,
ESTAT:ISOC_CI_IN_H(1.0),25/06/26 23:00:00,A,PC_HH,HHI_Q1,SI,2016,45.86,,
ESTAT:ISOC_CI_IN_H(1.0),25/06/26 23:00:00,A,PC_HH,HHI_Q1,SI,2017,51.83,,
ESTAT:ISOC_CI_IN_H(1.0),25/06/26 23:00:00,A,PC_HH,HHI_Q1,SI,2018,62.70,,
ESTAT:ISOC_CI_IN_H(1.0),25/06/26 23:00:00,A,PC_HH,HHI_Q1,SI,2019,70.11,,
ESTAT:ISOC_CI_IN_H(1.0),25/06/26 23:00:00,A,PC_HH,HHI_Q1,SI,2020,73.79,,
ESTAT:ISOC_CI_IN_H(1.0),25/06/26 23:00:00,A,PC_HH,HHI_Q1,SK,2005,11.35,,
ESTAT:ISOC_CI_IN_H(1.0),25/06/26 23:00:00,A,PC_HH,HHI_Q1,SK,2006,4.61,,
ESTAT:ISOC_CI_IN_H(1.0),25/06/26 23:00:00,A,PC_HH,HHI_Q1,SK,2007,17.07,,
ESTAT:ISOC_CI_IN_H(1.0),25/06/26 23:00:00,A,PC_HH,HHI_Q1,SK,2008,22.34,,
ESTAT:ISOC_CI_IN_H(1.0),25/06/26 23:00:00,A,PC_HH,HHI_Q1,SK,2009,22.87,,
ESTAT:ISOC_CI_IN_H(1.0),25/06/26 23:00:00,A,PC_HH,HHI_Q1,SK,2010,24.39,,
ESTAT:ISOC_CI_IN_H(1.0),25/06/26 23:00:00,A,PC_HH,HHI_Q1,SK,2011,39.97,,
ESTAT:ISOC_CI_IN_H(1.0),25/06/26 23:00:00,A,PC_HH,HHI_Q1,SK,2012,44.39,,
ESTAT:ISOC_CI_IN_H(1.0),25/06/26 23:00:00,A,PC_HH,HHI_Q1,SK,2013,48.73,,
ESTAT:ISOC_CI_IN_H(1.0),25/06/26 23:00:00,A,PC_HH,HHI_Q1,SK,2014,44.45,,
ESTAT:ISOC_CI_IN_H(1.0),25/06/26 23:00:00,A,PC_HH,HHI_Q1,SK,2015,49.15,,
ESTAT:ISOC_CI_IN_H(1.0),25/06/26 23:00:00,A,PC_HH,HHI_Q1,SK,2016,54.64,b,
ESTAT:ISOC_CI_IN_H(1.0),25/06/26 23:00:00,A,PC_HH,HHI_Q1,SK,2017,66.07,,
ESTAT:ISOC_CI_IN_H(1.0),25/06/26 23:00:00,A,PC_HH,HHI_Q1,SK,2018,62.49,,
ESTAT:ISOC_CI_IN_H(1.0),25/06/26 23:00:00,A,PC_HH,HHI_Q1,SK,2019,68.19,,
ESTAT:ISOC_CI_IN_H(1.0),25/06/26 23:00:00,A,PC_HH,HHI_Q1,SK,2020,81.46,,
ESTAT:ISOC_CI_IN_H(1.0),25/06/26 23:00:00,A,PC_HH,HHI_Q1,UK,2008,55.59,,
ESTAT:ISOC_CI_IN_H(1.0),25/06/26 23:00:00,A,PC_HH,HHI_Q1,XK,2017,74.49,,
ESTAT:ISOC_CI_IN_H(1.0),25/06/26 23:00:00,A,PC_HH,HHI_Q1,XK,2018,86.92,,
ESTAT:ISOC_CI_IN_H(1.0),25/06/26 23:00:00,A,PC_HH,HHI_Q1,XK,2019,90.39,,
ESTAT:ISOC_CI_IN_H(1.0),25/06/26 23:00:00,A,PC_HH,HHI_Q1,XK,2020,94.58,,
ESTAT:ISOC_CI_IN_H(1.0),25/06/26 23:00:00,A,PC_HH,HHI_Q2,AT,2008,58.97,,
ESTAT:ISOC_CI_IN_H(1.0),25/06/26 23:00:00,A,PC_HH,HHI_Q2,AT,2009,61.42,,
ESTAT:ISOC_CI_IN_H(1.0),25/06/26 23:00:00,A,PC_HH,HHI_Q2,AT,2011,68.38,,
ESTAT:ISOC_CI_IN_H(1.0),25/06/26 23:00:00,A,PC_HH,HHI_Q2,AT,2012,72.88,,
ESTAT:ISOC_CI_IN_H(1.0),25/06/26 23:00:00,A,PC_HH,HHI_Q2,AT,2013,74.76,,
ESTAT:ISOC_CI_IN_H(1.0),25/06/26 23:00:00,A,PC_HH,HHI_Q2,AT,2014,79.98,,
ESTAT:ISOC_CI_IN_H(1.0),25/06/26 23:00:00,A,PC_HH,HHI_Q2,AT,2015,75.46,,
ESTAT:ISOC_CI_IN_H(1.0),25/06/26 23:00:00,A,PC_HH,HHI_Q2,AT,2016,78.20,,
ESTAT:ISOC_CI_IN_H(1.0),25/06/26 23:00:00,A,PC_HH,HHI_Q2,AT,2017,86.78,,
ESTAT:ISOC_CI_IN_H(1.0),25/06/26 23:00:00,A,PC_HH,HHI_Q2,AT,2018,86.40,,
ESTAT:ISOC_CI_IN_H(1.0),25/06/26 23:00:00,A,PC_HH,HHI_Q2,AT,2019,87.42,,
ESTAT:ISOC_CI_IN_H(1.0),25/06/26 23:00:00,A,PC_HH,HHI_Q2,AT,2020,85.31,,
ESTAT:ISOC_CI_IN_H(1.0),25/06/26 23:00:00,A,PC_HH,HHI_Q2,BE,2006,,u,
ESTAT:ISOC_CI_IN_H(1.0),25/06/26 23:00:00,A,PC_HH,HHI_Q2,BE,2007,,u,
ESTAT:ISOC_CI_IN_H(1.0),25/06/26 23:00:00,A,PC_HH,HHI_Q2,BE,2008,53.22,,
ESTAT:ISOC_CI_IN_H(1.0),25/06/26 23:00:00,A,PC_HH,HHI_Q2,BE,2009,59.04,,
ESTAT:ISOC_CI_IN_H(1.0),25/06/26 23:00:00,A,PC_HH,HHI_Q2,BE,2010,64.59,,
ESTAT:ISOC_CI_IN_H(1.0),25/06/26 23:00:00,A,PC_HH,HHI_Q2,BE,2011,67.05,,
ESTAT:ISOC_CI_IN_H(1.0),25/06/26 23:00:00,A,PC_HH,HHI_Q2,BE,2012,69.92,,
ESTAT:ISOC_CI_IN_H(1.0),25/06/26 23:00:00,A,PC_HH,HHI_Q2,BE,2013,69.06,,
ESTAT:ISOC_CI_IN_H(1.0),25/06/26 23:00:00,A,PC_HH,HHI_Q2,BE,2014,74.60,,
ESTAT:ISOC_CI_IN_H(1.0),25/06/26 23:00:00,A,PC_HH,HHI_Q2,BE,2015,74.13,,
ESTAT:ISOC_CI_IN_H(1.0),25/06/26 23:00:00,A,PC_HH,HHI_Q2,BE,2016,77.04,,
ESTAT:ISOC_CI_IN_H(1.0),25/06/26 23:00:00,A,PC_HH,HHI_Q2,BE,2017,76.98,,
ESTAT:ISOC_CI_IN_H(1.0),25/06/26 23:00:00,A,PC_HH,HHI_Q2,BE,2018,77.05,,
ESTAT:ISOC_CI_IN_H(1.0),25/06/26 23:00:00,A,PC_HH,HHI_Q2,BE,2019,80.90,,
ESTAT:ISOC_CI_IN_H(1.0),25/06/26 23:00:00,A,PC_HH,HHI_Q2,BE,2020,78.74,,
ESTAT:ISOC_CI_IN_H(1.0),25/06/26 23:00:00,A,PC_HH,HHI_Q2,BG,2008,9.05,,
ESTAT:ISOC_CI_IN_H(1.0),25/06/26 23:00:00,A,PC_HH,HHI_Q2,BG,2009,11.33,,
ESTAT:ISOC_CI_IN_H(1.0),25/06/26 23:00:00,A,PC_HH,HHI_Q2,BG,2010,15.98,,
ESTAT:ISOC_CI_IN_H(1.0),25/06/26 23:00:00,A,PC_HH,HHI_Q2,BG,2011,36.56,,
ESTAT:ISOC_CI_IN_H(1.0),25/06/26 23:00:00,A,PC_HH,HHI_Q2,BG,2012,36.45,,
ESTAT:ISOC_CI_IN_H(1.0),25/06/26 23:00:00,A,PC_HH,HHI_Q2,BG,2013,37.66,,
ESTAT:ISOC_CI_IN_H(1.0),25/06/26 23:00:00,A,PC_HH,HHI_Q2,BG,2014,42.76,,
ESTAT:ISOC_CI_IN_H(1.0),25/06/26 23:00:00,A,PC_HH,HHI_Q2,BG,2015,47.76,,
ESTAT:ISOC_CI_IN_H(1.0),25/06/26 23:00:00,A,PC_HH,HHI_Q2,BG,2016,60.01,,
ESTAT:ISOC_CI_IN_H(1.0),25/06/26 23:00:00,A,PC_HH,HHI_Q2,BG,2017,59.20,,
ESTAT:ISOC_CI_IN_H(1.0),25/06/26 23:00:00,A,PC_HH,HHI_Q2,BG,2018,70.44,,
ESTAT:ISOC_CI_IN_H(1.0),25/06/26 23:00:00,A,PC_HH,HHI_Q2,BG,2019,67.12,,
ESTAT:ISOC_CI_IN_H(1.0),25/06/26 23:00:00,A,PC_HH,HHI_Q2,BG,2020,79.92,,
ESTAT:ISOC_CI_IN_H(1.0),25/06/26 23:00:00,A,PC_HH,HHI_Q2,CY,2008,38.34,,
ESTAT:ISOC_CI_IN_H(1.0),25/06/26 23:00:00,A,PC_HH,HHI_Q2,CY,2009,50.45,,
ESTAT:ISOC_CI_IN_H(1.0),25/06/26 23:00:00,A,PC_HH,HHI_Q2,CY,2010,51.72,,
ESTAT:ISOC_CI_IN_H(1.0),25/06/26 23:00:00,A,PC_HH,HHI_Q2,CY,2011,62.09,,
ESTAT:ISOC_CI_IN_H(1.0),25/06/26 23:00:00,A,PC_HH,HHI_Q2,CY,2012,68.74,,
ESTAT:ISOC_CI_IN_H(1.0),25/06/26 23:00:00,A,PC_HH,HHI_Q2,CY,2013,74.32,,
ESTAT:ISOC_CI_IN_H(1.0),25/06/26 23:00:00,A,PC_HH,HHI_Q2,CY,2014,82.16,,
ESTAT:ISOC_CI_IN_H(1.0),25/06/26 23:00:00,A,PC_HH,HHI_Q2,CY,2015,78.98,,
ESTAT:ISOC_CI_IN_H(1.0),25/06/26 23:00:00,A,PC_HH,HHI_Q2,CY,2016,85.12,,
ESTAT:ISOC_CI_IN_H(1.0),25/06/26 23:00:00,A,PC_HH,HHI_Q2,CY,2017,83.31,,
ESTAT:ISOC_CI_IN_H(1.0),25/06/26 23:00:00,A,PC_HH,HHI_Q2,CY,2018,88.43,,
ESTAT:ISOC_CI_IN_H(1.0),25/06/26 23:00:00,A,PC_HH,HHI_Q2,CY,2019,94.75,,
ESTAT:ISOC_CI_IN_H(1.0),25/06/26 23:00:00,A,PC_HH,HHI_Q2,CY,2020,93.91,,
ESTAT:ISOC_CI_IN_H(1.0),25/06/26 23:00:00,A,PC_HH,HHI_Q2,CZ,2008,26.95,,
ESTAT:ISOC_CI_IN_H(1.0),25/06/26 23:00:00,A,PC_HH,HHI_Q2,CZ,2009,42.00,,
ESTAT:ISOC_CI_IN_H(1.0),25/06/26 23:00:00,A,PC_HH,HHI_Q2,CZ,2010,44.32,,
ESTAT:ISOC_CI_IN_H(1.0),25/06/26 23:00:00,A,PC_HH,HHI_Q2,CZ,2011,49.12,,
ESTAT:ISOC_CI_IN_H(1.0),25/06/26 23:00:00,A,PC_HH,HHI_Q2,CZ,2012,55.90,,
ESTAT:ISOC_CI_IN_H(1.0),25/06/26 23:00:00,A,PC_HH,HHI_Q2,CZ,2013,54.40,,
ESTAT:ISOC_CI_IN_H(1.0),25/06/26 23:00:00,A,PC_HH,HHI_Q2,CZ,2014,61.92,,
ESTAT:ISOC_CI_IN_H(1.0),25/06/26 23:00:00,A,PC_HH,HHI_Q2,CZ,2015,61.37,,
ESTAT:ISOC_CI_IN_H(1.0),25/06/26 23:00:00,A,PC_HH,HHI_Q2,CZ,2016,63.72,,
ESTAT:ISOC_CI_IN_H(1.0),25/06/26 23:00:00,A,PC_HH,HHI_Q2,CZ,2017,74.82,b,
ESTAT:ISOC_CI_IN_H(1.0),25/06/26 23:00:00,A,PC_HH,HHI_Q2,CZ,2018,82.49,,
ESTAT:ISOC_CI_IN_H(1.0),25/06/26 23:00:00,A,PC_HH,HHI_Q2,CZ,2019,81.65,,
ESTAT:ISOC_CI_IN_H(1.0),25/06/26 23:00:00,A,PC_HH,HHI_Q2,CZ,2020,85.62,,
ESTAT:ISOC_CI_IN_H(1.0),25/06/26 23:00:00,A,PC_HH,HHI_Q2,DE,2006,56.58,,
ESTAT:ISOC_CI_IN_H(1.0),25/06/26 23:00:00,A,PC_HH,HHI_Q2,DE,2007,60.59,,
ESTAT:ISOC_CI_IN_H(1.0),25/06/26 23:00:00,A,PC_HH,HHI_Q2,DE,2008,63.69,,
ESTAT:ISOC_CI_IN_H(1.0),25/06/26 23:00:00,A,PC_HH,HHI_Q2,DE,2009,71.24,,
ESTAT:ISOC_CI_IN_H(1.0),25/06/26 23:00:00,A,PC_HH,HHI_Q2,DE,2011,79.99,,
ESTAT:ISOC_CI_IN_H(1.0),25/06/26 23:00:00,A,PC_HH,HHI_Q2,DE,2012,82.26,,
ESTAT:ISOC_CI_IN_H(1.0),25/06/26 23:00:00,A,PC_HH,HHI_Q2,DE,2013,83.93,,
ESTAT:ISOC_CI_IN_H(1.0),25/06/26 23:00:00,A,PC_HH,HHI_Q2,DE,2014,86.83,,
ESTAT:ISOC_CI_IN_H(1.0),25/06/26 23:00:00,A,PC_HH,HHI_Q2,DE,2015,87.55,,
ESTAT:ISOC_CI_IN_H(1.0),25/06/26 23:00:00,A,PC_HH,HHI_Q2,DE,2016,90.57,,
ESTAT:ISOC_CI_IN_H(1.0),25/06/26 23:00:00,A,PC_HH,HHI_Q2,DE,2017,93.63,,
ESTAT:ISOC_CI_IN_H(1.0),25/06/26 23:00:00,A,PC_HH,HHI_Q2,DE,2018,94.94,,
ESTAT:ISOC_CI_IN_H(1.0),25/06/26 23:00:00,A,PC_HH,HHI_Q2,DE,2019,95.46,,
ESTAT:ISOC_CI_IN_H(1.0),25/06/26 23:00:00,A,PC_HH,HHI_Q2,DE,2020,96.50,,
ESTAT:ISOC_CI_IN_H(1.0),25/06/26 23:00:00,A,PC_HH,HHI_Q2,DK,2006,75.82,,
ESTAT:ISOC_CI_IN_H(1.0),25/06/26 23:00:00,A,PC_HH,HHI_Q2,DK,2007,74.16,,
ESTAT:ISOC_CI_IN_H(1.0),25/06/26 23:00:00,A,PC_HH,HHI_Q2,DK,2008,69.36,,
ESTAT:ISOC_CI_IN_H(1.0),25/06/26 23:00:00,A,PC_HH,HHI_Q2,DK,2009,74.13,,
ESTAT:ISOC_CI_IN_H(1.0),25/06/26 23:00:00,A,PC_HH,HHI_Q2,DK,2010,74.60,,
ESTAT:ISOC_CI_IN_H(1.0),25/06/26 23:00:00,A,PC_HH,HHI_Q2,DK,2011,82.72,,
ESTAT:ISOC_CI_IN_H(1.0),25/06/26 23:00:00,A,PC_HH,HHI_Q2,DK,2012,87.19,,
ESTAT:ISOC_CI_IN_H(1.0),25/06/26 23:00:00,A,PC_HH,HHI_Q2,DK,2013,93.70,,
ESTAT:ISOC_CI_IN_H(1.0),25/06/26 23:00:00,A,PC_HH,HHI_Q2,DK,2014,89.38,,
ESTAT:ISOC_CI_IN_H(1.0),25/06/26 23:00:00,A,PC_HH,HHI_Q2,DK,2015,,u,
ESTAT:ISOC_CI_IN_H(1.0),25/06/26 23:00:00,A,PC_HH,HHI_Q2,DK,2016,93.96,,
ESTAT:ISOC_CI_IN_H(1.0),25/06/26 23:00:00,A,PC_HH,HHI_Q2,DK,2017,95.29,,
ESTAT:ISOC_CI_IN_H(1.0),25/06/26 23:00:00,A,PC_HH,HHI_Q2,DK,2018,88.10,,
ESTAT:ISOC_CI_IN_H(1.0),25/06/26 23:00:00,A,PC_HH,HHI_Q2,DK,2019,94.77,,
ESTAT:ISOC_CI_IN_H(1.0),25/06/26 23:00:00,A,PC_HH,HHI_Q2,DK,2020,92.43,,
ESTAT:ISOC_CI_IN_H(1.0),25/06/26 23:00:00,A,PC_HH,HHI_Q2,EA,2008,51.00,,
ESTAT:ISOC_CI_IN_H(1.0),25/06/26 23:00:00,A,PC_HH,HHI_Q2,EA,2009,58.83,,
ESTAT:ISOC_CI_IN_H(1.0),25/06/26 23:00:00,A,PC_HH,HHI_Q2,EA,2011,67.96,,
ESTAT:ISOC_CI_IN_H(1.0),25/06/26 23:00:00,A,PC_HH,HHI_Q2,EA,2012,70.74,,
ESTAT:ISOC_CI_IN_H(1.0),25/06/26 23:00:00,A,PC_HH,HHI_Q2,EA,2013,73.55,,
ESTAT:ISOC_CI_IN_H(1.0),25/06/26 23:00:00,A,PC_HH,HHI_Q2,EA,2014,78.91,,
ESTAT:ISOC_CI_IN_H(1.0),25/06/26 23:00:00,A,PC_HH,HHI_Q2,EA,2015,80.32,,
ESTAT:ISOC_CI_IN_H(1.0),25/06/26 23:00:00,A,PC_HH,HHI_Q2,EA,2016,83.06,,
ESTAT:ISOC_CI_IN_H(1.0),25/06/26 23:00:00,A,PC_HH,HHI_Q2,EA,2017,85.24,,
ESTAT:ISOC_CI_IN_H(1.0),25/06/26 23:00:00,A,PC_HH,HHI_Q2,EA,2018,87.41,,
ESTAT:ISOC_CI_IN_H(1.0),25/06/26 23:00:00,A,PC_HH,HHI_Q2,EA,2019,90.05,,
ESTAT:ISOC_CI_IN_H(1.0),25/06/26 23:00:00,A,PC_HH,HHI_Q2,EA,2020,91.28,e,
ESTAT:ISOC_CI_IN_H(1.0),25/06/26 23:00:00,A,PC_HH,HHI_Q2,EE,2008,60.45,,
ESTAT:ISOC_CI_IN_H(1.0),25/06/26 23:00:00,A,PC_HH,HHI_Q2,EE,2009,59.56,,
ESTAT:ISOC_CI_IN_H(1.0),25/06/26 23:00:00,A,PC_HH,HHI_Q2,EE,2010,67.48,,
ESTAT:ISOC_CI_IN_H(1.0),25/06/26 23:00:00,A,PC_HH,HHI_Q2,EE,2011,70.92,,
ESTAT:ISOC_CI_IN_H(1.0),25/06/26 23:00:00,A,PC_HH,HHI_Q2,EE,2012,70.24,,
ESTAT:ISOC_CI_IN_H(1.0),25/06/26 23:00:00,A,PC_HH,HHI_Q2,EE,2013,78.11,,
ESTAT:ISOC_CI_IN_H(1.0),25/06/26 23:00:00,A,PC_HH,HHI_Q2,EE,2014,81.99,b,
ESTAT:ISOC_CI_IN_H(1.0),25/06/26 23:00:00,A,PC_HH,HHI_Q2,EE,2015,86.25,,
ESTAT:ISOC_CI_IN_H(1.0),25/06/26 23:00:00,A,PC_HH,HHI_Q2,EE,2016,86.70,,
ESTAT:ISOC_CI_IN_H(1.0),25/06/26 23:00:00,A,PC_HH,HHI_Q2,EE,2017,89.19,,
ESTAT:ISOC_CI_IN_H(1.0),25/06/26 23:00:00,A,PC_HH,HHI_Q2,EE,2018,92.36,,
ESTAT:ISOC_CI_IN_H(1.0),25/06/26 23:00:00,A,PC_HH,HHI_Q2,EE,2019,91.91,,
ESTAT:ISOC_CI_IN_H(1.0),25/06/26 23:00:00,A,PC_HH,HHI_Q2,EE,2020,93.64,,
ESTAT:ISOC_CI_IN_H(1.0),25/06/26 23:00:00,A,PC_HH,HHI_Q2,EL,2008,14.88,,
ESTAT:ISOC_CI_IN_H(1.0),25/06/26 23:00:00,A,PC_HH,HHI_Q2,EL,2009,23.34,,
ESTAT:ISOC_CI_IN_H(1.0),25/06/26 23:00:00,A,PC_HH,HHI_Q2,EL,2010,38.09,,
ESTAT:ISOC_CI_IN_H(1.0),25/06/26 23:00:00,A,PC_HH,HHI_Q2,EL,2011,40.44,,
ESTAT:ISOC_CI_IN_H(1.0),25/06/26 23:00:00,A,PC_HH,HHI_Q2,EL,2012,54.60,,
ESTAT:ISOC_CI_IN_H(1.0),25/06/26 23:00:00,A,PC_HH,HHI_Q2,EL,2013,63.58,,
ESTAT:ISOC_CI_IN_H(1.0),25/06/26 23:00:00,A,PC_HH,HHI_Q2,EL,2014,65.12,,
ESTAT:ISOC_CI_IN_H(1.0),25/06/26 23:00:00,A,PC_HH,HHI_Q2,EL,2015,64.49,,
ESTAT:ISOC_CI_IN_H(1.0),25/06/26 23:00:00,A,PC_HH,HHI_Q2,EL,2016,63.30,,
ESTAT:ISOC_CI_IN_H(1.0),25/06/26 23:00:00,A,PC_HH,HHI_Q2,EL,2017,60.63,,
ESTAT:ISOC_CI_IN_H(1.0),25/06/26 23:00:00,A,PC_HH,HHI_Q2,EL,2018,69.31,,
ESTAT:ISOC_CI_IN_H(1.0),25/06/26 23:00:00,A,PC_HH,HHI_Q2,EL,2019,73.29,,
ESTAT:ISOC_CI_IN_H(1.0),25/06/26 23:00:00,A,PC_HH,HHI_Q2,EL,2020,73.15,,
ESTAT:ISOC_CI_IN_H(1.0),25/06/26 23:00:00,A,PC_HH,HHI_Q2,ES,2008,47.39,,
ESTAT:ISOC_CI_IN_H(1.0),25/06/26 23:00:00,A,PC_HH,HHI_Q2,ES,2009,52.79,,
ESTAT:ISOC_CI_IN_H(1.0),25/06/26 23:00:00,A,PC_HH,HHI_Q2,ES,2010,56.97,,
ESTAT:ISOC_CI_IN_H(1.0),25/06/26 23:00:00,A,PC_HH,HHI_Q2,ES,2011,64.74,,
ESTAT:ISOC_CI_IN_H(1.0),25/06/26 23:00:00,A,PC_HH,HHI_Q2,ES,2012,70.76,,
ESTAT:ISOC_CI_IN_H(1.0),25/06/26 23:00:00,A,PC_HH,HHI_Q2,ES,2013,68.47,,
ESTAT:ISOC_CI_IN_H(1.0),25/06/26 23:00:00,A,PC_HH,HHI_Q2,ES,2014,73.74,,
ESTAT:ISOC_CI_IN_H(1.0),25/06/26 23:00:00,A,PC_HH,HHI_Q2,ES,2015,78.12,,
ESTAT:ISOC_CI_IN_H(1.0),25/06/26 23:00:00,A,PC_HH,HHI_Q2,ES,2016,81.11,,
ESTAT:ISOC_CI_IN_H(1.0),25/06/26 23:00:00,A,PC_HH,HHI_Q2,ES,2017,81.43,,
ESTAT:ISOC_CI_IN_H(1.0),25/06/26 23:00:00,A,PC_HH,HHI_Q2,ES,2018,84.72,,
ESTAT:ISOC_CI_IN_H(1.0),25/06/26 23:00:00,A,PC_HH,HHI_Q2,ES,2019,90.49,,
ESTAT:ISOC_CI_IN_H(1.0),25/06/26 23:00:00,A,PC_HH,HHI_Q2,ES,2020,95.30,,
ESTAT:ISOC_CI_IN_H(1.0),25/06/26 23:00:00,A,PC_HH,HHI_Q2,EU15,2008,52.55,,
ESTAT:ISOC_CI_IN_H(1.0),25/06/26 23:00:00,A,PC_HH,HHI_Q2,EU15,2009,60.54,,
ESTAT:ISOC_CI_IN_H(1.0),25/06/26 23:00:00,A,PC_HH,HHI_Q2,EU15,2011,68.92,,
ESTAT:ISOC_CI_IN_H(1.0),25/06/26 23:00:00,A,PC_HH,HHI_Q2,EU15,2012,71.72,,
ESTAT:ISOC_CI_IN_H(1.0),25/06/26 23:00:00,A,PC_HH,HHI_Q2,EU15,2013,74.34,,
ESTAT:ISOC_CI_IN_H(1.0),25/06/26 23:00:00,A,PC_HH,HHI_Q2,EU15,2014,79.67,,
ESTAT:ISOC_CI_IN_H(1.0),25/06/26 23:00:00,A,PC_HH,HHI_Q2,EU15,2015,80.94,,
ESTAT:ISOC_CI_IN_H(1.0),25/06/26 23:00:00,A,PC_HH,HHI_Q2,EU15,2016,83.93,,
ESTAT:ISOC_CI_IN_H(1.0),25/06/26 23:00:00,A,PC_HH,HHI_Q2,EU15,2017,86.28,,
ESTAT:ISOC_CI_IN_H(1.0),25/06/26 23:00:00,A,PC_HH,HHI_Q2,EU15,2018,88.02,,
ESTAT:ISOC_CI_IN_H(1.0),25/06/26 23:00:00,A,PC_HH,HHI_Q2,EU25,2008,49.86,,
ESTAT:ISOC_CI_IN_H(1.0),25/06/26 23:00:00,A,PC_HH,HHI_Q2,EU25,2009,57.97,,
ESTAT:ISOC_CI_IN_H(1.0),25/06/26 23:00:00,A,PC_HH,HHI_Q2,EU27_2007,2008,47.58,,
ESTAT:ISOC_CI_IN_H(1.0),25/06/26 23:00:00,A,PC_HH,HHI_Q2,EU27_2007,2009,54.87,,
ESTAT:ISOC_CI_IN_H(1.0),25/06/26 23:00:00,A,PC_HH,HHI_Q2,EU27_2007,2011,65.07,,
ESTAT:ISOC_CI_IN_H(1.0),25/06/26 23:00:00,A,PC_HH,HHI_Q2,EU27_2007,2012,68.01,,
ESTAT:ISOC_CI_IN_H(1.0),25/06/26 23:00:00,A,PC_HH,HHI_Q2,EU27_2007,2013,71.07,,
ESTAT:ISOC_CI_IN_H(1.0),25/06/26 23:00:00,A,PC_HH,HHI_Q2,EU27_2007,2014,75.65,,
ESTAT:ISOC_CI_IN_H(1.0),25/06/26 23:00:00,A,PC_HH,HHI_Q2,EU27_2007,2015,77.33,,
ESTAT:ISOC_CI_IN_H(1.0),25/06/26 23:00:00,A,PC_HH,HHI_Q2,EU27_2007,2016,81.45,,
ESTAT:ISOC_CI_IN_H(1.0),25/06/26 23:00:00,A,PC_HH,HHI_Q2,EU27_2007,2017,83.67,,
ESTAT:ISOC_CI_IN_H(1.0),25/06/26 23:00:00,A,PC_HH,HHI_Q2,EU27_2007,2018,86.07,,
ESTAT:ISOC_CI_IN_H(1.0),25/06/26 23:00:00,A,PC_HH,HHI_Q2,EU27_2020,2008,47.03,,
ESTAT:ISOC_CI_IN_H(1.0),25/06/26 23:00:00,A,PC_HH,HHI_Q2,EU27_2020,2009,54.80,,
ESTAT:ISOC_CI_IN_H(1.0),25/06/26 23:00:00,A,PC_HH,HHI_Q2,EU27_2020,2010,55.11,,
ESTAT:ISOC_CI_IN_H(1.0),25/06/26 23:00:00,A,PC_HH,HHI_Q2,EU27_2020,2011,65.07,,
ESTAT:ISOC_CI_IN_H(1.0),25/06/26 23:00:00,A,PC_HH,HHI_Q2,EU27_2020,2012,68.01,,
ESTAT:ISOC_CI_IN_H(1.0),25/06/26 23:00:00,A,PC_HH,HHI_Q2,EU27_2020,2013,71.07,,
ESTAT:ISOC_CI_IN_H(1.0),25/06/26 23:00:00,A,PC_HH,HHI_Q2,EU27_2020,2014,75.65,,
ESTAT:ISOC_CI_IN_H(1.0),25/06/26 23:00:00,A,PC_HH,HHI_Q2,EU27_2020,2015,77.40,,
ESTAT:ISOC_CI_IN_H(1.0),25/06/26 23:00:00,A,PC_HH,HHI_Q2,EU27_2020,2016,81.45,,
ESTAT:ISOC_CI_IN_H(1.0),25/06/26 23:00:00,A,PC_HH,HHI_Q2,EU27_2020,2017,83.66,,
ESTAT:ISOC_CI_IN_H(1.0),25/06/26 23:00:00,A,PC_HH,HHI_Q2,EU27_2020,2018,86.09,,
ESTAT:ISOC_CI_IN_H(1.0),25/06/26 23:00:00,A,PC_HH,HHI_Q2,EU27_2020,2019,88.64,,
ESTAT:ISOC_CI_IN_H(1.0),25/06/26 23:00:00,A,PC_HH,HHI_Q2,EU27_2020,2020,90.74,e,
ESTAT:ISOC_CI_IN_H(1.0),25/06/26 23:00:00,A,PC_HH,HHI_Q2,EU28,2008,47.47,,
ESTAT:ISOC_CI_IN_H(1.0),25/06/26 23:00:00,A,PC_HH,HHI_Q2,EU28,2009,54.80,,
ESTAT:ISOC_CI_IN_H(1.0),25/06/26 23:00:00,A,PC_HH,HHI_Q2,EU28,2011,65.07,,
ESTAT:ISOC_CI_IN_H(1.0),25/06/26 23:00:00,A,PC_HH,HHI_Q2,EU28,2012,68.01,,
ESTAT:ISOC_CI_IN_H(1.0),25/06/26 23:00:00,A,PC_HH,HHI_Q2,EU28,2013,71.07,,
ESTAT:ISOC_CI_IN_H(1.0),25/06/26 23:00:00,A,PC_HH,HHI_Q2,EU28,2014,75.65,,
ESTAT:ISOC_CI_IN_H(1.0),25/06/26 23:00:00,A,PC_HH,HHI_Q2,EU28,2015,77.40,,
ESTAT:ISOC_CI_IN_H(1.0),25/06/26 23:00:00,A,PC_HH,HHI_Q2,EU28,2016,81.45,,
ESTAT:ISOC_CI_IN_H(1.0),25/06/26 23:00:00,A,PC_HH,HHI_Q2,EU28,2017,83.66,,
ESTAT:ISOC_CI_IN_H(1.0),25/06/26 23:00:00,A,PC_HH,HHI_Q2,EU28,2018,86.09,,
ESTAT:ISOC_CI_IN_H(1.0),25/06/26 23:00:00,A,PC_HH,HHI_Q2,EU28,2019,88.64,,
ESTAT:ISOC_CI_IN_H(1.0),25/06/26 23:00:00,A,PC_HH,HHI_Q2,FI,2006,47.14,,
ESTAT:ISOC_CI_IN_H(1.0),25/06/26 23:00:00,A,PC_HH,HHI_Q2,FI,2007,63.13,,
ESTAT:ISOC_CI_IN_H(1.0),25/06/26 23:00:00,A,PC_HH,HHI_Q2,FI,2008,64.57,,
ESTAT:ISOC_CI_IN_H(1.0),25/06/26 23:00:00,A,PC_HH,HHI_Q2,FI,2009,80.88,,
ESTAT:ISOC_CI_IN_H(1.0),25/06/26 23:00:00,A,PC_HH,HHI_Q2,FI,2010,84.92,,
ESTAT:ISOC_CI_IN_H(1.0),25/06/26 23:00:00,A,PC_HH,HHI_Q2,FI,2011,86.69,,
ESTAT:ISOC_CI_IN_H(1.0),25/06/26 23:00:00,A,PC_HH,HHI_Q2,FI,2012,85.90,,
ESTAT:ISOC_CI_IN_H(1.0),25/06/26 23:00:00,A,PC_HH,HHI_Q2,FI,2013,87.53,,
ESTAT:ISOC_CI_IN_H(1.0),25/06/26 23:00:00,A,PC_HH,HHI_Q2,FI,2014,89.46,,
ESTAT:ISOC_CI_IN_H(1.0),25/06/26 23:00:00,A,PC_HH,HHI_Q2,FI,2015,93.12,,
ESTAT:ISOC_CI_IN_H(1.0),25/06/26 23:00:00,A,PC_HH,HHI_Q2,FI,2016,93.01,,
ESTAT:ISOC_CI_IN_H(1.0),25/06/26 23:00:00,A,PC_HH,HHI_Q2,FI,2017,94.95,,
ESTAT:ISOC_CI_IN_H(1.0),25/06/26 23:00:00,A,PC_HH,HHI_Q2,FI,2018,95.38,,
ESTAT:ISOC_CI_IN_H(1.0),25/06/26 23:00:00,A,PC_HH,HHI_Q2,FI,2019,96.03,,
ESTAT:ISOC_CI_IN_H(1.0),25/06/26 23:00:00,A,PC_HH,HHI_Q2,FI,2020,97.91,,
ESTAT:ISOC_CI_IN_H(1.0),25/06/26 23:00:00,A,PC_HH,HHI_Q2,FR,2006,34.08,,
ESTAT:ISOC_CI_IN_H(1.0),25/06/26 23:00:00,A,PC_HH,HHI_Q2,FR,2013,76.23,,
ESTAT:ISOC_CI_IN_H(1.0),25/06/26 23:00:00,A,PC_HH,HHI_Q2,FR,2014,76.58,,
ESTAT:ISOC_CI_IN_H(1.0),25/06/26 23:00:00,A,PC_HH,HHI_Q2,FR,2015,77.87,,
ESTAT:ISOC_CI_IN_H(1.0),25/06/26 23:00:00,A,PC_HH,HHI_Q2,FR,2016,82.08,,
ESTAT:ISOC_CI_IN_H(1.0),25/06/26 23:00:00,A,PC_HH,HHI_Q2,FR,2017,81.98,,
ESTAT:ISOC_CI_IN_H(1.0),25/06/26 23:00:00,A,PC_HH,HHI_Q2,FR,2018,85.13,,
ESTAT:ISOC_CI_IN_H(1.0),25/06/26 23:00:00,A,PC_HH,HHI_Q2,FR,2019,88.21,,
ESTAT:ISOC_CI_IN_H(1.0),25/06/26 23:00:00,A,PC_HH,HHI_Q2,HR,2007,20.72,,
ESTAT:ISOC_CI_IN_H(1.0),25/06/26 23:00:00,A,PC_HH,HHI_Q2,HR,2008,33.92,,
ESTAT:ISOC_CI_IN_H(1.0),25/06/26 23:00:00,A,PC_HH,HHI_Q2,HR,2009,47.30,,
ESTAT:ISOC_CI_IN_H(1.0),25/06/26 23:00:00,A,PC_HH,HHI_Q2,HR,2015,84.88,,
ESTAT:ISOC_CI_IN_H(1.0),25/06/26 23:00:00,A,PC_HH,HHI_Q2,HR,2016,81.83,,
ESTAT:ISOC_CI_IN_H(1.0),25/06/26 23:00:00,A,PC_HH,HHI_Q2,HR,2017,82.86,,
ESTAT:ISOC_CI_IN_H(1.0),25/06/26 23:00:00,A,PC_HH,HHI_Q2,HR,2018,89.42,,
ESTAT:ISOC_CI_IN_H(1.0),25/06/26 23:00:00,A,PC_HH,HHI_Q2,HR,2019,86.13,,
ESTAT:ISOC_CI_IN_H(1.0),25/06/26 23:00:00,A,PC_HH,HHI_Q2,HR,2020,92.44,,
ESTAT:ISOC_CI_IN_H(1.0),25/06/26 23:00:00,A,PC_HH,HHI_Q2,HU,2005,8.46,,
ESTAT:ISOC_CI_IN_H(1.0),25/06/26 23:00:00,A,PC_HH,HHI_Q2,HU,2006,25.04,,
ESTAT:ISOC_CI_IN_H(1.0),25/06/26 23:00:00,A,PC_HH,HHI_Q2,HU,2007,28.12,,
ESTAT:ISOC_CI_IN_H(1.0),25/06/26 23:00:00,A,PC_HH,HHI_Q2,HU,2008,38.00,,
ESTAT:ISOC_CI_IN_H(1.0),25/06/26 23:00:00,A,PC_HH,HHI_Q2,HU,2009,45.56,,
ESTAT:ISOC_CI_IN_H(1.0),25/06/26 23:00:00,A,PC_HH,HHI_Q2,HU,2010,50.17,,
ESTAT:ISOC_CI_IN_H(1.0),25/06/26 23:00:00,A,PC_HH,HHI_Q2,HU,2011,54.39,,
ESTAT:ISOC_CI_IN_H(1.0),25/06/26 23:00:00,A,PC_HH,HHI_Q2,HU,2012,58.42,,
ESTAT:ISOC_CI_IN_H(1.0),25/06/26 23:00:00,A,PC_HH,HHI_Q2,HU,2013,60.05,,
ESTAT:ISOC_CI_IN_H(1.0),25/06/26 23:00:00,A,PC_HH,HHI_Q2,HU,2014,62.72,,
ESTAT:ISOC_CI_IN_H(1.0),25/06/26 23:00:00,A,PC_HH,HHI_Q2,HU,2015,63.08,,
ESTAT:ISOC_CI_IN_H(1.0),25/06/26 23:00:00,A,PC_HH,HHI_Q2,HU,2016,63.20,,
ESTAT:ISOC_CI_IN_H(1.0),25/06/26 23:00:00,A,PC_HH,HHI_Q2,HU,2017,66.74,,
ESTAT:ISOC_CI_IN_H(1.0),25/06/26 23:00:00,A,PC_HH,HHI_Q2,HU,2018,63.82,,
ESTAT:ISOC_CI_IN_H(1.0),25/06/26 23:00:00,A,PC_HH,HHI_Q2,HU,2019,65.11,,
ESTAT:ISOC_CI_IN_H(1.0),25/06/26 23:00:00,A,PC_HH,HHI_Q2,HU,2020,86.30,,
ESTAT:ISOC_CI_IN_H(1.0),25/06/26 23:00:00,A,PC_HH,HHI_Q2,IE,2018,74.44,,
ESTAT:ISOC_CI_IN_H(1.0),25/06/26 23:00:00,A,PC_HH,HHI_Q2,IE,2020,93.88,,
ESTAT:ISOC_CI_IN_H(1.0),25/06/26 23:00:00,A,PC_HH,HHI_Q2,IS,2005,91.43,,
ESTAT:ISOC_CI_IN_H(1.0),25/06/26 23:00:00,A,PC_HH,HHI_Q2,IS,2006,72.72,,
ESTAT:ISOC_CI_IN_H(1.0),25/06/26 23:00:00,A,PC_HH,HHI_Q2,IS,2007,83.75,,
ESTAT:ISOC_CI_IN_H(1.0),25/06/26 23:00:00,A,PC_HH,HHI_Q2,IS,2008,86.22,,
ESTAT:ISOC_CI_IN_H(1.0),25/06/26 23:00:00,A,PC_HH,HHI_Q2,IS,2009,87.29,,
ESTAT:ISOC_CI_IN_H(1.0),25/06/26 23:00:00,A,PC_HH,HHI_Q2,IS,2010,91.51,,
ESTAT:ISOC_CI_IN_H(1.0),25/06/26 23:00:00,A,PC_HH,HHI_Q2,IS,2011,98.50,,
ESTAT:ISOC_CI_IN_H(1.0),25/06/26 23:00:00,A,PC_HH,HHI_Q2,IS,2012,97.89,,
ESTAT:ISOC_CI_IN_H(1.0),25/06/26 23:00:00,A,PC_HH,HHI_Q2,IS,2013,98.81,,
ESTAT:ISOC_CI_IN_H(1.0),25/06/26 23:00:00,A,PC_HH,HHI_Q2,IS,2014,97.32,,
ESTAT:ISOC_CI_IN_H(1.0),25/06/26 23:00:00,A,PC_HH,HHI_Q2,IS,2017,99.38,,
ESTAT:ISOC_CI_IN_H(1.0),25/06/26 23:00:00,A,PC_HH,HHI_Q2,IT,2008,,u,
ESTAT:ISOC_CI_IN_H(1.0),25/06/26 23:00:00,A,PC_HH,HHI_Q2,IT,2009,,u,
ESTAT:ISOC_CI_IN_H(1.0),25/06/26 23:00:00,A,PC_HH,HHI_Q2,IT,2010,,u,
ESTAT:ISOC_CI_IN_H(1.0),25/06/26 23:00:00,A,PC_HH,HHI_Q2,IT,2011,50.98,,
ESTAT:ISOC_CI_IN_H(1.0),25/06/26 23:00:00,A,PC_HH,HHI_Q2,IT,2012,52.87,,
ESTAT:ISOC_CI_IN_H(1.0),25/06/26 23:00:00,A,PC_HH,HHI_Q2,IT,2013,60.31,,
ESTAT:ISOC_CI_IN_H(1.0),25/06/26 23:00:00,A,PC_HH,HHI_Q2,LT,2005,6.49,,
ESTAT:ISOC_CI_IN_H(1.0),25/06/26 23:00:00,A,PC_HH,HHI_Q2,LT,2006,22.97,,
ESTAT:ISOC_CI_IN_H(1.0),25/06/26 23:00:00,A,PC_HH,HHI_Q2,LT,2007,27.97,,
ESTAT:ISOC_CI_IN_H(1.0),25/06/26 23:00:00,A,PC_HH,HHI_Q2,LT,2008,30.52,,
ESTAT:ISOC_CI_IN_H(1.0),25/06/26 23:00:00,A,PC_HH,HHI_Q2,LT,2009,42.04,,
ESTAT:ISOC_CI_IN_H(1.0),25/06/26 23:00:00,A,PC_HH,HHI_Q2,LT,2010,55.92,,
ESTAT:ISOC_CI_IN_H(1.0),25/06/26 23:00:00,A,PC_HH,HHI_Q2,LT,2011,51.32,,
ESTAT:ISOC_CI_IN_H(1.0),25/06/26 23:00:00,A,PC_HH,HHI_Q2,LT,2012,51.07,,
ESTAT:ISOC_CI_IN_H(1.0),25/06/26 23:00:00,A,PC_HH,HHI_Q2,LT,2013,52.85,,
ESTAT:ISOC_CI_IN_H(1.0),25/06/26 23:00:00,A,PC_HH,HHI_Q2,LT,2014,51.92,,
ESTAT:ISOC_CI_IN_H(1.0),25/06/26 23:00:00,A,PC_HH,HHI_Q2,LT,2015,66.59,,
ESTAT:ISOC_CI_IN_H(1.0),25/06/26 23:00:00,A,PC_HH,HHI_Q2,LT,2016,69.16,,
ESTAT:ISOC_CI_IN_H(1.0),25/06/26 23:00:00,A,PC_HH,HHI_Q2,LT,2017,70.40,,
ESTAT:ISOC_CI_IN_H(1.0),25/06/26 23:00:00,A,PC_HH,HHI_Q2,LT,2018,75.49,,
ESTAT:ISOC_CI_IN_H(1.0),25/06/26 23:00:00,A,PC_HH,HHI_Q2,LT,2019,78.51,,
ESTAT:ISOC_CI_IN_H(1.0),25/06/26 23:00:00,A,PC_HH,HHI_Q2,LT,2020,81.80,,
ESTAT:ISOC_CI_IN_H(1.0),25/06/26 23:00:00,A,PC_HH,HHI_Q2,LU,2006,59.00,,
ESTAT:ISOC_CI_IN_H(1.0),25/06/26 23:00:00,A,PC_HH,HHI_Q2,LU,2007,70.32,,
ESTAT:ISOC_CI_IN_H(1.0),25/06/26 23:00:00,A,PC_HH,HHI_Q2,LU,2008,76.43,,
ESTAT:ISOC_CI_IN_H(1.0),25/06/26 23:00:00,A,PC_HH,HHI_Q2,LU,2009,75.83,,
ESTAT:ISOC_CI_IN_H(1.0),25/06/26 23:00:00,A,PC_HH,HHI_Q2,LU,2010,85.19,,
ESTAT:ISOC_CI_IN_H(1.0),25/06/26 23:00:00,A,PC_HH,HHI_Q2,LU,2011,84.70,,
ESTAT:ISOC_CI_IN_H(1.0),25/06/26 23:00:00,A,PC_HH,HHI_Q2,LU,2012,96.18,,
ESTAT:ISOC_CI_IN_H(1.0),25/06/26 23:00:00,A,PC_HH,HHI_Q2,LU,2013,94.76,,
ESTAT:ISOC_CI_IN_H(1.0),25/06/26 23:00:00,A,PC_HH,HHI_Q2,LU,2014,95.49,,
ESTAT:ISOC_CI_IN_H(1.0),25/06/26 23:00:00,A,PC_HH,HHI_Q2,LU,2015,97.21,,
ESTAT:ISOC_CI_IN_H(1.0),25/06/26 23:00:00,A,PC_HH,HHI_Q2,LU,2016,97.78,,
ESTAT:ISOC_CI_IN_H(1.0),25/06/26 23:00:00,A,PC_HH,HHI_Q2,LU,2017,99.08,,
ESTAT:ISOC_CI_IN_H(1.0),25/06/26 23:00:00,A,PC_HH,HHI_Q2,LU,2018,94.42,b,
ESTAT:ISOC_CI_IN_H(1.0),25/06/26 23:00:00,A,PC_HH,HHI_Q2,LU,2019,95.95,,
ESTAT:ISOC_CI_IN_H(1.0),25/06/26 23:00:00,A,PC_HH,HHI_Q2,LU,2020,93.97,,
ESTAT:ISOC_CI_IN_H(1.0),25/06/26 23:00:00,A,PC_HH,HHI_Q2,LV,2005,18.43,,
ESTAT:ISOC_CI_IN_H(1.0),25/06/26 23:00:00,A,PC_HH,HHI_Q2,LV,2006,26.14,,
ESTAT:ISOC_CI_IN_H(1.0),25/06/26 23:00:00,A,PC_HH,HHI_Q2,LV,2007,34.19,,
ESTAT:ISOC_CI_IN_H(1.0),25/06/26 23:00:00,A,PC_HH,HHI_Q2,LV,2008,38.40,,
ESTAT:ISOC_CI_IN_H(1.0),25/06/26 23:00:00,A,PC_HH,HHI_Q2,LV,2009,46.82,,
ESTAT:ISOC_CI_IN_H(1.0),25/06/26 23:00:00,A,PC_HH,HHI_Q2,LV,2010,49.49,,
ESTAT:ISOC_CI_IN_H(1.0),25/06/26 23:00:00,A,PC_HH,HHI_Q2,LV,2011,57.00,,
ESTAT:ISOC_CI_IN_H(1.0),25/06/26 23:00:00,A,PC_HH,HHI_Q2,LV,2012,60.85,,
ESTAT:ISOC_CI_IN_H(1.0),25/06/26 23:00:00,A,PC_HH,HHI_Q2,LV,2013,65.45,,
ESTAT:ISOC_CI_IN_H(1.0),25/06/26 23:00:00,A,PC_HH,HHI_Q2,LV,2014,78.75,,
ESTAT:ISOC_CI_IN_H(1.0),25/06/26 23:00:00,A,PC_HH,HHI_Q2,LV,2015,77.49,,
ESTAT:ISOC_CI_IN_H(1.0),25/06/26 23:00:00,A,PC_HH,HHI_Q2,LV,2016,76.78,b,
ESTAT:ISOC_CI_IN_H(1.0),25/06/26 23:00:00,A,PC_HH,HHI_Q2,LV,2017,79.59,b,
ESTAT:ISOC_CI_IN_H(1.0),25/06/26 23:00:00,A,PC_HH,HHI_Q2,LV,2018,83.25,,
ESTAT:ISOC_CI_IN_H(1.0),25/06/26 23:00:00,A,PC_HH,HHI_Q2,LV,2019,87.05,,
ESTAT:ISOC_CI_IN_H(1.0),25/06/26 23:00:00,A,PC_HH,HHI_Q2,LV,2020,89.85,,
ESTAT:ISOC_CI_IN_H(1.0),25/06/26 23:00:00,A,PC_HH,HHI_Q2,MK,2009,34.21,,
ESTAT:ISOC_CI_IN_H(1.0),25/06/26 23:00:00,A,PC_HH,HHI_Q2,MK,2010,35.10,,
ESTAT:ISOC_CI_IN_H(1.0),25/06/26 23:00:00,A,PC_HH,HHI_Q2,MK,2012,48.25,,
ESTAT:ISOC_CI_IN_H(1.0),25/06/26 23:00:00,A,PC_HH,HHI_Q2,MK,2013,60.17,,
ESTAT:ISOC_CI_IN_H(1.0),25/06/26 23:00:00,A,PC_HH,HHI_Q2,MK,2014,54.20,,
ESTAT:ISOC_CI_IN_H(1.0),25/06/26 23:00:00,A,PC_HH,HHI_Q2,MK,2015,67.69,,
ESTAT:ISOC_CI_IN_H(1.0),25/06/26 23:00:00,A,PC_HH,HHI_Q2,MK,2016,72.47,,
ESTAT:ISOC_CI_IN_H(1.0),25/06/26 23:00:00,A,PC_HH,HHI_Q2,MK,2017,75.99,,
ESTAT:ISOC_CI_IN_H(1.0),25/06/26 23:00:00,A,PC_HH,HHI_Q2,MK,2018,80.57,,
ESTAT:ISOC_CI_IN_H(1.0),25/06/26 23:00:00,A,PC_HH,HHI_Q2,MK,2019,81.30,,
ESTAT:ISOC_CI_IN_H(1.0),25/06/26 23:00:00,A,PC_HH,HHI_Q2,MK,2020,82.37,,
ESTAT:ISOC_CI_IN_H(1.0),25/06/26 23:00:00,A,PC_HH,HHI_Q2,MT,2005,41.61,,
ESTAT:ISOC_CI_IN_H(1.0),25/06/26 23:00:00,A,PC_HH,HHI_Q2,MT,2006,56.38,,
ESTAT:ISOC_CI_IN_H(1.0),25/06/26 23:00:00,A,PC_HH,HHI_Q2,MT,2007,52.51,,
ESTAT:ISOC_CI_IN_H(1.0),25/06/26 23:00:00,A,PC_HH,HHI_Q2,MT,2008,58.68,,
ESTAT:ISOC_CI_IN_H(1.0),25/06/26 23:00:00,A,PC_HH,HHI_Q2,MT,2009,66.38,,
ESTAT:ISOC_CI_IN_H(1.0),25/06/26 23:00:00,A,PC_HH,HHI_Q2,MT,2010,77.88,,
ESTAT:ISOC_CI_IN_H(1.0),25/06/26 23:00:00,A,PC_HH,HHI_Q2,MT,2011,80.64,,
ESTAT:ISOC_CI_IN_H(1.0),25/06/26 23:00:00,A,PC_HH,HHI_Q2,MT,2012,78.05,,
ESTAT:ISOC_CI_IN_H(1.0),25/06/26 23:00:00,A,PC_HH,HHI_Q2,MT,2013,75.83,,
ESTAT:ISOC_CI_IN_H(1.0),25/06/26 23:00:00,A,PC_HH,HHI_Q2,MT,2014,77.28,,
ESTAT:ISOC_CI_IN_H(1.0),25/06/26 23:00:00,A,PC_HH,HHI_Q2,NL,2007,78.22,,
ESTAT:ISOC_CI_IN_H(1.0),25/06/26 23:00:00,A,PC_HH,HHI_Q2,NL,2008,82.60,,
ESTAT:ISOC_CI_IN_H(1.0),25/06/26 23:00:00,A,PC_HH,HHI_Q2,NL,2009,88.63,,
ESTAT:ISOC_CI_IN_H(1.0),25/06/26 23:00:00,A,PC_HH,HHI_Q2,NL,2010,89.88,,
ESTAT:ISOC_CI_IN_H(1.0),25/06/26 23:00:00,A,PC_HH,HHI_Q2,NL,2011,94.05,,
ESTAT:ISOC_CI_IN_H(1.0),25/06/26 23:00:00,A,PC_HH,HHI_Q2,NL,2012,96.49,,
ESTAT:ISOC_CI_IN_H(1.0),25/06/26 23:00:00,A,PC_HH,HHI_Q2,NL,2013,90.04,,
ESTAT:ISOC_CI_IN_H(1.0),25/06/26 23:00:00,A,PC_HH,HHI_Q2,NL,2014,93.81,,
ESTAT:ISOC_CI_IN_H(1.0),25/06/26 23:00:00,A,PC_HH,HHI_Q2,NL,2015,93.31,,
ESTAT:ISOC_CI_IN_H(1.0),25/06/26 23:00:00,A,PC_HH,HHI_Q2,NL,2016,94.29,,
ESTAT:ISOC_CI_IN_H(1.0),25/06/26 23:00:00,A,PC_HH,HHI_Q2,NL,2017,97.25,,
ESTAT:ISOC_CI_IN_H(1.0),25/06/26 23:00:00,A,PC_HH,HHI_Q2,NL,2018,96.86,,
ESTAT:ISOC_CI_IN_H(1.0),25/06/26 23:00:00,A,PC_HH,HHI_Q2,NL,2019,98.13,,
ESTAT:ISOC_CI_IN_H(1.0),25/06/26 23:00:00,A,PC_HH,HHI_Q2,NL,2020,96.78,,
ESTAT:ISOC_CI_IN_H(1.0),25/06/26 23:00:00,A,PC_HH,HHI_Q2,NO,2005,54.08,,
ESTAT:ISOC_CI_IN_H(1.0),25/06/26 23:00:00,A,PC_HH,HHI_Q2,NO,2006,53.82,,
ESTAT:ISOC_CI_IN_H(1.0),25/06/26 23:00:00,A,PC_HH,HHI_Q2,NO,2007,68.41,,
ESTAT:ISOC_CI_IN_H(1.0),25/06/26 23:00:00,A,PC_HH,HHI_Q2,NO,2008,87.72,,
ESTAT:ISOC_CI_IN_H(1.0),25/06/26 23:00:00,A,PC_HH,HHI_Q2,NO,2009,92.71,,
ESTAT:ISOC_CI_IN_H(1.0),25/06/26 23:00:00,A,PC_HH,HHI_Q2,NO,2010,95.35,,
ESTAT:ISOC_CI_IN_H(1.0),25/06/26 23:00:00,A,PC_HH,HHI_Q2,NO,2011,93.90,,
ESTAT:ISOC_CI_IN_H(1.0),25/06/26 23:00:00,A,PC_HH,HHI_Q2,NO,2012,97.89,,
ESTAT:ISOC_CI_IN_H(1.0),25/06/26 23:00:00,A,PC_HH,HHI_Q2,NO,2013,95.74,,
ESTAT:ISOC_CI_IN_H(1.0),25/06/26 23:00:00,A,PC_HH,HHI_Q2,NO,2014,93.89,,
ESTAT:ISOC_CI_IN_H(1.0),25/06/26 23:00:00,A,PC_HH,HHI_Q2,NO,2015,98.56,,
ESTAT:ISOC_CI_IN_H(1.0),25/06/26 23:00:00,A,PC_HH,HHI_Q2,NO,2016,97.59,,
ESTAT:ISOC_CI_IN_H(1.0),25/06/26 23:00:00,A,PC_HH,HHI_Q2,NO,2017,98.92,,
ESTAT:ISOC_CI_IN_H(1.0),25/06/26 23:00:00,A,PC_HH,HHI_Q2,NO,2018,95.63,,
ESTAT:ISOC_CI_IN_H(1.0),25/06/26 23:00:00,A,PC_HH,HHI_Q2,NO,2019,99.80,,
ESTAT:ISOC_CI_IN_H(1.0),25/06/26 23:00:00,A,PC_HH,HHI_Q2,NO,2020,98.06,,
ESTAT:ISOC_CI_IN_H(1.0),25/06/26 23:00:00,A,PC_HH,HHI_Q2,PL,2005,22.32,,
ESTAT:ISOC_CI_IN_H(1.0),25/06/26 23:00:00,A,PC_HH,HHI_Q2,PL,2006,27.97,,
ESTAT:ISOC_CI_IN_H(1.0),25/06/26 23:00:00,A,PC_HH,HHI_Q2,PL,2007,27.61,,
ESTAT:ISOC_CI_IN_H(1.0),25/06/26 23:00:00,A,PC_HH,HHI_Q2,PL,2008,35.61,,
ESTAT:ISOC_CI_IN_H(1.0),25/06/26 23:00:00,A,PC_HH,HHI_Q2,PL,2009,50.60,,
ESTAT:ISOC_CI_IN_H(1.0),25/06/26 23:00:00,A,PC_HH,HHI_Q2,PL,2010,61.66,,
ESTAT:ISOC_CI_IN_H(1.0),25/06/26 23:00:00,A,PC_HH,HHI_Q2,PL,2011,61.98,,
ESTAT:ISOC_CI_IN_H(1.0),25/06/26 23:00:00,A,PC_HH,HHI_Q2,PL,2012,66.81,,
ESTAT:ISOC_CI_IN_H(1.0),25/06/26 23:00:00,A,PC_HH,HHI_Q2,PL,2013,68.23,,
ESTAT:ISOC_CI_IN_H(1.0),25/06/26 23:00:00,A,PC_HH,HHI_Q2,PL,2014,72.34,,
ESTAT:ISOC_CI_IN_H(1.0),25/06/26 23:00:00,A,PC_HH,HHI_Q2,PL,2015,74.61,,
ESTAT:ISOC_CI_IN_H(1.0),25/06/26 23:00:00,A,PC_HH,HHI_Q2,PL,2016,80.43,,
ESTAT:ISOC_CI_IN_H(1.0),25/06/26 23:00:00,A,PC_HH,HHI_Q2,PL,2017,84.42,,
ESTAT:ISOC_CI_IN_H(1.0),25/06/26 23:00:00,A,PC_HH,HHI_Q2,PL,2018,85.73,,
ESTAT:ISOC_CI_IN_H(1.0),25/06/26 23:00:00,A,PC_HH,HHI_Q2,PL,2019,87.32,,
ESTAT:ISOC_CI_IN_H(1.0),25/06/26 23:00:00,A,PC_HH,HHI_Q2,PL,2020,91.93,,
ESTAT:ISOC_CI_IN_H(1.0),25/06/26 23:00:00,A,PC_HH,HHI_Q2,PT,2008,30.01,,
ESTAT:ISOC_CI_IN_H(1.0),25/06/26 23:00:00,A,PC_HH,HHI_Q2,PT,2009,25.87,,
ESTAT:ISOC_CI_IN_H(1.0),25/06/26 23:00:00,A,PC_HH,HHI_Q2,PT,2010,33.51,,
ESTAT:ISOC_CI_IN_H(1.0),25/06/26 23:00:00,A,PC_HH,HHI_Q2,PT,2011,44.73,,
ESTAT:ISOC_CI_IN_H(1.0),25/06/26 23:00:00,A,PC_HH,HHI_Q2,PT,2012,48.95,,
ESTAT:ISOC_CI_IN_H(1.0),25/06/26 23:00:00,A,PC_HH,HHI_Q2,PT,2013,51.59,,
ESTAT:ISOC_CI_IN_H(1.0),25/06/26 23:00:00,A,PC_HH,HHI_Q2,PT,2014,49.91,,
ESTAT:ISOC_CI_IN_H(1.0),25/06/26 23:00:00,A,PC_HH,HHI_Q2,PT,2015,56.45,,
ESTAT:ISOC_CI_IN_H(1.0),25/06/26 23:00:00,A,PC_HH,HHI_Q2,PT,2016,66.55,,
ESTAT:ISOC_CI_IN_H(1.0),25/06/26 23:00:00,A,PC_HH,HHI_Q2,PT,2017,70.79,,
ESTAT:ISOC_CI_IN_H(1.0),25/06/26 23:00:00,A,PC_HH,HHI_Q2,PT,2018,74.99,,
ESTAT:ISOC_CI_IN_H(1.0),25/06/26 23:00:00,A,PC_HH,HHI_Q2,PT,2019,74.24,,
ESTAT:ISOC_CI_IN_H(1.0),25/06/26 23:00:00,A,PC_HH,HHI_Q2,PT,2020,81.52,,
ESTAT:ISOC_CI_IN_H(1.0),25/06/26 23:00:00,A,PC_HH,HHI_Q2,RO,2008,11.20,,
ESTAT:ISOC_CI_IN_H(1.0),25/06/26 23:00:00,A,PC_HH,HHI_Q2,RO,2009,15.76,,
ESTAT:ISOC_CI_IN_H(1.0),25/06/26 23:00:00,A,PC_HH,HHI_Q2,RO,2010,26.75,,
ESTAT:ISOC_CI_IN_H(1.0),25/06/26 23:00:00,A,PC_HH,HHI_Q2,RO,2011,32.14,,
ESTAT:ISOC_CI_IN_H(1.0),25/06/26 23:00:00,A,PC_HH,HHI_Q2,RO,2012,36.58,,
ESTAT:ISOC_CI_IN_H(1.0),25/06/26 23:00:00,A,PC_HH,HHI_Q2,RO,2013,41.26,,
ESTAT:ISOC_CI_IN_H(1.0),25/06/26 23:00:00,A,PC_HH,HHI_Q2,RO,2014,46.32,b,
ESTAT:ISOC_CI_IN_H(1.0),25/06/26 23:00:00,A,PC_HH,HHI_Q2,RO,2015,57.38,,
ESTAT:ISOC_CI_IN_H(1.0),25/06/26 23:00:00,A,PC_HH,HHI_Q2,RO,2016,62.82,,
ESTAT:ISOC_CI_IN_H(1.0),25/06/26 23:00:00,A,PC_HH,HHI_Q2,RO,2017,68.94,,
ESTAT:ISOC_CI_IN_H(1.0),25/06/26 23:00:00,A,PC_HH,HHI_Q2,RO,2018,72.26,,
ESTAT:ISOC_CI_IN_H(1.0),25/06/26 23:00:00,A,PC_HH,HHI_Q2,RO,2019,76.65,,
ESTAT:ISOC_CI_IN_H(1.0),25/06/26 23:00:00,A,PC_HH,HHI_Q2,RO,2020,81.52,,
ESTAT:ISOC_CI_IN_H(1.0),25/06/26 23:00:00,A,PC_HH,HHI_Q2,SE,2006,76.77,,
ESTAT:ISOC_CI_IN_H(1.0),25/06/26 23:00:00,A,PC_HH,HHI_Q2,SE,2007,80.11,,
ESTAT:ISOC_CI_IN_H(1.0),25/06/26 23:00:00,A,PC_HH,HHI_Q2,SE,2008,83.15,,
ESTAT:ISOC_CI_IN_H(1.0),25/06/26 23:00:00,A,PC_HH,HHI_Q2,SE,2009,86.39,,
ESTAT:ISOC_CI_IN_H(1.0),25/06/26 23:00:00,A,PC_HH,HHI_Q2,SE,2010,89.11,,
ESTAT:ISOC_CI_IN_H(1.0),25/06/26 23:00:00,A,PC_HH,HHI_Q2,SE,2011,88.32,,
ESTAT:ISOC_CI_IN_H(1.0),25/06/26 23:00:00,A,PC_HH,HHI_Q2,SE,2012,90.15,,
ESTAT:ISOC_CI_IN_H(1.0),25/06/26 23:00:00,A,PC_HH,HHI_Q2,SE,2013,91.98,,
ESTAT:ISOC_CI_IN_H(1.0),25/06/26 23:00:00,A,PC_HH,HHI_Q2,SE,2014,90.26,,
ESTAT:ISOC_CI_IN_H(1.0),25/06/26 23:00:00,A,PC_HH,HHI_Q2,SE,2015,,u,
ESTAT:ISOC_CI_IN_H(1.0),25/06/26 23:00:00,A,PC_HH,HHI_Q2,SE,2016,95.10,b,
ESTAT:ISOC_CI_IN_H(1.0),25/06/26 23:00:00,A,PC_HH,HHI_Q2,SE,2017,96.63,,
ESTAT:ISOC_CI_IN_H(1.0),25/06/26 23:00:00,A,PC_HH,HHI_Q2,SE,2018,98.50,,
ESTAT:ISOC_CI_IN_H(1.0),25/06/26 23:00:00,A,PC_HH,HHI_Q2,SE,2019,97.34,,
ESTAT:ISOC_CI_IN_H(1.0),25/06/26 23:00:00,A,PC_HH,HHI_Q2,SE,2020,98.02,,
ESTAT:ISOC_CI_IN_H(1.0),25/06/26 23:00:00,A,PC_HH,HHI_Q2,SI,2005,34.05,,
ESTAT:ISOC_CI_IN_H(1.0),25/06/26 23:00:00,A,PC_HH,HHI_Q2,SI,2006,43.07,,
ESTAT:ISOC_CI_IN_H(1.0),25/06/26 23:00:00,A,PC_HH,HHI_Q2,SI,2007,50.72,,
ESTAT:ISOC_CI_IN_H(1.0),25/06/26 23:00:00,A,PC_HH,HHI_Q2,SI,2008,39.18,,
ESTAT:ISOC_CI_IN_H(1.0),25/06/26 23:00:00,A,PC_HH,HHI_Q2,SI,2009,48.94,,
ESTAT:ISOC_CI_IN_H(1.0),25/06/26 23:00:00,A,PC_HH,HHI_Q2,SI,2010,56.57,,
ESTAT:ISOC_CI_IN_H(1.0),25/06/26 23:00:00,A,PC_HH,HHI_Q2,SI,2011,70.02,,
ESTAT:ISOC_CI_IN_H(1.0),25/06/26 23:00:00,A,PC_HH,HHI_Q2,SI,2012,67.85,,
ESTAT:ISOC_CI_IN_H(1.0),25/06/26 23:00:00,A,PC_HH,HHI_Q2,SI,2013,73.78,,
ESTAT:ISOC_CI_IN_H(1.0),25/06/26 23:00:00,A,PC_HH,HHI_Q2,SI,2014,69.00,,
ESTAT:ISOC_CI_IN_H(1.0),25/06/26 23:00:00,A,PC_HH,HHI_Q2,SI,2015,74.94,,
ESTAT:ISOC_CI_IN_H(1.0),25/06/26 23:00:00,A,PC_HH,HHI_Q2,SI,2016,75.82,,
ESTAT:ISOC_CI_IN_H(1.0),25/06/26 23:00:00,A,PC_HH,HHI_Q2,SI,2017,78.42,,
ESTAT:ISOC_CI_IN_H(1.0),25/06/26 23:00:00,A,PC_HH,HHI_Q2,SI,2018,89.59,,
ESTAT:ISOC_CI_IN_H(1.0),25/06/26 23:00:00,A,PC_HH,HHI_Q2,SI,2019,88.63,,
ESTAT:ISOC_CI_IN_H(1.0),25/06/26 23:00:00,A,PC_HH,HHI_Q2,SI,2020,91.02,,
ESTAT:ISOC_CI_IN_H(1.0),25/06/26 23:00:00,A,PC_HH,HHI_Q2,SK,2005,29.48,,
ESTAT:ISOC_CI_IN_H(1.0),25/06/26 23:00:00,A,PC_HH,HHI_Q2,SK,2006,17.24,,
ESTAT:ISOC_CI_IN_H(1.0),25/06/26 23:00:00,A,PC_HH,HHI_Q2,SK,2007,36.41,,
ESTAT:ISOC_CI_IN_H(1.0),25/06/26 23:00:00,A,PC_HH,HHI_Q2,SK,2008,54.08,,
ESTAT:ISOC_CI_IN_H(1.0),25/06/26 23:00:00,A,PC_HH,HHI_Q2,SK,2009,55.61,,
ESTAT:ISOC_CI_IN_H(1.0),25/06/26 23:00:00,A,PC_HH,HHI_Q2,SK,2010,63.38,,
ESTAT:ISOC_CI_IN_H(1.0),25/06/26 23:00:00,A,PC_HH,HHI_Q2,SK,2011,77.49,,
ESTAT:ISOC_CI_IN_H(1.0),25/06/26 23:00:00,A,PC_HH,HHI_Q2,SK,2012,79.90,,
ESTAT:ISOC_CI_IN_H(1.0),25/06/26 23:00:00,A,PC_HH,HHI_Q2,SK,2013,78.74,,
ESTAT:ISOC_CI_IN_H(1.0),25/06/26 23:00:00,A,PC_HH,HHI_Q2,SK,2014,79.64,,
ESTAT:ISOC_CI_IN_H(1.0),25/06/26 23:00:00,A,PC_HH,HHI_Q2,SK,2015,80.31,,
ESTAT:ISOC_CI_IN_H(1.0),25/06/26 23:00:00,A,PC_HH,HHI_Q2,SK,2016,80.41,b,
ESTAT:ISOC_CI_IN_H(1.0),25/06/26 23:00:00,A,PC_HH,HHI_Q2,SK,2017,74.44,,
ESTAT:ISOC_CI_IN_H(1.0),25/06/26 23:00:00,A,PC_HH,HHI_Q2,SK,2018,83.80,,
ESTAT:ISOC_CI_IN_H(1.0),25/06/26 23:00:00,A,PC_HH,HHI_Q2,SK,2019,75.26,,
ESTAT:ISOC_CI_IN_H(1.0),25/06/26 23:00:00,A,PC_HH,HHI_Q2,SK,2020,80.08,,
ESTAT:ISOC_CI_IN_H(1.0),25/06/26 23:00:00,A,PC_HH,HHI_Q2,UK,2008,51.24,,
ESTAT:ISOC_CI_IN_H(1.0),25/06/26 23:00:00,A,PC_HH,HHI_Q2,XK,2017,89.52,,
ESTAT:ISOC_CI_IN_H(1.0),25/06/26 23:00:00,A,PC_HH,HHI_Q2,XK,2018,91.38,,
ESTAT:ISOC_CI_IN_H(1.0),25/06/26 23:00:00,A,PC_HH,HHI_Q2,XK,2019,94.62,,
ESTAT:ISOC_CI_IN_H(1.0),25/06/26 23:00:00,A,PC_HH,HHI_Q2,XK,2020,95.03,,
ESTAT:ISOC_CI_IN_H(1.0),25/06/26 23:00:00,A,PC_HH,HHI_Q3,AT,2008,72.43,,
ESTAT:ISOC_CI_IN_H(1.0),25/06/26 23:00:00,A,PC_HH,HHI_Q3,AT,2009,78.20,,
ESTAT:ISOC_CI_IN_H(1.0),25/06/26 23:00:00,A,PC_HH,HHI_Q3,AT,2011,84.70,,
ESTAT:ISOC_CI_IN_H(1.0),25/06/26 23:00:00,A,PC_HH,HHI_Q3,AT,2012,87.06,,
ESTAT:ISOC_CI_IN_H(1.0),25/06/26 23:00:00,A,PC_HH,HHI_Q3,AT,2013,88.18,,
ESTAT:ISOC_CI_IN_H(1.0),25/06/26 23:00:00,A,PC_HH,HHI_Q3,AT,2014,85.93,,
ESTAT:ISOC_CI_IN_H(1.0),25/06/26 23:00:00,A,PC_HH,HHI_Q3,AT,2015,86.93,,
ESTAT:ISOC_CI_IN_H(1.0),25/06/26 23:00:00,A,PC_HH,HHI_Q3,AT,2016,87.57,,
ESTAT:ISOC_CI_IN_H(1.0),25/06/26 23:00:00,A,PC_HH,HHI_Q3,AT,2017,89.48,,
ESTAT:ISOC_CI_IN_H(1.0),25/06/26 23:00:00,A,PC_HH,HHI_Q3,AT,2018,93.53,,
ESTAT:ISOC_CI_IN_H(1.0),25/06/26 23:00:00,A,PC_HH,HHI_Q3,AT,2019,92.89,,
ESTAT:ISOC_CI_IN_H(1.0),25/06/26 23:00:00,A,PC_HH,HHI_Q3,AT,2020,91.81,,
ESTAT:ISOC_CI_IN_H(1.0),25/06/26 23:00:00,A,PC_HH,HHI_Q3,BE,2006,,u,
ESTAT:ISOC_CI_IN_H(1.0),25/06/26 23:00:00,A,PC_HH,HHI_Q3,BE,2007,,u,
ESTAT:ISOC_CI_IN_H(1.0),25/06/26 23:00:00,A,PC_HH,HHI_Q3,BE,2008,77.07,,
ESTAT:ISOC_CI_IN_H(1.0),25/06/26 23:00:00,A,PC_HH,HHI_Q3,BE,2009,80.92,,
ESTAT:ISOC_CI_IN_H(1.0),25/06/26 23:00:00,A,PC_HH,HHI_Q3,BE,2010,85.18,,
ESTAT:ISOC_CI_IN_H(1.0),25/06/26 23:00:00,A,PC_HH,HHI_Q3,BE,2011,86.73,,
ESTAT:ISOC_CI_IN_H(1.0),25/06/26 23:00:00,A,PC_HH,HHI_Q3,BE,2012,86.85,,
ESTAT:ISOC_CI_IN_H(1.0),25/06/26 23:00:00,A,PC_HH,HHI_Q3,BE,2013,89.31,,
ESTAT:ISOC_CI_IN_H(1.0),25/06/26 23:00:00,A,PC_HH,HHI_Q3,BE,2014,90.39,,
ESTAT:ISOC_CI_IN_H(1.0),25/06/26 23:00:00,A,PC_HH,HHI_Q3,BE,2015,88.05,,
ESTAT:ISOC_CI_IN_H(1.0),25/06/26 23:00:00,A,PC_HH,HHI_Q3,BE,2016,92.07,,
ESTAT:ISOC_CI_IN_H(1.0),25/06/26 23:00:00,A,PC_HH,HHI_Q3,BE,2017,91.28,,
ESTAT:ISOC_CI_IN_H(1.0),25/06/26 23:00:00,A,PC_HH,HHI_Q3,BE,2018,92.54,,
ESTAT:ISOC_CI_IN_H(1.0),25/06/26 23:00:00,A,PC_HH,HHI_Q3,BE,2019,94.03,,
ESTAT:ISOC_CI_IN_H(1.0),25/06/26 23:00:00,A,PC_HH,HHI_Q3,BE,2020,95.48,,
ESTAT:ISOC_CI_IN_H(1.0),25/06/26 23:00:00,A,PC_HH,HHI_Q3,BG,2008,33.31,,
ESTAT:ISOC_CI_IN_H(1.0),25/06/26 23:00:00,A,PC_HH,HHI_Q3,BG,2009,32.82,,
ESTAT:ISOC_CI_IN_H(1.0),25/06/26 23:00:00,A,PC_HH,HHI_Q3,BG,2010,40.59,,
ESTAT:ISOC_CI_IN_H(1.0),25/06/26 23:00:00,A,PC_HH,HHI_Q3,BG,2011,56.37,,
ESTAT:ISOC_CI_IN_H(1.0),25/06/26 23:00:00,A,PC_HH,HHI_Q3,BG,2012,72.65,,
ESTAT:ISOC_CI_IN_H(1.0),25/06/26 23:00:00,A,PC_HH,HHI_Q3,BG,2013,73.93,,
ESTAT:ISOC_CI_IN_H(1.0),25/06/26 23:00:00,A,PC_HH,HHI_Q3,BG,2014,73.53,,
ESTAT:ISOC_CI_IN_H(1.0),25/06/26 23:00:00,A,PC_HH,HHI_Q3,BG,2015,82.31,,
ESTAT:ISOC_CI_IN_H(1.0),25/06/26 23:00:00,A,PC_HH,HHI_Q3,BG,2016,84.67,,
ESTAT:ISOC_CI_IN_H(1.0),25/06/26 23:00:00,A,PC_HH,HHI_Q3,BG,2017,90.31,,
ESTAT:ISOC_CI_IN_H(1.0),25/06/26 23:00:00,A,PC_HH,HHI_Q3,BG,2018,94.20,,
ESTAT:ISOC_CI_IN_H(1.0),25/06/26 23:00:00,A,PC_HH,HHI_Q3,BG,2019,93.57,,
ESTAT:ISOC_CI_IN_H(1.0),25/06/26 23:00:00,A,PC_HH,HHI_Q3,BG,2020,96.20,,
ESTAT:ISOC_CI_IN_H(1.0),25/06/26 23:00:00,A,PC_HH,HHI_Q3,CY,2008,59.03,,
ESTAT:ISOC_CI_IN_H(1.0),25/06/26 23:00:00,A,PC_HH,HHI_Q3,CY,2009,72.34,,
ESTAT:ISOC_CI_IN_H(1.0),25/06/26 23:00:00,A,PC_HH,HHI_Q3,CY,2010,76.25,,
ESTAT:ISOC_CI_IN_H(1.0),25/06/26 23:00:00,A,PC_HH,HHI_Q3,CY,2011,81.87,,
ESTAT:ISOC_CI_IN_H(1.0),25/06/26 23:00:00,A,PC_HH,HHI_Q3,CY,2012,83.94,,
ESTAT:ISOC_CI_IN_H(1.0),25/06/26 23:00:00,A,PC_HH,HHI_Q3,CY,2013,90.04,,
ESTAT:ISOC_CI_IN_H(1.0),25/06/26 23:00:00,A,PC_HH,HHI_Q3,CY,2014,93.24,,
ESTAT:ISOC_CI_IN_H(1.0),25/06/26 23:00:00,A,PC_HH,HHI_Q3,CY,2015,93.46,,
ESTAT:ISOC_CI_IN_H(1.0),25/06/26 23:00:00,A,PC_HH,HHI_Q3,CY,2016,93.50,,
ESTAT:ISOC_CI_IN_H(1.0),25/06/26 23:00:00,A,PC_HH,HHI_Q3,CY,2017,95.10,,
ESTAT:ISOC_CI_IN_H(1.0),25/06/26 23:00:00,A,PC_HH,HHI_Q3,CY,2018,97.13,,
ESTAT:ISOC_CI_IN_H(1.0),25/06/26 23:00:00,A,PC_HH,HHI_Q3,CY,2019,98.91,,
ESTAT:ISOC_CI_IN_H(1.0),25/06/26 23:00:00,A,PC_HH,HHI_Q3,CY,2020,98.06,,
ESTAT:ISOC_CI_IN_H(1.0),25/06/26 23:00:00,A,PC_HH,HHI_Q3,CZ,2008,49.48,,
ESTAT:ISOC_CI_IN_H(1.0),25/06/26 23:00:00,A,PC_HH,HHI_Q3,CZ,2009,72.27,,
ESTAT:ISOC_CI_IN_H(1.0),25/06/26 23:00:00,A,PC_HH,HHI_Q3,CZ,2010,71.66,,
ESTAT:ISOC_CI_IN_H(1.0),25/06/26 23:00:00,A,PC_HH,HHI_Q3,CZ,2011,77.31,,
ESTAT:ISOC_CI_IN_H(1.0),25/06/26 23:00:00,A,PC_HH,HHI_Q3,CZ,2012,85.73,,
ESTAT:ISOC_CI_IN_H(1.0),25/06/26 23:00:00,A,PC_HH,HHI_Q3,CZ,2013,86.93,,
ESTAT:ISOC_CI_IN_H(1.0),25/06/26 23:00:00,A,PC_HH,HHI_Q3,CZ,2014,87.56,,
ESTAT:ISOC_CI_IN_H(1.0),25/06/26 23:00:00,A,PC_HH,HHI_Q3,CZ,2015,87.02,,
ESTAT:ISOC_CI_IN_H(1.0),25/06/26 23:00:00,A,PC_HH,HHI_Q3,CZ,2016,89.39,,
ESTAT:ISOC_CI_IN_H(1.0),25/06/26 23:00:00,A,PC_HH,HHI_Q3,CZ,2017,94.11,b,
ESTAT:ISOC_CI_IN_H(1.0),25/06/26 23:00:00,A,PC_HH,HHI_Q3,CZ,2018,96.76,,
ESTAT:ISOC_CI_IN_H(1.0),25/06/26 23:00:00,A,PC_HH,HHI_Q3,CZ,2019,97.02,,
ESTAT:ISOC_CI_IN_H(1.0),25/06/26 23:00:00,A,PC_HH,HHI_Q3,CZ,2020,96.82,,
ESTAT:ISOC_CI_IN_H(1.0),25/06/26 23:00:00,A,PC_HH,HHI_Q3,DE,2006,72.42,,
ESTAT:ISOC_CI_IN_H(1.0),25/06/26 23:00:00,A,PC_HH,HHI_Q3,DE,2007,76.96,,
ESTAT:ISOC_CI_IN_H(1.0),25/06/26 23:00:00,A,PC_HH,HHI_Q3,DE,2008,80.81,,
ESTAT:ISOC_CI_IN_H(1.0),25/06/26 23:00:00,A,PC_HH,HHI_Q3,DE,2009,84.58,,
ESTAT:ISOC_CI_IN_H(1.0),25/06/26 23:00:00,A,PC_HH,HHI_Q3,DE,2011,90.04,,
ESTAT:ISOC_CI_IN_H(1.0),25/06/26 23:00:00,A,PC_HH,HHI_Q3,DE,2012,92.85,,
ESTAT:ISOC_CI_IN_H(1.0),25/06/26 23:00:00,A,PC_HH,HHI_Q3,DE,2013,93.78,,
ESTAT:ISOC_CI_IN_H(1.0),25/06/26 23:00:00,A,PC_HH,HHI_Q3,DE,2014,94.89,,
ESTAT:ISOC_CI_IN_H(1.0),25/06/26 23:00:00,A,PC_HH,HHI_Q3,DE,2015,94.77,,
ESTAT:ISOC_CI_IN_H(1.0),25/06/26 23:00:00,A,PC_HH,HHI_Q3,DE,2016,96.35,,
ESTAT:ISOC_CI_IN_H(1.0),25/06/26 23:00:00,A,PC_HH,HHI_Q3,DE,2017,97.45,,
ESTAT:ISOC_CI_IN_H(1.0),25/06/26 23:00:00,A,PC_HH,HHI_Q3,DE,2018,98.16,,
ESTAT:ISOC_CI_IN_H(1.0),25/06/26 23:00:00,A,PC_HH,HHI_Q3,DE,2019,98.84,,
ESTAT:ISOC_CI_IN_H(1.0),25/06/26 23:00:00,A,PC_HH,HHI_Q3,DE,2020,99.20,,
ESTAT:ISOC_CI_IN_H(1.0),25/06/26 23:00:00,A,PC_HH,HHI_Q3,DK,2006,88.20,,
ESTAT:ISOC_CI_IN_H(1.0),25/06/26 23:00:00,A,PC_HH,HHI_Q3,DK,2007,91.37,,
ESTAT:ISOC_CI_IN_H(1.0),25/06/26 23:00:00,A,PC_HH,HHI_Q3,DK,2008,89.08,,
ESTAT:ISOC_CI_IN_H(1.0),25/06/26 23:00:00,A,PC_HH,HHI_Q3,DK,2009,81.62,,
ESTAT:ISOC_CI_IN_H(1.0),25/06/26 23:00:00,A,PC_HH,HHI_Q3,DK,2010,85.87,,
ESTAT:ISOC_CI_IN_H(1.0),25/06/26 23:00:00,A,PC_HH,HHI_Q3,DK,2011,93.27,,
ESTAT:ISOC_CI_IN_H(1.0),25/06/26 23:00:00,A,PC_HH,HHI_Q3,DK,2012,88.01,,
ESTAT:ISOC_CI_IN_H(1.0),25/06/26 23:00:00,A,PC_HH,HHI_Q3,DK,2013,98.07,,
ESTAT:ISOC_CI_IN_H(1.0),25/06/26 23:00:00,A,PC_HH,HHI_Q3,DK,2014,96.34,,
ESTAT:ISOC_CI_IN_H(1.0),25/06/26 23:00:00,A,PC_HH,HHI_Q3,DK,2015,,u,
ESTAT:ISOC_CI_IN_H(1.0),25/06/26 23:00:00,A,PC_HH,HHI_Q3,DK,2016,96.56,,
ESTAT:ISOC_CI_IN_H(1.0),25/06/26 23:00:00,A,PC_HH,HHI_Q3,DK,2017,99.37,,
ESTAT:ISOC_CI_IN_H(1.0),25/06/26 23:00:00,A,PC_HH,HHI_Q3,DK,2018,97.59,,
ESTAT:ISOC_CI_IN_H(1.0),25/06/26 23:00:00,A,PC_HH,HHI_Q3,DK,2019,98.18,,
ESTAT:ISOC_CI_IN_H(1.0),25/06/26 23:00:00,A,PC_HH,HHI_Q3,DK,2020,98.09,,
ESTAT:ISOC_CI_IN_H(1.0),25/06/26 23:00:00,A,PC_HH,HHI_Q3,EA,2008,70.52,,
ESTAT:ISOC_CI_IN_H(1.0),25/06/26 23:00:00,A,PC_HH,HHI_Q3,EA,2009,74.80,,
ESTAT:ISOC_CI_IN_H(1.0),25/06/26 23:00:00,A,PC_HH,HHI_Q3,EA,2011,82.55,,
ESTAT:ISOC_CI_IN_H(1.0),25/06/26 23:00:00,A,PC_HH,HHI_Q3,EA,2012,85.31,,
ESTAT:ISOC_CI_IN_H(1.0),25/06/26 23:00:00,A,PC_HH,HHI_Q3,EA,2013,87.66,,
ESTAT:ISOC_CI_IN_H(1.0),25/06/26 23:00:00,A,PC_HH,HHI_Q3,EA,2014,91.80,,
ESTAT:ISOC_CI_IN_H(1.0),25/06/26 23:00:00,A,PC_HH,HHI_Q3,EA,2015,91.63,,
ESTAT:ISOC_CI_IN_H(1.0),25/06/26 23:00:00,A,PC_HH,HHI_Q3,EA,2016,93.18,,
ESTAT:ISOC_CI_IN_H(1.0),25/06/26 23:00:00,A,PC_HH,HHI_Q3,EA,2017,94.25,,
ESTAT:ISOC_CI_IN_H(1.0),25/06/26 23:00:00,A,PC_HH,HHI_Q3,EA,2018,95.27,,
ESTAT:ISOC_CI_IN_H(1.0),25/06/26 23:00:00,A,PC_HH,HHI_Q3,EA,2019,96.45,,
ESTAT:ISOC_CI_IN_H(1.0),25/06/26 23:00:00,A,PC_HH,HHI_Q3,EA,2020,96.69,e,
ESTAT:ISOC_CI_IN_H(1.0),25/06/26 23:00:00,A,PC_HH,HHI_Q3,EE,2008,77.29,,
ESTAT:ISOC_CI_IN_H(1.0),25/06/26 23:00:00,A,PC_HH,HHI_Q3,EE,2009,79.60,,
ESTAT:ISOC_CI_IN_H(1.0),25/06/26 23:00:00,A,PC_HH,HHI_Q3,EE,2010,82.40,,
ESTAT:ISOC_CI_IN_H(1.0),25/06/26 23:00:00,A,PC_HH,HHI_Q3,EE,2011,87.42,,
ESTAT:ISOC_CI_IN_H(1.0),25/06/26 23:00:00,A,PC_HH,HHI_Q3,EE,2012,88.36,,
ESTAT:ISOC_CI_IN_H(1.0),25/06/26 23:00:00,A,PC_HH,HHI_Q3,EE,2013,90.61,,
ESTAT:ISOC_CI_IN_H(1.0),25/06/26 23:00:00,A,PC_HH,HHI_Q3,EE,2014,93.19,b,
ESTAT:ISOC_CI_IN_H(1.0),25/06/26 23:00:00,A,PC_HH,HHI_Q3,EE,2015,95.82,,
ESTAT:ISOC_CI_IN_H(1.0),25/06/26 23:00:00,A,PC_HH,HHI_Q3,EE,2016,96.37,,
ESTAT:ISOC_CI_IN_H(1.0),25/06/26 23:00:00,A,PC_HH,HHI_Q3,EE,2017,96.34,,
ESTAT:ISOC_CI_IN_H(1.0),25/06/26 23:00:00,A,PC_HH,HHI_Q3,EE,2018,95.75,,
ESTAT:ISOC_CI_IN_H(1.0),25/06/26 23:00:00,A,PC_HH,HHI_Q3,EE,2019,97.05,,
ESTAT:ISOC_CI_IN_H(1.0),25/06/26 23:00:00,A,PC_HH,HHI_Q3,EE,2020,97.57,,
ESTAT:ISOC_CI_IN_H(1.0),25/06/26 23:00:00,A,PC_HH,HHI_Q3,EL,2008,32.58,,
ESTAT:ISOC_CI_IN_H(1.0),25/06/26 23:00:00,A,PC_HH,HHI_Q3,EL,2009,39.19,,
ESTAT:ISOC_CI_IN_H(1.0),25/06/26 23:00:00,A,PC_HH,HHI_Q3,EL,2010,53.46,,
ESTAT:ISOC_CI_IN_H(1.0),25/06/26 23:00:00,A,PC_HH,HHI_Q3,EL,2011,64.40,,
ESTAT:ISOC_CI_IN_H(1.0),25/06/26 23:00:00,A,PC_HH,HHI_Q3,EL,2012,83.73,,
ESTAT:ISOC_CI_IN_H(1.0),25/06/26 23:00:00,A,PC_HH,HHI_Q3,EL,2013,87.38,,
ESTAT:ISOC_CI_IN_H(1.0),25/06/26 23:00:00,A,PC_HH,HHI_Q3,EL,2014,84.87,,
ESTAT:ISOC_CI_IN_H(1.0),25/06/26 23:00:00,A,PC_HH,HHI_Q3,EL,2015,86.12,,
ESTAT:ISOC_CI_IN_H(1.0),25/06/26 23:00:00,A,PC_HH,HHI_Q3,EL,2016,86.25,,
ESTAT:ISOC_CI_IN_H(1.0),25/06/26 23:00:00,A,PC_HH,HHI_Q3,EL,2017,81.38,,
ESTAT:ISOC_CI_IN_H(1.0),25/06/26 23:00:00,A,PC_HH,HHI_Q3,EL,2018,86.72,,
ESTAT:ISOC_CI_IN_H(1.0),25/06/26 23:00:00,A,PC_HH,HHI_Q3,EL,2019,87.75,,
ESTAT:ISOC_CI_IN_H(1.0),25/06/26 23:00:00,A,PC_HH,HHI_Q3,EL,2020,89.82,,
ESTAT:ISOC_CI_IN_H(1.0),25/06/26 23:00:00,A,PC_HH,HHI_Q3,ES,2008,71.21,,
ESTAT:ISOC_CI_IN_H(1.0),25/06/26 23:00:00,A,PC_HH,HHI_Q3,ES,2009,73.68,,
ESTAT:ISOC_CI_IN_H(1.0),25/06/26 23:00:00,A,PC_HH,HHI_Q3,ES,2010,80.08,,
ESTAT:ISOC_CI_IN_H(1.0),25/06/26 23:00:00,A,PC_HH,HHI_Q3,ES,2011,85.66,,
ESTAT:ISOC_CI_IN_H(1.0),25/06/26 23:00:00,A,PC_HH,HHI_Q3,ES,2012,87.54,,
ESTAT:ISOC_CI_IN_H(1.0),25/06/26 23:00:00,A,PC_HH,HHI_Q3,ES,2013,86.86,,
ESTAT:ISOC_CI_IN_H(1.0),25/06/26 23:00:00,A,PC_HH,HHI_Q3,ES,2014,91.13,,
ESTAT:ISOC_CI_IN_H(1.0),25/06/26 23:00:00,A,PC_HH,HHI_Q3,ES,2015,92.43,,
ESTAT:ISOC_CI_IN_H(1.0),25/06/26 23:00:00,A,PC_HH,HHI_Q3,ES,2016,93.95,,
ESTAT:ISOC_CI_IN_H(1.0),25/06/26 23:00:00,A,PC_HH,HHI_Q3,ES,2017,94.43,,
ESTAT:ISOC_CI_IN_H(1.0),25/06/26 23:00:00,A,PC_HH,HHI_Q3,ES,2018,95.78,,
ESTAT:ISOC_CI_IN_H(1.0),25/06/26 23:00:00,A,PC_HH,HHI_Q3,ES,2019,97.38,,
ESTAT:ISOC_CI_IN_H(1.0),25/06/26 23:00:00,A,PC_HH,HHI_Q3,ES,2020,98.97,,
ESTAT:ISOC_CI_IN_H(1.0),25/06/26 23:00:00,A,PC_HH,HHI_Q3,EU15,2008,72.35,,
ESTAT:ISOC_CI_IN_H(1.0),25/06/26 23:00:00,A,PC_HH,HHI_Q3,EU15,2009,75.20,,
ESTAT:ISOC_CI_IN_H(1.0),25/06/26 23:00:00,A,PC_HH,HHI_Q3,EU15,2011,82.90,,
ESTAT:ISOC_CI_IN_H(1.0),25/06/26 23:00:00,A,PC_HH,HHI_Q3,EU15,2012,85.41,,
ESTAT:ISOC_CI_IN_H(1.0),25/06/26 23:00:00,A,PC_HH,HHI_Q3,EU15,2013,87.93,,
ESTAT:ISOC_CI_IN_H(1.0),25/06/26 23:00:00,A,PC_HH,HHI_Q3,EU15,2014,91.93,,
ESTAT:ISOC_CI_IN_H(1.0),25/06/26 23:00:00,A,PC_HH,HHI_Q3,EU15,2015,91.72,,
ESTAT:ISOC_CI_IN_H(1.0),25/06/26 23:00:00,A,PC_HH,HHI_Q3,EU15,2016,93.42,,
ESTAT:ISOC_CI_IN_H(1.0),25/06/26 23:00:00,A,PC_HH,HHI_Q3,EU15,2017,94.68,,
ESTAT:ISOC_CI_IN_H(1.0),25/06/26 23:00:00,A,PC_HH,HHI_Q3,EU15,2018,95.70,,
ESTAT:ISOC_CI_IN_H(1.0),25/06/26 23:00:00,A,PC_HH,HHI_Q3,EU25,2008,69.92,,
ESTAT:ISOC_CI_IN_H(1.0),25/06/26 23:00:00,A,PC_HH,HHI_Q3,EU25,2009,74.39,,
ESTAT:ISOC_CI_IN_H(1.0),25/06/26 23:00:00,A,PC_HH,HHI_Q3,EU27_2007,2008,67.20,,
ESTAT:ISOC_CI_IN_H(1.0),25/06/26 23:00:00,A,PC_HH,HHI_Q3,EU27_2007,2009,71.16,,
ESTAT:ISOC_CI_IN_H(1.0),25/06/26 23:00:00,A,PC_HH,HHI_Q3,EU27_2007,2011,80.21,,
ESTAT:ISOC_CI_IN_H(1.0),25/06/26 23:00:00,A,PC_HH,HHI_Q3,EU27_2007,2012,83.46,,
ESTAT:ISOC_CI_IN_H(1.0),25/06/26 23:00:00,A,PC_HH,HHI_Q3,EU27_2007,2013,86.00,,
ESTAT:ISOC_CI_IN_H(1.0),25/06/26 23:00:00,A,PC_HH,HHI_Q3,EU27_2007,2014,89.42,,
ESTAT:ISOC_CI_IN_H(1.0),25/06/26 23:00:00,A,PC_HH,HHI_Q3,EU27_2007,2015,89.78,,
ESTAT:ISOC_CI_IN_H(1.0),25/06/26 23:00:00,A,PC_HH,HHI_Q3,EU27_2007,2016,91.77,,
ESTAT:ISOC_CI_IN_H(1.0),25/06/26 23:00:00,A,PC_HH,HHI_Q3,EU27_2007,2017,93.63,,
ESTAT:ISOC_CI_IN_H(1.0),25/06/26 23:00:00,A,PC_HH,HHI_Q3,EU27_2007,2018,94.74,,
ESTAT:ISOC_CI_IN_H(1.0),25/06/26 23:00:00,A,PC_HH,HHI_Q3,EU27_2020,2008,65.80,,
ESTAT:ISOC_CI_IN_H(1.0),25/06/26 23:00:00,A,PC_HH,HHI_Q3,EU27_2020,2009,70.99,,
ESTAT:ISOC_CI_IN_H(1.0),25/06/26 23:00:00,A,PC_HH,HHI_Q3,EU27_2020,2010,71.70,,
ESTAT:ISOC_CI_IN_H(1.0),25/06/26 23:00:00,A,PC_HH,HHI_Q3,EU27_2020,2011,80.21,,
ESTAT:ISOC_CI_IN_H(1.0),25/06/26 23:00:00,A,PC_HH,HHI_Q3,EU27_2020,2012,83.46,,
ESTAT:ISOC_CI_IN_H(1.0),25/06/26 23:00:00,A,PC_HH,HHI_Q3,EU27_2020,2013,86.00,,
ESTAT:ISOC_CI_IN_H(1.0),25/06/26 23:00:00,A,PC_HH,HHI_Q3,EU27_2020,2014,89.42,,
ESTAT:ISOC_CI_IN_H(1.0),25/06/26 23:00:00,A,PC_HH,HHI_Q3,EU27_2020,2015,89.81,,
ESTAT:ISOC_CI_IN_H(1.0),25/06/26 23:00:00,A,PC_HH,HHI_Q3,EU27_2020,2016,91.78,,
ESTAT:ISOC_CI_IN_H(1.0),25/06/26 23:00:00,A,PC_HH,HHI_Q3,EU27_2020,2017,93.63,,
ESTAT:ISOC_CI_IN_H(1.0),25/06/26 23:00:00,A,PC_HH,HHI_Q3,EU27_2020,2018,94.75,,
ESTAT:ISOC_CI_IN_H(1.0),25/06/26 23:00:00,A,PC_HH,HHI_Q3,EU27_2020,2019,96.04,,
ESTAT:ISOC_CI_IN_H(1.0),25/06/26 23:00:00,A,PC_HH,HHI_Q3,EU27_2020,2020,96.57,e,
ESTAT:ISOC_CI_IN_H(1.0),25/06/26 23:00:00,A,PC_HH,HHI_Q3,EU28,2008,67.13,,
ESTAT:ISOC_CI_IN_H(1.0),25/06/26 23:00:00,A,PC_HH,HHI_Q3,EU28,2009,70.99,,
ESTAT:ISOC_CI_IN_H(1.0),25/06/26 23:00:00,A,PC_HH,HHI_Q3,EU28,2011,80.21,,
ESTAT:ISOC_CI_IN_H(1.0),25/06/26 23:00:00,A,PC_HH,HHI_Q3,EU28,2012,83.46,,
ESTAT:ISOC_CI_IN_H(1.0),25/06/26 23:00:00,A,PC_HH,HHI_Q3,EU28,2013,86.00,,
ESTAT:ISOC_CI_IN_H(1.0),25/06/26 23:00:00,A,PC_HH,HHI_Q3,EU28,2014,89.42,,
ESTAT:ISOC_CI_IN_H(1.0),25/06/26 23:00:00,A,PC_HH,HHI_Q3,EU28,2015,89.81,,
ESTAT:ISOC_CI_IN_H(1.0),25/06/26 23:00:00,A,PC_HH,HHI_Q3,EU28,2016,91.78,,
ESTAT:ISOC_CI_IN_H(1.0),25/06/26 23:00:00,A,PC_HH,HHI_Q3,EU28,2017,93.63,,
ESTAT:ISOC_CI_IN_H(1.0),25/06/26 23:00:00,A,PC_HH,HHI_Q3,EU28,2018,94.75,,
ESTAT:ISOC_CI_IN_H(1.0),25/06/26 23:00:00,A,PC_HH,HHI_Q3,EU28,2019,96.04,,
ESTAT:ISOC_CI_IN_H(1.0),25/06/26 23:00:00,A,PC_HH,HHI_Q3,FI,2006,73.01,,
ESTAT:ISOC_CI_IN_H(1.0),25/06/26 23:00:00,A,PC_HH,HHI_Q3,FI,2007,83.80,,
ESTAT:ISOC_CI_IN_H(1.0),25/06/26 23:00:00,A,PC_HH,HHI_Q3,FI,2008,87.81,,
ESTAT:ISOC_CI_IN_H(1.0),25/06/26 23:00:00,A,PC_HH,HHI_Q3,FI,2009,93.98,,
ESTAT:ISOC_CI_IN_H(1.0),25/06/26 23:00:00,A,PC_HH,HHI_Q3,FI,2010,91.83,,
ESTAT:ISOC_CI_IN_H(1.0),25/06/26 23:00:00,A,PC_HH,HHI_Q3,FI,2011,95.96,,
ESTAT:ISOC_CI_IN_H(1.0),25/06/26 23:00:00,A,PC_HH,HHI_Q3,FI,2012,95.47,,
ESTAT:ISOC_CI_IN_H(1.0),25/06/26 23:00:00,A,PC_HH,HHI_Q3,FI,2013,95.13,,
ESTAT:ISOC_CI_IN_H(1.0),25/06/26 23:00:00,A,PC_HH,HHI_Q3,FI,2014,97.23,,
ESTAT:ISOC_CI_IN_H(1.0),25/06/26 23:00:00,A,PC_HH,HHI_Q3,FI,2015,95.91,,
ESTAT:ISOC_CI_IN_H(1.0),25/06/26 23:00:00,A,PC_HH,HHI_Q3,FI,2016,98.00,,
ESTAT:ISOC_CI_IN_H(1.0),25/06/26 23:00:00,A,PC_HH,HHI_Q3,FI,2017,99.31,,
ESTAT:ISOC_CI_IN_H(1.0),25/06/26 23:00:00,A,PC_HH,HHI_Q3,FI,2018,98.51,,
ESTAT:ISOC_CI_IN_H(1.0),25/06/26 23:00:00,A,PC_HH,HHI_Q3,FI,2019,98.63,,
ESTAT:ISOC_CI_IN_H(1.0),25/06/26 23:00:00,A,PC_HH,HHI_Q3,FI,2020,99.55,,
ESTAT:ISOC_CI_IN_H(1.0),25/06/26 23:00:00,A,PC_HH,HHI_Q3,FR,2006,44.39,,
ESTAT:ISOC_CI_IN_H(1.0),25/06/26 23:00:00,A,PC_HH,HHI_Q3,FR,2013,86.98,,
ESTAT:ISOC_CI_IN_H(1.0),25/06/26 23:00:00,A,PC_HH,HHI_Q3,FR,2014,88.82,,
ESTAT:ISOC_CI_IN_H(1.0),25/06/26 23:00:00,A,PC_HH,HHI_Q3,FR,2015,88.74,,
ESTAT:ISOC_CI_IN_H(1.0),25/06/26 23:00:00,A,PC_HH,HHI_Q3,FR,2016,89.91,,
ESTAT:ISOC_CI_IN_H(1.0),25/06/26 23:00:00,A,PC_HH,HHI_Q3,FR,2017,92.57,,
ESTAT:ISOC_CI_IN_H(1.0),25/06/26 23:00:00,A,PC_HH,HHI_Q3,FR,2018,93.54,,
ESTAT:ISOC_CI_IN_H(1.0),25/06/26 23:00:00,A,PC_HH,HHI_Q3,FR,2019,95.02,,
ESTAT:ISOC_CI_IN_H(1.0),25/06/26 23:00:00,A,PC_HH,HHI_Q3,HR,2007,51.60,,
ESTAT:ISOC_CI_IN_H(1.0),25/06/26 23:00:00,A,PC_HH,HHI_Q3,HR,2008,58.05,,
ESTAT:ISOC_CI_IN_H(1.0),25/06/26 23:00:00,A,PC_HH,HHI_Q3,HR,2009,58.38,,
ESTAT:ISOC_CI_IN_H(1.0),25/06/26 23:00:00,A,PC_HH,HHI_Q3,HR,2015,94.27,,
ESTAT:ISOC_CI_IN_H(1.0),25/06/26 23:00:00,A,PC_HH,HHI_Q3,HR,2016,93.06,,
ESTAT:ISOC_CI_IN_H(1.0),25/06/26 23:00:00,A,PC_HH,HHI_Q3,HR,2017,94.74,,
ESTAT:ISOC_CI_IN_H(1.0),25/06/26 23:00:00,A,PC_HH,HHI_Q3,HR,2018,97.42,,
ESTAT:ISOC_CI_IN_H(1.0),25/06/26 23:00:00,A,PC_HH,HHI_Q3,HR,2019,95.79,,
ESTAT:ISOC_CI_IN_H(1.0),25/06/26 23:00:00,A,PC_HH,HHI_Q3,HR,2020,97.73,,
ESTAT:ISOC_CI_IN_H(1.0),25/06/26 23:00:00,A,PC_HH,HHI_Q3,HU,2005,19.30,,
ESTAT:ISOC_CI_IN_H(1.0),25/06/26 23:00:00,A,PC_HH,HHI_Q3,HU,2006,40.67,,
ESTAT:ISOC_CI_IN_H(1.0),25/06/26 23:00:00,A,PC_HH,HHI_Q3,HU,2007,53.50,,
ESTAT:ISOC_CI_IN_H(1.0),25/06/26 23:00:00,A,PC_HH,HHI_Q3,HU,2008,58.75,,
ESTAT:ISOC_CI_IN_H(1.0),25/06/26 23:00:00,A,PC_HH,HHI_Q3,HU,2009,68.32,,
ESTAT:ISOC_CI_IN_H(1.0),25/06/26 23:00:00,A,PC_HH,HHI_Q3,HU,2010,73.26,,
ESTAT:ISOC_CI_IN_H(1.0),25/06/26 23:00:00,A,PC_HH,HHI_Q3,HU,2011,74.64,,
ESTAT:ISOC_CI_IN_H(1.0),25/06/26 23:00:00,A,PC_HH,HHI_Q3,HU,2012,78.09,,
ESTAT:ISOC_CI_IN_H(1.0),25/06/26 23:00:00,A,PC_HH,HHI_Q3,HU,2013,78.72,,
ESTAT:ISOC_CI_IN_H(1.0),25/06/26 23:00:00,A,PC_HH,HHI_Q3,HU,2014,80.15,,
ESTAT:ISOC_CI_IN_H(1.0),25/06/26 23:00:00,A,PC_HH,HHI_Q3,HU,2015,82.17,,
ESTAT:ISOC_CI_IN_H(1.0),25/06/26 23:00:00,A,PC_HH,HHI_Q3,HU,2016,82.44,,
ESTAT:ISOC_CI_IN_H(1.0),25/06/26 23:00:00,A,PC_HH,HHI_Q3,HU,2017,80.56,,
ESTAT:ISOC_CI_IN_H(1.0),25/06/26 23:00:00,A,PC_HH,HHI_Q3,HU,2018,81.79,,
ESTAT:ISOC_CI_IN_H(1.0),25/06/26 23:00:00,A,PC_HH,HHI_Q3,HU,2019,83.26,,
ESTAT:ISOC_CI_IN_H(1.0),25/06/26 23:00:00,A,PC_HH,HHI_Q3,HU,2020,95.22,,
ESTAT:ISOC_CI_IN_H(1.0),25/06/26 23:00:00,A,PC_HH,HHI_Q3,IE,2018,92.07,,
ESTAT:ISOC_CI_IN_H(1.0),25/06/26 23:00:00,A,PC_HH,HHI_Q3,IE,2020,90.55,,
ESTAT:ISOC_CI_IN_H(1.0),25/06/26 23:00:00,A,PC_HH,HHI_Q3,IS,2005,93.92,,
ESTAT:ISOC_CI_IN_H(1.0),25/06/26 23:00:00,A,PC_HH,HHI_Q3,IS,2006,93.17,,
ESTAT:ISOC_CI_IN_H(1.0),25/06/26 23:00:00,A,PC_HH,HHI_Q3,IS,2007,91.41,,
ESTAT:ISOC_CI_IN_H(1.0),25/06/26 23:00:00,A,PC_HH,HHI_Q3,IS,2008,95.37,,
ESTAT:ISOC_CI_IN_H(1.0),25/06/26 23:00:00,A,PC_HH,HHI_Q3,IS,2009,95.98,,
ESTAT:ISOC_CI_IN_H(1.0),25/06/26 23:00:00,A,PC_HH,HHI_Q3,IS,2010,97.56,,
ESTAT:ISOC_CI_IN_H(1.0),25/06/26 23:00:00,A,PC_HH,HHI_Q3,IS,2011,100.00,,
ESTAT:ISOC_CI_IN_H(1.0),25/06/26 23:00:00,A,PC_HH,HHI_Q3,IS,2012,100.00,,
ESTAT:ISOC_CI_IN_H(1.0),25/06/26 23:00:00,A,PC_HH,HHI_Q3,IS,2013,100.00,,
ESTAT:ISOC_CI_IN_H(1.0),25/06/26 23:00:00,A,PC_HH,HHI_Q3,IS,2014,97.92,,
ESTAT:ISOC_CI_IN_H(1.0),25/06/26 23:00:00,A,PC_HH,HHI_Q3,IS,2017,98.47,,
ESTAT:ISOC_CI_IN_H(1.0),25/06/26 23:00:00,A,PC_HH,HHI_Q3,IT,2008,,u,
ESTAT:ISOC_CI_IN_H(1.0),25/06/26 23:00:00,A,PC_HH,HHI_Q3,IT,2009,,u,
ESTAT:ISOC_CI_IN_H(1.0),25/06/26 23:00:00,A,PC_HH,HHI_Q3,IT,2010,,u,
ESTAT:ISOC_CI_IN_H(1.0),25/06/26 23:00:00,A,PC_HH,HHI_Q3,IT,2011,69.56,,
ESTAT:ISOC_CI_IN_H(1.0),25/06/26 23:00:00,A,PC_HH,HHI_Q3,IT,2012,69.31,,
ESTAT:ISOC_CI_IN_H(1.0),25/06/26 23:00:00,A,PC_HH,HHI_Q3,IT,2013,75.87,,
ESTAT:ISOC_CI_IN_H(1.0),25/06/26 23:00:00,A,PC_HH,HHI_Q3,LT,2005,14.11,,
ESTAT:ISOC_CI_IN_H(1.0),25/06/26 23:00:00,A,PC_HH,HHI_Q3,LT,2006,41.91,,
ESTAT:ISOC_CI_IN_H(1.0),25/06/26 23:00:00,A,PC_HH,HHI_Q3,LT,2007,57.05,,
ESTAT:ISOC_CI_IN_H(1.0),25/06/26 23:00:00,A,PC_HH,HHI_Q3,LT,2008,65.77,,
ESTAT:ISOC_CI_IN_H(1.0),25/06/26 23:00:00,A,PC_HH,HHI_Q3,LT,2009,72.34,,
ESTAT:ISOC_CI_IN_H(1.0),25/06/26 23:00:00,A,PC_HH,HHI_Q3,LT,2010,79.74,,
ESTAT:ISOC_CI_IN_H(1.0),25/06/26 23:00:00,A,PC_HH,HHI_Q3,LT,2011,78.11,,
ESTAT:ISOC_CI_IN_H(1.0),25/06/26 23:00:00,A,PC_HH,HHI_Q3,LT,2012,82.02,,
ESTAT:ISOC_CI_IN_H(1.0),25/06/26 23:00:00,A,PC_HH,HHI_Q3,LT,2013,81.36,,
ESTAT:ISOC_CI_IN_H(1.0),25/06/26 23:00:00,A,PC_HH,HHI_Q3,LT,2014,86.32,,
ESTAT:ISOC_CI_IN_H(1.0),25/06/26 23:00:00,A,PC_HH,HHI_Q3,LT,2015,75.75,,
ESTAT:ISOC_CI_IN_H(1.0),25/06/26 23:00:00,A,PC_HH,HHI_Q3,LT,2016,91.03,,
ESTAT:ISOC_CI_IN_H(1.0),25/06/26 23:00:00,A,PC_HH,HHI_Q3,LT,2017,92.13,,
ESTAT:ISOC_CI_IN_H(1.0),25/06/26 23:00:00,A,PC_HH,HHI_Q3,LT,2018,93.05,,
ESTAT:ISOC_CI_IN_H(1.0),25/06/26 23:00:00,A,PC_HH,HHI_Q3,LT,2019,95.42,,
ESTAT:ISOC_CI_IN_H(1.0),25/06/26 23:00:00,A,PC_HH,HHI_Q3,LT,2020,94.99,,
ESTAT:ISOC_CI_IN_H(1.0),25/06/26 23:00:00,A,PC_HH,HHI_Q3,LU,2006,82.01,,
ESTAT:ISOC_CI_IN_H(1.0),25/06/26 23:00:00,A,PC_HH,HHI_Q3,LU,2007,81.60,,
ESTAT:ISOC_CI_IN_H(1.0),25/06/26 23:00:00,A,PC_HH,HHI_Q3,LU,2008,88.48,,
ESTAT:ISOC_CI_IN_H(1.0),25/06/26 23:00:00,A,PC_HH,HHI_Q3,LU,2009,92.50,,
ESTAT:ISOC_CI_IN_H(1.0),25/06/26 23:00:00,A,PC_HH,HHI_Q3,LU,2010,95.33,,
ESTAT:ISOC_CI_IN_H(1.0),25/06/26 23:00:00,A,PC_HH,HHI_Q3,LU,2011,92.32,,
ESTAT:ISOC_CI_IN_H(1.0),25/06/26 23:00:00,A,PC_HH,HHI_Q3,LU,2012,98.51,,
ESTAT:ISOC_CI_IN_H(1.0),25/06/26 23:00:00,A,PC_HH,HHI_Q3,LU,2013,95.59,,
ESTAT:ISOC_CI_IN_H(1.0),25/06/26 23:00:00,A,PC_HH,HHI_Q3,LU,2014,97.14,,
ESTAT:ISOC_CI_IN_H(1.0),25/06/26 23:00:00,A,PC_HH,HHI_Q3,LU,2015,98.73,,
ESTAT:ISOC_CI_IN_H(1.0),25/06/26 23:00:00,A,PC_HH,HHI_Q3,LU,2016,97.63,,
ESTAT:ISOC_CI_IN_H(1.0),25/06/26 23:00:00,A,PC_HH,HHI_Q3,LU,2017,98.17,,
ESTAT:ISOC_CI_IN_H(1.0),25/06/26 23:00:00,A,PC_HH,HHI_Q3,LU,2018,98.97,b,
ESTAT:ISOC_CI_IN_H(1.0),25/06/26 23:00:00,A,PC_HH,HHI_Q3,LU,2019,99.06,,
ESTAT:ISOC_CI_IN_H(1.0),25/06/26 23:00:00,A,PC_HH,HHI_Q3,LU,2020,99.31,,
ESTAT:ISOC_CI_IN_H(1.0),25/06/26 23:00:00,A,PC_HH,HHI_Q3,LV,2005,34.37,,
ESTAT:ISOC_CI_IN_H(1.0),25/06/26 23:00:00,A,PC_HH,HHI_Q3,LV,2006,49.64,,
ESTAT:ISOC_CI_IN_H(1.0),25/06/26 23:00:00,A,PC_HH,HHI_Q3,LV,2007,62.72,,
ESTAT:ISOC_CI_IN_H(1.0),25/06/26 23:00:00,A,PC_HH,HHI_Q3,LV,2008,64.53,,
ESTAT:ISOC_CI_IN_H(1.0),25/06/26 23:00:00,A,PC_HH,HHI_Q3,LV,2009,61.62,,
ESTAT:ISOC_CI_IN_H(1.0),25/06/26 23:00:00,A,PC_HH,HHI_Q3,LV,2010,66.88,,
ESTAT:ISOC_CI_IN_H(1.0),25/06/26 23:00:00,A,PC_HH,HHI_Q3,LV,2011,68.43,,
ESTAT:ISOC_CI_IN_H(1.0),25/06/26 23:00:00,A,PC_HH,HHI_Q3,LV,2012,75.74,,
ESTAT:ISOC_CI_IN_H(1.0),25/06/26 23:00:00,A,PC_HH,HHI_Q3,LV,2013,81.53,,
ESTAT:ISOC_CI_IN_H(1.0),25/06/26 23:00:00,A,PC_HH,HHI_Q3,LV,2014,90.98,,
ESTAT:ISOC_CI_IN_H(1.0),25/06/26 23:00:00,A,PC_HH,HHI_Q3,LV,2015,91.79,,
ESTAT:ISOC_CI_IN_H(1.0),25/06/26 23:00:00,A,PC_HH,HHI_Q3,LV,2016,90.57,b,
ESTAT:ISOC_CI_IN_H(1.0),25/06/26 23:00:00,A,PC_HH,HHI_Q3,LV,2017,93.29,b,
ESTAT:ISOC_CI_IN_H(1.0),25/06/26 23:00:00,A,PC_HH,HHI_Q3,LV,2018,96.41,,
ESTAT:ISOC_CI_IN_H(1.0),25/06/26 23:00:00,A,PC_HH,HHI_Q3,LV,2019,97.16,,
ESTAT:ISOC_CI_IN_H(1.0),25/06/26 23:00:00,A,PC_HH,HHI_Q3,LV,2020,94.46,,
ESTAT:ISOC_CI_IN_H(1.0),25/06/26 23:00:00,A,PC_HH,HHI_Q3,MK,2009,57.11,,
ESTAT:ISOC_CI_IN_H(1.0),25/06/26 23:00:00,A,PC_HH,HHI_Q3,MK,2010,55.67,,
ESTAT:ISOC_CI_IN_H(1.0),25/06/26 23:00:00,A,PC_HH,HHI_Q3,MK,2012,67.47,,
ESTAT:ISOC_CI_IN_H(1.0),25/06/26 23:00:00,A,PC_HH,HHI_Q3,MK,2013,82.75,,
ESTAT:ISOC_CI_IN_H(1.0),25/06/26 23:00:00,A,PC_HH,HHI_Q3,MK,2014,81.51,,
ESTAT:ISOC_CI_IN_H(1.0),25/06/26 23:00:00,A,PC_HH,HHI_Q3,MK,2015,84.68,,
ESTAT:ISOC_CI_IN_H(1.0),25/06/26 23:00:00,A,PC_HH,HHI_Q3,MK,2016,87.73,,
ESTAT:ISOC_CI_IN_H(1.0),25/06/26 23:00:00,A,PC_HH,HHI_Q3,MK,2017,88.37,,
ESTAT:ISOC_CI_IN_H(1.0),25/06/26 23:00:00,A,PC_HH,HHI_Q3,MK,2018,88.88,,
ESTAT:ISOC_CI_IN_H(1.0),25/06/26 23:00:00,A,PC_HH,HHI_Q3,MK,2019,91.99,,
ESTAT:ISOC_CI_IN_H(1.0),25/06/26 23:00:00,A,PC_HH,HHI_Q3,MK,2020,91.16,,
ESTAT:ISOC_CI_IN_H(1.0),25/06/26 23:00:00,A,PC_HH,HHI_Q3,MT,2005,56.06,,
ESTAT:ISOC_CI_IN_H(1.0),25/06/26 23:00:00,A,PC_HH,HHI_Q3,MT,2006,47.41,,
ESTAT:ISOC_CI_IN_H(1.0),25/06/26 23:00:00,A,PC_HH,HHI_Q3,MT,2007,67.05,,
ESTAT:ISOC_CI_IN_H(1.0),25/06/26 23:00:00,A,PC_HH,HHI_Q3,MT,2008,76.45,,
ESTAT:ISOC_CI_IN_H(1.0),25/06/26 23:00:00,A,PC_HH,HHI_Q3,MT,2009,71.03,,
ESTAT:ISOC_CI_IN_H(1.0),25/06/26 23:00:00,A,PC_HH,HHI_Q3,MT,2010,94.81,,
ESTAT:ISOC_CI_IN_H(1.0),25/06/26 23:00:00,A,PC_HH,HHI_Q3,MT,2011,90.50,,
ESTAT:ISOC_CI_IN_H(1.0),25/06/26 23:00:00,A,PC_HH,HHI_Q3,MT,2012,88.59,,
ESTAT:ISOC_CI_IN_H(1.0),25/06/26 23:00:00,A,PC_HH,HHI_Q3,MT,2013,87.35,,
ESTAT:ISOC_CI_IN_H(1.0),25/06/26 23:00:00,A,PC_HH,HHI_Q3,MT,2014,92.30,,
ESTAT:ISOC_CI_IN_H(1.0),25/06/26 23:00:00,A,PC_HH,HHI_Q3,NL,2007,91.12,,
ESTAT:ISOC_CI_IN_H(1.0),25/06/26 23:00:00,A,PC_HH,HHI_Q3,NL,2008,95.68,,
ESTAT:ISOC_CI_IN_H(1.0),25/06/26 23:00:00,A,PC_HH,HHI_Q3,NL,2009,96.33,,
ESTAT:ISOC_CI_IN_H(1.0),25/06/26 23:00:00,A,PC_HH,HHI_Q3,NL,2010,96.58,,
ESTAT:ISOC_CI_IN_H(1.0),25/06/26 23:00:00,A,PC_HH,HHI_Q3,NL,2011,97.24,,
ESTAT:ISOC_CI_IN_H(1.0),25/06/26 23:00:00,A,PC_HH,HHI_Q3,NL,2012,98.48,,
ESTAT:ISOC_CI_IN_H(1.0),25/06/26 23:00:00,A,PC_HH,HHI_Q3,NL,2013,97.23,,
ESTAT:ISOC_CI_IN_H(1.0),25/06/26 23:00:00,A,PC_HH,HHI_Q3,NL,2014,98.47,,
ESTAT:ISOC_CI_IN_H(1.0),25/06/26 23:00:00,A,PC_HH,HHI_Q3,NL,2015,97.09,,
ESTAT:ISOC_CI_IN_H(1.0),25/06/26 23:00:00,A,PC_HH,HHI_Q3,NL,2016,97.92,,
ESTAT:ISOC_CI_IN_H(1.0),25/06/26 23:00:00,A,PC_HH,HHI_Q3,NL,2017,99.13,,
ESTAT:ISOC_CI_IN_H(1.0),25/06/26 23:00:00,A,PC_HH,HHI_Q3,NL,2018,98.14,,
ESTAT:ISOC_CI_IN_H(1.0),25/06/26 23:00:00,A,PC_HH,HHI_Q3,NL,2019,98.62,,
ESTAT:ISOC_CI_IN_H(1.0),25/06/26 23:00:00,A,PC_HH,HHI_Q3,NL,2020,98.39,,
ESTAT:ISOC_CI_IN_H(1.0),25/06/26 23:00:00,A,PC_HH,HHI_Q3,NO,2005,78.03,,
ESTAT:ISOC_CI_IN_H(1.0),25/06/26 23:00:00,A,PC_HH,HHI_Q3,NO,2006,79.84,,
ESTAT:ISOC_CI_IN_H(1.0),25/06/26 23:00:00,A,PC_HH,HHI_Q3,NO,2007,82.38,,
ESTAT:ISOC_CI_IN_H(1.0),25/06/26 23:00:00,A,PC_HH,HHI_Q3,NO,2008,96.68,,
ESTAT:ISOC_CI_IN_H(1.0),25/06/26 23:00:00,A,PC_HH,HHI_Q3,NO,2009,94.98,,
ESTAT:ISOC_CI_IN_H(1.0),25/06/26 23:00:00,A,PC_HH,HHI_Q3,NO,2010,96.60,,
ESTAT:ISOC_CI_IN_H(1.0),25/06/26 23:00:00,A,PC_HH,HHI_Q3,NO,2011,100.00,,
ESTAT:ISOC_CI_IN_H(1.0),25/06/26 23:00:00,A,PC_HH,HHI_Q3,NO,2012,97.52,,
ESTAT:ISOC_CI_IN_H(1.0),25/06/26 23:00:00,A,PC_HH,HHI_Q3,NO,2013,98.17,,
ESTAT:ISOC_CI_IN_H(1.0),25/06/26 23:00:00,A,PC_HH,HHI_Q3,NO,2014,98.31,,
ESTAT:ISOC_CI_IN_H(1.0),25/06/26 23:00:00,A,PC_HH,HHI_Q3,NO,2015,98.46,,
ESTAT:ISOC_CI_IN_H(1.0),25/06/26 23:00:00,A,PC_HH,HHI_Q3,NO,2016,97.64,,
ESTAT:ISOC_CI_IN_H(1.0),25/06/26 23:00:00,A,PC_HH,HHI_Q3,NO,2017,99.44,,
ESTAT:ISOC_CI_IN_H(1.0),25/06/26 23:00:00,A,PC_HH,HHI_Q3,NO,2018,99.22,,
ESTAT:ISOC_CI_IN_H(1.0),25/06/26 23:00:00,A,PC_HH,HHI_Q3,NO,2019,98.94,,
ESTAT:ISOC_CI_IN_H(1.0),25/06/26 23:00:00,A,PC_HH,HHI_Q3,NO,2020,99.56,,
ESTAT:ISOC_CI_IN_H(1.0),25/06/26 23:00:00,A,PC_HH,HHI_Q3,PL,2005,31.02,,
ESTAT:ISOC_CI_IN_H(1.0),25/06/26 23:00:00,A,PC_HH,HHI_Q3,PL,2006,45.08,,
ESTAT:ISOC_CI_IN_H(1.0),25/06/26 23:00:00,A,PC_HH,HHI_Q3,PL,2007,47.53,,
ESTAT:ISOC_CI_IN_H(1.0),25/06/26 23:00:00,A,PC_HH,HHI_Q3,PL,2008,58.23,,
ESTAT:ISOC_CI_IN_H(1.0),25/06/26 23:00:00,A,PC_HH,HHI_Q3,PL,2009,70.45,,
ESTAT:ISOC_CI_IN_H(1.0),25/06/26 23:00:00,A,PC_HH,HHI_Q3,PL,2010,73.09,,
ESTAT:ISOC_CI_IN_H(1.0),25/06/26 23:00:00,A,PC_HH,HHI_Q3,PL,2011,79.97,,
ESTAT:ISOC_CI_IN_H(1.0),25/06/26 23:00:00,A,PC_HH,HHI_Q3,PL,2012,83.33,,
ESTAT:ISOC_CI_IN_H(1.0),25/06/26 23:00:00,A,PC_HH,HHI_Q3,PL,2013,82.69,,
ESTAT:ISOC_CI_IN_H(1.0),25/06/26 23:00:00,A,PC_HH,HHI_Q3,PL,2014,84.52,,
ESTAT:ISOC_CI_IN_H(1.0),25/06/26 23:00:00,A,PC_HH,HHI_Q3,PL,2015,86.43,,
ESTAT:ISOC_CI_IN_H(1.0),25/06/26 23:00:00,A,PC_HH,HHI_Q3,PL,2016,90.50,,
ESTAT:ISOC_CI_IN_H(1.0),25/06/26 23:00:00,A,PC_HH,HHI_Q3,PL,2017,93.27,,
ESTAT:ISOC_CI_IN_H(1.0),25/06/26 23:00:00,A,PC_HH,HHI_Q3,PL,2018,94.22,,
ESTAT:ISOC_CI_IN_H(1.0),25/06/26 23:00:00,A,PC_HH,HHI_Q3,PL,2019,95.59,,
ESTAT:ISOC_CI_IN_H(1.0),25/06/26 23:00:00,A,PC_HH,HHI_Q3,PL,2020,96.42,,
ESTAT:ISOC_CI_IN_H(1.0),25/06/26 23:00:00,A,PC_HH,HHI_Q3,PT,2008,58.90,,
ESTAT:ISOC_CI_IN_H(1.0),25/06/26 23:00:00,A,PC_HH,HHI_Q3,PT,2009,54.18,,
ESTAT:ISOC_CI_IN_H(1.0),25/06/26 23:00:00,A,PC_HH,HHI_Q3,PT,2010,56.44,,
ESTAT:ISOC_CI_IN_H(1.0),25/06/26 23:00:00,A,PC_HH,HHI_Q3,PT,2011,74.17,,
ESTAT:ISOC_CI_IN_H(1.0),25/06/26 23:00:00,A,PC_HH,HHI_Q3,PT,2012,72.81,,
ESTAT:ISOC_CI_IN_H(1.0),25/06/26 23:00:00,A,PC_HH,HHI_Q3,PT,2013,73.88,,
ESTAT:ISOC_CI_IN_H(1.0),25/06/26 23:00:00,A,PC_HH,HHI_Q3,PT,2014,78.60,,
ESTAT:ISOC_CI_IN_H(1.0),25/06/26 23:00:00,A,PC_HH,HHI_Q3,PT,2015,83.15,,
ESTAT:ISOC_CI_IN_H(1.0),25/06/26 23:00:00,A,PC_HH,HHI_Q3,PT,2016,87.00,,
ESTAT:ISOC_CI_IN_H(1.0),25/06/26 23:00:00,A,PC_HH,HHI_Q3,PT,2017,88.77,,
ESTAT:ISOC_CI_IN_H(1.0),25/06/26 23:00:00,A,PC_HH,HHI_Q3,PT,2018,91.58,,
ESTAT:ISOC_CI_IN_H(1.0),25/06/26 23:00:00,A,PC_HH,HHI_Q3,PT,2019,90.11,,
ESTAT:ISOC_CI_IN_H(1.0),25/06/26 23:00:00,A,PC_HH,HHI_Q3,PT,2020,92.90,,
ESTAT:ISOC_CI_IN_H(1.0),25/06/26 23:00:00,A,PC_HH,HHI_Q3,RO,2008,25.13,,
ESTAT:ISOC_CI_IN_H(1.0),25/06/26 23:00:00,A,PC_HH,HHI_Q3,RO,2009,39.08,,
ESTAT:ISOC_CI_IN_H(1.0),25/06/26 23:00:00,A,PC_HH,HHI_Q3,RO,2010,49.33,,
ESTAT:ISOC_CI_IN_H(1.0),25/06/26 23:00:00,A,PC_HH,HHI_Q3,RO,2011,52.22,,
ESTAT:ISOC_CI_IN_H(1.0),25/06/26 23:00:00,A,PC_HH,HHI_Q3,RO,2012,62.70,,
ESTAT:ISOC_CI_IN_H(1.0),25/06/26 23:00:00,A,PC_HH,HHI_Q3,RO,2013,67.23,,
ESTAT:ISOC_CI_IN_H(1.0),25/06/26 23:00:00,A,PC_HH,HHI_Q3,RO,2014,67.79,b,
ESTAT:ISOC_CI_IN_H(1.0),25/06/26 23:00:00,A,PC_HH,HHI_Q3,RO,2015,76.11,,
ESTAT:ISOC_CI_IN_H(1.0),25/06/26 23:00:00,A,PC_HH,HHI_Q3,RO,2016,81.36,,
ESTAT:ISOC_CI_IN_H(1.0),25/06/26 23:00:00,A,PC_HH,HHI_Q3,RO,2017,85.62,,
ESTAT:ISOC_CI_IN_H(1.0),25/06/26 23:00:00,A,PC_HH,HHI_Q3,RO,2018,89.15,,
ESTAT:ISOC_CI_IN_H(1.0),25/06/26 23:00:00,A,PC_HH,HHI_Q3,RO,2019,92.10,,
ESTAT:ISOC_CI_IN_H(1.0),25/06/26 23:00:00,A,PC_HH,HHI_Q3,RO,2020,94.41,,
ESTAT:ISOC_CI_IN_H(1.0),25/06/26 23:00:00,A,PC_HH,HHI_Q3,SE,2006,92.39,,
ESTAT:ISOC_CI_IN_H(1.0),25/06/26 23:00:00,A,PC_HH,HHI_Q3,SE,2007,90.47,,
ESTAT:ISOC_CI_IN_H(1.0),25/06/26 23:00:00,A,PC_HH,HHI_Q3,SE,2008,94.00,,
ESTAT:ISOC_CI_IN_H(1.0),25/06/26 23:00:00,A,PC_HH,HHI_Q3,SE,2009,91.93,,
ESTAT:ISOC_CI_IN_H(1.0),25/06/26 23:00:00,A,PC_HH,HHI_Q3,SE,2010,95.21,,
ESTAT:ISOC_CI_IN_H(1.0),25/06/26 23:00:00,A,PC_HH,HHI_Q3,SE,2011,94.65,,
ESTAT:ISOC_CI_IN_H(1.0),25/06/26 23:00:00,A,PC_HH,HHI_Q3,SE,2012,95.05,,
ESTAT:ISOC_CI_IN_H(1.0),25/06/26 23:00:00,A,PC_HH,HHI_Q3,SE,2013,98.55,,
ESTAT:ISOC_CI_IN_H(1.0),25/06/26 23:00:00,A,PC_HH,HHI_Q3,SE,2014,97.19,,
ESTAT:ISOC_CI_IN_H(1.0),25/06/26 23:00:00,A,PC_HH,HHI_Q3,SE,2015,,u,
ESTAT:ISOC_CI_IN_H(1.0),25/06/26 23:00:00,A,PC_HH,HHI_Q3,SE,2016,94.58,b,
ESTAT:ISOC_CI_IN_H(1.0),25/06/26 23:00:00,A,PC_HH,HHI_Q3,SE,2017,99.13,,
ESTAT:ISOC_CI_IN_H(1.0),25/06/26 23:00:00,A,PC_HH,HHI_Q3,SE,2018,98.19,,
ESTAT:ISOC_CI_IN_H(1.0),25/06/26 23:00:00,A,PC_HH,HHI_Q3,SE,2019,99.80,,
ESTAT:ISOC_CI_IN_H(1.0),25/06/26 23:00:00,A,PC_HH,HHI_Q3,SE,2020,97.73,,
ESTAT:ISOC_CI_IN_H(1.0),25/06/26 23:00:00,A,PC_HH,HHI_Q3,SI,2005,57.65,,
ESTAT:ISOC_CI_IN_H(1.0),25/06/26 23:00:00,A,PC_HH,HHI_Q3,SI,2006,66.68,,
ESTAT:ISOC_CI_IN_H(1.0),25/06/26 23:00:00,A,PC_HH,HHI_Q3,SI,2007,69.69,,
ESTAT:ISOC_CI_IN_H(1.0),25/06/26 23:00:00,A,PC_HH,HHI_Q3,SI,2008,66.51,,
ESTAT:ISOC_CI_IN_H(1.0),25/06/26 23:00:00,A,PC_HH,HHI_Q3,SI,2009,74.28,,
ESTAT:ISOC_CI_IN_H(1.0),25/06/26 23:00:00,A,PC_HH,HHI_Q3,SI,2010,80.91,,
ESTAT:ISOC_CI_IN_H(1.0),25/06/26 23:00:00,A,PC_HH,HHI_Q3,SI,2011,86.02,,
ESTAT:ISOC_CI_IN_H(1.0),25/06/26 23:00:00,A,PC_HH,HHI_Q3,SI,2012,86.84,,
ESTAT:ISOC_CI_IN_H(1.0),25/06/26 23:00:00,A,PC_HH,HHI_Q3,SI,2013,86.69,,
ESTAT:ISOC_CI_IN_H(1.0),25/06/26 23:00:00,A,PC_HH,HHI_Q3,SI,2014,89.89,,
ESTAT:ISOC_CI_IN_H(1.0),25/06/26 23:00:00,A,PC_HH,HHI_Q3,SI,2015,91.47,,
ESTAT:ISOC_CI_IN_H(1.0),25/06/26 23:00:00,A,PC_HH,HHI_Q3,SI,2016,91.50,,
ESTAT:ISOC_CI_IN_H(1.0),25/06/26 23:00:00,A,PC_HH,HHI_Q3,SI,2017,91.07,,
ESTAT:ISOC_CI_IN_H(1.0),25/06/26 23:00:00,A,PC_HH,HHI_Q3,SI,2018,95.85,,
ESTAT:ISOC_CI_IN_H(1.0),25/06/26 23:00:00,A,PC_HH,HHI_Q3,SI,2019,96.72,,
ESTAT:ISOC_CI_IN_H(1.0),25/06/26 23:00:00,A,PC_HH,HHI_Q3,SI,2020,98.70,,
ESTAT:ISOC_CI_IN_H(1.0),25/06/26 23:00:00,A,PC_HH,HHI_Q3,SK,2005,22.79,,
ESTAT:ISOC_CI_IN_H(1.0),25/06/26 23:00:00,A,PC_HH,HHI_Q3,SK,2006,35.73,,
ESTAT:ISOC_CI_IN_H(1.0),25/06/26 23:00:00,A,PC_HH,HHI_Q3,SK,2007,55.34,,
ESTAT:ISOC_CI_IN_H(1.0),25/06/26 23:00:00,A,PC_HH,HHI_Q3,SK,2008,74.86,,
ESTAT:ISOC_CI_IN_H(1.0),25/06/26 23:00:00,A,PC_HH,HHI_Q3,SK,2009,79.05,,
ESTAT:ISOC_CI_IN_H(1.0),25/06/26 23:00:00,A,PC_HH,HHI_Q3,SK,2010,81.68,,
ESTAT:ISOC_CI_IN_H(1.0),25/06/26 23:00:00,A,PC_HH,HHI_Q3,SK,2011,88.34,,
ESTAT:ISOC_CI_IN_H(1.0),25/06/26 23:00:00,A,PC_HH,HHI_Q3,SK,2012,92.77,,
ESTAT:ISOC_CI_IN_H(1.0),25/06/26 23:00:00,A,PC_HH,HHI_Q3,SK,2013,91.60,,
ESTAT:ISOC_CI_IN_H(1.0),25/06/26 23:00:00,A,PC_HH,HHI_Q3,SK,2014,94.56,,
ESTAT:ISOC_CI_IN_H(1.0),25/06/26 23:00:00,A,PC_HH,HHI_Q3,SK,2015,94.70,,
ESTAT:ISOC_CI_IN_H(1.0),25/06/26 23:00:00,A,PC_HH,HHI_Q3,SK,2016,88.21,b,
ESTAT:ISOC_CI_IN_H(1.0),25/06/26 23:00:00,A,PC_HH,HHI_Q3,SK,2017,87.47,,
ESTAT:ISOC_CI_IN_H(1.0),25/06/26 23:00:00,A,PC_HH,HHI_Q3,SK,2018,79.15,,
ESTAT:ISOC_CI_IN_H(1.0),25/06/26 23:00:00,A,PC_HH,HHI_Q3,SK,2019,88.61,,
ESTAT:ISOC_CI_IN_H(1.0),25/06/26 23:00:00,A,PC_HH,HHI_Q3,SK,2020,89.71,,
ESTAT:ISOC_CI_IN_H(1.0),25/06/26 23:00:00,A,PC_HH,HHI_Q3,UK,2008,76.36,,
ESTAT:ISOC_CI_IN_H(1.0),25/06/26 23:00:00,A,PC_HH,HHI_Q3,XK,2017,95.60,,
ESTAT:ISOC_CI_IN_H(1.0),25/06/26 23:00:00,A,PC_HH,HHI_Q3,XK,2018,97.30,,
ESTAT:ISOC_CI_IN_H(1.0),25/06/26 23:00:00,A,PC_HH,HHI_Q3,XK,2019,97.78,,
ESTAT:ISOC_CI_IN_H(1.0),25/06/26 23:00:00,A,PC_HH,HHI_Q3,XK,2020,98.24,,
ESTAT:ISOC_CI_IN_H(1.0),25/06/26 23:00:00,A,PC_HH,HHI_Q4,AT,2008,85.88,,
ESTAT:ISOC_CI_IN_H(1.0),25/06/26 23:00:00,A,PC_HH,HHI_Q4,AT,2009,91.24,,
ESTAT:ISOC_CI_IN_H(1.0),25/06/26 23:00:00,A,PC_HH,HHI_Q4,AT,2011,95.35,,
ESTAT:ISOC_CI_IN_H(1.0),25/06/26 23:00:00,A,PC_HH,HHI_Q4,AT,2012,95.46,,
ESTAT:ISOC_CI_IN_H(1.0),25/06/26 23:00:00,A,PC_HH,HHI_Q4,AT,2013,96.58,,
ESTAT:ISOC_CI_IN_H(1.0),25/06/26 23:00:00,A,PC_HH,HHI_Q4,AT,2014,96.33,,
ESTAT:ISOC_CI_IN_H(1.0),25/06/26 23:00:00,A,PC_HH,HHI_Q4,AT,2015,91.26,,
ESTAT:ISOC_CI_IN_H(1.0),25/06/26 23:00:00,A,PC_HH,HHI_Q4,AT,2016,94.78,,
ESTAT:ISOC_CI_IN_H(1.0),25/06/26 23:00:00,A,PC_HH,HHI_Q4,AT,2017,94.14,,
ESTAT:ISOC_CI_IN_H(1.0),25/06/26 23:00:00,A,PC_HH,HHI_Q4,AT,2018,95.62,,
ESTAT:ISOC_CI_IN_H(1.0),25/06/26 23:00:00,A,PC_HH,HHI_Q4,AT,2019,97.22,,
ESTAT:ISOC_CI_IN_H(1.0),25/06/26 23:00:00,A,PC_HH,HHI_Q4,AT,2020,97.40,,
ESTAT:ISOC_CI_IN_H(1.0),25/06/26 23:00:00,A,PC_HH,HHI_Q4,BE,2006,,u,
ESTAT:ISOC_CI_IN_H(1.0),25/06/26 23:00:00,A,PC_HH,HHI_Q4,BE,2007,,u,
ESTAT:ISOC_CI_IN_H(1.0),25/06/26 23:00:00,A,PC_HH,HHI_Q4,BE,2008,90.20,,
ESTAT:ISOC_CI_IN_H(1.0),25/06/26 23:00:00,A,PC_HH,HHI_Q4,BE,2009,91.49,,
ESTAT:ISOC_CI_IN_H(1.0),25/06/26 23:00:00,A,PC_HH,HHI_Q4,BE,2010,93.59,,
ESTAT:ISOC_CI_IN_H(1.0),25/06/26 23:00:00,A,PC_HH,HHI_Q4,BE,2011,95.35,,
ESTAT:ISOC_CI_IN_H(1.0),25/06/26 23:00:00,A,PC_HH,HHI_Q4,BE,2012,96.27,,
ESTAT:ISOC_CI_IN_H(1.0),25/06/26 23:00:00,A,PC_HH,HHI_Q4,BE,2013,96.56,,
ESTAT:ISOC_CI_IN_H(1.0),25/06/26 23:00:00,A,PC_HH,HHI_Q4,BE,2014,97.23,,
ESTAT:ISOC_CI_IN_H(1.0),25/06/26 23:00:00,A,PC_HH,HHI_Q4,BE,2015,97.81,,
ESTAT:ISOC_CI_IN_H(1.0),25/06/26 23:00:00,A,PC_HH,HHI_Q4,BE,2016,98.04,,
ESTAT:ISOC_CI_IN_H(1.0),25/06/26 23:00:00,A,PC_HH,HHI_Q4,BE,2017,97.72,,
ESTAT:ISOC_CI_IN_H(1.0),25/06/26 23:00:00,A,PC_HH,HHI_Q4,BE,2018,98.77,,
ESTAT:ISOC_CI_IN_H(1.0),25/06/26 23:00:00,A,PC_HH,HHI_Q4,BE,2019,99.05,,
ESTAT:ISOC_CI_IN_H(1.0),25/06/26 23:00:00,A,PC_HH,HHI_Q4,BE,2020,98.79,,
ESTAT:ISOC_CI_IN_H(1.0),25/06/26 23:00:00,A,PC_HH,HHI_Q4,BG,2008,61.78,,
ESTAT:ISOC_CI_IN_H(1.0),25/06/26 23:00:00,A,PC_HH,HHI_Q4,BG,2009,70.33,,
ESTAT:ISOC_CI_IN_H(1.0),25/06/26 23:00:00,A,PC_HH,HHI_Q4,BG,2010,70.23,,
ESTAT:ISOC_CI_IN_H(1.0),25/06/26 23:00:00,A,PC_HH,HHI_Q4,BG,2011,84.03,,
ESTAT:ISOC_CI_IN_H(1.0),25/06/26 23:00:00,A,PC_HH,HHI_Q4,BG,2012,89.75,,
ESTAT:ISOC_CI_IN_H(1.0),25/06/26 23:00:00,A,PC_HH,HHI_Q4,BG,2013,92.47,,
ESTAT:ISOC_CI_IN_H(1.0),25/06/26 23:00:00,A,PC_HH,HHI_Q4,BG,2014,93.02,,
ESTAT:ISOC_CI_IN_H(1.0),25/06/26 23:00:00,A,PC_HH,HHI_Q4,BG,2015,96.22,,
ESTAT:ISOC_CI_IN_H(1.0),25/06/26 23:00:00,A,PC_HH,HHI_Q4,BG,2016,98.10,,
ESTAT:ISOC_CI_IN_H(1.0),25/06/26 23:00:00,A,PC_HH,HHI_Q4,BG,2017,98.63,,
ESTAT:ISOC_CI_IN_H(1.0),25/06/26 23:00:00,A,PC_HH,HHI_Q4,BG,2018,97.67,,
ESTAT:ISOC_CI_IN_H(1.0),25/06/26 23:00:00,A,PC_HH,HHI_Q4,BG,2019,98.66,,
ESTAT:ISOC_CI_IN_H(1.0),25/06/26 23:00:00,A,PC_HH,HHI_Q4,BG,2020,99.65,,
ESTAT:ISOC_CI_IN_H(1.0),25/06/26 23:00:00,A,PC_HH,HHI_Q4,CY,2008,81.69,,
ESTAT:ISOC_CI_IN_H(1.0),25/06/26 23:00:00,A,PC_HH,HHI_Q4,CY,2009,85.73,,
ESTAT:ISOC_CI_IN_H(1.0),25/06/26 23:00:00,A,PC_HH,HHI_Q4,CY,2010,91.04,,
ESTAT:ISOC_CI_IN_H(1.0),25/06/26 23:00:00,A,PC_HH,HHI_Q4,CY,2011,90.57,,
ESTAT:ISOC_CI_IN_H(1.0),25/06/26 23:00:00,A,PC_HH,HHI_Q4,CY,2012,93.27,,
ESTAT:ISOC_CI_IN_H(1.0),25/06/26 23:00:00,A,PC_HH,HHI_Q4,CY,2013,95.08,,
ESTAT:ISOC_CI_IN_H(1.0),25/06/26 23:00:00,A,PC_HH,HHI_Q4,CY,2014,96.21,,
ESTAT:ISOC_CI_IN_H(1.0),25/06/26 23:00:00,A,PC_HH,HHI_Q4,CY,2015,98.81,,
ESTAT:ISOC_CI_IN_H(1.0),25/06/26 23:00:00,A,PC_HH,HHI_Q4,CY,2016,94.29,,
ESTAT:ISOC_CI_IN_H(1.0),25/06/26 23:00:00,A,PC_HH,HHI_Q4,CY,2017,97.12,,
ESTAT:ISOC_CI_IN_H(1.0),25/06/26 23:00:00,A,PC_HH,HHI_Q4,CY,2018,99.31,,
ESTAT:ISOC_CI_IN_H(1.0),25/06/26 23:00:00,A,PC_HH,HHI_Q4,CY,2019,98.87,,
ESTAT:ISOC_CI_IN_H(1.0),25/06/26 23:00:00,A,PC_HH,HHI_Q4,CY,2020,100.00,,
ESTAT:ISOC_CI_IN_H(1.0),25/06/26 23:00:00,A,PC_HH,HHI_Q4,CZ,2008,78.07,,
ESTAT:ISOC_CI_IN_H(1.0),25/06/26 23:00:00,A,PC_HH,HHI_Q4,CZ,2009,86.43,,
ESTAT:ISOC_CI_IN_H(1.0),25/06/26 23:00:00,A,PC_HH,HHI_Q4,CZ,2010,89.11,,
ESTAT:ISOC_CI_IN_H(1.0),25/06/26 23:00:00,A,PC_HH,HHI_Q4,CZ,2011,92.23,,
ESTAT:ISOC_CI_IN_H(1.0),25/06/26 23:00:00,A,PC_HH,HHI_Q4,CZ,2012,94.07,,
ESTAT:ISOC_CI_IN_H(1.0),25/06/26 23:00:00,A,PC_HH,HHI_Q4,CZ,2013,94.88,,
ESTAT:ISOC_CI_IN_H(1.0),25/06/26 23:00:00,A,PC_HH,HHI_Q4,CZ,2014,97.44,,
ESTAT:ISOC_CI_IN_H(1.0),25/06/26 23:00:00,A,PC_HH,HHI_Q4,CZ,2015,96.82,,
ESTAT:ISOC_CI_IN_H(1.0),25/06/26 23:00:00,A,PC_HH,HHI_Q4,CZ,2016,98.08,,
ESTAT:ISOC_CI_IN_H(1.0),25/06/26 23:00:00,A,PC_HH,HHI_Q4,CZ,2017,99.27,b,
ESTAT:ISOC_CI_IN_H(1.0),25/06/26 23:00:00,A,PC_HH,HHI_Q4,CZ,2018,99.51,,
ESTAT:ISOC_CI_IN_H(1.0),25/06/26 23:00:00,A,PC_HH,HHI_Q4,CZ,2019,99.36,,
ESTAT:ISOC_CI_IN_H(1.0),25/06/26 23:00:00,A,PC_HH,HHI_Q4,CZ,2020,99.25,,
ESTAT:ISOC_CI_IN_H(1.0),25/06/26 23:00:00,A,PC_HH,HHI_Q4,DE,2006,90.33,,
ESTAT:ISOC_CI_IN_H(1.0),25/06/26 23:00:00,A,PC_HH,HHI_Q4,DE,2007,91.63,,
ESTAT:ISOC_CI_IN_H(1.0),25/06/26 23:00:00,A,PC_HH,HHI_Q4,DE,2008,94.10,,
ESTAT:ISOC_CI_IN_H(1.0),25/06/26 23:00:00,A,PC_HH,HHI_Q4,DE,2009,95.12,,
ESTAT:ISOC_CI_IN_H(1.0),25/06/26 23:00:00,A,PC_HH,HHI_Q4,DE,2011,96.95,,
ESTAT:ISOC_CI_IN_H(1.0),25/06/26 23:00:00,A,PC_HH,HHI_Q4,DE,2012,98.01,,
ESTAT:ISOC_CI_IN_H(1.0),25/06/26 23:00:00,A,PC_HH,HHI_Q4,DE,2013,98.26,,
ESTAT:ISOC_CI_IN_H(1.0),25/06/26 23:00:00,A,PC_HH,HHI_Q4,DE,2014,98.62,,
ESTAT:ISOC_CI_IN_H(1.0),25/06/26 23:00:00,A,PC_HH,HHI_Q4,DE,2015,99.00,,
ESTAT:ISOC_CI_IN_H(1.0),25/06/26 23:00:00,A,PC_HH,HHI_Q4,DE,2016,99.31,,
ESTAT:ISOC_CI_IN_H(1.0),25/06/26 23:00:00,A,PC_HH,HHI_Q4,DE,2017,99.53,,
ESTAT:ISOC_CI_IN_H(1.0),25/06/26 23:00:00,A,PC_HH,HHI_Q4,DE,2018,99.64,,
ESTAT:ISOC_CI_IN_H(1.0),25/06/26 23:00:00,A,PC_HH,HHI_Q4,DE,2019,99.70,,
ESTAT:ISOC_CI_IN_H(1.0),25/06/26 23:00:00,A,PC_HH,HHI_Q4,DE,2020,99.92,,
ESTAT:ISOC_CI_IN_H(1.0),25/06/26 23:00:00,A,PC_HH,HHI_Q4,DK,2006,95.74,,
ESTAT:ISOC_CI_IN_H(1.0),25/06/26 23:00:00,A,PC_HH,HHI_Q4,DK,2007,97.80,,
ESTAT:ISOC_CI_IN_H(1.0),25/06/26 23:00:00,A,PC_HH,HHI_Q4,DK,2008,96.14,,
ESTAT:ISOC_CI_IN_H(1.0),25/06/26 23:00:00,A,PC_HH,HHI_Q4,DK,2009,90.01,,
ESTAT:ISOC_CI_IN_H(1.0),25/06/26 23:00:00,A,PC_HH,HHI_Q4,DK,2010,92.17,,
ESTAT:ISOC_CI_IN_H(1.0),25/06/26 23:00:00,A,PC_HH,HHI_Q4,DK,2011,95.11,,
ESTAT:ISOC_CI_IN_H(1.0),25/06/26 23:00:00,A,PC_HH,HHI_Q4,DK,2012,94.42,,
ESTAT:ISOC_CI_IN_H(1.0),25/06/26 23:00:00,A,PC_HH,HHI_Q4,DK,2013,99.60,,
ESTAT:ISOC_CI_IN_H(1.0),25/06/26 23:00:00,A,PC_HH,HHI_Q4,DK,2014,99.17,,
ESTAT:ISOC_CI_IN_H(1.0),25/06/26 23:00:00,A,PC_HH,HHI_Q4,DK,2015,,u,
ESTAT:ISOC_CI_IN_H(1.0),25/06/26 23:00:00,A,PC_HH,HHI_Q4,DK,2016,99.19,,
ESTAT:ISOC_CI_IN_H(1.0),25/06/26 23:00:00,A,PC_HH,HHI_Q4,DK,2017,99.70,,
ESTAT:ISOC_CI_IN_H(1.0),25/06/26 23:00:00,A,PC_HH,HHI_Q4,DK,2018,99.23,,
ESTAT:ISOC_CI_IN_H(1.0),25/06/26 23:00:00,A,PC_HH,HHI_Q4,DK,2019,99.27,,
ESTAT:ISOC_CI_IN_H(1.0),25/06/26 23:00:00,A,PC_HH,HHI_Q4,DK,2020,99.77,,
ESTAT:ISOC_CI_IN_H(1.0),25/06/26 23:00:00,A,PC_HH,HHI_Q4,EA,2008,86.03,,
ESTAT:ISOC_CI_IN_H(1.0),25/06/26 23:00:00,A,PC_HH,HHI_Q4,EA,2009,88.45,,
ESTAT:ISOC_CI_IN_H(1.0),25/06/26 23:00:00,A,PC_HH,HHI_Q4,EA,2011,92.79,,
ESTAT:ISOC_CI_IN_H(1.0),25/06/26 23:00:00,A,PC_HH,HHI_Q4,EA,2012,93.46,,
ESTAT:ISOC_CI_IN_H(1.0),25/06/26 23:00:00,A,PC_HH,HHI_Q4,EA,2013,95.75,,
ESTAT:ISOC_CI_IN_H(1.0),25/06/26 23:00:00,A,PC_HH,HHI_Q4,EA,2014,97.95,,
ESTAT:ISOC_CI_IN_H(1.0),25/06/26 23:00:00,A,PC_HH,HHI_Q4,EA,2015,97.93,,
ESTAT:ISOC_CI_IN_H(1.0),25/06/26 23:00:00,A,PC_HH,HHI_Q4,EA,2016,98.23,,
ESTAT:ISOC_CI_IN_H(1.0),25/06/26 23:00:00,A,PC_HH,HHI_Q4,EA,2017,98.42,,
ESTAT:ISOC_CI_IN_H(1.0),25/06/26 23:00:00,A,PC_HH,HHI_Q4,EA,2018,98.81,,
ESTAT:ISOC_CI_IN_H(1.0),25/06/26 23:00:00,A,PC_HH,HHI_Q4,EA,2019,99.12,,
ESTAT:ISOC_CI_IN_H(1.0),25/06/26 23:00:00,A,PC_HH,HHI_Q4,EA,2020,99.11,e,
ESTAT:ISOC_CI_IN_H(1.0),25/06/26 23:00:00,A,PC_HH,HHI_Q4,EE,2008,85.48,,
ESTAT:ISOC_CI_IN_H(1.0),25/06/26 23:00:00,A,PC_HH,HHI_Q4,EE,2009,93.06,,
ESTAT:ISOC_CI_IN_H(1.0),25/06/26 23:00:00,A,PC_HH,HHI_Q4,EE,2010,93.49,,
ESTAT:ISOC_CI_IN_H(1.0),25/06/26 23:00:00,A,PC_HH,HHI_Q4,EE,2011,90.25,,
ESTAT:ISOC_CI_IN_H(1.0),25/06/26 23:00:00,A,PC_HH,HHI_Q4,EE,2012,96.18,,
ESTAT:ISOC_CI_IN_H(1.0),25/06/26 23:00:00,A,PC_HH,HHI_Q4,EE,2013,97.37,,
ESTAT:ISOC_CI_IN_H(1.0),25/06/26 23:00:00,A,PC_HH,HHI_Q4,EE,2014,97.52,b,
ESTAT:ISOC_CI_IN_H(1.0),25/06/26 23:00:00,A,PC_HH,HHI_Q4,EE,2015,99.23,,
ESTAT:ISOC_CI_IN_H(1.0),25/06/26 23:00:00,A,PC_HH,HHI_Q4,EE,2016,98.56,,
ESTAT:ISOC_CI_IN_H(1.0),25/06/26 23:00:00,A,PC_HH,HHI_Q4,EE,2017,97.68,,
ESTAT:ISOC_CI_IN_H(1.0),25/06/26 23:00:00,A,PC_HH,HHI_Q4,EE,2018,98.42,,
ESTAT:ISOC_CI_IN_H(1.0),25/06/26 23:00:00,A,PC_HH,HHI_Q4,EE,2019,99.00,,
ESTAT:ISOC_CI_IN_H(1.0),25/06/26 23:00:00,A,PC_HH,HHI_Q4,EE,2020,98.62,,
ESTAT:ISOC_CI_IN_H(1.0),25/06/26 23:00:00,A,PC_HH,HHI_Q4,EL,2008,58.50,,
ESTAT:ISOC_CI_IN_H(1.0),25/06/26 23:00:00,A,PC_HH,HHI_Q4,EL,2009,66.30,,
ESTAT:ISOC_CI_IN_H(1.0),25/06/26 23:00:00,A,PC_HH,HHI_Q4,EL,2010,73.30,,
ESTAT:ISOC_CI_IN_H(1.0),25/06/26 23:00:00,A,PC_HH,HHI_Q4,EL,2011,81.14,,
ESTAT:ISOC_CI_IN_H(1.0),25/06/26 23:00:00,A,PC_HH,HHI_Q4,EL,2012,79.71,,
ESTAT:ISOC_CI_IN_H(1.0),25/06/26 23:00:00,A,PC_HH,HHI_Q4,EL,2013,91.69,,
ESTAT:ISOC_CI_IN_H(1.0),25/06/26 23:00:00,A,PC_HH,HHI_Q4,EL,2014,95.50,,
ESTAT:ISOC_CI_IN_H(1.0),25/06/26 23:00:00,A,PC_HH,HHI_Q4,EL,2015,94.63,,
ESTAT:ISOC_CI_IN_H(1.0),25/06/26 23:00:00,A,PC_HH,HHI_Q4,EL,2016,97.14,,
ESTAT:ISOC_CI_IN_H(1.0),25/06/26 23:00:00,A,PC_HH,HHI_Q4,EL,2017,93.48,,
ESTAT:ISOC_CI_IN_H(1.0),25/06/26 23:00:00,A,PC_HH,HHI_Q4,EL,2018,96.57,,
ESTAT:ISOC_CI_IN_H(1.0),25/06/26 23:00:00,A,PC_HH,HHI_Q4,EL,2019,97.48,,
ESTAT:ISOC_CI_IN_H(1.0),25/06/26 23:00:00,A,PC_HH,HHI_Q4,EL,2020,98.91,,
ESTAT:ISOC_CI_IN_H(1.0),25/06/26 23:00:00,A,PC_HH,HHI_Q4,ES,2008,84.54,,
ESTAT:ISOC_CI_IN_H(1.0),25/06/26 23:00:00,A,PC_HH,HHI_Q4,ES,2009,87.13,,
ESTAT:ISOC_CI_IN_H(1.0),25/06/26 23:00:00,A,PC_HH,HHI_Q4,ES,2010,91.46,,
ESTAT:ISOC_CI_IN_H(1.0),25/06/26 23:00:00,A,PC_HH,HHI_Q4,ES,2011,92.29,,
ESTAT:ISOC_CI_IN_H(1.0),25/06/26 23:00:00,A,PC_HH,HHI_Q4,ES,2012,95.36,,
ESTAT:ISOC_CI_IN_H(1.0),25/06/26 23:00:00,A,PC_HH,HHI_Q4,ES,2013,97.08,,
ESTAT:ISOC_CI_IN_H(1.0),25/06/26 23:00:00,A,PC_HH,HHI_Q4,ES,2014,97.02,,
ESTAT:ISOC_CI_IN_H(1.0),25/06/26 23:00:00,A,PC_HH,HHI_Q4,ES,2015,98.24,,
ESTAT:ISOC_CI_IN_H(1.0),25/06/26 23:00:00,A,PC_HH,HHI_Q4,ES,2016,98.21,,
ESTAT:ISOC_CI_IN_H(1.0),25/06/26 23:00:00,A,PC_HH,HHI_Q4,ES,2017,98.76,,
ESTAT:ISOC_CI_IN_H(1.0),25/06/26 23:00:00,A,PC_HH,HHI_Q4,ES,2018,99.14,,
ESTAT:ISOC_CI_IN_H(1.0),25/06/26 23:00:00,A,PC_HH,HHI_Q4,ES,2019,99.16,,
ESTAT:ISOC_CI_IN_H(1.0),25/06/26 23:00:00,A,PC_HH,HHI_Q4,ES,2020,99.84,,
ESTAT:ISOC_CI_IN_H(1.0),25/06/26 23:00:00,A,PC_HH,HHI_Q4,EU15,2008,87.61,,
ESTAT:ISOC_CI_IN_H(1.0),25/06/26 23:00:00,A,PC_HH,HHI_Q4,EU15,2009,88.88,,
ESTAT:ISOC_CI_IN_H(1.0),25/06/26 23:00:00,A,PC_HH,HHI_Q4,EU15,2011,93.14,,
ESTAT:ISOC_CI_IN_H(1.0),25/06/26 23:00:00,A,PC_HH,HHI_Q4,EU15,2012,93.71,,
ESTAT:ISOC_CI_IN_H(1.0),25/06/26 23:00:00,A,PC_HH,HHI_Q4,EU15,2013,95.94,,
ESTAT:ISOC_CI_IN_H(1.0),25/06/26 23:00:00,A,PC_HH,HHI_Q4,EU15,2014,98.02,,
ESTAT:ISOC_CI_IN_H(1.0),25/06/26 23:00:00,A,PC_HH,HHI_Q4,EU15,2015,98.02,,
ESTAT:ISOC_CI_IN_H(1.0),25/06/26 23:00:00,A,PC_HH,HHI_Q4,EU15,2016,98.27,,
ESTAT:ISOC_CI_IN_H(1.0),25/06/26 23:00:00,A,PC_HH,HHI_Q4,EU15,2017,98.51,,
ESTAT:ISOC_CI_IN_H(1.0),25/06/26 23:00:00,A,PC_HH,HHI_Q4,EU15,2018,98.88,,
ESTAT:ISOC_CI_IN_H(1.0),25/06/26 23:00:00,A,PC_HH,HHI_Q4,EU25,2008,86.52,,
ESTAT:ISOC_CI_IN_H(1.0),25/06/26 23:00:00,A,PC_HH,HHI_Q4,EU25,2009,88.75,,
ESTAT:ISOC_CI_IN_H(1.0),25/06/26 23:00:00,A,PC_HH,HHI_Q4,EU27_2007,2008,84.45,,
ESTAT:ISOC_CI_IN_H(1.0),25/06/26 23:00:00,A,PC_HH,HHI_Q4,EU27_2007,2009,87.39,,
ESTAT:ISOC_CI_IN_H(1.0),25/06/26 23:00:00,A,PC_HH,HHI_Q4,EU27_2007,2011,91.85,,
ESTAT:ISOC_CI_IN_H(1.0),25/06/26 23:00:00,A,PC_HH,HHI_Q4,EU27_2007,2012,92.71,,
ESTAT:ISOC_CI_IN_H(1.0),25/06/26 23:00:00,A,PC_HH,HHI_Q4,EU27_2007,2013,94.85,,
ESTAT:ISOC_CI_IN_H(1.0),25/06/26 23:00:00,A,PC_HH,HHI_Q4,EU27_2007,2014,96.78,,
ESTAT:ISOC_CI_IN_H(1.0),25/06/26 23:00:00,A,PC_HH,HHI_Q4,EU27_2007,2015,96.99,,
ESTAT:ISOC_CI_IN_H(1.0),25/06/26 23:00:00,A,PC_HH,HHI_Q4,EU27_2007,2016,97.72,,
ESTAT:ISOC_CI_IN_H(1.0),25/06/26 23:00:00,A,PC_HH,HHI_Q4,EU27_2007,2017,97.96,,
ESTAT:ISOC_CI_IN_H(1.0),25/06/26 23:00:00,A,PC_HH,HHI_Q4,EU27_2007,2018,98.35,,
ESTAT:ISOC_CI_IN_H(1.0),25/06/26 23:00:00,A,PC_HH,HHI_Q4,EU27_2020,2008,83.30,,
ESTAT:ISOC_CI_IN_H(1.0),25/06/26 23:00:00,A,PC_HH,HHI_Q4,EU27_2020,2009,87.33,,
ESTAT:ISOC_CI_IN_H(1.0),25/06/26 23:00:00,A,PC_HH,HHI_Q4,EU27_2020,2010,85.99,,
ESTAT:ISOC_CI_IN_H(1.0),25/06/26 23:00:00,A,PC_HH,HHI_Q4,EU27_2020,2011,91.85,,
ESTAT:ISOC_CI_IN_H(1.0),25/06/26 23:00:00,A,PC_HH,HHI_Q4,EU27_2020,2012,92.71,,
ESTAT:ISOC_CI_IN_H(1.0),25/06/26 23:00:00,A,PC_HH,HHI_Q4,EU27_2020,2013,94.85,,
ESTAT:ISOC_CI_IN_H(1.0),25/06/26 23:00:00,A,PC_HH,HHI_Q4,EU27_2020,2014,96.78,,
ESTAT:ISOC_CI_IN_H(1.0),25/06/26 23:00:00,A,PC_HH,HHI_Q4,EU27_2020,2015,97.00,,
ESTAT:ISOC_CI_IN_H(1.0),25/06/26 23:00:00,A,PC_HH,HHI_Q4,EU27_2020,2016,97.72,,
ESTAT:ISOC_CI_IN_H(1.0),25/06/26 23:00:00,A,PC_HH,HHI_Q4,EU27_2020,2017,97.96,,
ESTAT:ISOC_CI_IN_H(1.0),25/06/26 23:00:00,A,PC_HH,HHI_Q4,EU27_2020,2018,98.35,,
ESTAT:ISOC_CI_IN_H(1.0),25/06/26 23:00:00,A,PC_HH,HHI_Q4,EU27_2020,2019,98.78,,
ESTAT:ISOC_CI_IN_H(1.0),25/06/26 23:00:00,A,PC_HH,HHI_Q4,EU27_2020,2020,99.09,e,
ESTAT:ISOC_CI_IN_H(1.0),25/06/26 23:00:00,A,PC_HH,HHI_Q4,EU28,2008,84.43,,
ESTAT:ISOC_CI_IN_H(1.0),25/06/26 23:00:00,A,PC_HH,HHI_Q4,EU28,2009,87.33,,
ESTAT:ISOC_CI_IN_H(1.0),25/06/26 23:00:00,A,PC_HH,HHI_Q4,EU28,2011,91.85,,
ESTAT:ISOC_CI_IN_H(1.0),25/06/26 23:00:00,A,PC_HH,HHI_Q4,EU28,2012,92.71,,
ESTAT:ISOC_CI_IN_H(1.0),25/06/26 23:00:00,A,PC_HH,HHI_Q4,EU28,2013,94.85,,
ESTAT:ISOC_CI_IN_H(1.0),25/06/26 23:00:00,A,PC_HH,HHI_Q4,EU28,2014,96.78,,
ESTAT:ISOC_CI_IN_H(1.0),25/06/26 23:00:00,A,PC_HH,HHI_Q4,EU28,2015,97.00,,
ESTAT:ISOC_CI_IN_H(1.0),25/06/26 23:00:00,A,PC_HH,HHI_Q4,EU28,2016,97.72,,
ESTAT:ISOC_CI_IN_H(1.0),25/06/26 23:00:00,A,PC_HH,HHI_Q4,EU28,2017,97.96,,
ESTAT:ISOC_CI_IN_H(1.0),25/06/26 23:00:00,A,PC_HH,HHI_Q4,EU28,2018,98.35,,
ESTAT:ISOC_CI_IN_H(1.0),25/06/26 23:00:00,A,PC_HH,HHI_Q4,EU28,2019,98.78,,
ESTAT:ISOC_CI_IN_H(1.0),25/06/26 23:00:00,A,PC_HH,HHI_Q4,FI,2006,86.01,,
ESTAT:ISOC_CI_IN_H(1.0),25/06/26 23:00:00,A,PC_HH,HHI_Q4,FI,2007,94.56,,
ESTAT:ISOC_CI_IN_H(1.0),25/06/26 23:00:00,A,PC_HH,HHI_Q4,FI,2008,93.88,,
ESTAT:ISOC_CI_IN_H(1.0),25/06/26 23:00:00,A,PC_HH,HHI_Q4,FI,2009,96.49,,
ESTAT:ISOC_CI_IN_H(1.0),25/06/26 23:00:00,A,PC_HH,HHI_Q4,FI,2010,95.76,,
ESTAT:ISOC_CI_IN_H(1.0),25/06/26 23:00:00,A,PC_HH,HHI_Q4,FI,2011,98.29,,
ESTAT:ISOC_CI_IN_H(1.0),25/06/26 23:00:00,A,PC_HH,HHI_Q4,FI,2012,97.90,,
ESTAT:ISOC_CI_IN_H(1.0),25/06/26 23:00:00,A,PC_HH,HHI_Q4,FI,2013,99.55,,
ESTAT:ISOC_CI_IN_H(1.0),25/06/26 23:00:00,A,PC_HH,HHI_Q4,FI,2014,98.84,,
ESTAT:ISOC_CI_IN_H(1.0),25/06/26 23:00:00,A,PC_HH,HHI_Q4,FI,2015,99.39,,
ESTAT:ISOC_CI_IN_H(1.0),25/06/26 23:00:00,A,PC_HH,HHI_Q4,FI,2016,99.24,,
ESTAT:ISOC_CI_IN_H(1.0),25/06/26 23:00:00,A,PC_HH,HHI_Q4,FI,2017,100.00,,
ESTAT:ISOC_CI_IN_H(1.0),25/06/26 23:00:00,A,PC_HH,HHI_Q4,FI,2018,99.77,,
ESTAT:ISOC_CI_IN_H(1.0),25/06/26 23:00:00,A,PC_HH,HHI_Q4,FI,2019,99.69,,
ESTAT:ISOC_CI_IN_H(1.0),25/06/26 23:00:00,A,PC_HH,HHI_Q4,FI,2020,99.49,,
ESTAT:ISOC_CI_IN_H(1.0),25/06/26 23:00:00,A,PC_HH,HHI_Q4,FR,2006,60.92,,
ESTAT:ISOC_CI_IN_H(1.0),25/06/26 23:00:00,A,PC_HH,HHI_Q4,FR,2013,96.33,,
ESTAT:ISOC_CI_IN_H(1.0),25/06/26 23:00:00,A,PC_HH,HHI_Q4,FR,2014,97.90,,
ESTAT:ISOC_CI_IN_H(1.0),25/06/26 23:00:00,A,PC_HH,HHI_Q4,FR,2015,97.53,,
ESTAT:ISOC_CI_IN_H(1.0),25/06/26 23:00:00,A,PC_HH,HHI_Q4,FR,2016,97.22,,
ESTAT:ISOC_CI_IN_H(1.0),25/06/26 23:00:00,A,PC_HH,HHI_Q4,FR,2017,97.90,,
ESTAT:ISOC_CI_IN_H(1.0),25/06/26 23:00:00,A,PC_HH,HHI_Q4,FR,2018,98.24,,
ESTAT:ISOC_CI_IN_H(1.0),25/06/26 23:00:00,A,PC_HH,HHI_Q4,FR,2019,98.73,,
ESTAT:ISOC_CI_IN_H(1.0),25/06/26 23:00:00,A,PC_HH,HHI_Q4,HR,2007,72.32,,
ESTAT:ISOC_CI_IN_H(1.0),25/06/26 23:00:00,A,PC_HH,HHI_Q4,HR,2008,81.68,,
ESTAT:ISOC_CI_IN_H(1.0),25/06/26 23:00:00,A,PC_HH,HHI_Q4,HR,2009,80.34,,
ESTAT:ISOC_CI_IN_H(1.0),25/06/26 23:00:00,A,PC_HH,HHI_Q4,HR,2015,98.43,,
ESTAT:ISOC_CI_IN_H(1.0),25/06/26 23:00:00,A,PC_HH,HHI_Q4,HR,2016,98.77,,
ESTAT:ISOC_CI_IN_H(1.0),25/06/26 23:00:00,A,PC_HH,HHI_Q4,HR,2017,98.26,,
ESTAT:ISOC_CI_IN_H(1.0),25/06/26 23:00:00,A,PC_HH,HHI_Q4,HR,2018,97.66,,
ESTAT:ISOC_CI_IN_H(1.0),25/06/26 23:00:00,A,PC_HH,HHI_Q4,HR,2019,99.63,,
ESTAT:ISOC_CI_IN_H(1.0),25/06/26 23:00:00,A,PC_HH,HHI_Q4,HR,2020,99.27,,
ESTAT:ISOC_CI_IN_H(1.0),25/06/26 23:00:00,A,PC_HH,HHI_Q4,HU,2005,42.40,,
ESTAT:ISOC_CI_IN_H(1.0),25/06/26 23:00:00,A,PC_HH,HHI_Q4,HU,2006,65.25,,
ESTAT:ISOC_CI_IN_H(1.0),25/06/26 23:00:00,A,PC_HH,HHI_Q4,HU,2007,74.61,,
ESTAT:ISOC_CI_IN_H(1.0),25/06/26 23:00:00,A,PC_HH,HHI_Q4,HU,2008,81.42,,
ESTAT:ISOC_CI_IN_H(1.0),25/06/26 23:00:00,A,PC_HH,HHI_Q4,HU,2009,85.60,,
ESTAT:ISOC_CI_IN_H(1.0),25/06/26 23:00:00,A,PC_HH,HHI_Q4,HU,2010,88.63,,
ESTAT:ISOC_CI_IN_H(1.0),25/06/26 23:00:00,A,PC_HH,HHI_Q4,HU,2011,91.00,,
ESTAT:ISOC_CI_IN_H(1.0),25/06/26 23:00:00,A,PC_HH,HHI_Q4,HU,2012,93.07,,
ESTAT:ISOC_CI_IN_H(1.0),25/06/26 23:00:00,A,PC_HH,HHI_Q4,HU,2013,93.44,,
ESTAT:ISOC_CI_IN_H(1.0),25/06/26 23:00:00,A,PC_HH,HHI_Q4,HU,2014,94.97,,
ESTAT:ISOC_CI_IN_H(1.0),25/06/26 23:00:00,A,PC_HH,HHI_Q4,HU,2015,94.98,,
ESTAT:ISOC_CI_IN_H(1.0),25/06/26 23:00:00,A,PC_HH,HHI_Q4,HU,2016,95.40,,
ESTAT:ISOC_CI_IN_H(1.0),25/06/26 23:00:00,A,PC_HH,HHI_Q4,HU,2017,95.99,,
ESTAT:ISOC_CI_IN_H(1.0),25/06/26 23:00:00,A,PC_HH,HHI_Q4,HU,2018,94.92,,
ESTAT:ISOC_CI_IN_H(1.0),25/06/26 23:00:00,A,PC_HH,HHI_Q4,HU,2019,95.97,,
ESTAT:ISOC_CI_IN_H(1.0),25/06/26 23:00:00,A,PC_HH,HHI_Q4,HU,2020,99.03,,
ESTAT:ISOC_CI_IN_H(1.0),25/06/26 23:00:00,A,PC_HH,HHI_Q4,IE,2018,99.15,,
ESTAT:ISOC_CI_IN_H(1.0),25/06/26 23:00:00,A,PC_HH,HHI_Q4,IE,2020,97.65,,
ESTAT:ISOC_CI_IN_H(1.0),25/06/26 23:00:00,A,PC_HH,HHI_Q4,IS,2005,96.02,,
ESTAT:ISOC_CI_IN_H(1.0),25/06/26 23:00:00,A,PC_HH,HHI_Q4,IS,2006,97.15,,
ESTAT:ISOC_CI_IN_H(1.0),25/06/26 23:00:00,A,PC_HH,HHI_Q4,IS,2007,97.60,,
ESTAT:ISOC_CI_IN_H(1.0),25/06/26 23:00:00,A,PC_HH,HHI_Q4,IS,2008,97.72,,
ESTAT:ISOC_CI_IN_H(1.0),25/06/26 23:00:00,A,PC_HH,HHI_Q4,IS,2009,97.77,,
ESTAT:ISOC_CI_IN_H(1.0),25/06/26 23:00:00,A,PC_HH,HHI_Q4,IS,2010,99.46,,
ESTAT:ISOC_CI_IN_H(1.0),25/06/26 23:00:00,A,PC_HH,HHI_Q4,IS,2011,99.52,,
ESTAT:ISOC_CI_IN_H(1.0),25/06/26 23:00:00,A,PC_HH,HHI_Q4,IS,2012,100.00,,
ESTAT:ISOC_CI_IN_H(1.0),25/06/26 23:00:00,A,PC_HH,HHI_Q4,IS,2013,100.00,,
ESTAT:ISOC_CI_IN_H(1.0),25/06/26 23:00:00,A,PC_HH,HHI_Q4,IS,2014,100.00,,
ESTAT:ISOC_CI_IN_H(1.0),25/06/26 23:00:00,A,PC_HH,HHI_Q4,IS,2017,99.83,,
ESTAT:ISOC_CI_IN_H(1.0),25/06/26 23:00:00,A,PC_HH,HHI_Q4,IT,2008,,u,
ESTAT:ISOC_CI_IN_H(1.0),25/06/26 23:00:00,A,PC_HH,HHI_Q4,IT,2009,,u,
ESTAT:ISOC_CI_IN_H(1.0),25/06/26 23:00:00,A,PC_HH,HHI_Q4,IT,2010,,u,
ESTAT:ISOC_CI_IN_H(1.0),25/06/26 23:00:00,A,PC_HH,HHI_Q4,IT,2011,84.44,,
ESTAT:ISOC_CI_IN_H(1.0),25/06/26 23:00:00,A,PC_HH,HHI_Q4,IT,2012,84.27,,
ESTAT:ISOC_CI_IN_H(1.0),25/06/26 23:00:00,A,PC_HH,HHI_Q4,IT,2013,89.75,,
ESTAT:ISOC_CI_IN_H(1.0),25/06/26 23:00:00,A,PC_HH,HHI_Q4,LT,2005,39.95,,
ESTAT:ISOC_CI_IN_H(1.0),25/06/26 23:00:00,A,PC_HH,HHI_Q4,LT,2006,70.26,,
ESTAT:ISOC_CI_IN_H(1.0),25/06/26 23:00:00,A,PC_HH,HHI_Q4,LT,2007,82.28,,
ESTAT:ISOC_CI_IN_H(1.0),25/06/26 23:00:00,A,PC_HH,HHI_Q4,LT,2008,86.77,,
ESTAT:ISOC_CI_IN_H(1.0),25/06/26 23:00:00,A,PC_HH,HHI_Q4,LT,2009,93.04,,
ESTAT:ISOC_CI_IN_H(1.0),25/06/26 23:00:00,A,PC_HH,HHI_Q4,LT,2010,95.49,,
ESTAT:ISOC_CI_IN_H(1.0),25/06/26 23:00:00,A,PC_HH,HHI_Q4,LT,2011,96.52,,
ESTAT:ISOC_CI_IN_H(1.0),25/06/26 23:00:00,A,PC_HH,HHI_Q4,LT,2012,96.29,,
ESTAT:ISOC_CI_IN_H(1.0),25/06/26 23:00:00,A,PC_HH,HHI_Q4,LT,2013,97.13,,
ESTAT:ISOC_CI_IN_H(1.0),25/06/26 23:00:00,A,PC_HH,HHI_Q4,LT,2014,98.27,,
ESTAT:ISOC_CI_IN_H(1.0),25/06/26 23:00:00,A,PC_HH,HHI_Q4,LT,2015,93.90,,
ESTAT:ISOC_CI_IN_H(1.0),25/06/26 23:00:00,A,PC_HH,HHI_Q4,LT,2016,96.60,,
ESTAT:ISOC_CI_IN_H(1.0),25/06/26 23:00:00,A,PC_HH,HHI_Q4,LT,2017,98.86,,
ESTAT:ISOC_CI_IN_H(1.0),25/06/26 23:00:00,A,PC_HH,HHI_Q4,LT,2018,98.74,,
ESTAT:ISOC_CI_IN_H(1.0),25/06/26 23:00:00,A,PC_HH,HHI_Q4,LT,2019,99.58,,
ESTAT:ISOC_CI_IN_H(1.0),25/06/26 23:00:00,A,PC_HH,HHI_Q4,LT,2020,99.03,,
ESTAT:ISOC_CI_IN_H(1.0),25/06/26 23:00:00,A,PC_HH,HHI_Q4,LU,2006,94.45,,
ESTAT:ISOC_CI_IN_H(1.0),25/06/26 23:00:00,A,PC_HH,HHI_Q4,LU,2007,92.95,,
ESTAT:ISOC_CI_IN_H(1.0),25/06/26 23:00:00,A,PC_HH,HHI_Q4,LU,2008,95.32,,
ESTAT:ISOC_CI_IN_H(1.0),25/06/26 23:00:00,A,PC_HH,HHI_Q4,LU,2009,95.81,,
ESTAT:ISOC_CI_IN_H(1.0),25/06/26 23:00:00,A,PC_HH,HHI_Q4,LU,2010,98.39,,
ESTAT:ISOC_CI_IN_H(1.0),25/06/26 23:00:00,A,PC_HH,HHI_Q4,LU,2011,98.30,,
ESTAT:ISOC_CI_IN_H(1.0),25/06/26 23:00:00,A,PC_HH,HHI_Q4,LU,2012,100.00,,
ESTAT:ISOC_CI_IN_H(1.0),25/06/26 23:00:00,A,PC_HH,HHI_Q4,LU,2013,97.78,,
ESTAT:ISOC_CI_IN_H(1.0),25/06/26 23:00:00,A,PC_HH,HHI_Q4,LU,2014,100.00,,
ESTAT:ISOC_CI_IN_H(1.0),25/06/26 23:00:00,A,PC_HH,HHI_Q4,LU,2015,100.00,,
ESTAT:ISOC_CI_IN_H(1.0),25/06/26 23:00:00,A,PC_HH,HHI_Q4,LU,2016,99.07,,
ESTAT:ISOC_CI_IN_H(1.0),25/06/26 23:00:00,A,PC_HH,HHI_Q4,LU,2017,100.00,,
ESTAT:ISOC_CI_IN_H(1.0),25/06/26 23:00:00,A,PC_HH,HHI_Q4,LU,2018,99.38,b,
ESTAT:ISOC_CI_IN_H(1.0),25/06/26 23:00:00,A,PC_HH,HHI_Q4,LU,2019,99.42,,
ESTAT:ISOC_CI_IN_H(1.0),25/06/26 23:00:00,A,PC_HH,HHI_Q4,LU,2020,99.36,,
ESTAT:ISOC_CI_IN_H(1.0),25/06/26 23:00:00,A,PC_HH,HHI_Q4,LV,2005,55.09,,
ESTAT:ISOC_CI_IN_H(1.0),25/06/26 23:00:00,A,PC_HH,HHI_Q4,LV,2006,74.93,,
ESTAT:ISOC_CI_IN_H(1.0),25/06/26 23:00:00,A,PC_HH,HHI_Q4,LV,2007,83.93,,
ESTAT:ISOC_CI_IN_H(1.0),25/06/26 23:00:00,A,PC_HH,HHI_Q4,LV,2008,84.43,,
ESTAT:ISOC_CI_IN_H(1.0),25/06/26 23:00:00,A,PC_HH,HHI_Q4,LV,2009,88.80,,
ESTAT:ISOC_CI_IN_H(1.0),25/06/26 23:00:00,A,PC_HH,HHI_Q4,LV,2010,87.93,,
ESTAT:ISOC_CI_IN_H(1.0),25/06/26 23:00:00,A,PC_HH,HHI_Q4,LV,2011,93.45,,
ESTAT:ISOC_CI_IN_H(1.0),25/06/26 23:00:00,A,PC_HH,HHI_Q4,LV,2012,93.60,,
ESTAT:ISOC_CI_IN_H(1.0),25/06/26 23:00:00,A,PC_HH,HHI_Q4,LV,2013,96.73,,
ESTAT:ISOC_CI_IN_H(1.0),25/06/26 23:00:00,A,PC_HH,HHI_Q4,LV,2014,95.29,,
ESTAT:ISOC_CI_IN_H(1.0),25/06/26 23:00:00,A,PC_HH,HHI_Q4,LV,2015,97.47,,
ESTAT:ISOC_CI_IN_H(1.0),25/06/26 23:00:00,A,PC_HH,HHI_Q4,LV,2016,97.67,b,
ESTAT:ISOC_CI_IN_H(1.0),25/06/26 23:00:00,A,PC_HH,HHI_Q4,LV,2017,98.67,b,
ESTAT:ISOC_CI_IN_H(1.0),25/06/26 23:00:00,A,PC_HH,HHI_Q4,LV,2018,98.43,,
ESTAT:ISOC_CI_IN_H(1.0),25/06/26 23:00:00,A,PC_HH,HHI_Q4,LV,2019,99.68,,
ESTAT:ISOC_CI_IN_H(1.0),25/06/26 23:00:00,A,PC_HH,HHI_Q4,LV,2020,98.87,,
ESTAT:ISOC_CI_IN_H(1.0),25/06/26 23:00:00,A,PC_HH,HHI_Q4,MK,2009,74.84,,
ESTAT:ISOC_CI_IN_H(1.0),25/06/26 23:00:00,A,PC_HH,HHI_Q4,MK,2010,75.97,,
ESTAT:ISOC_CI_IN_H(1.0),25/06/26 23:00:00,A,PC_HH,HHI_Q4,MK,2012,90.81,,
ESTAT:ISOC_CI_IN_H(1.0),25/06/26 23:00:00,A,PC_HH,HHI_Q4,MK,2013,89.98,,
ESTAT:ISOC_CI_IN_H(1.0),25/06/26 23:00:00,A,PC_HH,HHI_Q4,MK,2014,94.06,,
ESTAT:ISOC_CI_IN_H(1.0),25/06/26 23:00:00,A,PC_HH,HHI_Q4,MK,2015,94.18,,
ESTAT:ISOC_CI_IN_H(1.0),25/06/26 23:00:00,A,PC_HH,HHI_Q4,MK,2016,97.53,,
ESTAT:ISOC_CI_IN_H(1.0),25/06/26 23:00:00,A,PC_HH,HHI_Q4,MK,2017,95.93,,
ESTAT:ISOC_CI_IN_H(1.0),25/06/26 23:00:00,A,PC_HH,HHI_Q4,MK,2018,97.56,,
ESTAT:ISOC_CI_IN_H(1.0),25/06/26 23:00:00,A,PC_HH,HHI_Q4,MK,2019,98.03,,
ESTAT:ISOC_CI_IN_H(1.0),25/06/26 23:00:00,A,PC_HH,HHI_Q4,MK,2020,96.85,,
ESTAT:ISOC_CI_IN_H(1.0),25/06/26 23:00:00,A,PC_HH,HHI_Q4,MT,2005,69.24,,
ESTAT:ISOC_CI_IN_H(1.0),25/06/26 23:00:00,A,PC_HH,HHI_Q4,MT,2006,48.37,,
ESTAT:ISOC_CI_IN_H(1.0),25/06/26 23:00:00,A,PC_HH,HHI_Q4,MT,2007,84.43,,
ESTAT:ISOC_CI_IN_H(1.0),25/06/26 23:00:00,A,PC_HH,HHI_Q4,MT,2008,88.21,,
ESTAT:ISOC_CI_IN_H(1.0),25/06/26 23:00:00,A,PC_HH,HHI_Q4,MT,2009,90.08,,
ESTAT:ISOC_CI_IN_H(1.0),25/06/26 23:00:00,A,PC_HH,HHI_Q4,MT,2010,96.00,,
ESTAT:ISOC_CI_IN_H(1.0),25/06/26 23:00:00,A,PC_HH,HHI_Q4,MT,2011,94.45,,
ESTAT:ISOC_CI_IN_H(1.0),25/06/26 23:00:00,A,PC_HH,HHI_Q4,MT,2012,97.98,,
ESTAT:ISOC_CI_IN_H(1.0),25/06/26 23:00:00,A,PC_HH,HHI_Q4,MT,2013,98.28,,
ESTAT:ISOC_CI_IN_H(1.0),25/06/26 23:00:00,A,PC_HH,HHI_Q4,MT,2014,97.31,,
ESTAT:ISOC_CI_IN_H(1.0),25/06/26 23:00:00,A,PC_HH,HHI_Q4,NL,2007,96.08,,
ESTAT:ISOC_CI_IN_H(1.0),25/06/26 23:00:00,A,PC_HH,HHI_Q4,NL,2008,95.65,,
ESTAT:ISOC_CI_IN_H(1.0),25/06/26 23:00:00,A,PC_HH,HHI_Q4,NL,2009,97.13,,
ESTAT:ISOC_CI_IN_H(1.0),25/06/26 23:00:00,A,PC_HH,HHI_Q4,NL,2010,98.41,,
ESTAT:ISOC_CI_IN_H(1.0),25/06/26 23:00:00,A,PC_HH,HHI_Q4,NL,2011,98.95,,
ESTAT:ISOC_CI_IN_H(1.0),25/06/26 23:00:00,A,PC_HH,HHI_Q4,NL,2012,99.02,,
ESTAT:ISOC_CI_IN_H(1.0),25/06/26 23:00:00,A,PC_HH,HHI_Q4,NL,2013,99.09,,
ESTAT:ISOC_CI_IN_H(1.0),25/06/26 23:00:00,A,PC_HH,HHI_Q4,NL,2014,99.21,,
ESTAT:ISOC_CI_IN_H(1.0),25/06/26 23:00:00,A,PC_HH,HHI_Q4,NL,2015,99.07,,
ESTAT:ISOC_CI_IN_H(1.0),25/06/26 23:00:00,A,PC_HH,HHI_Q4,NL,2016,99.33,,
ESTAT:ISOC_CI_IN_H(1.0),25/06/26 23:00:00,A,PC_HH,HHI_Q4,NL,2017,99.48,,
ESTAT:ISOC_CI_IN_H(1.0),25/06/26 23:00:00,A,PC_HH,HHI_Q4,NL,2018,99.49,,
ESTAT:ISOC_CI_IN_H(1.0),25/06/26 23:00:00,A,PC_HH,HHI_Q4,NL,2019,99.78,,
ESTAT:ISOC_CI_IN_H(1.0),25/06/26 23:00:00,A,PC_HH,HHI_Q4,NL,2020,98.92,,
ESTAT:ISOC_CI_IN_H(1.0),25/06/26 23:00:00,A,PC_HH,HHI_Q4,NO,2005,90.99,,
ESTAT:ISOC_CI_IN_H(1.0),25/06/26 23:00:00,A,PC_HH,HHI_Q4,NO,2006,95.64,,
ESTAT:ISOC_CI_IN_H(1.0),25/06/26 23:00:00,A,PC_HH,HHI_Q4,NO,2007,95.40,,
ESTAT:ISOC_CI_IN_H(1.0),25/06/26 23:00:00,A,PC_HH,HHI_Q4,NO,2008,98.47,,
ESTAT:ISOC_CI_IN_H(1.0),25/06/26 23:00:00,A,PC_HH,HHI_Q4,NO,2009,99.51,,
ESTAT:ISOC_CI_IN_H(1.0),25/06/26 23:00:00,A,PC_HH,HHI_Q4,NO,2010,99.46,,
ESTAT:ISOC_CI_IN_H(1.0),25/06/26 23:00:00,A,PC_HH,HHI_Q4,NO,2011,100.00,,
ESTAT:ISOC_CI_IN_H(1.0),25/06/26 23:00:00,A,PC_HH,HHI_Q4,NO,2012,99.45,,
ESTAT:ISOC_CI_IN_H(1.0),25/06/26 23:00:00,A,PC_HH,HHI_Q4,NO,2013,97.13,,
ESTAT:ISOC_CI_IN_H(1.0),25/06/26 23:00:00,A,PC_HH,HHI_Q4,NO,2014,99.45,,
ESTAT:ISOC_CI_IN_H(1.0),25/06/26 23:00:00,A,PC_HH,HHI_Q4,NO,2015,98.50,,
ESTAT:ISOC_CI_IN_H(1.0),25/06/26 23:00:00,A,PC_HH,HHI_Q4,NO,2016,98.59,,
ESTAT:ISOC_CI_IN_H(1.0),25/06/26 23:00:00,A,PC_HH,HHI_Q4,NO,2017,100.00,,
ESTAT:ISOC_CI_IN_H(1.0),25/06/26 23:00:00,A,PC_HH,HHI_Q4,NO,2018,98.37,,
ESTAT:ISOC_CI_IN_H(1.0),25/06/26 23:00:00,A,PC_HH,HHI_Q4,NO,2019,100.00,,
ESTAT:ISOC_CI_IN_H(1.0),25/06/26 23:00:00,A,PC_HH,HHI_Q4,NO,2020,100.00,,
ESTAT:ISOC_CI_IN_H(1.0),25/06/26 23:00:00,A,PC_HH,HHI_Q4,PL,2005,60.14,,
ESTAT:ISOC_CI_IN_H(1.0),25/06/26 23:00:00,A,PC_HH,HHI_Q4,PL,2006,72.98,,
ESTAT:ISOC_CI_IN_H(1.0),25/06/26 23:00:00,A,PC_HH,HHI_Q4,PL,2007,71.66,,
ESTAT:ISOC_CI_IN_H(1.0),25/06/26 23:00:00,A,PC_HH,HHI_Q4,PL,2008,80.14,,
ESTAT:ISOC_CI_IN_H(1.0),25/06/26 23:00:00,A,PC_HH,HHI_Q4,PL,2009,88.51,,
ESTAT:ISOC_CI_IN_H(1.0),25/06/26 23:00:00,A,PC_HH,HHI_Q4,PL,2010,90.44,,
ESTAT:ISOC_CI_IN_H(1.0),25/06/26 23:00:00,A,PC_HH,HHI_Q4,PL,2011,93.58,,
ESTAT:ISOC_CI_IN_H(1.0),25/06/26 23:00:00,A,PC_HH,HHI_Q4,PL,2012,94.10,,
ESTAT:ISOC_CI_IN_H(1.0),25/06/26 23:00:00,A,PC_HH,HHI_Q4,PL,2013,91.55,,
ESTAT:ISOC_CI_IN_H(1.0),25/06/26 23:00:00,A,PC_HH,HHI_Q4,PL,2014,95.55,,
ESTAT:ISOC_CI_IN_H(1.0),25/06/26 23:00:00,A,PC_HH,HHI_Q4,PL,2015,93.26,,
ESTAT:ISOC_CI_IN_H(1.0),25/06/26 23:00:00,A,PC_HH,HHI_Q4,PL,2016,94.87,,
ESTAT:ISOC_CI_IN_H(1.0),25/06/26 23:00:00,A,PC_HH,HHI_Q4,PL,2017,96.16,,
ESTAT:ISOC_CI_IN_H(1.0),25/06/26 23:00:00,A,PC_HH,HHI_Q4,PL,2018,96.61,,
ESTAT:ISOC_CI_IN_H(1.0),25/06/26 23:00:00,A,PC_HH,HHI_Q4,PL,2019,98.56,,
ESTAT:ISOC_CI_IN_H(1.0),25/06/26 23:00:00,A,PC_HH,HHI_Q4,PL,2020,98.64,,
ESTAT:ISOC_CI_IN_H(1.0),25/06/26 23:00:00,A,PC_HH,HHI_Q4,PT,2008,87.71,,
ESTAT:ISOC_CI_IN_H(1.0),25/06/26 23:00:00,A,PC_HH,HHI_Q4,PT,2009,80.75,,
ESTAT:ISOC_CI_IN_H(1.0),25/06/26 23:00:00,A,PC_HH,HHI_Q4,PT,2010,86.28,,
ESTAT:ISOC_CI_IN_H(1.0),25/06/26 23:00:00,A,PC_HH,HHI_Q4,PT,2011,89.73,,
ESTAT:ISOC_CI_IN_H(1.0),25/06/26 23:00:00,A,PC_HH,HHI_Q4,PT,2012,90.69,,
ESTAT:ISOC_CI_IN_H(1.0),25/06/26 23:00:00,A,PC_HH,HHI_Q4,PT,2013,90.40,,
ESTAT:ISOC_CI_IN_H(1.0),25/06/26 23:00:00,A,PC_HH,HHI_Q4,PT,2014,93.51,,
ESTAT:ISOC_CI_IN_H(1.0),25/06/26 23:00:00,A,PC_HH,HHI_Q4,PT,2015,94.74,,
ESTAT:ISOC_CI_IN_H(1.0),25/06/26 23:00:00,A,PC_HH,HHI_Q4,PT,2016,95.65,,
ESTAT:ISOC_CI_IN_H(1.0),25/06/26 23:00:00,A,PC_HH,HHI_Q4,PT,2017,98.06,,
ESTAT:ISOC_CI_IN_H(1.0),25/06/26 23:00:00,A,PC_HH,HHI_Q4,PT,2018,98.28,,
ESTAT:ISOC_CI_IN_H(1.0),25/06/26 23:00:00,A,PC_HH,HHI_Q4,PT,2019,99.01,,
ESTAT:ISOC_CI_IN_H(1.0),25/06/26 23:00:00,A,PC_HH,HHI_Q4,PT,2020,98.66,,
ESTAT:ISOC_CI_IN_H(1.0),25/06/26 23:00:00,A,PC_HH,HHI_Q4,RO,2008,57.94,,
ESTAT:ISOC_CI_IN_H(1.0),25/06/26 23:00:00,A,PC_HH,HHI_Q4,RO,2009,70.84,,
ESTAT:ISOC_CI_IN_H(1.0),25/06/26 23:00:00,A,PC_HH,HHI_Q4,RO,2010,67.65,,
ESTAT:ISOC_CI_IN_H(1.0),25/06/26 23:00:00,A,PC_HH,HHI_Q4,RO,2011,75.66,,
ESTAT:ISOC_CI_IN_H(1.0),25/06/26 23:00:00,A,PC_HH,HHI_Q4,RO,2012,78.16,,
ESTAT:ISOC_CI_IN_H(1.0),25/06/26 23:00:00,A,PC_HH,HHI_Q4,RO,2013,83.21,,
ESTAT:ISOC_CI_IN_H(1.0),25/06/26 23:00:00,A,PC_HH,HHI_Q4,RO,2014,85.36,b,
ESTAT:ISOC_CI_IN_H(1.0),25/06/26 23:00:00,A,PC_HH,HHI_Q4,RO,2015,91.82,,
ESTAT:ISOC_CI_IN_H(1.0),25/06/26 23:00:00,A,PC_HH,HHI_Q4,RO,2016,96.15,,
ESTAT:ISOC_CI_IN_H(1.0),25/06/26 23:00:00,A,PC_HH,HHI_Q4,RO,2017,94.85,,
ESTAT:ISOC_CI_IN_H(1.0),25/06/26 23:00:00,A,PC_HH,HHI_Q4,RO,2018,97.75,,
ESTAT:ISOC_CI_IN_H(1.0),25/06/26 23:00:00,A,PC_HH,HHI_Q4,RO,2019,97.73,,
ESTAT:ISOC_CI_IN_H(1.0),25/06/26 23:00:00,A,PC_HH,HHI_Q4,RO,2020,99.15,,
ESTAT:ISOC_CI_IN_H(1.0),25/06/26 23:00:00,A,PC_HH,HHI_Q4,SE,2006,95.82,,
ESTAT:ISOC_CI_IN_H(1.0),25/06/26 23:00:00,A,PC_HH,HHI_Q4,SE,2007,95.59,,
ESTAT:ISOC_CI_IN_H(1.0),25/06/26 23:00:00,A,PC_HH,HHI_Q4,SE,2008,97.87,,
ESTAT:ISOC_CI_IN_H(1.0),25/06/26 23:00:00,A,PC_HH,HHI_Q4,SE,2009,97.71,,
ESTAT:ISOC_CI_IN_H(1.0),25/06/26 23:00:00,A,PC_HH,HHI_Q4,SE,2010,98.06,,
ESTAT:ISOC_CI_IN_H(1.0),25/06/26 23:00:00,A,PC_HH,HHI_Q4,SE,2011,99.19,,
ESTAT:ISOC_CI_IN_H(1.0),25/06/26 23:00:00,A,PC_HH,HHI_Q4,SE,2012,98.71,,
ESTAT:ISOC_CI_IN_H(1.0),25/06/26 23:00:00,A,PC_HH,HHI_Q4,SE,2013,99.07,,
ESTAT:ISOC_CI_IN_H(1.0),25/06/26 23:00:00,A,PC_HH,HHI_Q4,SE,2014,98.22,,
ESTAT:ISOC_CI_IN_H(1.0),25/06/26 23:00:00,A,PC_HH,HHI_Q4,SE,2015,,u,
ESTAT:ISOC_CI_IN_H(1.0),25/06/26 23:00:00,A,PC_HH,HHI_Q4,SE,2016,98.56,b,
ESTAT:ISOC_CI_IN_H(1.0),25/06/26 23:00:00,A,PC_HH,HHI_Q4,SE,2017,100.00,,
ESTAT:ISOC_CI_IN_H(1.0),25/06/26 23:00:00,A,PC_HH,HHI_Q4,SE,2018,99.02,,
ESTAT:ISOC_CI_IN_H(1.0),25/06/26 23:00:00,A,PC_HH,HHI_Q4,SE,2019,98.56,,
ESTAT:ISOC_CI_IN_H(1.0),25/06/26 23:00:00,A,PC_HH,HHI_Q4,SE,2020,98.99,,
ESTAT:ISOC_CI_IN_H(1.0),25/06/26 23:00:00,A,PC_HH,HHI_Q4,SI,2005,78.01,,
ESTAT:ISOC_CI_IN_H(1.0),25/06/26 23:00:00,A,PC_HH,HHI_Q4,SI,2006,82.15,,
ESTAT:ISOC_CI_IN_H(1.0),25/06/26 23:00:00,A,PC_HH,HHI_Q4,SI,2007,86.21,,
ESTAT:ISOC_CI_IN_H(1.0),25/06/26 23:00:00,A,PC_HH,HHI_Q4,SI,2008,90.72,,
ESTAT:ISOC_CI_IN_H(1.0),25/06/26 23:00:00,A,PC_HH,HHI_Q4,SI,2009,89.64,,
ESTAT:ISOC_CI_IN_H(1.0),25/06/26 23:00:00,A,PC_HH,HHI_Q4,SI,2010,95.71,,
ESTAT:ISOC_CI_IN_H(1.0),25/06/26 23:00:00,A,PC_HH,HHI_Q4,SI,2011,97.89,,
ESTAT:ISOC_CI_IN_H(1.0),25/06/26 23:00:00,A,PC_HH,HHI_Q4,SI,2012,97.25,,
ESTAT:ISOC_CI_IN_H(1.0),25/06/26 23:00:00,A,PC_HH,HHI_Q4,SI,2013,98.62,,
ESTAT:ISOC_CI_IN_H(1.0),25/06/26 23:00:00,A,PC_HH,HHI_Q4,SI,2014,99.09,,
ESTAT:ISOC_CI_IN_H(1.0),25/06/26 23:00:00,A,PC_HH,HHI_Q4,SI,2015,98.15,,
ESTAT:ISOC_CI_IN_H(1.0),25/06/26 23:00:00,A,PC_HH,HHI_Q4,SI,2016,98.26,,
ESTAT:ISOC_CI_IN_H(1.0),25/06/26 23:00:00,A,PC_HH,HHI_Q4,SI,2017,99.70,,
ESTAT:ISOC_CI_IN_H(1.0),25/06/26 23:00:00,A,PC_HH,HHI_Q4,SI,2018,99.16,,
ESTAT:ISOC_CI_IN_H(1.0),25/06/26 23:00:00,A,PC_HH,HHI_Q4,SI,2019,99.43,,
ESTAT:ISOC_CI_IN_H(1.0),25/06/26 23:00:00,A,PC_HH,HHI_Q4,SI,2020,99.50,,
ESTAT:ISOC_CI_IN_H(1.0),25/06/26 23:00:00,A,PC_HH,HHI_Q4,SK,2005,31.21,,
ESTAT:ISOC_CI_IN_H(1.0),25/06/26 23:00:00,A,PC_HH,HHI_Q4,SK,2006,54.85,,
ESTAT:ISOC_CI_IN_H(1.0),25/06/26 23:00:00,A,PC_HH,HHI_Q4,SK,2007,74.62,,
ESTAT:ISOC_CI_IN_H(1.0),25/06/26 23:00:00,A,PC_HH,HHI_Q4,SK,2008,86.43,,
ESTAT:ISOC_CI_IN_H(1.0),25/06/26 23:00:00,A,PC_HH,HHI_Q4,SK,2009,87.78,,
ESTAT:ISOC_CI_IN_H(1.0),25/06/26 23:00:00,A,PC_HH,HHI_Q4,SK,2010,91.62,,
ESTAT:ISOC_CI_IN_H(1.0),25/06/26 23:00:00,A,PC_HH,HHI_Q4,SK,2011,95.28,,
ESTAT:ISOC_CI_IN_H(1.0),25/06/26 23:00:00,A,PC_HH,HHI_Q4,SK,2012,96.54,,
ESTAT:ISOC_CI_IN_H(1.0),25/06/26 23:00:00,A,PC_HH,HHI_Q4,SK,2013,96.74,,
ESTAT:ISOC_CI_IN_H(1.0),25/06/26 23:00:00,A,PC_HH,HHI_Q4,SK,2014,97.67,,
ESTAT:ISOC_CI_IN_H(1.0),25/06/26 23:00:00,A,PC_HH,HHI_Q4,SK,2015,97.36,,
ESTAT:ISOC_CI_IN_H(1.0),25/06/26 23:00:00,A,PC_HH,HHI_Q4,SK,2016,98.70,b,
ESTAT:ISOC_CI_IN_H(1.0),25/06/26 23:00:00,A,PC_HH,HHI_Q4,SK,2017,96.65,,
ESTAT:ISOC_CI_IN_H(1.0),25/06/26 23:00:00,A,PC_HH,HHI_Q4,SK,2018,96.28,,
ESTAT:ISOC_CI_IN_H(1.0),25/06/26 23:00:00,A,PC_HH,HHI_Q4,SK,2019,96.66,,
ESTAT:ISOC_CI_IN_H(1.0),25/06/26 23:00:00,A,PC_HH,HHI_Q4,SK,2020,91.94,,
ESTAT:ISOC_CI_IN_H(1.0),25/06/26 23:00:00,A,PC_HH,HHI_Q4,UK,2008,92.09,,
ESTAT:ISOC_CI_IN_H(1.0),25/06/26 23:00:00,A,PC_HH,HHI_Q4,XK,2017,96.70,,
ESTAT:ISOC_CI_IN_H(1.0),25/06/26 23:00:00,A,PC_HH,HHI_Q4,XK,2020,99.11,,
ESTAT:ISOC_CI_IN_H(1.0),25/06/26 23:00:00,A,PC_HH,HH_DEG1,AL,2022,98.18,,
ESTAT:ISOC_CI_IN_H(1.0),25/06/26 23:00:00,A,PC_HH,HH_DEG1,AL,2023,98.91,,
ESTAT:ISOC_CI_IN_H(1.0),25/06/26 23:00:00,A,PC_HH,HH_DEG1,AL,2024,98.82,,
ESTAT:ISOC_CI_IN_H(1.0),25/06/26 23:00:00,A,PC_HH,HH_DEG1,AL,2025,99.73,,
ESTAT:ISOC_CI_IN_H(1.0),25/06/26 23:00:00,A,PC_HH,HH_DEG1,AT,2004,47.30,,
ESTAT:ISOC_CI_IN_H(1.0),25/06/26 23:00:00,A,PC_HH,HH_DEG1,AT,2005,48.56,,
ESTAT:ISOC_CI_IN_H(1.0),25/06/26 23:00:00,A,PC_HH,HH_DEG1,AT,2006,55.81,,
ESTAT:ISOC_CI_IN_H(1.0),25/06/26 23:00:00,A,PC_HH,HH_DEG1,AT,2007,62.94,,
ESTAT:ISOC_CI_IN_H(1.0),25/06/26 23:00:00,A,PC_HH,HH_DEG1,AT,2008,71.98,,
ESTAT:ISOC_CI_IN_H(1.0),25/06/26 23:00:00,A,PC_HH,HH_DEG1,AT,2009,72.57,,
ESTAT:ISOC_CI_IN_H(1.0),25/06/26 23:00:00,A,PC_HH,HH_DEG1,AT,2010,73.84,,
ESTAT:ISOC_CI_IN_H(1.0),25/06/26 23:00:00,A,PC_HH,HH_DEG1,AT,2011,75.81,,
ESTAT:ISOC_CI_IN_H(1.0),25/06/26 23:00:00,A,PC_HH,HH_DEG1,AT,2012,82.13,,
ESTAT:ISOC_CI_IN_H(1.0),25/06/26 23:00:00,A,PC_HH,HH_DEG1,AT,2013,83.12,,
ESTAT:ISOC_CI_IN_H(1.0),25/06/26 23:00:00,A,PC_HH,HH_DEG1,AT,2014,82.95,,
ESTAT:ISOC_CI_IN_H(1.0),25/06/26 23:00:00,A,PC_HH,HH_DEG1,AT,2015,85.60,,
ESTAT:ISOC_CI_IN_H(1.0),25/06/26 23:00:00,A,PC_HH,HH_DEG1,AT,2016,88.09,,
ESTAT:ISOC_CI_IN_H(1.0),25/06/26 23:00:00,A,PC_HH,HH_DEG1,AT,2017,89.26,,
ESTAT:ISOC_CI_IN_H(1.0),25/06/26 23:00:00,A,PC_HH,HH_DEG1,AT,2018,90.16,,
ESTAT:ISOC_CI_IN_H(1.0),25/06/26 23:00:00,A,PC_HH,HH_DEG1,AT,2019,91.82,,
ESTAT:ISOC_CI_IN_H(1.0),25/06/26 23:00:00,A,PC_HH,HH_DEG1,AT,2020,92.35,,
ESTAT:ISOC_CI_IN_H(1.0),25/06/26 23:00:00,A,PC_HH,HH_DEG1,AT,2021,96.14,,
ESTAT:ISOC_CI_IN_H(1.0),25/06/26 23:00:00,A,PC_HH,HH_DEG1,AT,2022,95.24,,
ESTAT:ISOC_CI_IN_H(1.0),25/06/26 23:00:00,A,PC_HH,HH_DEG1,AT,2023,96.09,,
ESTAT:ISOC_CI_IN_H(1.0),25/06/26 23:00:00,A,PC_HH,HH_DEG1,AT,2024,95.81,,
ESTAT:ISOC_CI_IN_H(1.0),25/06/26 23:00:00,A,PC_HH,HH_DEG1,AT,2025,97.21,,
ESTAT:ISOC_CI_IN_H(1.0),25/06/26 23:00:00,A,PC_HH,HH_DEG1,BA,2023,83.77,,
ESTAT:ISOC_CI_IN_H(1.0),25/06/26 23:00:00,A,PC_HH,HH_DEG1,BA,2024,86.16,,
ESTAT:ISOC_CI_IN_H(1.0),25/06/26 23:00:00,A,PC_HH,HH_DEG1,BA,2025,89.47,,
ESTAT:ISOC_CI_IN_H(1.0),25/06/26 23:00:00,A,PC_HH,HH_DEG1,BE,2005,48.81,,
ESTAT:ISOC_CI_IN_H(1.0),25/06/26 23:00:00,A,PC_HH,HH_DEG1,BE,2006,52.09,,
ESTAT:ISOC_CI_IN_H(1.0),25/06/26 23:00:00,A,PC_HH,HH_DEG1,BE,2007,59.27,,
ESTAT:ISOC_CI_IN_H(1.0),25/06/26 23:00:00,A,PC_HH,HH_DEG1,BE,2008,62.64,,
ESTAT:ISOC_CI_IN_H(1.0),25/06/26 23:00:00,A,PC_HH,HH_DEG1,BE,2009,65.25,,
ESTAT:ISOC_CI_IN_H(1.0),25/06/26 23:00:00,A,PC_HH,HH_DEG1,BE,2010,71.61,,
ESTAT:ISOC_CI_IN_H(1.0),25/06/26 23:00:00,A,PC_HH,HH_DEG1,BE,2011,75.29,,
ESTAT:ISOC_CI_IN_H(1.0),25/06/26 23:00:00,A,PC_HH,HH_DEG1,BE,2012,76.32,,
ESTAT:ISOC_CI_IN_H(1.0),25/06/26 23:00:00,A,PC_HH,HH_DEG1,BE,2013,78.89,,
ESTAT:ISOC_CI_IN_H(1.0),25/06/26 23:00:00,A,PC_HH,HH_DEG1,BE,2014,80.61,,
ESTAT:ISOC_CI_IN_H(1.0),25/06/26 23:00:00,A,PC_HH,HH_DEG1,BE,2015,79.47,,
ESTAT:ISOC_CI_IN_H(1.0),25/06/26 23:00:00,A,PC_HH,HH_DEG1,BE,2016,83.79,,
ESTAT:ISOC_CI_IN_H(1.0),25/06/26 23:00:00,A,PC_HH,HH_DEG1,BE,2017,85.21,,
ESTAT:ISOC_CI_IN_H(1.0),25/06/26 23:00:00,A,PC_HH,HH_DEG1,BE,2018,86.19,,
ESTAT:ISOC_CI_IN_H(1.0),25/06/26 23:00:00,A,PC_HH,HH_DEG1,BE,2019,88.25,,
ESTAT:ISOC_CI_IN_H(1.0),25/06/26 23:00:00,A,PC_HH,HH_DEG1,BE,2020,89.75,,
ESTAT:ISOC_CI_IN_H(1.0),25/06/26 23:00:00,A,PC_HH,HH_DEG1,BE,2021,90.77,,
ESTAT:ISOC_CI_IN_H(1.0),25/06/26 23:00:00,A,PC_HH,HH_DEG1,BE,2022,93.99,,
ESTAT:ISOC_CI_IN_H(1.0),25/06/26 23:00:00,A,PC_HH,HH_DEG1,BE,2023,94.63,,
ESTAT:ISOC_CI_IN_H(1.0),25/06/26 23:00:00,A,PC_HH,HH_DEG1,BE,2024,94.58,,
ESTAT:ISOC_CI_IN_H(1.0),25/06/26 23:00:00,A,PC_HH,HH_DEG1,BE,2025,94.29,,
ESTAT:ISOC_CI_IN_H(1.0),25/06/26 23:00:00,A,PC_HH,HH_DEG1,BG,2004,16.38,,
ESTAT:ISOC_CI_IN_H(1.0),25/06/26 23:00:00,A,PC_HH,HH_DEG1,BG,2007,31.52,,
ESTAT:ISOC_CI_IN_H(1.0),25/06/26 23:00:00,A,PC_HH,HH_DEG1,BG,2008,37.20,,
ESTAT:ISOC_CI_IN_H(1.0),25/06/26 23:00:00,A,PC_HH,HH_DEG1,BG,2009,42.81,,
ESTAT:ISOC_CI_IN_H(1.0),25/06/26 23:00:00,A,PC_HH,HH_DEG1,BG,2010,47.18,,
ESTAT:ISOC_CI_IN_H(1.0),25/06/26 23:00:00,A,PC_HH,HH_DEG1,BG,2011,57.82,,
ESTAT:ISOC_CI_IN_H(1.0),25/06/26 23:00:00,A,PC_HH,HH_DEG1,BG,2012,66.19,,
ESTAT:ISOC_CI_IN_H(1.0),25/06/26 23:00:00,A,PC_HH,HH_DEG1,BG,2013,66.27,,
ESTAT:ISOC_CI_IN_H(1.0),25/06/26 23:00:00,A,PC_HH,HH_DEG1,BG,2014,68.15,,
ESTAT:ISOC_CI_IN_H(1.0),25/06/26 23:00:00,A,PC_HH,HH_DEG1,BG,2015,71.35,,
ESTAT:ISOC_CI_IN_H(1.0),25/06/26 23:00:00,A,PC_HH,HH_DEG1,BG,2016,73.11,,
ESTAT:ISOC_CI_IN_H(1.0),25/06/26 23:00:00,A,PC_HH,HH_DEG1,BG,2017,77.34,,
ESTAT:ISOC_CI_IN_H(1.0),25/06/26 23:00:00,A,PC_HH,HH_DEG1,BG,2018,80.55,,
ESTAT:ISOC_CI_IN_H(1.0),25/06/26 23:00:00,A,PC_HH,HH_DEG1,BG,2019,82.43,,
ESTAT:ISOC_CI_IN_H(1.0),25/06/26 23:00:00,A,PC_HH,HH_DEG1,BG,2020,86.47,,
ESTAT:ISOC_CI_IN_H(1.0),25/06/26 23:00:00,A,PC_HH,HH_DEG1,BG,2021,90.67,,
ESTAT:ISOC_CI_IN_H(1.0),25/06/26 23:00:00,A,PC_HH,HH_DEG1,BG,2022,91.29,,
ESTAT:ISOC_CI_IN_H(1.0),25/06/26 23:00:00,A,PC_HH,HH_DEG1,BG,2023,93.07,,
ESTAT:ISOC_CI_IN_H(1.0),25/06/26 23:00:00,A,PC_HH,HH_DEG1,BG,2024,96.35,,
ESTAT:ISOC_CI_IN_H(1.0),25/06/26 23:00:00,A,PC_HH,HH_DEG1,BG,2025,97.04,,
ESTAT:ISOC_CI_IN_H(1.0),25/06/26 23:00:00,A,PC_HH,HH_DEG1,CH,2014,91.23,,
ESTAT:ISOC_CI_IN_H(1.0),25/06/26 23:00:00,A,PC_HH,HH_DEG1,CH,2017,93.11,b,
ESTAT:ISOC_CI_IN_H(1.0),25/06/26 23:00:00,A,PC_HH,HH_DEG1,CH,2019,95.27,,
ESTAT:ISOC_CI_IN_H(1.0),25/06/26 23:00:00,A,PC_HH,HH_DEG1,CH,2021,98.40,,
ESTAT:ISOC_CI_IN_H(1.0),25/06/26 23:00:00,A,PC_HH,HH_DEG1,CH,2023,100.00,,
ESTAT:ISOC_CI_IN_H(1.0),25/06/26 23:00:00,A,PC_HH,HH_DEG1,CH,2025,99.24,,
ESTAT:ISOC_CI_IN_H(1.0),25/06/26 23:00:00,A,PC_HH,HH_DEG1,CY,2004,56.92,,
ESTAT:ISOC_CI_IN_H(1.0),25/06/26 23:00:00,A,PC_HH,HH_DEG1,CY,2005,39.95,,
ESTAT:ISOC_CI_IN_H(1.0),25/06/26 23:00:00,A,PC_HH,HH_DEG1,CY,2006,41.43,,
ESTAT:ISOC_CI_IN_H(1.0),25/06/26 23:00:00,A,PC_HH,HH_DEG1,CY,2007,45.67,,
ESTAT:ISOC_CI_IN_H(1.0),25/06/26 23:00:00,A,PC_HH,HH_DEG1,CY,2008,47.61,,
ESTAT:ISOC_CI_IN_H(1.0),25/06/26 23:00:00,A,PC_HH,HH_DEG1,CY,2009,56.13,,
ESTAT:ISOC_CI_IN_H(1.0),25/06/26 23:00:00,A,PC_HH,HH_DEG1,CY,2010,58.31,,
ESTAT:ISOC_CI_IN_H(1.0),25/06/26 23:00:00,A,PC_HH,HH_DEG1,CY,2011,60.91,,
ESTAT:ISOC_CI_IN_H(1.0),25/06/26 23:00:00,A,PC_HH,HH_DEG1,CY,2013,69.14,,
ESTAT:ISOC_CI_IN_H(1.0),25/06/26 23:00:00,A,PC_HH,HH_DEG1,CY,2014,71.42,,
ESTAT:ISOC_CI_IN_H(1.0),25/06/26 23:00:00,A,PC_HH,HH_DEG1,CY,2015,74.67,,
ESTAT:ISOC_CI_IN_H(1.0),25/06/26 23:00:00,A,PC_HH,HH_DEG1,CY,2016,76.17,,
ESTAT:ISOC_CI_IN_H(1.0),25/06/26 23:00:00,A,PC_HH,HH_DEG1,CY,2017,84.64,,
ESTAT:ISOC_CI_IN_H(1.0),25/06/26 23:00:00,A,PC_HH,HH_DEG1,CY,2018,89.80,,
ESTAT:ISOC_CI_IN_H(1.0),25/06/26 23:00:00,A,PC_HH,HH_DEG1,CY,2019,92.24,,
ESTAT:ISOC_CI_IN_H(1.0),25/06/26 23:00:00,A,PC_HH,HH_DEG1,CY,2020,93.25,,
ESTAT:ISOC_CI_IN_H(1.0),25/06/26 23:00:00,A,PC_HH,HH_DEG1,CY,2021,93.06,,
ESTAT:ISOC_CI_IN_H(1.0),25/06/26 23:00:00,A,PC_HH,HH_DEG1,CY,2022,95.39,,
ESTAT:ISOC_CI_IN_H(1.0),25/06/26 23:00:00,A,PC_HH,HH_DEG1,CY,2023,92.17,,
ESTAT:ISOC_CI_IN_H(1.0),25/06/26 23:00:00,A,PC_HH,HH_DEG1,CY,2024,96.78,,
ESTAT:ISOC_CI_IN_H(1.0),25/06/26 23:00:00,A,PC_HH,HH_DEG1,CY,2025,97.13,,
ESTAT:ISOC_CI_IN_H(1.0),25/06/26 23:00:00,A,PC_HH,HH_DEG1,CZ,2004,24.05,,
ESTAT:ISOC_CI_IN_H(1.0),25/06/26 23:00:00,A,PC_HH,HH_DEG1,CZ,2005,21.95,,
ESTAT:ISOC_CI_IN_H(1.0),25/06/26 23:00:00,A,PC_HH,HH_DEG1,CZ,2006,34.43,,
ESTAT:ISOC_CI_IN_H(1.0),25/06/26 23:00:00,A,PC_HH,HH_DEG1,CZ,2007,42.53,,
ESTAT:ISOC_CI_IN_H(1.0),25/06/26 23:00:00,A,PC_HH,HH_DEG1,CZ,2008,52.99,,
ESTAT:ISOC_CI_IN_H(1.0),25/06/26 23:00:00,A,PC_HH,HH_DEG1,CZ,2009,61.21,,
ESTAT:ISOC_CI_IN_H(1.0),25/06/26 23:00:00,A,PC_HH,HH_DEG1,CZ,2010,63.20,,
ESTAT:ISOC_CI_IN_H(1.0),25/06/26 23:00:00,A,PC_HH,HH_DEG1,CZ,2011,69.28,,
ESTAT:ISOC_CI_IN_H(1.0),25/06/26 23:00:00,A,PC_HH,HH_DEG1,CZ,2012,77.68,,
ESTAT:ISOC_CI_IN_H(1.0),25/06/26 23:00:00,A,PC_HH,HH_DEG1,CZ,2013,76.56,,
ESTAT:ISOC_CI_IN_H(1.0),25/06/26 23:00:00,A,PC_HH,HH_DEG1,CZ,2014,84.70,,
ESTAT:ISOC_CI_IN_H(1.0),25/06/26 23:00:00,A,PC_HH,HH_DEG1,CZ,2015,84.08,,
ESTAT:ISOC_CI_IN_H(1.0),25/06/26 23:00:00,A,PC_HH,HH_DEG1,CZ,2016,86.38,,
ESTAT:ISOC_CI_IN_H(1.0),25/06/26 23:00:00,A,PC_HH,HH_DEG1,CZ,2017,86.25,,
ESTAT:ISOC_CI_IN_H(1.0),25/06/26 23:00:00,A,PC_HH,HH_DEG1,CZ,2018,89.35,,
ESTAT:ISOC_CI_IN_H(1.0),25/06/26 23:00:00,A,PC_HH,HH_DEG1,CZ,2019,90.11,,
ESTAT:ISOC_CI_IN_H(1.0),25/06/26 23:00:00,A,PC_HH,HH_DEG1,CZ,2020,90.09,,
ESTAT:ISOC_CI_IN_H(1.0),25/06/26 23:00:00,A,PC_HH,HH_DEG1,CZ,2021,92.69,,
ESTAT:ISOC_CI_IN_H(1.0),25/06/26 23:00:00,A,PC_HH,HH_DEG1,CZ,2022,93.59,,
ESTAT:ISOC_CI_IN_H(1.0),25/06/26 23:00:00,A,PC_HH,HH_DEG1,CZ,2023,94.70,,
ESTAT:ISOC_CI_IN_H(1.0),25/06/26 23:00:00,A,PC_HH,HH_DEG1,CZ,2024,96.30,,
ESTAT:ISOC_CI_IN_H(1.0),25/06/26 23:00:00,A,PC_HH,HH_DEG1,CZ,2025,97.28,,
ESTAT:ISOC_CI_IN_H(1.0),25/06/26 23:00:00,A,PC_HH,HH_DEG1,DE,2004,60.84,,
ESTAT:ISOC_CI_IN_H(1.0),25/06/26 23:00:00,A,PC_HH,HH_DEG1,DE,2005,61.84,,
ESTAT:ISOC_CI_IN_H(1.0),25/06/26 23:00:00,A,PC_HH,HH_DEG1,DE,2006,66.95,,
ESTAT:ISOC_CI_IN_H(1.0),25/06/26 23:00:00,A,PC_HH,HH_DEG1,DE,2007,70.38,,
ESTAT:ISOC_CI_IN_H(1.0),25/06/26 23:00:00,A,PC_HH,HH_DEG1,DE,2008,74.92,,
ESTAT:ISOC_CI_IN_H(1.0),25/06/26 23:00:00,A,PC_HH,HH_DEG1,DE,2009,79.55,,
ESTAT:ISOC_CI_IN_H(1.0),25/06/26 23:00:00,A,PC_HH,HH_DEG1,DE,2010,82.94,,
ESTAT:ISOC_CI_IN_H(1.0),25/06/26 23:00:00,A,PC_HH,HH_DEG1,DE,2011,84.04,,
ESTAT:ISOC_CI_IN_H(1.0),25/06/26 23:00:00,A,PC_HH,HH_DEG1,DE,2013,88.56,,
ESTAT:ISOC_CI_IN_H(1.0),25/06/26 23:00:00,A,PC_HH,HH_DEG1,DE,2014,90.27,,
ESTAT:ISOC_CI_IN_H(1.0),25/06/26 23:00:00,A,PC_HH,HH_DEG1,DE,2015,90.86,,
ESTAT:ISOC_CI_IN_H(1.0),25/06/26 23:00:00,A,PC_HH,HH_DEG1,DE,2016,92.98,,
ESTAT:ISOC_CI_IN_H(1.0),25/06/26 23:00:00,A,PC_HH,HH_DEG1,DE,2017,93.57,,
ESTAT:ISOC_CI_IN_H(1.0),25/06/26 23:00:00,A,PC_HH,HH_DEG1,DE,2018,95.47,,
ESTAT:ISOC_CI_IN_H(1.0),25/06/26 23:00:00,A,PC_HH,HH_DEG1,DE,2019,94.96,,
ESTAT:ISOC_CI_IN_H(1.0),25/06/26 23:00:00,A,PC_HH,HH_DEG1,DE,2020,95.58,,
ESTAT:ISOC_CI_IN_H(1.0),25/06/26 23:00:00,A,PC_HH,HH_DEG1,DE,2021,92.74,b,
ESTAT:ISOC_CI_IN_H(1.0),25/06/26 23:00:00,A,PC_HH,HH_DEG1,DE,2022,91.56,,
ESTAT:ISOC_CI_IN_H(1.0),25/06/26 23:00:00,A,PC_HH,HH_DEG1,DE,2023,92.75,,
ESTAT:ISOC_CI_IN_H(1.0),25/06/26 23:00:00,A,PC_HH,HH_DEG1,DE,2024,93.56,,
ESTAT:ISOC_CI_IN_H(1.0),25/06/26 23:00:00,A,PC_HH,HH_DEG1,DE,2025,94.65,,
ESTAT:ISOC_CI_IN_H(1.0),25/06/26 23:00:00,A,PC_HH,HH_DEG1,DK,2004,71.62,,
ESTAT:ISOC_CI_IN_H(1.0),25/06/26 23:00:00,A,PC_HH,HH_DEG1,DK,2005,80.29,,
ESTAT:ISOC_CI_IN_H(1.0),25/06/26 23:00:00,A,PC_HH,HH_DEG1,DK,2006,82.29,,
ESTAT:ISOC_CI_IN_H(1.0),25/06/26 23:00:00,A,PC_HH,HH_DEG1,DK,2007,82.21,,
ESTAT:ISOC_CI_IN_H(1.0),25/06/26 23:00:00,A,PC_HH,HH_DEG1,DK,2008,86.04,,
ESTAT:ISOC_CI_IN_H(1.0),25/06/26 23:00:00,A,PC_HH,HH_DEG1,DK,2009,85.32,,
ESTAT:ISOC_CI_IN_H(1.0),25/06/26 23:00:00,A,PC_HH,HH_DEG1,DK,2010,88.59,,
ESTAT:ISOC_CI_IN_H(1.0),25/06/26 23:00:00,A,PC_HH,HH_DEG1,DK,2011,92.32,,
ESTAT:ISOC_CI_IN_H(1.0),25/06/26 23:00:00,A,PC_HH,HH_DEG1,DK,2012,94.90,,
ESTAT:ISOC_CI_IN_H(1.0),25/06/26 23:00:00,A,PC_HH,HH_DEG1,DK,2013,94.18,,
ESTAT:ISOC_CI_IN_H(1.0),25/06/26 23:00:00,A,PC_HH,HH_DEG1,DK,2014,94.66,,
ESTAT:ISOC_CI_IN_H(1.0),25/06/26 23:00:00,A,PC_HH,HH_DEG1,DK,2015,90.65,,
ESTAT:ISOC_CI_IN_H(1.0),25/06/26 23:00:00,A,PC_HH,HH_DEG1,DK,2016,94.88,,
ESTAT:ISOC_CI_IN_H(1.0),25/06/26 23:00:00,A,PC_HH,HH_DEG1,DK,2017,97.91,,
ESTAT:ISOC_CI_IN_H(1.0),25/06/26 23:00:00,A,PC_HH,HH_DEG1,DK,2018,92.51,,
ESTAT:ISOC_CI_IN_H(1.0),25/06/26 23:00:00,A,PC_HH,HH_DEG1,DK,2019,95.97,,
ESTAT:ISOC_CI_IN_H(1.0),25/06/26 23:00:00,A,PC_HH,HH_DEG1,DK,2020,96.11,,
ESTAT:ISOC_CI_IN_H(1.0),25/06/26 23:00:00,A,PC_HH,HH_DEG1,DK,2021,96.99,,
ESTAT:ISOC_CI_IN_H(1.0),25/06/26 23:00:00,A,PC_HH,HH_DEG1,DK,2022,96.23,,
ESTAT:ISOC_CI_IN_H(1.0),25/06/26 23:00:00,A,PC_HH,HH_DEG1,DK,2023,96.81,,
ESTAT:ISOC_CI_IN_H(1.0),25/06/26 23:00:00,A,PC_HH,HH_DEG1,DK,2024,96.22,,
ESTAT:ISOC_CI_IN_H(1.0),25/06/26 23:00:00,A,PC_HH,HH_DEG1,DK,2025,97.76,,
ESTAT:ISOC_CI_IN_H(1.0),25/06/26 23:00:00,A,PC_HH,HH_DEG1,EA,2004,47.82,,
ESTAT:ISOC_CI_IN_H(1.0),25/06/26 23:00:00,A,PC_HH,HH_DEG1,EA,2005,52.81,,
ESTAT:ISOC_CI_IN_H(1.0),25/06/26 23:00:00,A,PC_HH,HH_DEG1,EA,2006,54.13,,
ESTAT:ISOC_CI_IN_H(1.0),25/06/26 23:00:00,A,PC_HH,HH_DEG1,EA,2007,59.64,,
ESTAT:ISOC_CI_IN_H(1.0),25/06/26 23:00:00,A,PC_HH,HH_DEG1,EA,2008,64.94,,
ESTAT:ISOC_CI_IN_H(1.0),25/06/26 23:00:00,A,PC_HH,HH_DEG1,EA,2009,69.83,,
ESTAT:ISOC_CI_IN_H(1.0),25/06/26 23:00:00,A,PC_HH,HH_DEG1,EA,2010,74.78,,
ESTAT:ISOC_CI_IN_H(1.0),25/06/26 23:00:00,A,PC_HH,HH_DEG1,EA,2011,76.70,,
ESTAT:ISOC_CI_IN_H(1.0),25/06/26 23:00:00,A,PC_HH,HH_DEG1,EA,2012,76.95,,
ESTAT:ISOC_CI_IN_H(1.0),25/06/26 23:00:00,A,PC_HH,HH_DEG1,EA,2013,82.13,,
ESTAT:ISOC_CI_IN_H(1.0),25/06/26 23:00:00,A,PC_HH,HH_DEG1,EA,2014,83.48,,
ESTAT:ISOC_CI_IN_H(1.0),25/06/26 23:00:00,A,PC_HH,HH_DEG1,EA,2015,85.08,,
ESTAT:ISOC_CI_IN_H(1.0),25/06/26 23:00:00,A,PC_HH,HH_DEG1,EA,2016,87.49,,
ESTAT:ISOC_CI_IN_H(1.0),25/06/26 23:00:00,A,PC_HH,HH_DEG1,EA,2017,89.19,,
ESTAT:ISOC_CI_IN_H(1.0),25/06/26 23:00:00,A,PC_HH,HH_DEG1,EA,2018,91.07,,
ESTAT:ISOC_CI_IN_H(1.0),25/06/26 23:00:00,A,PC_HH,HH_DEG1,EA,2019,92.34,,
ESTAT:ISOC_CI_IN_H(1.0),25/06/26 23:00:00,A,PC_HH,HH_DEG1,EA,2020,93.23,e,
ESTAT:ISOC_CI_IN_H(1.0),25/06/26 23:00:00,A,PC_HH,HH_DEG1,EA,2021,94.24,b,
ESTAT:ISOC_CI_IN_H(1.0),25/06/26 23:00:00,A,PC_HH,HH_DEG1,EA,2022,93.96,,
ESTAT:ISOC_CI_IN_H(1.0),25/06/26 23:00:00,A,PC_HH,HH_DEG1,EA,2023,94.81,,
ESTAT:ISOC_CI_IN_H(1.0),25/06/26 23:00:00,A,PC_HH,HH_DEG1,EA,2024,95.22,,
ESTAT:ISOC_CI_IN_H(1.0),25/06/26 23:00:00,A,PC_HH,HH_DEG1,EA,2025,95.83,,
ESTAT:ISOC_CI_IN_H(1.0),25/06/26 23:00:00,A,PC_HH,HH_DEG1,EE,2004,40.70,,
ESTAT:ISOC_CI_IN_H(1.0),25/06/26 23:00:00,A,PC_HH,HH_DEG1,EE,2005,44.45,,
ESTAT:ISOC_CI_IN_H(1.0),25/06/26 23:00:00,A,PC_HH,HH_DEG1,EE,2006,51.94,,
ESTAT:ISOC_CI_IN_H(1.0),25/06/26 23:00:00,A,PC_HH,HH_DEG1,EE,2007,57.85,,
ESTAT:ISOC_CI_IN_H(1.0),25/06/26 23:00:00,A,PC_HH,HH_DEG1,EE,2008,61.37,,
ESTAT:ISOC_CI_IN_H(1.0),25/06/26 23:00:00,A,PC_HH,HH_DEG1,EE,2009,69.22,,
ESTAT:ISOC_CI_IN_H(1.0),25/06/26 23:00:00,A,PC_HH,HH_DEG1,EE,2010,70.80,,
ESTAT:ISOC_CI_IN_H(1.0),25/06/26 23:00:00,A,PC_HH,HH_DEG1,EE,2011,74.88,,
ESTAT:ISOC_CI_IN_H(1.0),25/06/26 23:00:00,A,PC_HH,HH_DEG1,EE,2012,80.88,,
ESTAT:ISOC_CI_IN_H(1.0),25/06/26 23:00:00,A,PC_HH,HH_DEG1,EE,2013,86.43,,
ESTAT:ISOC_CI_IN_H(1.0),25/06/26 23:00:00,A,PC_HH,HH_DEG1,EE,2014,85.13,b,
ESTAT:ISOC_CI_IN_H(1.0),25/06/26 23:00:00,A,PC_HH,HH_DEG1,EE,2015,89.54,,
ESTAT:ISOC_CI_IN_H(1.0),25/06/26 23:00:00,A,PC_HH,HH_DEG1,EE,2016,89.83,,
ESTAT:ISOC_CI_IN_H(1.0),25/06/26 23:00:00,A,PC_HH,HH_DEG1,EE,2017,91.22,,
ESTAT:ISOC_CI_IN_H(1.0),25/06/26 23:00:00,A,PC_HH,HH_DEG1,EE,2018,91.85,,
ESTAT:ISOC_CI_IN_H(1.0),25/06/26 23:00:00,A,PC_HH,HH_DEG1,EE,2019,91.54,,
ESTAT:ISOC_CI_IN_H(1.0),25/06/26 23:00:00,A,PC_HH,HH_DEG1,EE,2020,91.35,,
ESTAT:ISOC_CI_IN_H(1.0),25/06/26 23:00:00,A,PC_HH,HH_DEG1,EE,2021,94.41,,
ESTAT:ISOC_CI_IN_H(1.0),25/06/26 23:00:00,A,PC_HH,HH_DEG1,EE,2022,93.05,,
ESTAT:ISOC_CI_IN_H(1.0),25/06/26 23:00:00,A,PC_HH,HH_DEG1,EE,2023,93.75,,
ESTAT:ISOC_CI_IN_H(1.0),25/06/26 23:00:00,A,PC_HH,HH_DEG1,EE,2024,92.67,,
ESTAT:ISOC_CI_IN_H(1.0),25/06/26 23:00:00,A,PC_HH,HH_DEG1,EE,2025,95.73,,
ESTAT:ISOC_CI_IN_H(1.0),25/06/26 23:00:00,A,PC_HH,HH_DEG1,EL,2004,23.35,,
ESTAT:ISOC_CI_IN_H(1.0),25/06/26 23:00:00,A,PC_HH,HH_DEG1,EL,2005,28.73,,
ESTAT:ISOC_CI_IN_H(1.0),25/06/26 23:00:00,A,PC_HH,HH_DEG1,EL,2006,29.92,,
ESTAT:ISOC_CI_IN_H(1.0),25/06/26 23:00:00,A,PC_HH,HH_DEG1,EL,2007,32.33,,
ESTAT:ISOC_CI_IN_H(1.0),25/06/26 23:00:00,A,PC_HH,HH_DEG1,EL,2008,40.97,,
ESTAT:ISOC_CI_IN_H(1.0),25/06/26 23:00:00,A,PC_HH,HH_DEG1,EL,2009,49.38,,
ESTAT:ISOC_CI_IN_H(1.0),25/06/26 23:00:00,A,PC_HH,HH_DEG1,EL,2010,55.32,,
ESTAT:ISOC_CI_IN_H(1.0),25/06/26 23:00:00,A,PC_HH,HH_DEG1,EL,2011,59.09,,
ESTAT:ISOC_CI_IN_H(1.0),25/06/26 23:00:00,A,PC_HH,HH_DEG1,EL,2014,71.27,,
ESTAT:ISOC_CI_IN_H(1.0),25/06/26 23:00:00,A,PC_HH,HH_DEG1,EL,2015,75.35,,
ESTAT:ISOC_CI_IN_H(1.0),25/06/26 23:00:00,A,PC_HH,HH_DEG1,EL,2016,77.29,,
ESTAT:ISOC_CI_IN_H(1.0),25/06/26 23:00:00,A,PC_HH,HH_DEG1,EL,2017,79.69,,
ESTAT:ISOC_CI_IN_H(1.0),25/06/26 23:00:00,A,PC_HH,HH_DEG1,EL,2018,84.14,,
ESTAT:ISOC_CI_IN_H(1.0),25/06/26 23:00:00,A,PC_HH,HH_DEG1,EL,2019,84.79,,
ESTAT:ISOC_CI_IN_H(1.0),25/06/26 23:00:00,A,PC_HH,HH_DEG1,EL,2020,85.73,,
ESTAT:ISOC_CI_IN_H(1.0),25/06/26 23:00:00,A,PC_HH,HH_DEG1,EL,2021,88.82,,
ESTAT:ISOC_CI_IN_H(1.0),25/06/26 23:00:00,A,PC_HH,HH_DEG1,EL,2022,89.91,,
ESTAT:ISOC_CI_IN_H(1.0),25/06/26 23:00:00,A,PC_HH,HH_DEG1,EL,2023,91.09,,
ESTAT:ISOC_CI_IN_H(1.0),25/06/26 23:00:00,A,PC_HH,HH_DEG1,EL,2024,92.50,,
ESTAT:ISOC_CI_IN_H(1.0),25/06/26 23:00:00,A,PC_HH,HH_DEG1,EL,2025,92.43,,
ESTAT:ISOC_CI_IN_H(1.0),25/06/26 23:00:00,A,PC_HH,HH_DEG1,ES,2004,40.43,,
ESTAT:ISOC_CI_IN_H(1.0),25/06/26 23:00:00,A,PC_HH,HH_DEG1,ES,2005,42.10,,
ESTAT:ISOC_CI_IN_H(1.0),25/06/26 23:00:00,A,PC_HH,HH_DEG1,ES,2006,44.68,,
ESTAT:ISOC_CI_IN_H(1.0),25/06/26 23:00:00,A,PC_HH,HH_DEG1,ES,2007,50.50,,
ESTAT:ISOC_CI_IN_H(1.0),25/06/26 23:00:00,A,PC_HH,HH_DEG1,ES,2008,56.03,,
ESTAT:ISOC_CI_IN_H(1.0),25/06/26 23:00:00,A,PC_HH,HH_DEG1,ES,2009,59.03,,
ESTAT:ISOC_CI_IN_H(1.0),25/06/26 23:00:00,A,PC_HH,HH_DEG1,ES,2010,63.16,,
ESTAT:ISOC_CI_IN_H(1.0),25/06/26 23:00:00,A,PC_HH,HH_DEG1,ES,2011,67.50,,
ESTAT:ISOC_CI_IN_H(1.0),25/06/26 23:00:00,A,PC_HH,HH_DEG1,ES,2012,70.33,,
ESTAT:ISOC_CI_IN_H(1.0),25/06/26 23:00:00,A,PC_HH,HH_DEG1,ES,2013,73.70,,
ESTAT:ISOC_CI_IN_H(1.0),25/06/26 23:00:00,A,PC_HH,HH_DEG1,ES,2014,78.26,,
ESTAT:ISOC_CI_IN_H(1.0),25/06/26 23:00:00,A,PC_HH,HH_DEG1,ES,2015,82.54,,
ESTAT:ISOC_CI_IN_H(1.0),25/06/26 23:00:00,A,PC_HH,HH_DEG1,ES,2016,84.62,,
ESTAT:ISOC_CI_IN_H(1.0),25/06/26 23:00:00,A,PC_HH,HH_DEG1,ES,2017,85.96,,
ESTAT:ISOC_CI_IN_H(1.0),25/06/26 23:00:00,A,PC_HH,HH_DEG1,ES,2018,89.54,,
ESTAT:ISOC_CI_IN_H(1.0),25/06/26 23:00:00,A,PC_HH,HH_DEG1,ES,2019,93.46,,
ESTAT:ISOC_CI_IN_H(1.0),25/06/26 23:00:00,A,PC_HH,HH_DEG1,ES,2020,96.58,,
ESTAT:ISOC_CI_IN_H(1.0),25/06/26 23:00:00,A,PC_HH,HH_DEG1,ES,2021,96.71,,
ESTAT:ISOC_CI_IN_H(1.0),25/06/26 23:00:00,A,PC_HH,HH_DEG1,ES,2022,97.23,,
ESTAT:ISOC_CI_IN_H(1.0),25/06/26 23:00:00,A,PC_HH,HH_DEG1,ES,2023,97.32,,
ESTAT:ISOC_CI_IN_H(1.0),25/06/26 23:00:00,A,PC_HH,HH_DEG1,ES,2024,97.65,,
ESTAT:ISOC_CI_IN_H(1.0),25/06/26 23:00:00,A,PC_HH,HH_DEG1,ES,2025,98.14,,
ESTAT:ISOC_CI_IN_H(1.0),25/06/26 23:00:00,A,PC_HH,HH_DEG1,EU15,2004,49.13,,
ESTAT:ISOC_CI_IN_H(1.0),25/06/26 23:00:00,A,PC_HH,HH_DEG1,EU15,2005,54.44,,
ESTAT:ISOC_CI_IN_H(1.0),25/06/26 23:00:00,A,PC_HH,HH_DEG1,EU15,2006,56.17,,
ESTAT:ISOC_CI_IN_H(1.0),25/06/26 23:00:00,A,PC_HH,HH_DEG1,EU15,2007,61.29,,
ESTAT:ISOC_CI_IN_H(1.0),25/06/26 23:00:00,A,PC_HH,HH_DEG1,EU15,2008,66.62,,
ESTAT:ISOC_CI_IN_H(1.0),25/06/26 23:00:00,A,PC_HH,HH_DEG1,EU15,2009,71.55,,
ESTAT:ISOC_CI_IN_H(1.0),25/06/26 23:00:00,A,PC_HH,HH_DEG1,EU15,2010,75.94,,
ESTAT:ISOC_CI_IN_H(1.0),25/06/26 23:00:00,A,PC_HH,HH_DEG1,EU15,2011,78.22,,
ESTAT:ISOC_CI_IN_H(1.0),25/06/26 23:00:00,A,PC_HH,HH_DEG1,EU15,2012,79.92,,
ESTAT:ISOC_CI_IN_H(1.0),25/06/26 23:00:00,A,PC_HH,HH_DEG1,EU15,2013,83.79,,
ESTAT:ISOC_CI_IN_H(1.0),25/06/26 23:00:00,A,PC_HH,HH_DEG1,EU15,2014,85.05,,
ESTAT:ISOC_CI_IN_H(1.0),25/06/26 23:00:00,A,PC_HH,HH_DEG1,EU15,2015,86.66,,
ESTAT:ISOC_CI_IN_H(1.0),25/06/26 23:00:00,A,PC_HH,HH_DEG1,EU15,2016,88.92,,
ESTAT:ISOC_CI_IN_H(1.0),25/06/26 23:00:00,A,PC_HH,HH_DEG1,EU15,2017,90.56,,
ESTAT:ISOC_CI_IN_H(1.0),25/06/26 23:00:00,A,PC_HH,HH_DEG1,EU15,2018,91.78,,
ESTAT:ISOC_CI_IN_H(1.0),25/06/26 23:00:00,A,PC_HH,HH_DEG1,EU25,2004,46.02,,
ESTAT:ISOC_CI_IN_H(1.0),25/06/26 23:00:00,A,PC_HH,HH_DEG1,EU25,2005,51.94,,
ESTAT:ISOC_CI_IN_H(1.0),25/06/26 23:00:00,A,PC_HH,HH_DEG1,EU25,2006,54.81,,
ESTAT:ISOC_CI_IN_H(1.0),25/06/26 23:00:00,A,PC_HH,HH_DEG1,EU25,2007,59.85,,
ESTAT:ISOC_CI_IN_H(1.0),25/06/26 23:00:00,A,PC_HH,HH_DEG1,EU25,2008,65.29,,
ESTAT:ISOC_CI_IN_H(1.0),25/06/26 23:00:00,A,PC_HH,HH_DEG1,EU25,2009,70.66,,
ESTAT:ISOC_CI_IN_H(1.0),25/06/26 23:00:00,A,PC_HH,HH_DEG1,EU25,2010,74.95,,
ESTAT:ISOC_CI_IN_H(1.0),25/06/26 23:00:00,A,PC_HH,HH_DEG1,EU27_2007,2004,45.59,,
ESTAT:ISOC_CI_IN_H(1.0),25/06/26 23:00:00,A,PC_HH,HH_DEG1,EU27_2007,2005,51.94,,
ESTAT:ISOC_CI_IN_H(1.0),25/06/26 23:00:00,A,PC_HH,HH_DEG1,EU27_2007,2006,53.38,,
ESTAT:ISOC_CI_IN_H(1.0),25/06/26 23:00:00,A,PC_HH,HH_DEG1,EU27_2007,2007,58.40,,
ESTAT:ISOC_CI_IN_H(1.0),25/06/26 23:00:00,A,PC_HH,HH_DEG1,EU27_2007,2008,64.47,,
ESTAT:ISOC_CI_IN_H(1.0),25/06/26 23:00:00,A,PC_HH,HH_DEG1,EU27_2007,2009,69.97,,
ESTAT:ISOC_CI_IN_H(1.0),25/06/26 23:00:00,A,PC_HH,HH_DEG1,EU27_2007,2010,74.25,,
ESTAT:ISOC_CI_IN_H(1.0),25/06/26 23:00:00,A,PC_HH,HH_DEG1,EU27_2007,2011,76.90,,
ESTAT:ISOC_CI_IN_H(1.0),25/06/26 23:00:00,A,PC_HH,HH_DEG1,EU27_2007,2012,78.98,,
ESTAT:ISOC_CI_IN_H(1.0),25/06/26 23:00:00,A,PC_HH,HH_DEG1,EU27_2007,2013,82.47,,
ESTAT:ISOC_CI_IN_H(1.0),25/06/26 23:00:00,A,PC_HH,HH_DEG1,EU27_2007,2014,83.97,,
ESTAT:ISOC_CI_IN_H(1.0),25/06/26 23:00:00,A,PC_HH,HH_DEG1,EU27_2007,2015,85.50,,
ESTAT:ISOC_CI_IN_H(1.0),25/06/26 23:00:00,A,PC_HH,HH_DEG1,EU27_2007,2016,87.89,,
ESTAT:ISOC_CI_IN_H(1.0),25/06/26 23:00:00,A,PC_HH,HH_DEG1,EU27_2007,2017,89.64,,
ESTAT:ISOC_CI_IN_H(1.0),25/06/26 23:00:00,A,PC_HH,HH_DEG1,EU27_2007,2018,91.01,,
ESTAT:ISOC_CI_IN_H(1.0),25/06/26 23:00:00,A,PC_HH,HH_DEG1,EU27_2020,2007,57.07,,
ESTAT:ISOC_CI_IN_H(1.0),25/06/26 23:00:00,A,PC_HH,HH_DEG1,EU27_2020,2008,63.27,,
ESTAT:ISOC_CI_IN_H(1.0),25/06/26 23:00:00,A,PC_HH,HH_DEG1,EU27_2020,2009,68.65,,
ESTAT:ISOC_CI_IN_H(1.0),25/06/26 23:00:00,A,PC_HH,HH_DEG1,EU27_2020,2010,73.34,,
ESTAT:ISOC_CI_IN_H(1.0),25/06/26 23:00:00,A,PC_HH,HH_DEG1,EU27_2020,2011,75.81,,
ESTAT:ISOC_CI_IN_H(1.0),25/06/26 23:00:00,A,PC_HH,HH_DEG1,EU27_2020,2012,77.05,,
ESTAT:ISOC_CI_IN_H(1.0),25/06/26 23:00:00,A,PC_HH,HH_DEG1,EU27_2020,2013,81.30,,
ESTAT:ISOC_CI_IN_H(1.0),25/06/26 23:00:00,A,PC_HH,HH_DEG1,EU27_2020,2014,82.94,,
ESTAT:ISOC_CI_IN_H(1.0),25/06/26 23:00:00,A,PC_HH,HH_DEG1,EU27_2020,2015,84.43,,
ESTAT:ISOC_CI_IN_H(1.0),25/06/26 23:00:00,A,PC_HH,HH_DEG1,EU27_2020,2016,86.87,,
ESTAT:ISOC_CI_IN_H(1.0),25/06/26 23:00:00,A,PC_HH,HH_DEG1,EU27_2020,2017,88.65,,
ESTAT:ISOC_CI_IN_H(1.0),25/06/26 23:00:00,A,PC_HH,HH_DEG1,EU27_2020,2018,90.53,,
ESTAT:ISOC_CI_IN_H(1.0),25/06/26 23:00:00,A,PC_HH,HH_DEG1,EU27_2020,2019,91.91,,
ESTAT:ISOC_CI_IN_H(1.0),25/06/26 23:00:00,A,PC_HH,HH_DEG1,EU27_2020,2020,92.97,e,
ESTAT:ISOC_CI_IN_H(1.0),25/06/26 23:00:00,A,PC_HH,HH_DEG1,EU27_2020,2021,94.10,b,
ESTAT:ISOC_CI_IN_H(1.0),25/06/26 23:00:00,A,PC_HH,HH_DEG1,EU27_2020,2022,94.05,,
ESTAT:ISOC_CI_IN_H(1.0),25/06/26 23:00:00,A,PC_HH,HH_DEG1,EU27_2020,2023,94.88,,
ESTAT:ISOC_CI_IN_H(1.0),25/06/26 23:00:00,A,PC_HH,HH_DEG1,EU27_2020,2024,95.50,,
ESTAT:ISOC_CI_IN_H(1.0),25/06/26 23:00:00,A,PC_HH,HH_DEG1,EU27_2020,2025,96.04,,
ESTAT:ISOC_CI_IN_H(1.0),25/06/26 23:00:00,A,PC_HH,HH_DEG1,EU28,2007,58.39,,
ESTAT:ISOC_CI_IN_H(1.0),25/06/26 23:00:00,A,PC_HH,HH_DEG1,EU28,2008,64.44,,
ESTAT:ISOC_CI_IN_H(1.0),25/06/26 23:00:00,A,PC_HH,HH_DEG1,EU28,2009,69.91,,
ESTAT:ISOC_CI_IN_H(1.0),25/06/26 23:00:00,A,PC_HH,HH_DEG1,EU28,2010,74.20,,
ESTAT:ISOC_CI_IN_H(1.0),25/06/26 23:00:00,A,PC_HH,HH_DEG1,EU28,2011,76.86,,
ESTAT:ISOC_CI_IN_H(1.0),25/06/26 23:00:00,A,PC_HH,HH_DEG1,EU28,2012,78.92,,
ESTAT:ISOC_CI_IN_H(1.0),25/06/26 23:00:00,A,PC_HH,HH_DEG1,EU28,2013,82.39,,
ESTAT:ISOC_CI_IN_H(1.0),25/06/26 23:00:00,A,PC_HH,HH_DEG1,EU28,2014,83.93,,
ESTAT:ISOC_CI_IN_H(1.0),25/06/26 23:00:00,A,PC_HH,HH_DEG1,EU28,2015,85.49,,
ESTAT:ISOC_CI_IN_H(1.0),25/06/26 23:00:00,A,PC_HH,HH_DEG1,EU28,2016,87.84,,
ESTAT:ISOC_CI_IN_H(1.0),25/06/26 23:00:00,A,PC_HH,HH_DEG1,EU28,2017,89.59,,
ESTAT:ISOC_CI_IN_H(1.0),25/06/26 23:00:00,A,PC_HH,HH_DEG1,EU28,2018,90.99,,
ESTAT:ISOC_CI_IN_H(1.0),25/06/26 23:00:00,A,PC_HH,HH_DEG1,EU28,2019,92.50,,
ESTAT:ISOC_CI_IN_H(1.0),25/06/26 23:00:00,A,PC_HH,HH_DEG1,FI,2004,53.29,,
ESTAT:ISOC_CI_IN_H(1.0),25/06/26 23:00:00,A,PC_HH,HH_DEG1,FI,2005,58.92,,
ESTAT:ISOC_CI_IN_H(1.0),25/06/26 23:00:00,A,PC_HH,HH_DEG1,FI,2006,69.02,,
ESTAT:ISOC_CI_IN_H(1.0),25/06/26 23:00:00,A,PC_HH,HH_DEG1,FI,2007,76.47,,
ESTAT:ISOC_CI_IN_H(1.0),25/06/26 23:00:00,A,PC_HH,HH_DEG1,FI,2008,77.37,,
ESTAT:ISOC_CI_IN_H(1.0),25/06/26 23:00:00,A,PC_HH,HH_DEG1,FI,2009,84.78,,
ESTAT:ISOC_CI_IN_H(1.0),25/06/26 23:00:00,A,PC_HH,HH_DEG1,FI,2010,86.65,,
ESTAT:ISOC_CI_IN_H(1.0),25/06/26 23:00:00,A,PC_HH,HH_DEG1,FI,2011,88.41,,
ESTAT:ISOC_CI_IN_H(1.0),25/06/26 23:00:00,A,PC_HH,HH_DEG1,FI,2012,91.46,,
ESTAT:ISOC_CI_IN_H(1.0),25/06/26 23:00:00,A,PC_HH,HH_DEG1,FI,2013,92.69,,
ESTAT:ISOC_CI_IN_H(1.0),25/06/26 23:00:00,A,PC_HH,HH_DEG1,FI,2014,93.77,,
ESTAT:ISOC_CI_IN_H(1.0),25/06/26 23:00:00,A,PC_HH,HH_DEG1,FI,2015,93.65,,
ESTAT:ISOC_CI_IN_H(1.0),25/06/26 23:00:00,A,PC_HH,HH_DEG1,FI,2016,94.74,,
ESTAT:ISOC_CI_IN_H(1.0),25/06/26 23:00:00,A,PC_HH,HH_DEG1,FI,2017,97.33,,
ESTAT:ISOC_CI_IN_H(1.0),25/06/26 23:00:00,A,PC_HH,HH_DEG1,FI,2018,95.20,,
ESTAT:ISOC_CI_IN_H(1.0),25/06/26 23:00:00,A,PC_HH,HH_DEG1,FI,2019,97.02,,
ESTAT:ISOC_CI_IN_H(1.0),25/06/26 23:00:00,A,PC_HH,HH_DEG1,FI,2020,97.66,,
ESTAT:ISOC_CI_IN_H(1.0),25/06/26 23:00:00,A,PC_HH,HH_DEG1,FI,2021,98.10,,
ESTAT:ISOC_CI_IN_H(1.0),25/06/26 23:00:00,A,PC_HH,HH_DEG1,FI,2022,98.58,,
ESTAT:ISOC_CI_IN_H(1.0),25/06/26 23:00:00,A,PC_HH,HH_DEG1,FI,2023,98.37,,
ESTAT:ISOC_CI_IN_H(1.0),25/06/26 23:00:00,A,PC_HH,HH_DEG1,FI,2024,98.32,,
ESTAT:ISOC_CI_IN_H(1.0),25/06/26 23:00:00,A,PC_HH,HH_DEG1,FI,2025,99.11,,
ESTAT:ISOC_CI_IN_H(1.0),25/06/26 23:00:00,A,PC_HH,HH_DEG1,FR,2004,37.15,,
ESTAT:ISOC_CI_IN_H(1.0),25/06/26 23:00:00,A,PC_HH,HH_DEG1,FR,2006,44.96,,
ESTAT:ISOC_CI_IN_H(1.0),25/06/26 23:00:00,A,PC_HH,HH_DEG1,FR,2007,57.20,,
ESTAT:ISOC_CI_IN_H(1.0),25/06/26 23:00:00,A,PC_HH,HH_DEG1,FR,2008,64.04,,
ESTAT:ISOC_CI_IN_H(1.0),25/06/26 23:00:00,A,PC_HH,HH_DEG1,FR,2009,70.42,,
ESTAT:ISOC_CI_IN_H(1.0),25/06/26 23:00:00,A,PC_HH,HH_DEG1,FR,2010,79.72,,
ESTAT:ISOC_CI_IN_H(1.0),25/06/26 23:00:00,A,PC_HH,HH_DEG1,FR,2011,79.59,,
ESTAT:ISOC_CI_IN_H(1.0),25/06/26 23:00:00,A,PC_HH,HH_DEG1,FR,2012,83.08,,
ESTAT:ISOC_CI_IN_H(1.0),25/06/26 23:00:00,A,PC_HH,HH_DEG1,FR,2013,84.20,,
ESTAT:ISOC_CI_IN_H(1.0),25/06/26 23:00:00,A,PC_HH,HH_DEG1,FR,2014,84.76,,
ESTAT:ISOC_CI_IN_H(1.0),25/06/26 23:00:00,A,PC_HH,HH_DEG1,FR,2015,84.27,,
ESTAT:ISOC_CI_IN_H(1.0),25/06/26 23:00:00,A,PC_HH,HH_DEG1,FR,2016,86.87,,
ESTAT:ISOC_CI_IN_H(1.0),25/06/26 23:00:00,A,PC_HH,HH_DEG1,FR,2017,88.55,,
ESTAT:ISOC_CI_IN_H(1.0),25/06/26 23:00:00,A,PC_HH,HH_DEG1,FR,2018,90.10,,
ESTAT:ISOC_CI_IN_H(1.0),25/06/26 23:00:00,A,PC_HH,HH_DEG1,FR,2019,91.91,,
ESTAT:ISOC_CI_IN_H(1.0),25/06/26 23:00:00,A,PC_HH,HH_DEG1,FR,2021,94.91,,
ESTAT:ISOC_CI_IN_H(1.0),25/06/26 23:00:00,A,PC_HH,HH_DEG1,FR,2022,93.72,,
ESTAT:ISOC_CI_IN_H(1.0),25/06/26 23:00:00,A,PC_HH,HH_DEG1,FR,2023,95.14,,
ESTAT:ISOC_CI_IN_H(1.0),25/06/26 23:00:00,A,PC_HH,HH_DEG1,FR,2024,95.08,,
ESTAT:ISOC_CI_IN_H(1.0),25/06/26 23:00:00,A,PC_HH,HH_DEG1,FR,2025,94.92,,
ESTAT:ISOC_CI_IN_H(1.0),25/06/26 23:00:00,A,PC_HH,HH_DEG1,HR,2007,55.42,,
ESTAT:ISOC_CI_IN_H(1.0),25/06/26 23:00:00,A,PC_HH,HH_DEG1,HR,2008,59.11,,
ESTAT:ISOC_CI_IN_H(1.0),25/06/26 23:00:00,A,PC_HH,HH_DEG1,HR,2009,60.02,,
ESTAT:ISOC_CI_IN_H(1.0),25/06/26 23:00:00,A,PC_HH,HH_DEG1,HR,2010,64.16,,
ESTAT:ISOC_CI_IN_H(1.0),25/06/26 23:00:00,A,PC_HH,HH_DEG1,HR,2011,70.23,,
ESTAT:ISOC_CI_IN_H(1.0),25/06/26 23:00:00,A,PC_HH,HH_DEG1,HR,2012,72.08,,
ESTAT:ISOC_CI_IN_H(1.0),25/06/26 23:00:00,A,PC_HH,HH_DEG1,HR,2013,69.59,,
ESTAT:ISOC_CI_IN_H(1.0),25/06/26 23:00:00,A,PC_HH,HH_DEG1,HR,2014,77.01,,
ESTAT:ISOC_CI_IN_H(1.0),25/06/26 23:00:00,A,PC_HH,HH_DEG1,HR,2015,83.19,,
ESTAT:ISOC_CI_IN_H(1.0),25/06/26 23:00:00,A,PC_HH,HH_DEG1,HR,2016,78.93,,
ESTAT:ISOC_CI_IN_H(1.0),25/06/26 23:00:00,A,PC_HH,HH_DEG1,HR,2017,79.45,,
ESTAT:ISOC_CI_IN_H(1.0),25/06/26 23:00:00,A,PC_HH,HH_DEG1,HR,2018,87.24,,
ESTAT:ISOC_CI_IN_H(1.0),25/06/26 23:00:00,A,PC_HH,HH_DEG1,HR,2019,85.55,,
ESTAT:ISOC_CI_IN_H(1.0),25/06/26 23:00:00,A,PC_HH,HH_DEG1,HR,2020,90.85,,
ESTAT:ISOC_CI_IN_H(1.0),25/06/26 23:00:00,A,PC_HH,HH_DEG1,HR,2021,91.63,,
ESTAT:ISOC_CI_IN_H(1.0),25/06/26 23:00:00,A,PC_HH,HH_DEG1,HR,2022,91.00,,
ESTAT:ISOC_CI_IN_H(1.0),25/06/26 23:00:00,A,PC_HH,HH_DEG1,HR,2023,92.94,,
ESTAT:ISOC_CI_IN_H(1.0),25/06/26 23:00:00,A,PC_HH,HH_DEG1,HR,2024,91.44,,
ESTAT:ISOC_CI_IN_H(1.0),25/06/26 23:00:00,A,PC_HH,HH_DEG1,HR,2025,90.34,,
ESTAT:ISOC_CI_IN_H(1.0),25/06/26 23:00:00,A,PC_HH,HH_DEG1,HU,2004,24.00,,
ESTAT:ISOC_CI_IN_H(1.0),25/06/26 23:00:00,A,PC_HH,HH_DEG1,HU,2005,31.83,,
ESTAT:ISOC_CI_IN_H(1.0),25/06/26 23:00:00,A,PC_HH,HH_DEG1,HU,2006,42.72,,
ESTAT:ISOC_CI_IN_H(1.0),25/06/26 23:00:00,A,PC_HH,HH_DEG1,HU,2007,49.31,,
ESTAT:ISOC_CI_IN_H(1.0),25/06/26 23:00:00,A,PC_HH,HH_DEG1,HU,2008,54.49,,
ESTAT:ISOC_CI_IN_H(1.0),25/06/26 23:00:00,A,PC_HH,HH_DEG1,HU,2009,62.12,,
ESTAT:ISOC_CI_IN_H(1.0),25/06/26 23:00:00,A,PC_HH,HH_DEG1,HU,2010,67.88,,
ESTAT:ISOC_CI_IN_H(1.0),25/06/26 23:00:00,A,PC_HH,HH_DEG1,HU,2011,73.80,,
ESTAT:ISOC_CI_IN_H(1.0),25/06/26 23:00:00,A,PC_HH,HH_DEG1,HU,2012,75.69,,
ESTAT:ISOC_CI_IN_H(1.0),25/06/26 23:00:00,A,PC_HH,HH_DEG1,HU,2013,77.55,,
ESTAT:ISOC_CI_IN_H(1.0),25/06/26 23:00:00,A,PC_HH,HH_DEG1,HU,2014,80.85,,
ESTAT:ISOC_CI_IN_H(1.0),25/06/26 23:00:00,A,PC_HH,HH_DEG1,HU,2015,83.24,,
ESTAT:ISOC_CI_IN_H(1.0),25/06/26 23:00:00,A,PC_HH,HH_DEG1,HU,2016,86.01,,
ESTAT:ISOC_CI_IN_H(1.0),25/06/26 23:00:00,A,PC_HH,HH_DEG1,HU,2017,88.07,,
ESTAT:ISOC_CI_IN_H(1.0),25/06/26 23:00:00,A,PC_HH,HH_DEG1,HU,2018,88.62,,
ESTAT:ISOC_CI_IN_H(1.0),25/06/26 23:00:00,A,PC_HH,HH_DEG1,HU,2019,90.54,,
ESTAT:ISOC_CI_IN_H(1.0),25/06/26 23:00:00,A,PC_HH,HH_DEG1,HU,2020,91.83,,
ESTAT:ISOC_CI_IN_H(1.0),25/06/26 23:00:00,A,PC_HH,HH_DEG1,HU,2021,94.10,,
ESTAT:ISOC_CI_IN_H(1.0),25/06/26 23:00:00,A,PC_HH,HH_DEG1,HU,2022,94.94,,
ESTAT:ISOC_CI_IN_H(1.0),25/06/26 23:00:00,A,PC_HH,HH_DEG1,HU,2023,96.39,,
ESTAT:ISOC_CI_IN_H(1.0),25/06/26 23:00:00,A,PC_HH,HH_DEG1,HU,2024,97.70,,
ESTAT:ISOC_CI_IN_H(1.0),25/06/26 23:00:00,A,PC_HH,HH_DEG1,HU,2025,96.00,,
ESTAT:ISOC_CI_IN_H(1.0),25/06/26 23:00:00,A,PC_HH,HH_DEG1,IE,2005,45.83,,
ESTAT:ISOC_CI_IN_H(1.0),25/06/26 23:00:00,A,PC_HH,HH_DEG1,IE,2006,55.05,,
ESTAT:ISOC_CI_IN_H(1.0),25/06/26 23:00:00,A,PC_HH,HH_DEG1,IE,2007,63.08,,
ESTAT:ISOC_CI_IN_H(1.0),25/06/26 23:00:00,A,PC_HH,HH_DEG1,IE,2008,69.99,,
ESTAT:ISOC_CI_IN_H(1.0),25/06/26 23:00:00,A,PC_HH,HH_DEG1,IE,2009,73.51,,
ESTAT:ISOC_CI_IN_H(1.0),25/06/26 23:00:00,A,PC_HH,HH_DEG1,IE,2010,77.00,,
ESTAT:ISOC_CI_IN_H(1.0),25/06/26 23:00:00,A,PC_HH,HH_DEG1,IE,2011,82.69,,
ESTAT:ISOC_CI_IN_H(1.0),25/06/26 23:00:00,A,PC_HH,HH_DEG1,IE,2013,85.48,,
ESTAT:ISOC_CI_IN_H(1.0),25/06/26 23:00:00,A,PC_HH,HH_DEG1,IE,2014,86.99,,
ESTAT:ISOC_CI_IN_H(1.0),25/06/26 23:00:00,A,PC_HH,HH_DEG1,IE,2015,88.92,,
ESTAT:ISOC_CI_IN_H(1.0),25/06/26 23:00:00,A,PC_HH,HH_DEG1,IE,2016,89.79,,
ESTAT:ISOC_CI_IN_H(1.0),25/06/26 23:00:00,A,PC_HH,HH_DEG1,IE,2017,92.15,,
ESTAT:ISOC_CI_IN_H(1.0),25/06/26 23:00:00,A,PC_HH,HH_DEG1,IE,2018,94.62,,
ESTAT:ISOC_CI_IN_H(1.0),25/06/26 23:00:00,A,PC_HH,HH_DEG1,IE,2019,92.87,,
ESTAT:ISOC_CI_IN_H(1.0),25/06/26 23:00:00,A,PC_HH,HH_DEG1,IE,2020,92.19,,
ESTAT:ISOC_CI_IN_H(1.0),25/06/26 23:00:00,A,PC_HH,HH_DEG1,IE,2021,98.21,b,
ESTAT:ISOC_CI_IN_H(1.0),25/06/26 23:00:00,A,PC_HH,HH_DEG1,IE,2022,,u,
ESTAT:ISOC_CI_IN_H(1.0),25/06/26 23:00:00,A,PC_HH,HH_DEG1,IE,2023,93.77,,
ESTAT:ISOC_CI_IN_H(1.0),25/06/26 23:00:00,A,PC_HH,HH_DEG1,IE,2024,92.80,,
ESTAT:ISOC_CI_IN_H(1.0),25/06/26 23:00:00,A,PC_HH,HH_DEG1,IE,2025,98.26,,
ESTAT:ISOC_CI_IN_H(1.0),25/06/26 23:00:00,A,PC_HH,HH_DEG1,IS,2008,,u,
ESTAT:ISOC_CI_IN_H(1.0),25/06/26 23:00:00,A,PC_HH,HH_DEG1,IS,2009,,u,
ESTAT:ISOC_CI_IN_H(1.0),25/06/26 23:00:00,A,PC_HH,HH_DEG1,IS,2010,,u,
ESTAT:ISOC_CI_IN_H(1.0),25/06/26 23:00:00,A,PC_HH,HH_DEG1,IS,2011,93.83,,
ESTAT:ISOC_CI_IN_H(1.0),25/06/26 23:00:00,A,PC_HH,HH_DEG1,IS,2012,96.06,,
ESTAT:ISOC_CI_IN_H(1.0),25/06/26 23:00:00,A,PC_HH,HH_DEG1,IS,2013,97.24,,
ESTAT:ISOC_CI_IN_H(1.0),25/06/26 23:00:00,A,PC_HH,HH_DEG1,IS,2014,96.95,,
ESTAT:ISOC_CI_IN_H(1.0),25/06/26 23:00:00,A,PC_HH,HH_DEG1,IS,2017,98.33,,
ESTAT:ISOC_CI_IN_H(1.0),25/06/26 23:00:00,A,PC_HH,HH_DEG1,IS,2018,98.92,,
ESTAT:ISOC_CI_IN_H(1.0),25/06/26 23:00:00,A,PC_HH,HH_DEG1,IS,2019,97.82,,
ESTAT:ISOC_CI_IN_H(1.0),25/06/26 23:00:00,A,PC_HH,HH_DEG1,IS,2020,98.49,,
ESTAT:ISOC_CI_IN_H(1.0),25/06/26 23:00:00,A,PC_HH,HH_DEG1,IS,2021,98.43,,
ESTAT:ISOC_CI_IN_H(1.0),25/06/26 23:00:00,A,PC_HH,HH_DEG1,IT,2004,37.91,,
ESTAT:ISOC_CI_IN_H(1.0),25/06/26 23:00:00,A,PC_HH,HH_DEG1,IT,2005,41.06,,
ESTAT:ISOC_CI_IN_H(1.0),25/06/26 23:00:00,A,PC_HH,HH_DEG1,IT,2006,42.54,,
ESTAT:ISOC_CI_IN_H(1.0),25/06/26 23:00:00,A,PC_HH,HH_DEG1,IT,2007,46.45,,
ESTAT:ISOC_CI_IN_H(1.0),25/06/26 23:00:00,A,PC_HH,HH_DEG1,IT,2008,50.69,,
ESTAT:ISOC_CI_IN_H(1.0),25/06/26 23:00:00,A,PC_HH,HH_DEG1,IT,2009,57.23,,
ESTAT:ISOC_CI_IN_H(1.0),25/06/26 23:00:00,A,PC_HH,HH_DEG1,IT,2010,62.69,,
ESTAT:ISOC_CI_IN_H(1.0),25/06/26 23:00:00,A,PC_HH,HH_DEG1,IT,2011,65.04,,
ESTAT:ISOC_CI_IN_H(1.0),25/06/26 23:00:00,A,PC_HH,HH_DEG1,IT,2012,66.21,,
ESTAT:ISOC_CI_IN_H(1.0),25/06/26 23:00:00,A,PC_HH,HH_DEG1,IT,2013,72.22,,
ESTAT:ISOC_CI_IN_H(1.0),25/06/26 23:00:00,A,PC_HH,HH_DEG1,IT,2014,73.80,,
ESTAT:ISOC_CI_IN_H(1.0),25/06/26 23:00:00,A,PC_HH,HH_DEG1,IT,2015,77.90,,
ESTAT:ISOC_CI_IN_H(1.0),25/06/26 23:00:00,A,PC_HH,HH_DEG1,IT,2016,80.60,,
ESTAT:ISOC_CI_IN_H(1.0),25/06/26 23:00:00,A,PC_HH,HH_DEG1,IT,2017,84.10,,
ESTAT:ISOC_CI_IN_H(1.0),25/06/26 23:00:00,A,PC_HH,HH_DEG1,IT,2018,86.52,,
ESTAT:ISOC_CI_IN_H(1.0),25/06/26 23:00:00,A,PC_HH,HH_DEG1,IT,2019,88.26,,
ESTAT:ISOC_CI_IN_H(1.0),25/06/26 23:00:00,A,PC_HH,HH_DEG1,IT,2020,89.41,,
ESTAT:ISOC_CI_IN_H(1.0),25/06/26 23:00:00,A,PC_HH,HH_DEG1,IT,2021,92.30,,
ESTAT:ISOC_CI_IN_H(1.0),25/06/26 23:00:00,A,PC_HH,HH_DEG1,IT,2022,92.68,,
ESTAT:ISOC_CI_IN_H(1.0),25/06/26 23:00:00,A,PC_HH,HH_DEG1,IT,2023,94.19,,
ESTAT:ISOC_CI_IN_H(1.0),25/06/26 23:00:00,A,PC_HH,HH_DEG1,IT,2024,94.69,,
ESTAT:ISOC_CI_IN_H(1.0),25/06/26 23:00:00,A,PC_HH,HH_DEG1,IT,2025,95.17,,
ESTAT:ISOC_CI_IN_H(1.0),25/06/26 23:00:00,A,PC_HH,HH_DEG1,LT,2004,20.01,,
ESTAT:ISOC_CI_IN_H(1.0),25/06/26 23:00:00,A,PC_HH,HH_DEG1,LT,2005,25.07,,
ESTAT:ISOC_CI_IN_H(1.0),25/06/26 23:00:00,A,PC_HH,HH_DEG1,LT,2006,48.58,,
ESTAT:ISOC_CI_IN_H(1.0),25/06/26 23:00:00,A,PC_HH,HH_DEG1,LT,2007,60.37,,
ESTAT:ISOC_CI_IN_H(1.0),25/06/26 23:00:00,A,PC_HH,HH_DEG1,LT,2008,59.88,,
ESTAT:ISOC_CI_IN_H(1.0),25/06/26 23:00:00,A,PC_HH,HH_DEG1,LT,2009,68.20,,
ESTAT:ISOC_CI_IN_H(1.0),25/06/26 23:00:00,A,PC_HH,HH_DEG1,LT,2010,71.76,,
ESTAT:ISOC_CI_IN_H(1.0),25/06/26 23:00:00,A,PC_HH,HH_DEG1,LT,2011,72.10,,
ESTAT:ISOC_CI_IN_H(1.0),25/06/26 23:00:00,A,PC_HH,HH_DEG1,LT,2012,70.26,,
ESTAT:ISOC_CI_IN_H(1.0),25/06/26 23:00:00,A,PC_HH,HH_DEG1,LT,2013,74.74,,
ESTAT:ISOC_CI_IN_H(1.0),25/06/26 23:00:00,A,PC_HH,HH_DEG1,LT,2014,73.02,,
ESTAT:ISOC_CI_IN_H(1.0),25/06/26 23:00:00,A,PC_HH,HH_DEG1,LT,2015,74.19,,
ESTAT:ISOC_CI_IN_H(1.0),25/06/26 23:00:00,A,PC_HH,HH_DEG1,LT,2016,78.71,,
ESTAT:ISOC_CI_IN_H(1.0),25/06/26 23:00:00,A,PC_HH,HH_DEG1,LT,2017,83.10,,
ESTAT:ISOC_CI_IN_H(1.0),25/06/26 23:00:00,A,PC_HH,HH_DEG1,LT,2018,84.51,,
ESTAT:ISOC_CI_IN_H(1.0),25/06/26 23:00:00,A,PC_HH,HH_DEG1,LT,2019,85.66,,
ESTAT:ISOC_CI_IN_H(1.0),25/06/26 23:00:00,A,PC_HH,HH_DEG1,LT,2020,87.00,,
ESTAT:ISOC_CI_IN_H(1.0),25/06/26 23:00:00,A,PC_HH,HH_DEG1,LT,2021,90.01,,
ESTAT:ISOC_CI_IN_H(1.0),25/06/26 23:00:00,A,PC_HH,HH_DEG1,LT,2022,91.56,,
ESTAT:ISOC_CI_IN_H(1.0),25/06/26 23:00:00,A,PC_HH,HH_DEG1,LT,2023,92.42,,
ESTAT:ISOC_CI_IN_H(1.0),25/06/26 23:00:00,A,PC_HH,HH_DEG1,LT,2024,94.63,,
ESTAT:ISOC_CI_IN_H(1.0),25/06/26 23:00:00,A,PC_HH,HH_DEG1,LT,2025,93.73,,
ESTAT:ISOC_CI_IN_H(1.0),25/06/26 23:00:00,A,PC_HH,HH_DEG1,LU,2004,49.64,,
ESTAT:ISOC_CI_IN_H(1.0),25/06/26 23:00:00,A,PC_HH,HH_DEG1,LU,2005,60.45,,
ESTAT:ISOC_CI_IN_H(1.0),25/06/26 23:00:00,A,PC_HH,HH_DEG1,LU,2006,66.00,,
ESTAT:ISOC_CI_IN_H(1.0),25/06/26 23:00:00,A,PC_HH,HH_DEG1,LU,2007,71.27,,
ESTAT:ISOC_CI_IN_H(1.0),25/06/26 23:00:00,A,PC_HH,HH_DEG1,LU,2008,77.42,,
ESTAT:ISOC_CI_IN_H(1.0),25/06/26 23:00:00,A,PC_HH,HH_DEG1,LU,2009,86.37,,
ESTAT:ISOC_CI_IN_H(1.0),25/06/26 23:00:00,A,PC_HH,HH_DEG1,LU,2010,88.03,,
ESTAT:ISOC_CI_IN_H(1.0),25/06/26 23:00:00,A,PC_HH,HH_DEG1,LU,2011,88.35,,
ESTAT:ISOC_CI_IN_H(1.0),25/06/26 23:00:00,A,PC_HH,HH_DEG1,LU,2013,94.63,,
ESTAT:ISOC_CI_IN_H(1.0),25/06/26 23:00:00,A,PC_HH,HH_DEG1,LU,2014,94.69,,
ESTAT:ISOC_CI_IN_H(1.0),25/06/26 23:00:00,A,PC_HH,HH_DEG1,LU,2015,95.70,,
ESTAT:ISOC_CI_IN_H(1.0),25/06/26 23:00:00,A,PC_HH,HH_DEG1,LU,2016,94.71,,
ESTAT:ISOC_CI_IN_H(1.0),25/06/26 23:00:00,A,PC_HH,HH_DEG1,LU,2017,94.66,,
ESTAT:ISOC_CI_IN_H(1.0),25/06/26 23:00:00,A,PC_HH,HH_DEG1,LU,2018,94.89,b,
ESTAT:ISOC_CI_IN_H(1.0),25/06/26 23:00:00,A,PC_HH,HH_DEG1,LU,2019,96.55,,
ESTAT:ISOC_CI_IN_H(1.0),25/06/26 23:00:00,A,PC_HH,HH_DEG1,LU,2020,93.25,,
ESTAT:ISOC_CI_IN_H(1.0),25/06/26 23:00:00,A,PC_HH,HH_DEG1,LU,2021,99.22,,
ESTAT:ISOC_CI_IN_H(1.0),25/06/26 23:00:00,A,PC_HH,HH_DEG1,LU,2022,98.56,,
ESTAT:ISOC_CI_IN_H(1.0),25/06/26 23:00:00,A,PC_HH,HH_DEG1,LU,2023,99.88,,
ESTAT:ISOC_CI_IN_H(1.0),25/06/26 23:00:00,A,PC_HH,HH_DEG1,LU,2024,99.75,,
ESTAT:ISOC_CI_IN_H(1.0),25/06/26 23:00:00,A,PC_HH,HH_DEG1,LU,2025,98.94,,
ESTAT:ISOC_CI_IN_H(1.0),25/06/26 23:00:00,A,PC_HH,HH_DEG1,LV,2004,19.60,,
ESTAT:ISOC_CI_IN_H(1.0),25/06/26 23:00:00,A,PC_HH,HH_DEG1,LV,2005,38.07,,
ESTAT:ISOC_CI_IN_H(1.0),25/06/26 23:00:00,A,PC_HH,HH_DEG1,LV,2006,49.16,,
ESTAT:ISOC_CI_IN_H(1.0),25/06/26 23:00:00,A,PC_HH,HH_DEG1,LV,2007,56.57,,
ESTAT:ISOC_CI_IN_H(1.0),25/06/26 23:00:00,A,PC_HH,HH_DEG1,LV,2008,58.34,,
ESTAT:ISOC_CI_IN_H(1.0),25/06/26 23:00:00,A,PC_HH,HH_DEG1,LV,2009,63.86,,
ESTAT:ISOC_CI_IN_H(1.0),25/06/26 23:00:00,A,PC_HH,HH_DEG1,LV,2010,64.39,,
ESTAT:ISOC_CI_IN_H(1.0),25/06/26 23:00:00,A,PC_HH,HH_DEG1,LV,2011,67.47,,
ESTAT:ISOC_CI_IN_H(1.0),25/06/26 23:00:00,A,PC_HH,HH_DEG1,LV,2012,74.92,,
ESTAT:ISOC_CI_IN_H(1.0),25/06/26 23:00:00,A,PC_HH,HH_DEG1,LV,2013,75.97,,
ESTAT:ISOC_CI_IN_H(1.0),25/06/26 23:00:00,A,PC_HH,HH_DEG1,LV,2014,78.82,,
ESTAT:ISOC_CI_IN_H(1.0),25/06/26 23:00:00,A,PC_HH,HH_DEG1,LV,2015,80.79,,
ESTAT:ISOC_CI_IN_H(1.0),25/06/26 23:00:00,A,PC_HH,HH_DEG1,LV,2016,81.55,b,
ESTAT:ISOC_CI_IN_H(1.0),25/06/26 23:00:00,A,PC_HH,HH_DEG1,LV,2017,83.22,,
ESTAT:ISOC_CI_IN_H(1.0),25/06/26 23:00:00,A,PC_HH,HH_DEG1,LV,2018,84.55,,
ESTAT:ISOC_CI_IN_H(1.0),25/06/26 23:00:00,A,PC_HH,HH_DEG1,LV,2019,88.96,,
ESTAT:ISOC_CI_IN_H(1.0),25/06/26 23:00:00,A,PC_HH,HH_DEG1,LV,2020,91.13,,
ESTAT:ISOC_CI_IN_H(1.0),25/06/26 23:00:00,A,PC_HH,HH_DEG1,LV,2021,92.36,,
ESTAT:ISOC_CI_IN_H(1.0),25/06/26 23:00:00,A,PC_HH,HH_DEG1,LV,2022,92.95,,
ESTAT:ISOC_CI_IN_H(1.0),25/06/26 23:00:00,A,PC_HH,HH_DEG1,LV,2023,93.86,,
ESTAT:ISOC_CI_IN_H(1.0),25/06/26 23:00:00,A,PC_HH,HH_DEG1,LV,2024,95.62,,
ESTAT:ISOC_CI_IN_H(1.0),25/06/26 23:00:00,A,PC_HH,HH_DEG1,LV,2025,94.87,,
ESTAT:ISOC_CI_IN_H(1.0),25/06/26 23:00:00,A,PC_HH,HH_DEG1,MK,2018,81.48,,
ESTAT:ISOC_CI_IN_H(1.0),25/06/26 23:00:00,A,PC_HH,HH_DEG1,MK,2019,83.20,,
ESTAT:ISOC_CI_IN_H(1.0),25/06/26 23:00:00,A,PC_HH,HH_DEG1,MK,2020,80.88,,
ESTAT:ISOC_CI_IN_H(1.0),25/06/26 23:00:00,A,PC_HH,HH_DEG1,MK,2021,86.51,,
ESTAT:ISOC_CI_IN_H(1.0),25/06/26 23:00:00,A,PC_HH,HH_DEG1,MK,2024,91.81,,
ESTAT:ISOC_CI_IN_H(1.0),25/06/26 23:00:00,A,PC_HH,HH_DEG1,MK,2025,92.94,,
ESTAT:ISOC_CI_IN_H(1.0),25/06/26 23:00:00,A,PC_HH,HH_DEG1,MT,2005,41.80,,
ESTAT:ISOC_CI_IN_H(1.0),25/06/26 23:00:00,A,PC_HH,HH_DEG1,MT,2006,51.68,,
ESTAT:ISOC_CI_IN_H(1.0),25/06/26 23:00:00,A,PC_HH,HH_DEG1,MT,2007,54.37,,
ESTAT:ISOC_CI_IN_H(1.0),25/06/26 23:00:00,A,PC_HH,HH_DEG1,MT,2008,57.56,,
ESTAT:ISOC_CI_IN_H(1.0),25/06/26 23:00:00,A,PC_HH,HH_DEG1,MT,2009,66.25,,
ESTAT:ISOC_CI_IN_H(1.0),25/06/26 23:00:00,A,PC_HH,HH_DEG1,MT,2010,70.05,,
ESTAT:ISOC_CI_IN_H(1.0),25/06/26 23:00:00,A,PC_HH,HH_DEG1,MT,2011,76.00,,
ESTAT:ISOC_CI_IN_H(1.0),25/06/26 23:00:00,A,PC_HH,HH_DEG1,MT,2012,73.67,,
ESTAT:ISOC_CI_IN_H(1.0),25/06/26 23:00:00,A,PC_HH,HH_DEG1,MT,2013,78.99,,
ESTAT:ISOC_CI_IN_H(1.0),25/06/26 23:00:00,A,PC_HH,HH_DEG1,MT,2014,76.46,,
ESTAT:ISOC_CI_IN_H(1.0),25/06/26 23:00:00,A,PC_HH,HH_DEG1,MT,2015,79.50,,
ESTAT:ISOC_CI_IN_H(1.0),25/06/26 23:00:00,A,PC_HH,HH_DEG1,MT,2016,81.89,,
ESTAT:ISOC_CI_IN_H(1.0),25/06/26 23:00:00,A,PC_HH,HH_DEG1,MT,2017,83.94,,
ESTAT:ISOC_CI_IN_H(1.0),25/06/26 23:00:00,A,PC_HH,HH_DEG1,MT,2018,83.83,,
ESTAT:ISOC_CI_IN_H(1.0),25/06/26 23:00:00,A,PC_HH,HH_DEG1,MT,2019,85.30,,
ESTAT:ISOC_CI_IN_H(1.0),25/06/26 23:00:00,A,PC_HH,HH_DEG1,MT,2020,88.57,,
ESTAT:ISOC_CI_IN_H(1.0),25/06/26 23:00:00,A,PC_HH,HH_DEG1,MT,2021,92.09,,
ESTAT:ISOC_CI_IN_H(1.0),25/06/26 23:00:00,A,PC_HH,HH_DEG1,MT,2022,93.80,,
ESTAT:ISOC_CI_IN_H(1.0),25/06/26 23:00:00,A,PC_HH,HH_DEG1,MT,2023,93.29,,
ESTAT:ISOC_CI_IN_H(1.0),25/06/26 23:00:00,A,PC_HH,HH_DEG1,MT,2024,94.94,,
ESTAT:ISOC_CI_IN_H(1.0),25/06/26 23:00:00,A,PC_HH,HH_DEG1,MT,2025,97.06,,
ESTAT:ISOC_CI_IN_H(1.0),25/06/26 23:00:00,A,PC_HH,HH_DEG1,NL,2004,64.33,,
ESTAT:ISOC_CI_IN_H(1.0),25/06/26 23:00:00,A,PC_HH,HH_DEG1,NL,2005,80.34,,
ESTAT:ISOC_CI_IN_H(1.0),25/06/26 23:00:00,A,PC_HH,HH_DEG1,NL,2006,82.10,,
ESTAT:ISOC_CI_IN_H(1.0),25/06/26 23:00:00,A,PC_HH,HH_DEG1,NL,2007,82.69,,
ESTAT:ISOC_CI_IN_H(1.0),25/06/26 23:00:00,A,PC_HH,HH_DEG1,NL,2008,86.67,,
ESTAT:ISOC_CI_IN_H(1.0),25/06/26 23:00:00,A,PC_HH,HH_DEG1,NL,2009,90.79,,
ESTAT:ISOC_CI_IN_H(1.0),25/06/26 23:00:00,A,PC_HH,HH_DEG1,NL,2010,91.70,,
ESTAT:ISOC_CI_IN_H(1.0),25/06/26 23:00:00,A,PC_HH,HH_DEG1,NL,2011,93.93,,
ESTAT:ISOC_CI_IN_H(1.0),25/06/26 23:00:00,A,PC_HH,HH_DEG1,NL,2012,93.06,,
ESTAT:ISOC_CI_IN_H(1.0),25/06/26 23:00:00,A,PC_HH,HH_DEG1,NL,2013,94.10,,
ESTAT:ISOC_CI_IN_H(1.0),25/06/26 23:00:00,A,PC_HH,HH_DEG1,NL,2014,95.68,,
ESTAT:ISOC_CI_IN_H(1.0),25/06/26 23:00:00,A,PC_HH,HH_DEG1,NL,2015,96.82,,
ESTAT:ISOC_CI_IN_H(1.0),25/06/26 23:00:00,A,PC_HH,HH_DEG1,NL,2016,96.47,b,
ESTAT:ISOC_CI_IN_H(1.0),25/06/26 23:00:00,A,PC_HH,HH_DEG1,NL,2017,98.42,,
ESTAT:ISOC_CI_IN_H(1.0),25/06/26 23:00:00,A,PC_HH,HH_DEG1,NL,2018,97.86,,
ESTAT:ISOC_CI_IN_H(1.0),25/06/26 23:00:00,A,PC_HH,HH_DEG1,NL,2019,98.63,,
ESTAT:ISOC_CI_IN_H(1.0),25/06/26 23:00:00,A,PC_HH,HH_DEG1,NL,2020,96.58,,
ESTAT:ISOC_CI_IN_H(1.0),25/06/26 23:00:00,A,PC_HH,HH_DEG1,NL,2021,98.57,,
ESTAT:ISOC_CI_IN_H(1.0),25/06/26 23:00:00,A,PC_HH,HH_DEG1,NL,2022,98.50,,
ESTAT:ISOC_CI_IN_H(1.0),25/06/26 23:00:00,A,PC_HH,HH_DEG1,NL,2023,98.98,,
ESTAT:ISOC_CI_IN_H(1.0),25/06/26 23:00:00,A,PC_HH,HH_DEG1,NL,2024,99.05,,
ESTAT:ISOC_CI_IN_H(1.0),25/06/26 23:00:00,A,PC_HH,HH_DEG1,NL,2025,99.41,,
ESTAT:ISOC_CI_IN_H(1.0),25/06/26 23:00:00,A,PC_HH,HH_DEG1,NO,2004,60.24,,
ESTAT:ISOC_CI_IN_H(1.0),25/06/26 23:00:00,A,PC_HH,HH_DEG1,NO,2005,66.65,,
ESTAT:ISOC_CI_IN_H(1.0),25/06/26 23:00:00,A,PC_HH,HH_DEG1,NO,2006,72.86,,
ESTAT:ISOC_CI_IN_H(1.0),25/06/26 23:00:00,A,PC_HH,HH_DEG1,NO,2007,82.47,,
ESTAT:ISOC_CI_IN_H(1.0),25/06/26 23:00:00,A,PC_HH,HH_DEG1,NO,2008,89.36,,
ESTAT:ISOC_CI_IN_H(1.0),25/06/26 23:00:00,A,PC_HH,HH_DEG1,NO,2009,91.61,,
ESTAT:ISOC_CI_IN_H(1.0),25/06/26 23:00:00,A,PC_HH,HH_DEG1,NO,2010,93.22,,
ESTAT:ISOC_CI_IN_H(1.0),25/06/26 23:00:00,A,PC_HH,HH_DEG1,NO,2011,88.97,,
ESTAT:ISOC_CI_IN_H(1.0),25/06/26 23:00:00,A,PC_HH,HH_DEG1,NO,2013,98.93,,
ESTAT:ISOC_CI_IN_H(1.0),25/06/26 23:00:00,A,PC_HH,HH_DEG1,NO,2014,95.47,,
ESTAT:ISOC_CI_IN_H(1.0),25/06/26 23:00:00,A,PC_HH,HH_DEG1,NO,2015,97.74,,
ESTAT:ISOC_CI_IN_H(1.0),25/06/26 23:00:00,A,PC_HH,HH_DEG1,NO,2016,98.45,,
ESTAT:ISOC_CI_IN_H(1.0),25/06/26 23:00:00,A,PC_HH,HH_DEG1,NO,2017,97.53,,
ESTAT:ISOC_CI_IN_H(1.0),25/06/26 23:00:00,A,PC_HH,HH_DEG1,NO,2018,97.06,,
ESTAT:ISOC_CI_IN_H(1.0),25/06/26 23:00:00,A,PC_HH,HH_DEG1,NO,2019,98.90,,
ESTAT:ISOC_CI_IN_H(1.0),25/06/26 23:00:00,A,PC_HH,HH_DEG1,NO,2020,100.00,,
ESTAT:ISOC_CI_IN_H(1.0),25/06/26 23:00:00,A,PC_HH,HH_DEG1,NO,2021,98.97,,
ESTAT:ISOC_CI_IN_H(1.0),25/06/26 23:00:00,A,PC_HH,HH_DEG1,NO,2022,98.72,,
ESTAT:ISOC_CI_IN_H(1.0),25/06/26 23:00:00,A,PC_HH,HH_DEG1,NO,2023,99.20,,
ESTAT:ISOC_CI_IN_H(1.0),25/06/26 23:00:00,A,PC_HH,HH_DEG1,NO,2024,97.96,,
ESTAT:ISOC_CI_IN_H(1.0),25/06/26 23:00:00,A,PC_HH,HH_DEG1,NO,2025,99.10,,
ESTAT:ISOC_CI_IN_H(1.0),25/06/26 23:00:00,A,PC_HH,HH_DEG1,PL,2004,31.29,,
ESTAT:ISOC_CI_IN_H(1.0),25/06/26 23:00:00,A,PC_HH,HH_DEG1,PL,2005,40.41,,
ESTAT:ISOC_CI_IN_H(1.0),25/06/26 23:00:00,A,PC_HH,HH_DEG1,PL,2006,45.59,,
ESTAT:ISOC_CI_IN_H(1.0),25/06/26 23:00:00,A,PC_HH,HH_DEG1,PL,2007,48.66,,
ESTAT:ISOC_CI_IN_H(1.0),25/06/26 23:00:00,A,PC_HH,HH_DEG1,PL,2008,54.80,,
ESTAT:ISOC_CI_IN_H(1.0),25/06/26 23:00:00,A,PC_HH,HH_DEG1,PL,2009,64.47,,
ESTAT:ISOC_CI_IN_H(1.0),25/06/26 23:00:00,A,PC_HH,HH_DEG1,PL,2010,68.05,,
ESTAT:ISOC_CI_IN_H(1.0),25/06/26 23:00:00,A,PC_HH,HH_DEG1,PL,2011,70.96,,
ESTAT:ISOC_CI_IN_H(1.0),25/06/26 23:00:00,A,PC_HH,HH_DEG1,PL,2012,75.33,,
ESTAT:ISOC_CI_IN_H(1.0),25/06/26 23:00:00,A,PC_HH,HH_DEG1,PL,2013,76.43,,
ESTAT:ISOC_CI_IN_H(1.0),25/06/26 23:00:00,A,PC_HH,HH_DEG1,PL,2014,78.61,,
ESTAT:ISOC_CI_IN_H(1.0),25/06/26 23:00:00,A,PC_HH,HH_DEG1,PL,2015,79.36,,
ESTAT:ISOC_CI_IN_H(1.0),25/06/26 23:00:00,A,PC_HH,HH_DEG1,PL,2016,82.20,,
ESTAT:ISOC_CI_IN_H(1.0),25/06/26 23:00:00,A,PC_HH,HH_DEG1,PL,2017,84.78,,
ESTAT:ISOC_CI_IN_H(1.0),25/06/26 23:00:00,A,PC_HH,HH_DEG1,PL,2018,87.17,,
ESTAT:ISOC_CI_IN_H(1.0),25/06/26 23:00:00,A,PC_HH,HH_DEG1,PL,2019,89.51,,
ESTAT:ISOC_CI_IN_H(1.0),25/06/26 23:00:00,A,PC_HH,HH_DEG1,PL,2020,91.59,,
ESTAT:ISOC_CI_IN_H(1.0),25/06/26 23:00:00,A,PC_HH,HH_DEG1,PL,2021,93.69,,
ESTAT:ISOC_CI_IN_H(1.0),25/06/26 23:00:00,A,PC_HH,HH_DEG1,PL,2022,94.21,,
ESTAT:ISOC_CI_IN_H(1.0),25/06/26 23:00:00,A,PC_HH,HH_DEG1,PL,2023,94.19,,
ESTAT:ISOC_CI_IN_H(1.0),25/06/26 23:00:00,A,PC_HH,HH_DEG1,PL,2024,96.59,,
ESTAT:ISOC_CI_IN_H(1.0),25/06/26 23:00:00,A,PC_HH,HH_DEG1,PL,2025,96.89,,
ESTAT:ISOC_CI_IN_H(1.0),25/06/26 23:00:00,A,PC_HH,HH_DEG1,PT,2004,31.92,,
ESTAT:ISOC_CI_IN_H(1.0),25/06/26 23:00:00,A,PC_HH,HH_DEG1,PT,2005,36.47,,
ESTAT:ISOC_CI_IN_H(1.0),25/06/26 23:00:00,A,PC_HH,HH_DEG1,PT,2006,40.13,,
ESTAT:ISOC_CI_IN_H(1.0),25/06/26 23:00:00,A,PC_HH,HH_DEG1,PT,2007,45.76,,
ESTAT:ISOC_CI_IN_H(1.0),25/06/26 23:00:00,A,PC_HH,HH_DEG1,PT,2008,54.87,,
ESTAT:ISOC_CI_IN_H(1.0),25/06/26 23:00:00,A,PC_HH,HH_DEG1,PT,2009,55.97,,
ESTAT:ISOC_CI_IN_H(1.0),25/06/26 23:00:00,A,PC_HH,HH_DEG1,PT,2010,61.06,,
ESTAT:ISOC_CI_IN_H(1.0),25/06/26 23:00:00,A,PC_HH,HH_DEG1,PT,2011,65.68,,
ESTAT:ISOC_CI_IN_H(1.0),25/06/26 23:00:00,A,PC_HH,HH_DEG1,PT,2012,69.21,,
ESTAT:ISOC_CI_IN_H(1.0),25/06/26 23:00:00,A,PC_HH,HH_DEG1,PT,2013,69.64,,
ESTAT:ISOC_CI_IN_H(1.0),25/06/26 23:00:00,A,PC_HH,HH_DEG1,PT,2014,71.91,,
ESTAT:ISOC_CI_IN_H(1.0),25/06/26 23:00:00,A,PC_HH,HH_DEG1,PT,2015,76.59,,
ESTAT:ISOC_CI_IN_H(1.0),25/06/26 23:00:00,A,PC_HH,HH_DEG1,PT,2016,80.71,,
ESTAT:ISOC_CI_IN_H(1.0),25/06/26 23:00:00,A,PC_HH,HH_DEG1,PT,2017,83.29,,
ESTAT:ISOC_CI_IN_H(1.0),25/06/26 23:00:00,A,PC_HH,HH_DEG1,PT,2018,86.01,,
ESTAT:ISOC_CI_IN_H(1.0),25/06/26 23:00:00,A,PC_HH,HH_DEG1,PT,2019,86.84,,
ESTAT:ISOC_CI_IN_H(1.0),25/06/26 23:00:00,A,PC_HH,HH_DEG1,PT,2020,89.45,,
ESTAT:ISOC_CI_IN_H(1.0),25/06/26 23:00:00,A,PC_HH,HH_DEG1,PT,2021,92.17,,
ESTAT:ISOC_CI_IN_H(1.0),25/06/26 23:00:00,A,PC_HH,HH_DEG1,PT,2022,93.00,,
ESTAT:ISOC_CI_IN_H(1.0),25/06/26 23:00:00,A,PC_HH,HH_DEG1,PT,2023,93.02,,
ESTAT:ISOC_CI_IN_H(1.0),25/06/26 23:00:00,A,PC_HH,HH_DEG1,PT,2024,94.47,,
ESTAT:ISOC_CI_IN_H(1.0),25/06/26 23:00:00,A,PC_HH,HH_DEG1,PT,2025,94.60,,
ESTAT:ISOC_CI_IN_H(1.0),25/06/26 23:00:00,A,PC_HH,HH_DEG1,RO,2006,23.48,,
ESTAT:ISOC_CI_IN_H(1.0),25/06/26 23:00:00,A,PC_HH,HH_DEG1,RO,2007,35.58,,
ESTAT:ISOC_CI_IN_H(1.0),25/06/26 23:00:00,A,PC_HH,HH_DEG1,RO,2008,50.97,,
ESTAT:ISOC_CI_IN_H(1.0),25/06/26 23:00:00,A,PC_HH,HH_DEG1,RO,2009,60.14,,
ESTAT:ISOC_CI_IN_H(1.0),25/06/26 23:00:00,A,PC_HH,HH_DEG1,RO,2010,63.99,,
ESTAT:ISOC_CI_IN_H(1.0),25/06/26 23:00:00,A,PC_HH,HH_DEG1,RO,2011,69.18,,
ESTAT:ISOC_CI_IN_H(1.0),25/06/26 23:00:00,A,PC_HH,HH_DEG1,RO,2012,74.35,,
ESTAT:ISOC_CI_IN_H(1.0),25/06/26 23:00:00,A,PC_HH,HH_DEG1,RO,2013,77.58,,
ESTAT:ISOC_CI_IN_H(1.0),25/06/26 23:00:00,A,PC_HH,HH_DEG1,RO,2014,79.10,b,
ESTAT:ISOC_CI_IN_H(1.0),25/06/26 23:00:00,A,PC_HH,HH_DEG1,RO,2015,79.90,,
ESTAT:ISOC_CI_IN_H(1.0),25/06/26 23:00:00,A,PC_HH,HH_DEG1,RO,2016,84.47,,
ESTAT:ISOC_CI_IN_H(1.0),25/06/26 23:00:00,A,PC_HH,HH_DEG1,RO,2017,86.80,,
ESTAT:ISOC_CI_IN_H(1.0),25/06/26 23:00:00,A,PC_HH,HH_DEG1,RO,2018,89.65,,
ESTAT:ISOC_CI_IN_H(1.0),25/06/26 23:00:00,A,PC_HH,HH_DEG1,RO,2019,90.70,,
ESTAT:ISOC_CI_IN_H(1.0),25/06/26 23:00:00,A,PC_HH,HH_DEG1,RO,2020,92.54,,
ESTAT:ISOC_CI_IN_H(1.0),25/06/26 23:00:00,A,PC_HH,HH_DEG1,RO,2021,93.19,,
ESTAT:ISOC_CI_IN_H(1.0),25/06/26 23:00:00,A,PC_HH,HH_DEG1,RO,2022,95.11,,
ESTAT:ISOC_CI_IN_H(1.0),25/06/26 23:00:00,A,PC_HH,HH_DEG1,RO,2023,96.04,,
ESTAT:ISOC_CI_IN_H(1.0),25/06/26 23:00:00,A,PC_HH,HH_DEG1,RO,2024,97.64,,
ESTAT:ISOC_CI_IN_H(1.0),25/06/26 23:00:00,A,PC_HH,HH_DEG1,RO,2025,97.70,,
ESTAT:ISOC_CI_IN_H(1.0),25/06/26 23:00:00,A,PC_HH,HH_DEG1,SE,2005,67.44,,
ESTAT:ISOC_CI_IN_H(1.0),25/06/26 23:00:00,A,PC_HH,HH_DEG1,SE,2006,84.98,,
ESTAT:ISOC_CI_IN_H(1.0),25/06/26 23:00:00,A,PC_HH,HH_DEG1,SE,2007,83.72,,
ESTAT:ISOC_CI_IN_H(1.0),25/06/26 23:00:00,A,PC_HH,HH_DEG1,SE,2008,90.50,,
ESTAT:ISOC_CI_IN_H(1.0),25/06/26 23:00:00,A,PC_HH,HH_DEG1,SE,2009,88.51,,
ESTAT:ISOC_CI_IN_H(1.0),25/06/26 23:00:00,A,PC_HH,HH_DEG1,SE,2010,92.41,,
ESTAT:ISOC_CI_IN_H(1.0),25/06/26 23:00:00,A,PC_HH,HH_DEG1,SE,2011,94.53,,
ESTAT:ISOC_CI_IN_H(1.0),25/06/26 23:00:00,A,PC_HH,HH_DEG1,SE,2012,94.83,,
ESTAT:ISOC_CI_IN_H(1.0),25/06/26 23:00:00,A,PC_HH,HH_DEG1,SE,2013,93.96,,
ESTAT:ISOC_CI_IN_H(1.0),25/06/26 23:00:00,A,PC_HH,HH_DEG1,SE,2014,93.00,,
ESTAT:ISOC_CI_IN_H(1.0),25/06/26 23:00:00,A,PC_HH,HH_DEG1,SE,2015,92.40,,
ESTAT:ISOC_CI_IN_H(1.0),25/06/26 23:00:00,A,PC_HH,HH_DEG1,SE,2016,97.38,b,
ESTAT:ISOC_CI_IN_H(1.0),25/06/26 23:00:00,A,PC_HH,HH_DEG1,SE,2017,97.05,,
ESTAT:ISOC_CI_IN_H(1.0),25/06/26 23:00:00,A,PC_HH,HH_DEG1,SE,2018,95.25,,
ESTAT:ISOC_CI_IN_H(1.0),25/06/26 23:00:00,A,PC_HH,HH_DEG1,SE,2019,95.04,,
ESTAT:ISOC_CI_IN_H(1.0),25/06/26 23:00:00,A,PC_HH,HH_DEG1,SE,2020,96.60,,
ESTAT:ISOC_CI_IN_H(1.0),25/06/26 23:00:00,A,PC_HH,HH_DEG1,SE,2021,93.68,,
ESTAT:ISOC_CI_IN_H(1.0),25/06/26 23:00:00,A,PC_HH,HH_DEG1,SE,2022,96.20,,
ESTAT:ISOC_CI_IN_H(1.0),25/06/26 23:00:00,A,PC_HH,HH_DEG1,SE,2023,96.54,,
ESTAT:ISOC_CI_IN_H(1.0),25/06/26 23:00:00,A,PC_HH,HH_DEG1,SE,2024,95.38,,
ESTAT:ISOC_CI_IN_H(1.0),25/06/26 23:00:00,A,PC_HH,HH_DEG1,SE,2025,96.09,,
ESTAT:ISOC_CI_IN_H(1.0),25/06/26 23:00:00,A,PC_HH,HH_DEG1,SI,2004,44.28,,
ESTAT:ISOC_CI_IN_H(1.0),25/06/26 23:00:00,A,PC_HH,HH_DEG1,SI,2005,52.91,,
ESTAT:ISOC_CI_IN_H(1.0),25/06/26 23:00:00,A,PC_HH,HH_DEG1,SI,2006,65.12,,
ESTAT:ISOC_CI_IN_H(1.0),25/06/26 23:00:00,A,PC_HH,HH_DEG1,SI,2007,62.31,,
ESTAT:ISOC_CI_IN_H(1.0),25/06/26 23:00:00,A,PC_HH,HH_DEG1,SI,2008,62.20,,
ESTAT:ISOC_CI_IN_H(1.0),25/06/26 23:00:00,A,PC_HH,HH_DEG1,SI,2009,67.69,,
ESTAT:ISOC_CI_IN_H(1.0),25/06/26 23:00:00,A,PC_HH,HH_DEG1,SI,2010,67.75,,
ESTAT:ISOC_CI_IN_H(1.0),25/06/26 23:00:00,A,PC_HH,HH_DEG1,SI,2011,74.91,,
ESTAT:ISOC_CI_IN_H(1.0),25/06/26 23:00:00,A,PC_HH,HH_DEG1,SI,2012,78.95,,
ESTAT:ISOC_CI_IN_H(1.0),25/06/26 23:00:00,A,PC_HH,HH_DEG1,SI,2013,82.51,,
ESTAT:ISOC_CI_IN_H(1.0),25/06/26 23:00:00,A,PC_HH,HH_DEG1,SI,2014,81.12,,
ESTAT:ISOC_CI_IN_H(1.0),25/06/26 23:00:00,A,PC_HH,HH_DEG1,SI,2015,80.30,,
ESTAT:ISOC_CI_IN_H(1.0),25/06/26 23:00:00,A,PC_HH,HH_DEG1,SI,2016,83.68,,
ESTAT:ISOC_CI_IN_H(1.0),25/06/26 23:00:00,A,PC_HH,HH_DEG1,SI,2017,85.82,,
ESTAT:ISOC_CI_IN_H(1.0),25/06/26 23:00:00,A,PC_HH,HH_DEG1,SI,2018,86.30,,
ESTAT:ISOC_CI_IN_H(1.0),25/06/26 23:00:00,A,PC_HH,HH_DEG1,SI,2019,94.06,,
ESTAT:ISOC_CI_IN_H(1.0),25/06/26 23:00:00,A,PC_HH,HH_DEG1,SI,2020,93.02,,
ESTAT:ISOC_CI_IN_H(1.0),25/06/26 23:00:00,A,PC_HH,HH_DEG1,SI,2021,95.58,,
ESTAT:ISOC_CI_IN_H(1.0),25/06/26 23:00:00,A,PC_HH,HH_DEG1,SI,2022,93.43,,
ESTAT:ISOC_CI_IN_H(1.0),25/06/26 23:00:00,A,PC_HH,HH_DEG1,SI,2023,95.27,,
ESTAT:ISOC_CI_IN_H(1.0),25/06/26 23:00:00,A,PC_HH,HH_DEG1,SI,2024,95.07,,
ESTAT:ISOC_CI_IN_H(1.0),25/06/26 23:00:00,A,PC_HH,HH_DEG1,SI,2025,94.62,,
ESTAT:ISOC_CI_IN_H(1.0),25/06/26 23:00:00,A,PC_HH,HH_DEG1,SK,2004,30.51,,
ESTAT:ISOC_CI_IN_H(1.0),25/06/26 23:00:00,A,PC_HH,HH_DEG1,SK,2005,32.76,,
ESTAT:ISOC_CI_IN_H(1.0),25/06/26 23:00:00,A,PC_HH,HH_DEG1,SK,2006,35.29,,
ESTAT:ISOC_CI_IN_H(1.0),25/06/26 23:00:00,A,PC_HH,HH_DEG1,SK,2007,54.24,,
ESTAT:ISOC_CI_IN_H(1.0),25/06/26 23:00:00,A,PC_HH,HH_DEG1,SK,2008,68.99,,
ESTAT:ISOC_CI_IN_H(1.0),25/06/26 23:00:00,A,PC_HH,HH_DEG1,SK,2009,70.20,,
ESTAT:ISOC_CI_IN_H(1.0),25/06/26 23:00:00,A,PC_HH,HH_DEG1,SK,2010,75.29,,
ESTAT:ISOC_CI_IN_H(1.0),25/06/26 23:00:00,A,PC_HH,HH_DEG1,SK,2011,75.51,,
ESTAT:ISOC_CI_IN_H(1.0),25/06/26 23:00:00,A,PC_HH,HH_DEG1,SK,2012,82.71,,
ESTAT:ISOC_CI_IN_H(1.0),25/06/26 23:00:00,A,PC_HH,HH_DEG1,SK,2013,83.20,,
ESTAT:ISOC_CI_IN_H(1.0),25/06/26 23:00:00,A,PC_HH,HH_DEG1,SK,2014,82.14,,
ESTAT:ISOC_CI_IN_H(1.0),25/06/26 23:00:00,A,PC_HH,HH_DEG1,SK,2015,81.70,,
ESTAT:ISOC_CI_IN_H(1.0),25/06/26 23:00:00,A,PC_HH,HH_DEG1,SK,2016,84.57,,
ESTAT:ISOC_CI_IN_H(1.0),25/06/26 23:00:00,A,PC_HH,HH_DEG1,SK,2017,83.80,,
ESTAT:ISOC_CI_IN_H(1.0),25/06/26 23:00:00,A,PC_HH,HH_DEG1,SK,2018,86.99,,
ESTAT:ISOC_CI_IN_H(1.0),25/06/26 23:00:00,A,PC_HH,HH_DEG1,SK,2019,87.35,,
ESTAT:ISOC_CI_IN_H(1.0),25/06/26 23:00:00,A,PC_HH,HH_DEG1,SK,2020,84.27,,
ESTAT:ISOC_CI_IN_H(1.0),25/06/26 23:00:00,A,PC_HH,HH_DEG1,SK,2021,92.82,,
ESTAT:ISOC_CI_IN_H(1.0),25/06/26 23:00:00,A,PC_HH,HH_DEG1,SK,2022,94.02,,
ESTAT:ISOC_CI_IN_H(1.0),25/06/26 23:00:00,A,PC_HH,HH_DEG1,SK,2023,95.20,,
ESTAT:ISOC_CI_IN_H(1.0),25/06/26 23:00:00,A,PC_HH,HH_DEG1,SK,2024,92.46,,
ESTAT:ISOC_CI_IN_H(1.0),25/06/26 23:00:00,A,PC_HH,HH_DEG1,SK,2025,95.07,,
ESTAT:ISOC_CI_IN_H(1.0),25/06/26 23:00:00,A,PC_HH,HH_DEG1,TR,2025,97.99,,
ESTAT:ISOC_CI_IN_H(1.0),25/06/26 23:00:00,A,PC_HH,HH_DEG1,UK,2004,53.40,,
ESTAT:ISOC_CI_IN_H(1.0),25/06/26 23:00:00,A,PC_HH,HH_DEG1,UK,2005,57.74,,
ESTAT:ISOC_CI_IN_H(1.0),25/06/26 23:00:00,A,PC_HH,HH_DEG1,UK,2006,60.29,,
ESTAT:ISOC_CI_IN_H(1.0),25/06/26 23:00:00,A,PC_HH,HH_DEG1,UK,2007,65.25,,
ESTAT:ISOC_CI_IN_H(1.0),25/06/26 23:00:00,A,PC_HH,HH_DEG1,UK,2008,70.69,,
ESTAT:ISOC_CI_IN_H(1.0),25/06/26 23:00:00,A,PC_HH,HH_DEG1,UK,2009,76.02,,
ESTAT:ISOC_CI_IN_H(1.0),25/06/26 23:00:00,A,PC_HH,HH_DEG1,UK,2010,78.40,,
ESTAT:ISOC_CI_IN_H(1.0),25/06/26 23:00:00,A,PC_HH,HH_DEG1,UK,2011,82.18,,
ESTAT:ISOC_CI_IN_H(1.0),25/06/26 23:00:00,A,PC_HH,HH_DEG1,UK,2012,85.81,,
ESTAT:ISOC_CI_IN_H(1.0),25/06/26 23:00:00,A,PC_HH,HH_DEG1,UK,2013,88.27,,
ESTAT:ISOC_CI_IN_H(1.0),25/06/26 23:00:00,A,PC_HH,HH_DEG1,UK,2014,88.97,,
ESTAT:ISOC_CI_IN_H(1.0),25/06/26 23:00:00,A,PC_HH,HH_DEG1,UK,2015,90.79,,
ESTAT:ISOC_CI_IN_H(1.0),25/06/26 23:00:00,A,PC_HH,HH_DEG1,UK,2016,92.67,,
ESTAT:ISOC_CI_IN_H(1.0),25/06/26 23:00:00,A,PC_HH,HH_DEG1,UK,2017,94.44,,
ESTAT:ISOC_CI_IN_H(1.0),25/06/26 23:00:00,A,PC_HH,HH_DEG1,UK,2018,94.81,,
ESTAT:ISOC_CI_IN_H(1.0),25/06/26 23:00:00,A,PC_HH,HH_DEG1,UK,2019,95.43,,
ESTAT:ISOC_CI_IN_H(1.0),25/06/26 23:00:00,A,PC_HH,HH_DEG1,UK,2020,98.13,,
ESTAT:ISOC_CI_IN_H(1.0),25/06/26 23:00:00,A,PC_HH,HH_DEG1,XK,2018,96.13,,
ESTAT:ISOC_CI_IN_H(1.0),25/06/26 23:00:00,A,PC_HH,HH_DEG1,XK,2019,96.31,,
ESTAT:ISOC_CI_IN_H(1.0),25/06/26 23:00:00,A,PC_HH,HH_DEG1,XK,2020,98.32,,
ESTAT:ISOC_CI_IN_H(1.0),25/06/26 23:00:00,A,PC_HH,HH_DEG1,XK,2024,99.85,,
ESTAT:ISOC_CI_IN_H(1.0),25/06/26 23:00:00,A,PC_HH,HH_DEG1,XK,2025,99.54,,
ESTAT:ISOC_CI_IN_H(1.0),25/06/26 23:00:00,A,PC_HH,HH_DEG2,AL,2022,98.91,,
ESTAT:ISOC_CI_IN_H(1.0),25/06/26 23:00:00,A,PC_HH,HH_DEG2,AL,2023,97.36,,
ESTAT:ISOC_CI_IN_H(1.0),25/06/26 23:00:00,A,PC_HH,HH_DEG2,AL,2024,97.86,,
ESTAT:ISOC_CI_IN_H(1.0),25/06/26 23:00:00,A,PC_HH,HH_DEG2,AL,2025,99.20,,
ESTAT:ISOC_CI_IN_H(1.0),25/06/26 23:00:00,A,PC_HH,HH_DEG2,AT,2004,42.39,,
ESTAT:ISOC_CI_IN_H(1.0),25/06/26 23:00:00,A,PC_HH,HH_DEG2,AT,2005,48.34,,
ESTAT:ISOC_CI_IN_H(1.0),25/06/26 23:00:00,A,PC_HH,HH_DEG2,AT,2006,51.58,,
ESTAT:ISOC_CI_IN_H(1.0),25/06/26 23:00:00,A,PC_HH,HH_DEG2,AT,2007,60.15,,
ESTAT:ISOC_CI_IN_H(1.0),25/06/26 23:00:00,A,PC_HH,HH_DEG2,AT,2008,68.13,,
ESTAT:ISOC_CI_IN_H(1.0),25/06/26 23:00:00,A,PC_HH,HH_DEG2,AT,2009,70.25,,
ESTAT:ISOC_CI_IN_H(1.0),25/06/26 23:00:00,A,PC_HH,HH_DEG2,AT,2010,72.29,,
ESTAT:ISOC_CI_IN_H(1.0),25/06/26 23:00:00,A,PC_HH,HH_DEG2,AT,2011,75.81,,
ESTAT:ISOC_CI_IN_H(1.0),25/06/26 23:00:00,A,PC_HH,HH_DEG2,AT,2012,79.41,,
ESTAT:ISOC_CI_IN_H(1.0),25/06/26 23:00:00,A,PC_HH,HH_DEG2,AT,2013,80.00,,
ESTAT:ISOC_CI_IN_H(1.0),25/06/26 23:00:00,A,PC_HH,HH_DEG2,AT,2014,80.27,,
ESTAT:ISOC_CI_IN_H(1.0),25/06/26 23:00:00,A,PC_HH,HH_DEG2,AT,2015,82.10,,
ESTAT:ISOC_CI_IN_H(1.0),25/06/26 23:00:00,A,PC_HH,HH_DEG2,AT,2016,84.89,,
ESTAT:ISOC_CI_IN_H(1.0),25/06/26 23:00:00,A,PC_HH,HH_DEG2,AT,2017,89.31,,
ESTAT:ISOC_CI_IN_H(1.0),25/06/26 23:00:00,A,PC_HH,HH_DEG2,AT,2018,87.50,,
ESTAT:ISOC_CI_IN_H(1.0),25/06/26 23:00:00,A,PC_HH,HH_DEG2,AT,2019,90.01,,
ESTAT:ISOC_CI_IN_H(1.0),25/06/26 23:00:00,A,PC_HH,HH_DEG2,AT,2020,88.60,,
ESTAT:ISOC_CI_IN_H(1.0),25/06/26 23:00:00,A,PC_HH,HH_DEG2,AT,2021,95.63,,
ESTAT:ISOC_CI_IN_H(1.0),25/06/26 23:00:00,A,PC_HH,HH_DEG2,AT,2022,92.25,,
ESTAT:ISOC_CI_IN_H(1.0),25/06/26 23:00:00,A,PC_HH,HH_DEG2,AT,2023,95.32,,
ESTAT:ISOC_CI_IN_H(1.0),25/06/26 23:00:00,A,PC_HH,HH_DEG2,AT,2024,95.13,,
ESTAT:ISOC_CI_IN_H(1.0),25/06/26 23:00:00,A,PC_HH,HH_DEG2,AT,2025,95.78,,
ESTAT:ISOC_CI_IN_H(1.0),25/06/26 23:00:00,A,PC_HH,HH_DEG2,BE,2005,53.64,,
ESTAT:ISOC_CI_IN_H(1.0),25/06/26 23:00:00,A,PC_HH,HH_DEG2,BE,2006,57.64,,
ESTAT:ISOC_CI_IN_H(1.0),25/06/26 23:00:00,A,PC_HH,HH_DEG2,BE,2007,62.70,,
ESTAT:ISOC_CI_IN_H(1.0),25/06/26 23:00:00,A,PC_HH,HH_DEG2,BE,2008,65.48,,
ESTAT:ISOC_CI_IN_H(1.0),25/06/26 23:00:00,A,PC_HH,HH_DEG2,BE,2009,71.22,,
ESTAT:ISOC_CI_IN_H(1.0),25/06/26 23:00:00,A,PC_HH,HH_DEG2,BE,2010,75.49,,
ESTAT:ISOC_CI_IN_H(1.0),25/06/26 23:00:00,A,PC_HH,HH_DEG2,BE,2011,78.76,,
ESTAT:ISOC_CI_IN_H(1.0),25/06/26 23:00:00,A,PC_HH,HH_DEG2,BE,2012,78.40,,
ESTAT:ISOC_CI_IN_H(1.0),25/06/26 23:00:00,A,PC_HH,HH_DEG2,BE,2013,80.14,,
ESTAT:ISOC_CI_IN_H(1.0),25/06/26 23:00:00,A,PC_HH,HH_DEG2,BE,2014,83.83,,
ESTAT:ISOC_CI_IN_H(1.0),25/06/26 23:00:00,A,PC_HH,HH_DEG2,BE,2015,83.05,,
ESTAT:ISOC_CI_IN_H(1.0),25/06/26 23:00:00,A,PC_HH,HH_DEG2,BE,2016,85.17,,
ESTAT:ISOC_CI_IN_H(1.0),25/06/26 23:00:00,A,PC_HH,HH_DEG2,BE,2017,86.57,,
ESTAT:ISOC_CI_IN_H(1.0),25/06/26 23:00:00,A,PC_HH,HH_DEG2,BE,2018,88.30,,
ESTAT:ISOC_CI_IN_H(1.0),25/06/26 23:00:00,A,PC_HH,HH_DEG2,BE,2019,90.67,,
ESTAT:ISOC_CI_IN_H(1.0),25/06/26 23:00:00,A,PC_HH,HH_DEG2,BE,2020,91.57,,
ESTAT:ISOC_CI_IN_H(1.0),25/06/26 23:00:00,A,PC_HH,HH_DEG2,BE,2021,93.16,,
ESTAT:ISOC_CI_IN_H(1.0),25/06/26 23:00:00,A,PC_HH,HH_DEG2,BE,2022,95.12,,
ESTAT:ISOC_CI_IN_H(1.0),25/06/26 23:00:00,A,PC_HH,HH_DEG2,BE,2023,94.82,,
ESTAT:ISOC_CI_IN_H(1.0),25/06/26 23:00:00,A,PC_HH,HH_DEG2,BE,2024,94.84,,
ESTAT:ISOC_CI_IN_H(1.0),25/06/26 23:00:00,A,PC_HH,HH_DEG2,BE,2025,95.15,,
ESTAT:ISOC_CI_IN_H(1.0),25/06/26 23:00:00,A,PC_HH,HH_DEG2,BG,2004,8.98,,
ESTAT:ISOC_CI_IN_H(1.0),25/06/26 23:00:00,A,PC_HH,HH_DEG2,BG,2007,15.18,,
ESTAT:ISOC_CI_IN_H(1.0),25/06/26 23:00:00,A,PC_HH,HH_DEG2,BG,2008,20.84,,
ESTAT:ISOC_CI_IN_H(1.0),25/06/26 23:00:00,A,PC_HH,HH_DEG2,BG,2009,28.75,,
ESTAT:ISOC_CI_IN_H(1.0),25/06/26 23:00:00,A,PC_HH,HH_DEG2,BG,2010,32.30,,
ESTAT:ISOC_CI_IN_H(1.0),25/06/26 23:00:00,A,PC_HH,HH_DEG2,BG,2011,48.56,,
ESTAT:ISOC_CI_IN_H(1.0),25/06/26 23:00:00,A,PC_HH,HH_DEG2,BG,2012,49.46,,
ESTAT:ISOC_CI_IN_H(1.0),25/06/26 23:00:00,A,PC_HH,HH_DEG2,BG,2013,54.67,,
ESTAT:ISOC_CI_IN_H(1.0),25/06/26 23:00:00,A,PC_HH,HH_DEG2,BG,2014,58.88,,
ESTAT:ISOC_CI_IN_H(1.0),25/06/26 23:00:00,A,PC_HH,HH_DEG2,BG,2015,60.39,,
ESTAT:ISOC_CI_IN_H(1.0),25/06/26 23:00:00,A,PC_HH,HH_DEG2,BG,2016,63.07,,
ESTAT:ISOC_CI_IN_H(1.0),25/06/26 23:00:00,A,PC_HH,HH_DEG2,BG,2017,66.14,,
ESTAT:ISOC_CI_IN_H(1.0),25/06/26 23:00:00,A,PC_HH,HH_DEG2,BG,2018,69.90,,
ESTAT:ISOC_CI_IN_H(1.0),25/06/26 23:00:00,A,PC_HH,HH_DEG2,BG,2019,75.73,,
ESTAT:ISOC_CI_IN_H(1.0),25/06/26 23:00:00,A,PC_HH,HH_DEG2,BG,2020,80.06,,
ESTAT:ISOC_CI_IN_H(1.0),25/06/26 23:00:00,A,PC_HH,HH_DEG2,BG,2021,83.77,,
ESTAT:ISOC_CI_IN_H(1.0),25/06/26 23:00:00,A,PC_HH,HH_DEG2,BG,2022,85.76,,
ESTAT:ISOC_CI_IN_H(1.0),25/06/26 23:00:00,A,PC_HH,HH_DEG2,BG,2023,84.84,,
ESTAT:ISOC_CI_IN_H(1.0),25/06/26 23:00:00,A,PC_HH,HH_DEG2,BG,2024,89.55,,
ESTAT:ISOC_CI_IN_H(1.0),25/06/26 23:00:00,A,PC_HH,HH_DEG2,BG,2025,91.91,,
ESTAT:ISOC_CI_IN_H(1.0),25/06/26 23:00:00,A,PC_HH,HH_DEG2,CH,2014,91.67,,
ESTAT:ISOC_CI_IN_H(1.0),25/06/26 23:00:00,A,PC_HH,HH_DEG2,CH,2017,93.75,b,
ESTAT:ISOC_CI_IN_H(1.0),25/06/26 23:00:00,A,PC_HH,HH_DEG2,CH,2019,95.71,,
ESTAT:ISOC_CI_IN_H(1.0),25/06/26 23:00:00,A,PC_HH,HH_DEG2,CH,2021,99.45,,
ESTAT:ISOC_CI_IN_H(1.0),25/06/26 23:00:00,A,PC_HH,HH_DEG2,CH,2023,99.57,,
ESTAT:ISOC_CI_IN_H(1.0),25/06/26 23:00:00,A,PC_HH,HH_DEG2,CH,2025,98.63,,
ESTAT:ISOC_CI_IN_H(1.0),25/06/26 23:00:00,A,PC_HH,HH_DEG2,CY,2004,53.87,,
ESTAT:ISOC_CI_IN_H(1.0),25/06/26 23:00:00,A,PC_HH,HH_DEG2,CY,2005,38.74,,
ESTAT:ISOC_CI_IN_H(1.0),25/06/26 23:00:00,A,PC_HH,HH_DEG2,CY,2006,35.05,,
ESTAT:ISOC_CI_IN_H(1.0),25/06/26 23:00:00,A,PC_HH,HH_DEG2,CY,2007,34.84,,
ESTAT:ISOC_CI_IN_H(1.0),25/06/26 23:00:00,A,PC_HH,HH_DEG2,CY,2008,44.22,,
ESTAT:ISOC_CI_IN_H(1.0),25/06/26 23:00:00,A,PC_HH,HH_DEG2,CY,2009,57.91,,
ESTAT:ISOC_CI_IN_H(1.0),25/06/26 23:00:00,A,PC_HH,HH_DEG2,CY,2010,63.77,,
ESTAT:ISOC_CI_IN_H(1.0),25/06/26 23:00:00,A,PC_HH,HH_DEG2,CY,2011,61.20,,
ESTAT:ISOC_CI_IN_H(1.0),25/06/26 23:00:00,A,PC_HH,HH_DEG2,CY,2012,61.82,,
ESTAT:ISOC_CI_IN_H(1.0),25/06/26 23:00:00,A,PC_HH,HH_DEG2,CY,2013,62.93,,
ESTAT:ISOC_CI_IN_H(1.0),25/06/26 23:00:00,A,PC_HH,HH_DEG2,CY,2014,67.26,,
ESTAT:ISOC_CI_IN_H(1.0),25/06/26 23:00:00,A,PC_HH,HH_DEG2,CY,2015,72.42,,
ESTAT:ISOC_CI_IN_H(1.0),25/06/26 23:00:00,A,PC_HH,HH_DEG2,CY,2016,75.37,,
ESTAT:ISOC_CI_IN_H(1.0),25/06/26 23:00:00,A,PC_HH,HH_DEG2,CY,2017,79.32,,
ESTAT:ISOC_CI_IN_H(1.0),25/06/26 23:00:00,A,PC_HH,HH_DEG2,CY,2018,87.18,,
ESTAT:ISOC_CI_IN_H(1.0),25/06/26 23:00:00,A,PC_HH,HH_DEG2,CY,2019,90.74,,
ESTAT:ISOC_CI_IN_H(1.0),25/06/26 23:00:00,A,PC_HH,HH_DEG2,CY,2020,96.11,,
ESTAT:ISOC_CI_IN_H(1.0),25/06/26 23:00:00,A,PC_HH,HH_DEG2,CY,2021,96.66,,
ESTAT:ISOC_CI_IN_H(1.0),25/06/26 23:00:00,A,PC_HH,HH_DEG2,CY,2022,92.60,,
ESTAT:ISOC_CI_IN_H(1.0),25/06/26 23:00:00,A,PC_HH,HH_DEG2,CY,2023,95.37,,
ESTAT:ISOC_CI_IN_H(1.0),25/06/26 23:00:00,A,PC_HH,HH_DEG2,CY,2024,94.60,,
ESTAT:ISOC_CI_IN_H(1.0),25/06/26 23:00:00,A,PC_HH,HH_DEG2,CY,2025,98.78,,
ESTAT:ISOC_CI_IN_H(1.0),25/06/26 23:00:00,A,PC_HH,HH_DEG2,CZ,2004,19.58,,
ESTAT:ISOC_CI_IN_H(1.0),25/06/26 23:00:00,A,PC_HH,HH_DEG2,CZ,2005,18.10,,
ESTAT:ISOC_CI_IN_H(1.0),25/06/26 23:00:00,A,PC_HH,HH_DEG2,CZ,2006,28.73,,
ESTAT:ISOC_CI_IN_H(1.0),25/06/26 23:00:00,A,PC_HH,HH_DEG2,CZ,2007,33.32,,
ESTAT:ISOC_CI_IN_H(1.0),25/06/26 23:00:00,A,PC_HH,HH_DEG2,CZ,2008,44.12,,
ESTAT:ISOC_CI_IN_H(1.0),25/06/26 23:00:00,A,PC_HH,HH_DEG2,CZ,2009,52.29,,
ESTAT:ISOC_CI_IN_H(1.0),25/06/26 23:00:00,A,PC_HH,HH_DEG2,CZ,2010,61.03,,
ESTAT:ISOC_CI_IN_H(1.0),25/06/26 23:00:00,A,PC_HH,HH_DEG2,CZ,2011,66.60,,
ESTAT:ISOC_CI_IN_H(1.0),25/06/26 23:00:00,A,PC_HH,HH_DEG2,CZ,2012,71.22,,
ESTAT:ISOC_CI_IN_H(1.0),25/06/26 23:00:00,A,PC_HH,HH_DEG2,CZ,2013,73.07,,
ESTAT:ISOC_CI_IN_H(1.0),25/06/26 23:00:00,A,PC_HH,HH_DEG2,CZ,2014,76.62,,
ESTAT:ISOC_CI_IN_H(1.0),25/06/26 23:00:00,A,PC_HH,HH_DEG2,CZ,2015,76.59,,
ESTAT:ISOC_CI_IN_H(1.0),25/06/26 23:00:00,A,PC_HH,HH_DEG2,CZ,2016,81.56,,
ESTAT:ISOC_CI_IN_H(1.0),25/06/26 23:00:00,A,PC_HH,HH_DEG2,CZ,2017,83.15,,
ESTAT:ISOC_CI_IN_H(1.0),25/06/26 23:00:00,A,PC_HH,HH_DEG2,CZ,2018,85.70,,
ESTAT:ISOC_CI_IN_H(1.0),25/06/26 23:00:00,A,PC_HH,HH_DEG2,CZ,2019,87.37,,
ESTAT:ISOC_CI_IN_H(1.0),25/06/26 23:00:00,A,PC_HH,HH_DEG2,CZ,2020,88.08,,
ESTAT:ISOC_CI_IN_H(1.0),25/06/26 23:00:00,A,PC_HH,HH_DEG2,CZ,2021,90.14,,
ESTAT:ISOC_CI_IN_H(1.0),25/06/26 23:00:00,A,PC_HH,HH_DEG2,CZ,2022,92.02,,
ESTAT:ISOC_CI_IN_H(1.0),25/06/26 23:00:00,A,PC_HH,HH_DEG2,CZ,2023,92.72,,
ESTAT:ISOC_CI_IN_H(1.0),25/06/26 23:00:00,A,PC_HH,HH_DEG2,CZ,2024,95.28,,
ESTAT:ISOC_CI_IN_H(1.0),25/06/26 23:00:00,A,PC_HH,HH_DEG2,CZ,2025,94.99,,
ESTAT:ISOC_CI_IN_H(1.0),25/06/26 23:00:00,A,PC_HH,HH_DEG2,DE,2004,59.29,,
ESTAT:ISOC_CI_IN_H(1.0),25/06/26 23:00:00,A,PC_HH,HH_DEG2,DE,2005,61.10,,
ESTAT:ISOC_CI_IN_H(1.0),25/06/26 23:00:00,A,PC_HH,HH_DEG2,DE,2006,67.75,,
ESTAT:ISOC_CI_IN_H(1.0),25/06/26 23:00:00,A,PC_HH,HH_DEG2,DE,2007,72.07,,
ESTAT:ISOC_CI_IN_H(1.0),25/06/26 23:00:00,A,PC_HH,HH_DEG2,DE,2008,76.09,,
ESTAT:ISOC_CI_IN_H(1.0),25/06/26 23:00:00,A,PC_HH,HH_DEG2,DE,2009,79.91,,
ESTAT:ISOC_CI_IN_H(1.0),25/06/26 23:00:00,A,PC_HH,HH_DEG2,DE,2010,82.84,,
ESTAT:ISOC_CI_IN_H(1.0),25/06/26 23:00:00,A,PC_HH,HH_DEG2,DE,2011,83.83,,
ESTAT:ISOC_CI_IN_H(1.0),25/06/26 23:00:00,A,PC_HH,HH_DEG2,DE,2013,87.33,,
ESTAT:ISOC_CI_IN_H(1.0),25/06/26 23:00:00,A,PC_HH,HH_DEG2,DE,2014,89.33,,
ESTAT:ISOC_CI_IN_H(1.0),25/06/26 23:00:00,A,PC_HH,HH_DEG2,DE,2015,90.23,,
ESTAT:ISOC_CI_IN_H(1.0),25/06/26 23:00:00,A,PC_HH,HH_DEG2,DE,2016,91.77,,
ESTAT:ISOC_CI_IN_H(1.0),25/06/26 23:00:00,A,PC_HH,HH_DEG2,DE,2017,92.58,,
ESTAT:ISOC_CI_IN_H(1.0),25/06/26 23:00:00,A,PC_HH,HH_DEG2,DE,2018,94.04,,
ESTAT:ISOC_CI_IN_H(1.0),25/06/26 23:00:00,A,PC_HH,HH_DEG2,DE,2019,94.59,,
ESTAT:ISOC_CI_IN_H(1.0),25/06/26 23:00:00,A,PC_HH,HH_DEG2,DE,2020,95.88,,
ESTAT:ISOC_CI_IN_H(1.0),25/06/26 23:00:00,A,PC_HH,HH_DEG2,DE,2021,91.28,b,
ESTAT:ISOC_CI_IN_H(1.0),25/06/26 23:00:00,A,PC_HH,HH_DEG2,DE,2022,91.05,,
ESTAT:ISOC_CI_IN_H(1.0),25/06/26 23:00:00,A,PC_HH,HH_DEG2,DE,2023,91.17,,
ESTAT:ISOC_CI_IN_H(1.0),25/06/26 23:00:00,A,PC_HH,HH_DEG2,DE,2024,91.95,,
ESTAT:ISOC_CI_IN_H(1.0),25/06/26 23:00:00,A,PC_HH,HH_DEG2,DE,2025,93.24,,
ESTAT:ISOC_CI_IN_H(1.0),25/06/26 23:00:00,A,PC_HH,HH_DEG2,DK,2004,71.85,,
ESTAT:ISOC_CI_IN_H(1.0),25/06/26 23:00:00,A,PC_HH,HH_DEG2,DK,2005,73.82,,
ESTAT:ISOC_CI_IN_H(1.0),25/06/26 23:00:00,A,PC_HH,HH_DEG2,DK,2006,80.83,,
ESTAT:ISOC_CI_IN_H(1.0),25/06/26 23:00:00,A,PC_HH,HH_DEG2,DK,2007,78.27,,
ESTAT:ISOC_CI_IN_H(1.0),25/06/26 23:00:00,A,PC_HH,HH_DEG2,DK,2008,82.12,,
ESTAT:ISOC_CI_IN_H(1.0),25/06/26 23:00:00,A,PC_HH,HH_DEG2,DK,2009,82.44,,
ESTAT:ISOC_CI_IN_H(1.0),25/06/26 23:00:00,A,PC_HH,HH_DEG2,DK,2010,86.44,,
ESTAT:ISOC_CI_IN_H(1.0),25/06/26 23:00:00,A,PC_HH,HH_DEG2,DK,2011,89.29,,
ESTAT:ISOC_CI_IN_H(1.0),25/06/26 23:00:00,A,PC_HH,HH_DEG2,DK,2012,91.93,,
ESTAT:ISOC_CI_IN_H(1.0),25/06/26 23:00:00,A,PC_HH,HH_DEG2,DK,2013,92.23,,
ESTAT:ISOC_CI_IN_H(1.0),25/06/26 23:00:00,A,PC_HH,HH_DEG2,DK,2014,92.99,,
ESTAT:ISOC_CI_IN_H(1.0),25/06/26 23:00:00,A,PC_HH,HH_DEG2,DK,2015,93.66,,
ESTAT:ISOC_CI_IN_H(1.0),25/06/26 23:00:00,A,PC_HH,HH_DEG2,DK,2016,93.75,,
ESTAT:ISOC_CI_IN_H(1.0),25/06/26 23:00:00,A,PC_HH,HH_DEG2,DK,2017,97.07,,
ESTAT:ISOC_CI_IN_H(1.0),25/06/26 23:00:00,A,PC_HH,HH_DEG2,DK,2018,94.76,,
ESTAT:ISOC_CI_IN_H(1.0),25/06/26 23:00:00,A,PC_HH,HH_DEG2,DK,2019,95.01,,
ESTAT:ISOC_CI_IN_H(1.0),25/06/26 23:00:00,A,PC_HH,HH_DEG2,DK,2020,96.71,,
ESTAT:ISOC_CI_IN_H(1.0),25/06/26 23:00:00,A,PC_HH,HH_DEG2,DK,2021,96.33,,
ESTAT:ISOC_CI_IN_H(1.0),25/06/26 23:00:00,A,PC_HH,HH_DEG2,DK,2022,95.27,,
ESTAT:ISOC_CI_IN_H(1.0),25/06/26 23:00:00,A,PC_HH,HH_DEG2,DK,2023,96.97,,
ESTAT:ISOC_CI_IN_H(1.0),25/06/26 23:00:00,A,PC_HH,HH_DEG2,DK,2024,97.69,,
ESTAT:ISOC_CI_IN_H(1.0),25/06/26 23:00:00,A,PC_HH,HH_DEG2,DK,2025,97.51,,
ESTAT:ISOC_CI_IN_H(1.0),25/06/26 23:00:00,A,PC_HH,HH_DEG2,EA,2004,44.70,,
ESTAT:ISOC_CI_IN_H(1.0),25/06/26 23:00:00,A,PC_HH,HH_DEG2,EA,2005,50.28,,
ESTAT:ISOC_CI_IN_H(1.0),25/06/26 23:00:00,A,PC_HH,HH_DEG2,EA,2006,52.14,,
ESTAT:ISOC_CI_IN_H(1.0),25/06/26 23:00:00,A,PC_HH,HH_DEG2,EA,2007,57.96,,
ESTAT:ISOC_CI_IN_H(1.0),25/06/26 23:00:00,A,PC_HH,HH_DEG2,EA,2008,62.53,,
ESTAT:ISOC_CI_IN_H(1.0),25/06/26 23:00:00,A,PC_HH,HH_DEG2,EA,2009,67.33,,
ESTAT:ISOC_CI_IN_H(1.0),25/06/26 23:00:00,A,PC_HH,HH_DEG2,EA,2010,70.80,,
ESTAT:ISOC_CI_IN_H(1.0),25/06/26 23:00:00,A,PC_HH,HH_DEG2,EA,2011,73.21,,
ESTAT:ISOC_CI_IN_H(1.0),25/06/26 23:00:00,A,PC_HH,HH_DEG2,EA,2012,72.19,,
ESTAT:ISOC_CI_IN_H(1.0),25/06/26 23:00:00,A,PC_HH,HH_DEG2,EA,2013,79.74,,
ESTAT:ISOC_CI_IN_H(1.0),25/06/26 23:00:00,A,PC_HH,HH_DEG2,EA,2014,82.05,,
ESTAT:ISOC_CI_IN_H(1.0),25/06/26 23:00:00,A,PC_HH,HH_DEG2,EA,2015,83.21,,
ESTAT:ISOC_CI_IN_H(1.0),25/06/26 23:00:00,A,PC_HH,HH_DEG2,EA,2016,85.50,,
ESTAT:ISOC_CI_IN_H(1.0),25/06/26 23:00:00,A,PC_HH,HH_DEG2,EA,2017,86.50,,
ESTAT:ISOC_CI_IN_H(1.0),25/06/26 23:00:00,A,PC_HH,HH_DEG2,EA,2018,88.42,,
ESTAT:ISOC_CI_IN_H(1.0),25/06/26 23:00:00,A,PC_HH,HH_DEG2,EA,2019,89.69,,
ESTAT:ISOC_CI_IN_H(1.0),25/06/26 23:00:00,A,PC_HH,HH_DEG2,EA,2020,91.74,e,
ESTAT:ISOC_CI_IN_H(1.0),25/06/26 23:00:00,A,PC_HH,HH_DEG2,EA,2021,92.29,b,
ESTAT:ISOC_CI_IN_H(1.0),25/06/26 23:00:00,A,PC_HH,HH_DEG2,EA,2022,92.27,,
ESTAT:ISOC_CI_IN_H(1.0),25/06/26 23:00:00,A,PC_HH,HH_DEG2,EA,2023,92.71,,
ESTAT:ISOC_CI_IN_H(1.0),25/06/26 23:00:00,A,PC_HH,HH_DEG2,EA,2024,93.49,,
ESTAT:ISOC_CI_IN_H(1.0),25/06/26 23:00:00,A,PC_HH,HH_DEG2,EA,2025,94.39,,
ESTAT:ISOC_CI_IN_H(1.0),25/06/26 23:00:00,A,PC_HH,HH_DEG2,EE,2005,,u,
ESTAT:ISOC_CI_IN_H(1.0),25/06/26 23:00:00,A,PC_HH,HH_DEG2,EE,2006,,u,
ESTAT:ISOC_CI_IN_H(1.0),25/06/26 23:00:00,A,PC_HH,HH_DEG2,EE,2007,54.76,,
ESTAT:ISOC_CI_IN_H(1.0),25/06/26 23:00:00,A,PC_HH,HH_DEG2,EE,2008,72.84,,
ESTAT:ISOC_CI_IN_H(1.0),25/06/26 23:00:00,A,PC_HH,HH_DEG2,EE,2009,77.94,u,
ESTAT:ISOC_CI_IN_H(1.0),25/06/26 23:00:00,A,PC_HH,HH_DEG2,EE,2010,70.65,u,
ESTAT:ISOC_CI_IN_H(1.0),25/06/26 23:00:00,A,PC_HH,HH_DEG2,EE,2011,66.08,u,
ESTAT:ISOC_CI_IN_H(1.0),25/06/26 23:00:00,A,PC_HH,HH_DEG2,EE,2012,67.91,,
ESTAT:ISOC_CI_IN_H(1.0),25/06/26 23:00:00,A,PC_HH,HH_DEG2,EE,2013,73.62,,
ESTAT:ISOC_CI_IN_H(1.0),25/06/26 23:00:00,A,PC_HH,HH_DEG2,EE,2014,82.23,b,
ESTAT:ISOC_CI_IN_H(1.0),25/06/26 23:00:00,A,PC_HH,HH_DEG2,EE,2015,89.16,,
ESTAT:ISOC_CI_IN_H(1.0),25/06/26 23:00:00,A,PC_HH,HH_DEG2,EE,2016,82.98,,
ESTAT:ISOC_CI_IN_H(1.0),25/06/26 23:00:00,A,PC_HH,HH_DEG2,EE,2017,85.68,,
ESTAT:ISOC_CI_IN_H(1.0),25/06/26 23:00:00,A,PC_HH,HH_DEG2,EE,2018,89.46,,
ESTAT:ISOC_CI_IN_H(1.0),25/06/26 23:00:00,A,PC_HH,HH_DEG2,EE,2019,89.21,,
ESTAT:ISOC_CI_IN_H(1.0),25/06/26 23:00:00,A,PC_HH,HH_DEG2,EE,2020,87.77,,
ESTAT:ISOC_CI_IN_H(1.0),25/06/26 23:00:00,A,PC_HH,HH_DEG2,EE,2021,89.00,,
ESTAT:ISOC_CI_IN_H(1.0),25/06/26 23:00:00,A,PC_HH,HH_DEG2,EE,2022,94.96,,
ESTAT:ISOC_CI_IN_H(1.0),25/06/26 23:00:00,A,PC_HH,HH_DEG2,EE,2023,93.78,,
ESTAT:ISOC_CI_IN_H(1.0),25/06/26 23:00:00,A,PC_HH,HH_DEG2,EE,2024,92.38,,
ESTAT:ISOC_CI_IN_H(1.0),25/06/26 23:00:00,A,PC_HH,HH_DEG2,EE,2025,94.60,,
ESTAT:ISOC_CI_IN_H(1.0),25/06/26 23:00:00,A,PC_HH,HH_DEG2,EL,2004,18.91,,
ESTAT:ISOC_CI_IN_H(1.0),25/06/26 23:00:00,A,PC_HH,HH_DEG2,EL,2005,14.88,,
ESTAT:ISOC_CI_IN_H(1.0),25/06/26 23:00:00,A,PC_HH,HH_DEG2,EL,2006,17.96,,
ESTAT:ISOC_CI_IN_H(1.0),25/06/26 23:00:00,A,PC_HH,HH_DEG2,EL,2007,21.81,,
ESTAT:ISOC_CI_IN_H(1.0),25/06/26 23:00:00,A,PC_HH,HH_DEG2,EL,2008,45.42,,
ESTAT:ISOC_CI_IN_H(1.0),25/06/26 23:00:00,A,PC_HH,HH_DEG2,EL,2009,50.31,,
ESTAT:ISOC_CI_IN_H(1.0),25/06/26 23:00:00,A,PC_HH,HH_DEG2,EL,2010,54.22,,
ESTAT:ISOC_CI_IN_H(1.0),25/06/26 23:00:00,A,PC_HH,HH_DEG2,EL,2011,62.44,,
ESTAT:ISOC_CI_IN_H(1.0),25/06/26 23:00:00,A,PC_HH,HH_DEG2,EL,2014,68.50,,
ESTAT:ISOC_CI_IN_H(1.0),25/06/26 23:00:00,A,PC_HH,HH_DEG2,EL,2015,72.99,,
ESTAT:ISOC_CI_IN_H(1.0),25/06/26 23:00:00,A,PC_HH,HH_DEG2,EL,2016,74.11,,
ESTAT:ISOC_CI_IN_H(1.0),25/06/26 23:00:00,A,PC_HH,HH_DEG2,EL,2017,73.09,,
ESTAT:ISOC_CI_IN_H(1.0),25/06/26 23:00:00,A,PC_HH,HH_DEG2,EL,2018,80.29,,
ESTAT:ISOC_CI_IN_H(1.0),25/06/26 23:00:00,A,PC_HH,HH_DEG2,EL,2019,81.36,,
ESTAT:ISOC_CI_IN_H(1.0),25/06/26 23:00:00,A,PC_HH,HH_DEG2,EL,2020,82.47,,
ESTAT:ISOC_CI_IN_H(1.0),25/06/26 23:00:00,A,PC_HH,HH_DEG2,EL,2021,88.37,,
ESTAT:ISOC_CI_IN_H(1.0),25/06/26 23:00:00,A,PC_HH,HH_DEG2,EL,2022,86.77,,
ESTAT:ISOC_CI_IN_H(1.0),25/06/26 23:00:00,A,PC_HH,HH_DEG2,EL,2023,86.19,,
ESTAT:ISOC_CI_IN_H(1.0),25/06/26 23:00:00,A,PC_HH,HH_DEG2,EL,2024,82.71,,
ESTAT:ISOC_CI_IN_H(1.0),25/06/26 23:00:00,A,PC_HH,HH_DEG2,EL,2025,90.67,,
ESTAT:ISOC_CI_IN_H(1.0),25/06/26 23:00:00,A,PC_HH,HH_DEG2,ES,2004,31.31,,
ESTAT:ISOC_CI_IN_H(1.0),25/06/26 23:00:00,A,PC_HH,HH_DEG2,ES,2005,34.12,,
ESTAT:ISOC_CI_IN_H(1.0),25/06/26 23:00:00,A,PC_HH,HH_DEG2,ES,2006,37.33,,
ESTAT:ISOC_CI_IN_H(1.0),25/06/26 23:00:00,A,PC_HH,HH_DEG2,ES,2007,41.95,,
ESTAT:ISOC_CI_IN_H(1.0),25/06/26 23:00:00,A,PC_HH,HH_DEG2,ES,2008,51.14,,
ESTAT:ISOC_CI_IN_H(1.0),25/06/26 23:00:00,A,PC_HH,HH_DEG2,ES,2009,53.94,,
ESTAT:ISOC_CI_IN_H(1.0),25/06/26 23:00:00,A,PC_HH,HH_DEG2,ES,2010,60.85,,
ESTAT:ISOC_CI_IN_H(1.0),25/06/26 23:00:00,A,PC_HH,HH_DEG2,ES,2011,62.67,,
ESTAT:ISOC_CI_IN_H(1.0),25/06/26 23:00:00,A,PC_HH,HH_DEG2,ES,2012,68.15,,
ESTAT:ISOC_CI_IN_H(1.0),25/06/26 23:00:00,A,PC_HH,HH_DEG2,ES,2013,71.09,,
ESTAT:ISOC_CI_IN_H(1.0),25/06/26 23:00:00,A,PC_HH,HH_DEG2,ES,2014,74.66,,
ESTAT:ISOC_CI_IN_H(1.0),25/06/26 23:00:00,A,PC_HH,HH_DEG2,ES,2015,79.28,,
ESTAT:ISOC_CI_IN_H(1.0),25/06/26 23:00:00,A,PC_HH,HH_DEG2,ES,2016,82.69,,
ESTAT:ISOC_CI_IN_H(1.0),25/06/26 23:00:00,A,PC_HH,HH_DEG2,ES,2017,84.29,,
ESTAT:ISOC_CI_IN_H(1.0),25/06/26 23:00:00,A,PC_HH,HH_DEG2,ES,2018,85.11,,
ESTAT:ISOC_CI_IN_H(1.0),25/06/26 23:00:00,A,PC_HH,HH_DEG2,ES,2019,90.54,,
ESTAT:ISOC_CI_IN_H(1.0),25/06/26 23:00:00,A,PC_HH,HH_DEG2,ES,2020,95.11,,
ESTAT:ISOC_CI_IN_H(1.0),25/06/26 23:00:00,A,PC_HH,HH_DEG2,ES,2021,95.60,,
ESTAT:ISOC_CI_IN_H(1.0),25/06/26 23:00:00,A,PC_HH,HH_DEG2,ES,2022,95.45,,
ESTAT:ISOC_CI_IN_H(1.0),25/06/26 23:00:00,A,PC_HH,HH_DEG2,ES,2023,96.15,,
ESTAT:ISOC_CI_IN_H(1.0),25/06/26 23:00:00,A,PC_HH,HH_DEG2,ES,2024,96.59,,
ESTAT:ISOC_CI_IN_H(1.0),25/06/26 23:00:00,A,PC_HH,HH_DEG2,ES,2025,96.98,,
ESTAT:ISOC_CI_IN_H(1.0),25/06/26 23:00:00,A,PC_HH,HH_DEG2,EU15,2005,52.81,,
ESTAT:ISOC_CI_IN_H(1.0),25/06/26 23:00:00,A,PC_HH,HH_DEG2,EU15,2006,54.93,,
ESTAT:ISOC_CI_IN_H(1.0),25/06/26 23:00:00,A,PC_HH,HH_DEG2,EU15,2007,59.81,,
ESTAT:ISOC_CI_IN_H(1.0),25/06/26 23:00:00,A,PC_HH,HH_DEG2,EU15,2008,64.45,,
ESTAT:ISOC_CI_IN_H(1.0),25/06/26 23:00:00,A,PC_HH,HH_DEG2,EU15,2009,68.64,,
ESTAT:ISOC_CI_IN_H(1.0),25/06/26 23:00:00,A,PC_HH,HH_DEG2,EU15,2010,72.63,,
ESTAT:ISOC_CI_IN_H(1.0),25/06/26 23:00:00,A,PC_HH,HH_DEG2,EU15,2011,74.87,,
ESTAT:ISOC_CI_IN_H(1.0),25/06/26 23:00:00,A,PC_HH,HH_DEG2,EU15,2012,76.58,,
ESTAT:ISOC_CI_IN_H(1.0),25/06/26 23:00:00,A,PC_HH,HH_DEG2,EU15,2013,81.46,,
ESTAT:ISOC_CI_IN_H(1.0),25/06/26 23:00:00,A,PC_HH,HH_DEG2,EU15,2014,84.16,,
ESTAT:ISOC_CI_IN_H(1.0),25/06/26 23:00:00,A,PC_HH,HH_DEG2,EU15,2015,84.90,,
ESTAT:ISOC_CI_IN_H(1.0),25/06/26 23:00:00,A,PC_HH,HH_DEG2,EU15,2016,87.35,,
ESTAT:ISOC_CI_IN_H(1.0),25/06/26 23:00:00,A,PC_HH,HH_DEG2,EU15,2017,88.04,,
ESTAT:ISOC_CI_IN_H(1.0),25/06/26 23:00:00,A,PC_HH,HH_DEG2,EU15,2018,89.95,,
ESTAT:ISOC_CI_IN_H(1.0),25/06/26 23:00:00,A,PC_HH,HH_DEG2,EU25,2004,45.44,,
ESTAT:ISOC_CI_IN_H(1.0),25/06/26 23:00:00,A,PC_HH,HH_DEG2,EU25,2005,48.91,,
ESTAT:ISOC_CI_IN_H(1.0),25/06/26 23:00:00,A,PC_HH,HH_DEG2,EU25,2006,52.16,,
ESTAT:ISOC_CI_IN_H(1.0),25/06/26 23:00:00,A,PC_HH,HH_DEG2,EU25,2007,58.06,,
ESTAT:ISOC_CI_IN_H(1.0),25/06/26 23:00:00,A,PC_HH,HH_DEG2,EU25,2008,62.93,,
ESTAT:ISOC_CI_IN_H(1.0),25/06/26 23:00:00,A,PC_HH,HH_DEG2,EU25,2009,67.68,,
ESTAT:ISOC_CI_IN_H(1.0),25/06/26 23:00:00,A,PC_HH,HH_DEG2,EU25,2010,71.77,,
ESTAT:ISOC_CI_IN_H(1.0),25/06/26 23:00:00,A,PC_HH,HH_DEG2,EU27_2007,2004,45.24,,
ESTAT:ISOC_CI_IN_H(1.0),25/06/26 23:00:00,A,PC_HH,HH_DEG2,EU27_2007,2005,48.91,,
ESTAT:ISOC_CI_IN_H(1.0),25/06/26 23:00:00,A,PC_HH,HH_DEG2,EU27_2007,2006,52.16,,
ESTAT:ISOC_CI_IN_H(1.0),25/06/26 23:00:00,A,PC_HH,HH_DEG2,EU27_2007,2007,57.89,,
ESTAT:ISOC_CI_IN_H(1.0),25/06/26 23:00:00,A,PC_HH,HH_DEG2,EU27_2007,2008,62.70,,
ESTAT:ISOC_CI_IN_H(1.0),25/06/26 23:00:00,A,PC_HH,HH_DEG2,EU27_2007,2009,67.53,,
ESTAT:ISOC_CI_IN_H(1.0),25/06/26 23:00:00,A,PC_HH,HH_DEG2,EU27_2007,2010,71.59,,
ESTAT:ISOC_CI_IN_H(1.0),25/06/26 23:00:00,A,PC_HH,HH_DEG2,EU27_2007,2011,74.15,,
ESTAT:ISOC_CI_IN_H(1.0),25/06/26 23:00:00,A,PC_HH,HH_DEG2,EU27_2007,2012,74.21,,
ESTAT:ISOC_CI_IN_H(1.0),25/06/26 23:00:00,A,PC_HH,HH_DEG2,EU27_2007,2013,79.64,,
ESTAT:ISOC_CI_IN_H(1.0),25/06/26 23:00:00,A,PC_HH,HH_DEG2,EU27_2007,2014,82.38,,
ESTAT:ISOC_CI_IN_H(1.0),25/06/26 23:00:00,A,PC_HH,HH_DEG2,EU27_2007,2015,83.30,,
ESTAT:ISOC_CI_IN_H(1.0),25/06/26 23:00:00,A,PC_HH,HH_DEG2,EU27_2007,2016,86.00,,
ESTAT:ISOC_CI_IN_H(1.0),25/06/26 23:00:00,A,PC_HH,HH_DEG2,EU27_2007,2017,86.91,,
ESTAT:ISOC_CI_IN_H(1.0),25/06/26 23:00:00,A,PC_HH,HH_DEG2,EU27_2007,2018,88.89,,
ESTAT:ISOC_CI_IN_H(1.0),25/06/26 23:00:00,A,PC_HH,HH_DEG2,EU27_2020,2007,56.55,,
ESTAT:ISOC_CI_IN_H(1.0),25/06/26 23:00:00,A,PC_HH,HH_DEG2,EU27_2020,2008,61.41,,
ESTAT:ISOC_CI_IN_H(1.0),25/06/26 23:00:00,A,PC_HH,HH_DEG2,EU27_2020,2009,66.64,,
ESTAT:ISOC_CI_IN_H(1.0),25/06/26 23:00:00,A,PC_HH,HH_DEG2,EU27_2020,2010,70.26,,
ESTAT:ISOC_CI_IN_H(1.0),25/06/26 23:00:00,A,PC_HH,HH_DEG2,EU27_2020,2011,73.10,,
ESTAT:ISOC_CI_IN_H(1.0),25/06/26 23:00:00,A,PC_HH,HH_DEG2,EU27_2020,2012,71.88,,
ESTAT:ISOC_CI_IN_H(1.0),25/06/26 23:00:00,A,PC_HH,HH_DEG2,EU27_2020,2013,78.38,,
ESTAT:ISOC_CI_IN_H(1.0),25/06/26 23:00:00,A,PC_HH,HH_DEG2,EU27_2020,2014,80.73,,
ESTAT:ISOC_CI_IN_H(1.0),25/06/26 23:00:00,A,PC_HH,HH_DEG2,EU27_2020,2015,82.06,,
ESTAT:ISOC_CI_IN_H(1.0),25/06/26 23:00:00,A,PC_HH,HH_DEG2,EU27_2020,2016,84.88,,
ESTAT:ISOC_CI_IN_H(1.0),25/06/26 23:00:00,A,PC_HH,HH_DEG2,EU27_2020,2017,86.00,,
ESTAT:ISOC_CI_IN_H(1.0),25/06/26 23:00:00,A,PC_HH,HH_DEG2,EU27_2020,2018,87.79,,
ESTAT:ISOC_CI_IN_H(1.0),25/06/26 23:00:00,A,PC_HH,HH_DEG2,EU27_2020,2019,89.28,,
ESTAT:ISOC_CI_IN_H(1.0),25/06/26 23:00:00,A,PC_HH,HH_DEG2,EU27_2020,2020,91.38,e,
ESTAT:ISOC_CI_IN_H(1.0),25/06/26 23:00:00,A,PC_HH,HH_DEG2,EU27_2020,2021,92.02,b,
ESTAT:ISOC_CI_IN_H(1.0),25/06/26 23:00:00,A,PC_HH,HH_DEG2,EU27_2020,2022,92.16,,
ESTAT:ISOC_CI_IN_H(1.0),25/06/26 23:00:00,A,PC_HH,HH_DEG2,EU27_2020,2023,92.68,,
ESTAT:ISOC_CI_IN_H(1.0),25/06/26 23:00:00,A,PC_HH,HH_DEG2,EU27_2020,2024,93.76,,
ESTAT:ISOC_CI_IN_H(1.0),25/06/26 23:00:00,A,PC_HH,HH_DEG2,EU27_2020,2025,94.54,,
ESTAT:ISOC_CI_IN_H(1.0),25/06/26 23:00:00,A,PC_HH,HH_DEG2,EU28,2007,57.78,,
ESTAT:ISOC_CI_IN_H(1.0),25/06/26 23:00:00,A,PC_HH,HH_DEG2,EU28,2008,62.59,,
ESTAT:ISOC_CI_IN_H(1.0),25/06/26 23:00:00,A,PC_HH,HH_DEG2,EU28,2009,67.38,,
ESTAT:ISOC_CI_IN_H(1.0),25/06/26 23:00:00,A,PC_HH,HH_DEG2,EU28,2010,71.48,,
ESTAT:ISOC_CI_IN_H(1.0),25/06/26 23:00:00,A,PC_HH,HH_DEG2,EU28,2011,74.06,,
ESTAT:ISOC_CI_IN_H(1.0),25/06/26 23:00:00,A,PC_HH,HH_DEG2,EU28,2012,74.17,,
ESTAT:ISOC_CI_IN_H(1.0),25/06/26 23:00:00,A,PC_HH,HH_DEG2,EU28,2013,79.52,,
ESTAT:ISOC_CI_IN_H(1.0),25/06/26 23:00:00,A,PC_HH,HH_DEG2,EU28,2014,82.29,,
ESTAT:ISOC_CI_IN_H(1.0),25/06/26 23:00:00,A,PC_HH,HH_DEG2,EU28,2015,83.25,,
ESTAT:ISOC_CI_IN_H(1.0),25/06/26 23:00:00,A,PC_HH,HH_DEG2,EU28,2016,85.96,,
ESTAT:ISOC_CI_IN_H(1.0),25/06/26 23:00:00,A,PC_HH,HH_DEG2,EU28,2017,86.86,,
ESTAT:ISOC_CI_IN_H(1.0),25/06/26 23:00:00,A,PC_HH,HH_DEG2,EU28,2018,88.86,,
ESTAT:ISOC_CI_IN_H(1.0),25/06/26 23:00:00,A,PC_HH,HH_DEG2,EU28,2019,90.32,,
ESTAT:ISOC_CI_IN_H(1.0),25/06/26 23:00:00,A,PC_HH,HH_DEG2,FI,2004,49.38,,
ESTAT:ISOC_CI_IN_H(1.0),25/06/26 23:00:00,A,PC_HH,HH_DEG2,FI,2005,56.40,,
ESTAT:ISOC_CI_IN_H(1.0),25/06/26 23:00:00,A,PC_HH,HH_DEG2,FI,2006,71.68,,
ESTAT:ISOC_CI_IN_H(1.0),25/06/26 23:00:00,A,PC_HH,HH_DEG2,FI,2007,72.38,,
ESTAT:ISOC_CI_IN_H(1.0),25/06/26 23:00:00,A,PC_HH,HH_DEG2,FI,2008,75.65,,
ESTAT:ISOC_CI_IN_H(1.0),25/06/26 23:00:00,A,PC_HH,HH_DEG2,FI,2009,81.25,,
ESTAT:ISOC_CI_IN_H(1.0),25/06/26 23:00:00,A,PC_HH,HH_DEG2,FI,2010,79.49,,
ESTAT:ISOC_CI_IN_H(1.0),25/06/26 23:00:00,A,PC_HH,HH_DEG2,FI,2011,86.34,,
ESTAT:ISOC_CI_IN_H(1.0),25/06/26 23:00:00,A,PC_HH,HH_DEG2,FI,2012,83.82,,
ESTAT:ISOC_CI_IN_H(1.0),25/06/26 23:00:00,A,PC_HH,HH_DEG2,FI,2013,88.67,,
ESTAT:ISOC_CI_IN_H(1.0),25/06/26 23:00:00,A,PC_HH,HH_DEG2,FI,2014,88.42,,
ESTAT:ISOC_CI_IN_H(1.0),25/06/26 23:00:00,A,PC_HH,HH_DEG2,FI,2015,89.20,,
ESTAT:ISOC_CI_IN_H(1.0),25/06/26 23:00:00,A,PC_HH,HH_DEG2,FI,2016,92.24,,
ESTAT:ISOC_CI_IN_H(1.0),25/06/26 23:00:00,A,PC_HH,HH_DEG2,FI,2017,94.72,,
ESTAT:ISOC_CI_IN_H(1.0),25/06/26 23:00:00,A,PC_HH,HH_DEG2,FI,2018,94.63,,
ESTAT:ISOC_CI_IN_H(1.0),25/06/26 23:00:00,A,PC_HH,HH_DEG2,FI,2019,93.95,,
ESTAT:ISOC_CI_IN_H(1.0),25/06/26 23:00:00,A,PC_HH,HH_DEG2,FI,2020,95.27,,
ESTAT:ISOC_CI_IN_H(1.0),25/06/26 23:00:00,A,PC_HH,HH_DEG2,FI,2021,95.54,,
ESTAT:ISOC_CI_IN_H(1.0),25/06/26 23:00:00,A,PC_HH,HH_DEG2,FI,2022,96.68,,
ESTAT:ISOC_CI_IN_H(1.0),25/06/26 23:00:00,A,PC_HH,HH_DEG2,FI,2023,95.65,,
ESTAT:ISOC_CI_IN_H(1.0),25/06/26 23:00:00,A,PC_HH,HH_DEG2,FI,2024,96.72,,
ESTAT:ISOC_CI_IN_H(1.0),25/06/26 23:00:00,A,PC_HH,HH_DEG2,FI,2025,97.79,,
ESTAT:ISOC_CI_IN_H(1.0),25/06/26 23:00:00,A,PC_HH,HH_DEG2,FR,2004,37.56,,
ESTAT:ISOC_CI_IN_H(1.0),25/06/26 23:00:00,A,PC_HH,HH_DEG2,FR,2006,44.15,,
ESTAT:ISOC_CI_IN_H(1.0),25/06/26 23:00:00,A,PC_HH,HH_DEG2,FR,2007,56.62,,
ESTAT:ISOC_CI_IN_H(1.0),25/06/26 23:00:00,A,PC_HH,HH_DEG2,FR,2008,62.44,,
ESTAT:ISOC_CI_IN_H(1.0),25/06/26 23:00:00,A,PC_HH,HH_DEG2,FR,2009,67.79,,
ESTAT:ISOC_CI_IN_H(1.0),25/06/26 23:00:00,A,PC_HH,HH_DEG2,FR,2010,71.32,,
ESTAT:ISOC_CI_IN_H(1.0),25/06/26 23:00:00,A,PC_HH,HH_DEG2,FR,2011,74.42,,
ESTAT:ISOC_CI_IN_H(1.0),25/06/26 23:00:00,A,PC_HH,HH_DEG2,FR,2012,75.82,,
ESTAT:ISOC_CI_IN_H(1.0),25/06/26 23:00:00,A,PC_HH,HH_DEG2,FR,2013,79.47,,
ESTAT:ISOC_CI_IN_H(1.0),25/06/26 23:00:00,A,PC_HH,HH_DEG2,FR,2014,81.21,,
ESTAT:ISOC_CI_IN_H(1.0),25/06/26 23:00:00,A,PC_HH,HH_DEG2,FR,2015,80.63,,
ESTAT:ISOC_CI_IN_H(1.0),25/06/26 23:00:00,A,PC_HH,HH_DEG2,FR,2016,85.23,,
ESTAT:ISOC_CI_IN_H(1.0),25/06/26 23:00:00,A,PC_HH,HH_DEG2,FR,2017,83.13,,
ESTAT:ISOC_CI_IN_H(1.0),25/06/26 23:00:00,A,PC_HH,HH_DEG2,FR,2018,86.28,,
ESTAT:ISOC_CI_IN_H(1.0),25/06/26 23:00:00,A,PC_HH,HH_DEG2,FR,2019,86.40,,
ESTAT:ISOC_CI_IN_H(1.0),25/06/26 23:00:00,A,PC_HH,HH_DEG2,FR,2021,92.43,,
ESTAT:ISOC_CI_IN_H(1.0),25/06/26 23:00:00,A,PC_HH,HH_DEG2,FR,2022,91.03,,
ESTAT:ISOC_CI_IN_H(1.0),25/06/26 23:00:00,A,PC_HH,HH_DEG2,FR,2023,92.49,,
ESTAT:ISOC_CI_IN_H(1.0),25/06/26 23:00:00,A,PC_HH,HH_DEG2,FR,2024,94.16,,
ESTAT:ISOC_CI_IN_H(1.0),25/06/26 23:00:00,A,PC_HH,HH_DEG2,FR,2025,94.38,,
ESTAT:ISOC_CI_IN_H(1.0),25/06/26 23:00:00,A,PC_HH,HH_DEG2,HR,2007,38.65,,
ESTAT:ISOC_CI_IN_H(1.0),25/06/26 23:00:00,A,PC_HH,HH_DEG2,HR,2008,46.91,,
ESTAT:ISOC_CI_IN_H(1.0),25/06/26 23:00:00,A,PC_HH,HH_DEG2,HR,2009,50.06,,
ESTAT:ISOC_CI_IN_H(1.0),25/06/26 23:00:00,A,PC_HH,HH_DEG2,HR,2010,53.25,,
ESTAT:ISOC_CI_IN_H(1.0),25/06/26 23:00:00,A,PC_HH,HH_DEG2,HR,2011,58.74,,
ESTAT:ISOC_CI_IN_H(1.0),25/06/26 23:00:00,A,PC_HH,HH_DEG2,HR,2012,66.98,,
ESTAT:ISOC_CI_IN_H(1.0),25/06/26 23:00:00,A,PC_HH,HH_DEG2,HR,2013,64.69,,
ESTAT:ISOC_CI_IN_H(1.0),25/06/26 23:00:00,A,PC_HH,HH_DEG2,HR,2014,68.44,,
ESTAT:ISOC_CI_IN_H(1.0),25/06/26 23:00:00,A,PC_HH,HH_DEG2,HR,2015,77.06,,
ESTAT:ISOC_CI_IN_H(1.0),25/06/26 23:00:00,A,PC_HH,HH_DEG2,HR,2016,79.19,,
ESTAT:ISOC_CI_IN_H(1.0),25/06/26 23:00:00,A,PC_HH,HH_DEG2,HR,2017,78.56,,
ESTAT:ISOC_CI_IN_H(1.0),25/06/26 23:00:00,A,PC_HH,HH_DEG2,HR,2018,83.08,,
ESTAT:ISOC_CI_IN_H(1.0),25/06/26 23:00:00,A,PC_HH,HH_DEG2,HR,2019,83.10,,
ESTAT:ISOC_CI_IN_H(1.0),25/06/26 23:00:00,A,PC_HH,HH_DEG2,HR,2020,85.08,,
ESTAT:ISOC_CI_IN_H(1.0),25/06/26 23:00:00,A,PC_HH,HH_DEG2,HR,2021,85.84,,
ESTAT:ISOC_CI_IN_H(1.0),25/06/26 23:00:00,A,PC_HH,HH_DEG2,HR,2022,86.32,,
ESTAT:ISOC_CI_IN_H(1.0),25/06/26 23:00:00,A,PC_HH,HH_DEG2,HR,2023,89.48,,
ESTAT:ISOC_CI_IN_H(1.0),25/06/26 23:00:00,A,PC_HH,HH_DEG2,HR,2024,87.92,,
ESTAT:ISOC_CI_IN_H(1.0),25/06/26 23:00:00,A,PC_HH,HH_DEG2,HR,2025,89.39,,
ESTAT:ISOC_CI_IN_H(1.0),25/06/26 23:00:00,A,PC_HH,HH_DEG2,HU,2004,15.70,,
ESTAT:ISOC_CI_IN_H(1.0),25/06/26 23:00:00,A,PC_HH,HH_DEG2,HU,2005,22.03,,
ESTAT:ISOC_CI_IN_H(1.0),25/06/26 23:00:00,A,PC_HH,HH_DEG2,HU,2006,29.85,,
ESTAT:ISOC_CI_IN_H(1.0),25/06/26 23:00:00,A,PC_HH,HH_DEG2,HU,2007,34.08,,
ESTAT:ISOC_CI_IN_H(1.0),25/06/26 23:00:00,A,PC_HH,HH_DEG2,HU,2008,45.54,,
ESTAT:ISOC_CI_IN_H(1.0),25/06/26 23:00:00,A,PC_HH,HH_DEG2,HU,2009,52.90,,
ESTAT:ISOC_CI_IN_H(1.0),25/06/26 23:00:00,A,PC_HH,HH_DEG2,HU,2010,56.48,,
ESTAT:ISOC_CI_IN_H(1.0),25/06/26 23:00:00,A,PC_HH,HH_DEG2,HU,2011,63.09,,
ESTAT:ISOC_CI_IN_H(1.0),25/06/26 23:00:00,A,PC_HH,HH_DEG2,HU,2012,67.16,,
ESTAT:ISOC_CI_IN_H(1.0),25/06/26 23:00:00,A,PC_HH,HH_DEG2,HU,2013,70.90,,
ESTAT:ISOC_CI_IN_H(1.0),25/06/26 23:00:00,A,PC_HH,HH_DEG2,HU,2014,74.30,,
ESTAT:ISOC_CI_IN_H(1.0),25/06/26 23:00:00,A,PC_HH,HH_DEG2,HU,2015,77.36,,
ESTAT:ISOC_CI_IN_H(1.0),25/06/26 23:00:00,A,PC_HH,HH_DEG2,HU,2016,81.36,,
ESTAT:ISOC_CI_IN_H(1.0),25/06/26 23:00:00,A,PC_HH,HH_DEG2,HU,2017,84.25,,
ESTAT:ISOC_CI_IN_H(1.0),25/06/26 23:00:00,A,PC_HH,HH_DEG2,HU,2018,83.59,,
ESTAT:ISOC_CI_IN_H(1.0),25/06/26 23:00:00,A,PC_HH,HH_DEG2,HU,2019,85.64,,
ESTAT:ISOC_CI_IN_H(1.0),25/06/26 23:00:00,A,PC_HH,HH_DEG2,HU,2020,88.15,,
ESTAT:ISOC_CI_IN_H(1.0),25/06/26 23:00:00,A,PC_HH,HH_DEG2,HU,2021,91.72,,
ESTAT:ISOC_CI_IN_H(1.0),25/06/26 23:00:00,A,PC_HH,HH_DEG2,HU,2022,91.64,,
ESTAT:ISOC_CI_IN_H(1.0),25/06/26 23:00:00,A,PC_HH,HH_DEG2,HU,2023,91.96,,
ESTAT:ISOC_CI_IN_H(1.0),25/06/26 23:00:00,A,PC_HH,HH_DEG2,HU,2024,94.21,,
ESTAT:ISOC_CI_IN_H(1.0),25/06/26 23:00:00,A,PC_HH,HH_DEG2,HU,2025,93.75,,
ESTAT:ISOC_CI_IN_H(1.0),25/06/26 23:00:00,A,PC_HH,HH_DEG2,IE,2005,48.93,,
ESTAT:ISOC_CI_IN_H(1.0),25/06/26 23:00:00,A,PC_HH,HH_DEG2,IE,2006,47.59,,
ESTAT:ISOC_CI_IN_H(1.0),25/06/26 23:00:00,A,PC_HH,HH_DEG2,IE,2007,55.34,,
ESTAT:ISOC_CI_IN_H(1.0),25/06/26 23:00:00,A,PC_HH,HH_DEG2,IE,2008,60.27,,
ESTAT:ISOC_CI_IN_H(1.0),25/06/26 23:00:00,A,PC_HH,HH_DEG2,IE,2009,63.36,,
ESTAT:ISOC_CI_IN_H(1.0),25/06/26 23:00:00,A,PC_HH,HH_DEG2,IE,2010,73.25,,
ESTAT:ISOC_CI_IN_H(1.0),25/06/26 23:00:00,A,PC_HH,HH_DEG2,IE,2011,78.93,,
ESTAT:ISOC_CI_IN_H(1.0),25/06/26 23:00:00,A,PC_HH,HH_DEG2,IE,2013,84.30,,
ESTAT:ISOC_CI_IN_H(1.0),25/06/26 23:00:00,A,PC_HH,HH_DEG2,IE,2014,82.80,,
ESTAT:ISOC_CI_IN_H(1.0),25/06/26 23:00:00,A,PC_HH,HH_DEG2,IE,2015,85.73,,
ESTAT:ISOC_CI_IN_H(1.0),25/06/26 23:00:00,A,PC_HH,HH_DEG2,IE,2016,88.87,,
ESTAT:ISOC_CI_IN_H(1.0),25/06/26 23:00:00,A,PC_HH,HH_DEG2,IE,2017,89.83,,
ESTAT:ISOC_CI_IN_H(1.0),25/06/26 23:00:00,A,PC_HH,HH_DEG2,IE,2018,88.89,,
ESTAT:ISOC_CI_IN_H(1.0),25/06/26 23:00:00,A,PC_HH,HH_DEG2,IE,2019,91.42,,
ESTAT:ISOC_CI_IN_H(1.0),25/06/26 23:00:00,A,PC_HH,HH_DEG2,IE,2020,95.37,,
ESTAT:ISOC_CI_IN_H(1.0),25/06/26 23:00:00,A,PC_HH,HH_DEG2,IE,2021,97.94,b,
ESTAT:ISOC_CI_IN_H(1.0),25/06/26 23:00:00,A,PC_HH,HH_DEG2,IE,2022,,u,
ESTAT:ISOC_CI_IN_H(1.0),25/06/26 23:00:00,A,PC_HH,HH_DEG2,IE,2023,93.66,,
ESTAT:ISOC_CI_IN_H(1.0),25/06/26 23:00:00,A,PC_HH,HH_DEG2,IE,2024,96.43,,
ESTAT:ISOC_CI_IN_H(1.0),25/06/26 23:00:00,A,PC_HH,HH_DEG2,IE,2025,95.06,,
ESTAT:ISOC_CI_IN_H(1.0),25/06/26 23:00:00,A,PC_HH,HH_DEG2,IS,2004,82.44,,
ESTAT:ISOC_CI_IN_H(1.0),25/06/26 23:00:00,A,PC_HH,HH_DEG2,IS,2005,85.98,,
ESTAT:ISOC_CI_IN_H(1.0),25/06/26 23:00:00,A,PC_HH,HH_DEG2,IS,2006,85.65,,
ESTAT:ISOC_CI_IN_H(1.0),25/06/26 23:00:00,A,PC_HH,HH_DEG2,IS,2007,84.35,,
ESTAT:ISOC_CI_IN_H(1.0),25/06/26 23:00:00,A,PC_HH,HH_DEG2,IS,2008,88.03,,
ESTAT:ISOC_CI_IN_H(1.0),25/06/26 23:00:00,A,PC_HH,HH_DEG2,IS,2009,90.18,,
ESTAT:ISOC_CI_IN_H(1.0),25/06/26 23:00:00,A,PC_HH,HH_DEG2,IS,2010,93.06,,
ESTAT:ISOC_CI_IN_H(1.0),25/06/26 23:00:00,A,PC_HH,HH_DEG2,IS,2012,91.96,,
ESTAT:ISOC_CI_IN_H(1.0),25/06/26 23:00:00,A,PC_HH,HH_DEG2,IS,2013,95.01,,
ESTAT:ISOC_CI_IN_H(1.0),25/06/26 23:00:00,A,PC_HH,HH_DEG2,IS,2014,98.17,,
ESTAT:ISOC_CI_IN_H(1.0),25/06/26 23:00:00,A,PC_HH,HH_DEG2,IS,2017,97.01,,
ESTAT:ISOC_CI_IN_H(1.0),25/06/26 23:00:00,A,PC_HH,HH_DEG2,IS,2018,99.16,,
ESTAT:ISOC_CI_IN_H(1.0),25/06/26 23:00:00,A,PC_HH,HH_DEG2,IS,2019,97.00,,
ESTAT:ISOC_CI_IN_H(1.0),25/06/26 23:00:00,A,PC_HH,HH_DEG2,IS,2020,98.27,,
ESTAT:ISOC_CI_IN_H(1.0),25/06/26 23:00:00,A,PC_HH,HH_DEG2,IS,2021,96.26,,
ESTAT:ISOC_CI_IN_H(1.0),25/06/26 23:00:00,A,PC_HH,HH_DEG2,IT,2004,31.66,,
ESTAT:ISOC_CI_IN_H(1.0),25/06/26 23:00:00,A,PC_HH,HH_DEG2,IT,2005,37.63,,
ESTAT:ISOC_CI_IN_H(1.0),25/06/26 23:00:00,A,PC_HH,HH_DEG2,IT,2006,39.11,,
ESTAT:ISOC_CI_IN_H(1.0),25/06/26 23:00:00,A,PC_HH,HH_DEG2,IT,2007,41.75,,
ESTAT:ISOC_CI_IN_H(1.0),25/06/26 23:00:00,A,PC_HH,HH_DEG2,IT,2008,45.07,,
ESTAT:ISOC_CI_IN_H(1.0),25/06/26 23:00:00,A,PC_HH,HH_DEG2,IT,2009,51.95,,
ESTAT:ISOC_CI_IN_H(1.0),25/06/26 23:00:00,A,PC_HH,HH_DEG2,IT,2010,57.13,,
ESTAT:ISOC_CI_IN_H(1.0),25/06/26 23:00:00,A,PC_HH,HH_DEG2,IT,2011,59.91,,
ESTAT:ISOC_CI_IN_H(1.0),25/06/26 23:00:00,A,PC_HH,HH_DEG2,IT,2012,63.08,,
ESTAT:ISOC_CI_IN_H(1.0),25/06/26 23:00:00,A,PC_HH,HH_DEG2,IT,2013,68.42,,
ESTAT:ISOC_CI_IN_H(1.0),25/06/26 23:00:00,A,PC_HH,HH_DEG2,IT,2014,73.74,,
ESTAT:ISOC_CI_IN_H(1.0),25/06/26 23:00:00,A,PC_HH,HH_DEG2,IT,2015,75.02,,
ESTAT:ISOC_CI_IN_H(1.0),25/06/26 23:00:00,A,PC_HH,HH_DEG2,IT,2016,78.63,,
ESTAT:ISOC_CI_IN_H(1.0),25/06/26 23:00:00,A,PC_HH,HH_DEG2,IT,2017,80.44,,
ESTAT:ISOC_CI_IN_H(1.0),25/06/26 23:00:00,A,PC_HH,HH_DEG2,IT,2018,83.31,,
ESTAT:ISOC_CI_IN_H(1.0),25/06/26 23:00:00,A,PC_HH,HH_DEG2,IT,2019,83.77,,
ESTAT:ISOC_CI_IN_H(1.0),25/06/26 23:00:00,A,PC_HH,HH_DEG2,IT,2020,88.00,,
ESTAT:ISOC_CI_IN_H(1.0),25/06/26 23:00:00,A,PC_HH,HH_DEG2,IT,2021,90.37,,
ESTAT:ISOC_CI_IN_H(1.0),25/06/26 23:00:00,A,PC_HH,HH_DEG2,IT,2022,91.71,,
ESTAT:ISOC_CI_IN_H(1.0),25/06/26 23:00:00,A,PC_HH,HH_DEG2,IT,2023,91.67,,
ESTAT:ISOC_CI_IN_H(1.0),25/06/26 23:00:00,A,PC_HH,HH_DEG2,IT,2024,92.92,,
ESTAT:ISOC_CI_IN_H(1.0),25/06/26 23:00:00,A,PC_HH,HH_DEG2,IT,2025,94.15,,
ESTAT:ISOC_CI_IN_H(1.0),25/06/26 23:00:00,A,PC_HH,HH_DEG2,LT,2012,63.25,,
ESTAT:ISOC_CI_IN_H(1.0),25/06/26 23:00:00,A,PC_HH,HH_DEG2,LT,2013,70.65,,
ESTAT:ISOC_CI_IN_H(1.0),25/06/26 23:00:00,A,PC_HH,HH_DEG2,LT,2014,73.41,,
ESTAT:ISOC_CI_IN_H(1.0),25/06/26 23:00:00,A,PC_HH,HH_DEG2,LT,2015,72.69,,
ESTAT:ISOC_CI_IN_H(1.0),25/06/26 23:00:00,A,PC_HH,HH_DEG2,LT,2016,75.36,,
ESTAT:ISOC_CI_IN_H(1.0),25/06/26 23:00:00,A,PC_HH,HH_DEG2,LT,2017,78.07,,
ESTAT:ISOC_CI_IN_H(1.0),25/06/26 23:00:00,A,PC_HH,HH_DEG2,LT,2018,80.35,,
ESTAT:ISOC_CI_IN_H(1.0),25/06/26 23:00:00,A,PC_HH,HH_DEG2,LT,2019,81.74,,
ESTAT:ISOC_CI_IN_H(1.0),25/06/26 23:00:00,A,PC_HH,HH_DEG2,LT,2020,80.11,,
ESTAT:ISOC_CI_IN_H(1.0),25/06/26 23:00:00,A,PC_HH,HH_DEG2,LT,2021,87.63,,
ESTAT:ISOC_CI_IN_H(1.0),25/06/26 23:00:00,A,PC_HH,HH_DEG2,LT,2022,87.74,,
ESTAT:ISOC_CI_IN_H(1.0),25/06/26 23:00:00,A,PC_HH,HH_DEG2,LT,2023,86.31,,
ESTAT:ISOC_CI_IN_H(1.0),25/06/26 23:00:00,A,PC_HH,HH_DEG2,LT,2024,88.05,,
ESTAT:ISOC_CI_IN_H(1.0),25/06/26 23:00:00,A,PC_HH,HH_DEG2,LT,2025,88.40,,
ESTAT:ISOC_CI_IN_H(1.0),25/06/26 23:00:00,A,PC_HH,HH_DEG2,LU,2004,62.44,,
ESTAT:ISOC_CI_IN_H(1.0),25/06/26 23:00:00,A,PC_HH,HH_DEG2,LU,2005,68.41,,
ESTAT:ISOC_CI_IN_H(1.0),25/06/26 23:00:00,A,PC_HH,HH_DEG2,LU,2006,72.07,,
ESTAT:ISOC_CI_IN_H(1.0),25/06/26 23:00:00,A,PC_HH,HH_DEG2,LU,2007,74.88,,
ESTAT:ISOC_CI_IN_H(1.0),25/06/26 23:00:00,A,PC_HH,HH_DEG2,LU,2008,81.91,,
ESTAT:ISOC_CI_IN_H(1.0),25/06/26 23:00:00,A,PC_HH,HH_DEG2,LU,2009,87.64,,
ESTAT:ISOC_CI_IN_H(1.0),25/06/26 23:00:00,A,PC_HH,HH_DEG2,LU,2010,91.96,,
ESTAT:ISOC_CI_IN_H(1.0),25/06/26 23:00:00,A,PC_HH,HH_DEG2,LU,2011,91.94,,
ESTAT:ISOC_CI_IN_H(1.0),25/06/26 23:00:00,A,PC_HH,HH_DEG2,LU,2012,93.08,,
ESTAT:ISOC_CI_IN_H(1.0),25/06/26 23:00:00,A,PC_HH,HH_DEG2,LU,2013,92.68,,
ESTAT:ISOC_CI_IN_H(1.0),25/06/26 23:00:00,A,PC_HH,HH_DEG2,LU,2014,95.95,,
ESTAT:ISOC_CI_IN_H(1.0),25/06/26 23:00:00,A,PC_HH,HH_DEG2,LU,2015,96.20,,
ESTAT:ISOC_CI_IN_H(1.0),25/06/26 23:00:00,A,PC_HH,HH_DEG2,LU,2016,96.36,,
ESTAT:ISOC_CI_IN_H(1.0),25/06/26 23:00:00,A,PC_HH,HH_DEG2,LU,2017,96.77,,
ESTAT:ISOC_CI_IN_H(1.0),25/06/26 23:00:00,A,PC_HH,HH_DEG2,LU,2018,92.14,b,
ESTAT:ISOC_CI_IN_H(1.0),25/06/26 23:00:00,A,PC_HH,HH_DEG2,LU,2019,94.25,,
ESTAT:ISOC_CI_IN_H(1.0),25/06/26 23:00:00,A,PC_HH,HH_DEG2,LU,2020,91.87,,
ESTAT:ISOC_CI_IN_H(1.0),25/06/26 23:00:00,A,PC_HH,HH_DEG2,LU,2021,99.36,,
ESTAT:ISOC_CI_IN_H(1.0),25/06/26 23:00:00,A,PC_HH,HH_DEG2,LU,2022,97.11,,
ESTAT:ISOC_CI_IN_H(1.0),25/06/26 23:00:00,A,PC_HH,HH_DEG2,LU,2023,99.25,,
ESTAT:ISOC_CI_IN_H(1.0),25/06/26 23:00:00,A,PC_HH,HH_DEG2,LU,2024,98.43,,
ESTAT:ISOC_CI_IN_H(1.0),25/06/26 23:00:00,A,PC_HH,HH_DEG2,LU,2025,99.30,,
ESTAT:ISOC_CI_IN_H(1.0),25/06/26 23:00:00,A,PC_HH,HH_DEG2,LV,2004,11.19,,
ESTAT:ISOC_CI_IN_H(1.0),25/06/26 23:00:00,A,PC_HH,HH_DEG2,LV,2005,37.33,,
ESTAT:ISOC_CI_IN_H(1.0),25/06/26 23:00:00,A,PC_HH,HH_DEG2,LV,2006,36.12,,
ESTAT:ISOC_CI_IN_H(1.0),25/06/26 23:00:00,A,PC_HH,HH_DEG2,LV,2007,,u,
ESTAT:ISOC_CI_IN_H(1.0),25/06/26 23:00:00,A,PC_HH,HH_DEG2,LV,2008,62.16,,
ESTAT:ISOC_CI_IN_H(1.0),25/06/26 23:00:00,A,PC_HH,HH_DEG2,LV,2009,61.49,,
ESTAT:ISOC_CI_IN_H(1.0),25/06/26 23:00:00,A,PC_HH,HH_DEG2,LV,2010,72.94,,
ESTAT:ISOC_CI_IN_H(1.0),25/06/26 23:00:00,A,PC_HH,HH_DEG2,LV,2011,83.17,,
ESTAT:ISOC_CI_IN_H(1.0),25/06/26 23:00:00,A,PC_HH,HH_DEG2,LV,2012,66.83,,
ESTAT:ISOC_CI_IN_H(1.0),25/06/26 23:00:00,A,PC_HH,HH_DEG2,LV,2013,72.17,,
ESTAT:ISOC_CI_IN_H(1.0),25/06/26 23:00:00,A,PC_HH,HH_DEG2,LV,2014,70.98,,
ESTAT:ISOC_CI_IN_H(1.0),25/06/26 23:00:00,A,PC_HH,HH_DEG2,LV,2015,76.20,,
ESTAT:ISOC_CI_IN_H(1.0),25/06/26 23:00:00,A,PC_HH,HH_DEG2,LV,2016,74.42,b,
ESTAT:ISOC_CI_IN_H(1.0),25/06/26 23:00:00,A,PC_HH,HH_DEG2,LV,2017,78.12,,
ESTAT:ISOC_CI_IN_H(1.0),25/06/26 23:00:00,A,PC_HH,HH_DEG2,LV,2018,83.51,,
ESTAT:ISOC_CI_IN_H(1.0),25/06/26 23:00:00,A,PC_HH,HH_DEG2,LV,2019,85.27,,
ESTAT:ISOC_CI_IN_H(1.0),25/06/26 23:00:00,A,PC_HH,HH_DEG2,LV,2020,90.27,,
ESTAT:ISOC_CI_IN_H(1.0),25/06/26 23:00:00,A,PC_HH,HH_DEG2,LV,2021,91.33,,
ESTAT:ISOC_CI_IN_H(1.0),25/06/26 23:00:00,A,PC_HH,HH_DEG2,LV,2022,92.33,,
ESTAT:ISOC_CI_IN_H(1.0),25/06/26 23:00:00,A,PC_HH,HH_DEG2,LV,2023,93.56,,
ESTAT:ISOC_CI_IN_H(1.0),25/06/26 23:00:00,A,PC_HH,HH_DEG2,LV,2024,95.16,,
ESTAT:ISOC_CI_IN_H(1.0),25/06/26 23:00:00,A,PC_HH,HH_DEG2,LV,2025,94.48,,
ESTAT:ISOC_CI_IN_H(1.0),25/06/26 23:00:00,A,PC_HH,HH_DEG2,MK,2018,79.35,,
ESTAT:ISOC_CI_IN_H(1.0),25/06/26 23:00:00,A,PC_HH,HH_DEG2,MK,2019,81.93,,
ESTAT:ISOC_CI_IN_H(1.0),25/06/26 23:00:00,A,PC_HH,HH_DEG2,MK,2020,79.41,,
ESTAT:ISOC_CI_IN_H(1.0),25/06/26 23:00:00,A,PC_HH,HH_DEG2,MK,2021,82.20,,
ESTAT:ISOC_CI_IN_H(1.0),25/06/26 23:00:00,A,PC_HH,HH_DEG2,MK,2024,92.66,,
ESTAT:ISOC_CI_IN_H(1.0),25/06/26 23:00:00,A,PC_HH,HH_DEG2,MK,2025,92.00,,
ESTAT:ISOC_CI_IN_H(1.0),25/06/26 23:00:00,A,PC_HH,HH_DEG2,MT,2005,35.26,,
ESTAT:ISOC_CI_IN_H(1.0),25/06/26 23:00:00,A,PC_HH,HH_DEG2,MT,2006,51.12,,
ESTAT:ISOC_CI_IN_H(1.0),25/06/26 23:00:00,A,PC_HH,HH_DEG2,MT,2007,57.52,,
ESTAT:ISOC_CI_IN_H(1.0),25/06/26 23:00:00,A,PC_HH,HH_DEG2,MT,2008,67.40,,
ESTAT:ISOC_CI_IN_H(1.0),25/06/26 23:00:00,A,PC_HH,HH_DEG2,MT,2009,62.14,,
ESTAT:ISOC_CI_IN_H(1.0),25/06/26 23:00:00,A,PC_HH,HH_DEG2,MT,2010,68.94,,
ESTAT:ISOC_CI_IN_H(1.0),25/06/26 23:00:00,A,PC_HH,HH_DEG2,MT,2011,71.32,,
ESTAT:ISOC_CI_IN_H(1.0),25/06/26 23:00:00,A,PC_HH,HH_DEG2,MT,2012,81.20,,
ESTAT:ISOC_CI_IN_H(1.0),25/06/26 23:00:00,A,PC_HH,HH_DEG2,MT,2013,77.88,,
ESTAT:ISOC_CI_IN_H(1.0),25/06/26 23:00:00,A,PC_HH,HH_DEG2,MT,2014,85.30,,
ESTAT:ISOC_CI_IN_H(1.0),25/06/26 23:00:00,A,PC_HH,HH_DEG2,MT,2015,83.78,,
ESTAT:ISOC_CI_IN_H(1.0),25/06/26 23:00:00,A,PC_HH,HH_DEG2,MT,2016,81.33,,
ESTAT:ISOC_CI_IN_H(1.0),25/06/26 23:00:00,A,PC_HH,HH_DEG2,MT,2017,86.41,,
ESTAT:ISOC_CI_IN_H(1.0),25/06/26 23:00:00,A,PC_HH,HH_DEG2,MT,2018,84.03,,
ESTAT:ISOC_CI_IN_H(1.0),25/06/26 23:00:00,A,PC_HH,HH_DEG2,MT,2019,87.76,,
ESTAT:ISOC_CI_IN_H(1.0),25/06/26 23:00:00,A,PC_HH,HH_DEG2,MT,2020,92.44,,
ESTAT:ISOC_CI_IN_H(1.0),25/06/26 23:00:00,A,PC_HH,HH_DEG2,MT,2021,88.71,,
ESTAT:ISOC_CI_IN_H(1.0),25/06/26 23:00:00,A,PC_HH,HH_DEG2,MT,2022,92.85,,
ESTAT:ISOC_CI_IN_H(1.0),25/06/26 23:00:00,A,PC_HH,HH_DEG2,MT,2023,93.61,,
ESTAT:ISOC_CI_IN_H(1.0),25/06/26 23:00:00,A,PC_HH,HH_DEG2,MT,2024,96.14,,
ESTAT:ISOC_CI_IN_H(1.0),25/06/26 23:00:00,A,PC_HH,HH_DEG2,MT,2025,98.33,,
ESTAT:ISOC_CI_IN_H(1.0),25/06/26 23:00:00,A,PC_HH,HH_DEG2,NL,2004,64.99,,
ESTAT:ISOC_CI_IN_H(1.0),25/06/26 23:00:00,A,PC_HH,HH_DEG2,NL,2005,77.91,,
ESTAT:ISOC_CI_IN_H(1.0),25/06/26 23:00:00,A,PC_HH,HH_DEG2,NL,2006,78.88,,
ESTAT:ISOC_CI_IN_H(1.0),25/06/26 23:00:00,A,PC_HH,HH_DEG2,NL,2007,86.66,,
ESTAT:ISOC_CI_IN_H(1.0),25/06/26 23:00:00,A,PC_HH,HH_DEG2,NL,2008,87.94,,
ESTAT:ISOC_CI_IN_H(1.0),25/06/26 23:00:00,A,PC_HH,HH_DEG2,NL,2009,91.06,,
ESTAT:ISOC_CI_IN_H(1.0),25/06/26 23:00:00,A,PC_HH,HH_DEG2,NL,2010,90.41,,
ESTAT:ISOC_CI_IN_H(1.0),25/06/26 23:00:00,A,PC_HH,HH_DEG2,NL,2011,93.12,,
ESTAT:ISOC_CI_IN_H(1.0),25/06/26 23:00:00,A,PC_HH,HH_DEG2,NL,2012,93.63,,
ESTAT:ISOC_CI_IN_H(1.0),25/06/26 23:00:00,A,PC_HH,HH_DEG2,NL,2013,94.69,,
ESTAT:ISOC_CI_IN_H(1.0),25/06/26 23:00:00,A,PC_HH,HH_DEG2,NL,2014,95.77,,
ESTAT:ISOC_CI_IN_H(1.0),25/06/26 23:00:00,A,PC_HH,HH_DEG2,NL,2015,94.63,,
ESTAT:ISOC_CI_IN_H(1.0),25/06/26 23:00:00,A,PC_HH,HH_DEG2,NL,2016,97.28,b,
ESTAT:ISOC_CI_IN_H(1.0),25/06/26 23:00:00,A,PC_HH,HH_DEG2,NL,2017,98.09,,
ESTAT:ISOC_CI_IN_H(1.0),25/06/26 23:00:00,A,PC_HH,HH_DEG2,NL,2018,98.40,,
ESTAT:ISOC_CI_IN_H(1.0),25/06/26 23:00:00,A,PC_HH,HH_DEG2,NL,2019,97.81,,
ESTAT:ISOC_CI_IN_H(1.0),25/06/26 23:00:00,A,PC_HH,HH_DEG2,NL,2020,97.92,,
ESTAT:ISOC_CI_IN_H(1.0),25/06/26 23:00:00,A,PC_HH,HH_DEG2,NL,2021,98.54,,
ESTAT:ISOC_CI_IN_H(1.0),25/06/26 23:00:00,A,PC_HH,HH_DEG2,NL,2022,97.82,,
ESTAT:ISOC_CI_IN_H(1.0),25/06/26 23:00:00,A,PC_HH,HH_DEG2,NL,2023,98.79,,
ESTAT:ISOC_CI_IN_H(1.0),25/06/26 23:00:00,A,PC_HH,HH_DEG2,NL,2024,99.11,,
ESTAT:ISOC_CI_IN_H(1.0),25/06/26 23:00:00,A,PC_HH,HH_DEG2,NL,2025,99.12,,
ESTAT:ISOC_CI_IN_H(1.0),25/06/26 23:00:00,A,PC_HH,HH_DEG2,NO,2004,60.56,,
ESTAT:ISOC_CI_IN_H(1.0),25/06/26 23:00:00,A,PC_HH,HH_DEG2,NO,2005,67.25,,
ESTAT:ISOC_CI_IN_H(1.0),25/06/26 23:00:00,A,PC_HH,HH_DEG2,NO,2006,74.81,,
ESTAT:ISOC_CI_IN_H(1.0),25/06/26 23:00:00,A,PC_HH,HH_DEG2,NO,2007,79.51,,
ESTAT:ISOC_CI_IN_H(1.0),25/06/26 23:00:00,A,PC_HH,HH_DEG2,NO,2008,81.84,,
ESTAT:ISOC_CI_IN_H(1.0),25/06/26 23:00:00,A,PC_HH,HH_DEG2,NO,2009,91.48,,
ESTAT:ISOC_CI_IN_H(1.0),25/06/26 23:00:00,A,PC_HH,HH_DEG2,NO,2010,94.55,,
ESTAT:ISOC_CI_IN_H(1.0),25/06/26 23:00:00,A,PC_HH,HH_DEG2,NO,2011,92.96,,
ESTAT:ISOC_CI_IN_H(1.0),25/06/26 23:00:00,A,PC_HH,HH_DEG2,NO,2013,92.46,,
ESTAT:ISOC_CI_IN_H(1.0),25/06/26 23:00:00,A,PC_HH,HH_DEG2,NO,2014,93.72,,
ESTAT:ISOC_CI_IN_H(1.0),25/06/26 23:00:00,A,PC_HH,HH_DEG2,NO,2015,95.66,,
ESTAT:ISOC_CI_IN_H(1.0),25/06/26 23:00:00,A,PC_HH,HH_DEG2,NO,2016,96.71,,
ESTAT:ISOC_CI_IN_H(1.0),25/06/26 23:00:00,A,PC_HH,HH_DEG2,NO,2017,97.31,,
ESTAT:ISOC_CI_IN_H(1.0),25/06/26 23:00:00,A,PC_HH,HH_DEG2,NO,2018,96.41,,
ESTAT:ISOC_CI_IN_H(1.0),25/06/26 23:00:00,A,PC_HH,HH_DEG2,NO,2019,99.26,,
ESTAT:ISOC_CI_IN_H(1.0),25/06/26 23:00:00,A,PC_HH,HH_DEG2,NO,2020,96.94,,
ESTAT:ISOC_CI_IN_H(1.0),25/06/26 23:00:00,A,PC_HH,HH_DEG2,NO,2021,98.71,,
ESTAT:ISOC_CI_IN_H(1.0),25/06/26 23:00:00,A,PC_HH,HH_DEG2,NO,2022,99.71,,
ESTAT:ISOC_CI_IN_H(1.0),25/06/26 23:00:00,A,PC_HH,HH_DEG2,NO,2023,98.87,,
ESTAT:ISOC_CI_IN_H(1.0),25/06/26 23:00:00,A,PC_HH,HH_DEG2,NO,2024,97.91,,
ESTAT:ISOC_CI_IN_H(1.0),25/06/26 23:00:00,A,PC_HH,HH_DEG2,NO,2025,99.64,,
ESTAT:ISOC_CI_IN_H(1.0),25/06/26 23:00:00,A,PC_HH,HH_DEG2,PL,2005,31.49,,
ESTAT:ISOC_CI_IN_H(1.0),25/06/26 23:00:00,A,PC_HH,HH_DEG2,PL,2006,36.45,,
ESTAT:ISOC_CI_IN_H(1.0),25/06/26 23:00:00,A,PC_HH,HH_DEG2,PL,2007,35.58,,
ESTAT:ISOC_CI_IN_H(1.0),25/06/26 23:00:00,A,PC_HH,HH_DEG2,PL,2008,44.47,,
ESTAT:ISOC_CI_IN_H(1.0),25/06/26 23:00:00,A,PC_HH,HH_DEG2,PL,2009,58.32,,
ESTAT:ISOC_CI_IN_H(1.0),25/06/26 23:00:00,A,PC_HH,HH_DEG2,PL,2010,61.88,,
ESTAT:ISOC_CI_IN_H(1.0),25/06/26 23:00:00,A,PC_HH,HH_DEG2,PL,2011,68.00,,
ESTAT:ISOC_CI_IN_H(1.0),25/06/26 23:00:00,A,PC_HH,HH_DEG2,PL,2012,70.12,,
ESTAT:ISOC_CI_IN_H(1.0),25/06/26 23:00:00,A,PC_HH,HH_DEG2,PL,2013,71.02,,
ESTAT:ISOC_CI_IN_H(1.0),25/06/26 23:00:00,A,PC_HH,HH_DEG2,PL,2014,73.78,,
ESTAT:ISOC_CI_IN_H(1.0),25/06/26 23:00:00,A,PC_HH,HH_DEG2,PL,2015,74.11,,
ESTAT:ISOC_CI_IN_H(1.0),25/06/26 23:00:00,A,PC_HH,HH_DEG2,PL,2016,79.64,,
ESTAT:ISOC_CI_IN_H(1.0),25/06/26 23:00:00,A,PC_HH,HH_DEG2,PL,2017,81.47,,
ESTAT:ISOC_CI_IN_H(1.0),25/06/26 23:00:00,A,PC_HH,HH_DEG2,PL,2018,82.66,,
ESTAT:ISOC_CI_IN_H(1.0),25/06/26 23:00:00,A,PC_HH,HH_DEG2,PL,2019,86.32,,
ESTAT:ISOC_CI_IN_H(1.0),25/06/26 23:00:00,A,PC_HH,HH_DEG2,PL,2020,90.36,,
ESTAT:ISOC_CI_IN_H(1.0),25/06/26 23:00:00,A,PC_HH,HH_DEG2,PL,2021,91.07,,
ESTAT:ISOC_CI_IN_H(1.0),25/06/26 23:00:00,A,PC_HH,HH_DEG2,PL,2022,92.56,,
ESTAT:ISOC_CI_IN_H(1.0),25/06/26 23:00:00,A,PC_HH,HH_DEG2,PL,2023,92.54,,
ESTAT:ISOC_CI_IN_H(1.0),25/06/26 23:00:00,A,PC_HH,HH_DEG2,PL,2024,95.55,,
ESTAT:ISOC_CI_IN_H(1.0),25/06/26 23:00:00,A,PC_HH,HH_DEG2,PL,2025,96.16,,
ESTAT:ISOC_CI_IN_H(1.0),25/06/26 23:00:00,A,PC_HH,HH_DEG2,PT,2004,23.63,,
ESTAT:ISOC_CI_IN_H(1.0),25/06/26 23:00:00,A,PC_HH,HH_DEG2,PT,2005,30.13,,
ESTAT:ISOC_CI_IN_H(1.0),25/06/26 23:00:00,A,PC_HH,HH_DEG2,PT,2006,32.57,,
ESTAT:ISOC_CI_IN_H(1.0),25/06/26 23:00:00,A,PC_HH,HH_DEG2,PT,2007,36.71,,
ESTAT:ISOC_CI_IN_H(1.0),25/06/26 23:00:00,A,PC_HH,HH_DEG2,PT,2008,43.20,,
ESTAT:ISOC_CI_IN_H(1.0),25/06/26 23:00:00,A,PC_HH,HH_DEG2,PT,2009,45.58,,
ESTAT:ISOC_CI_IN_H(1.0),25/06/26 23:00:00,A,PC_HH,HH_DEG2,PT,2010,52.70,,
ESTAT:ISOC_CI_IN_H(1.0),25/06/26 23:00:00,A,PC_HH,HH_DEG2,PT,2011,56.83,,
ESTAT:ISOC_CI_IN_H(1.0),25/06/26 23:00:00,A,PC_HH,HH_DEG2,PT,2012,60.96,,
ESTAT:ISOC_CI_IN_H(1.0),25/06/26 23:00:00,A,PC_HH,HH_DEG2,PT,2013,62.57,,
ESTAT:ISOC_CI_IN_H(1.0),25/06/26 23:00:00,A,PC_HH,HH_DEG2,PT,2014,65.35,,
ESTAT:ISOC_CI_IN_H(1.0),25/06/26 23:00:00,A,PC_HH,HH_DEG2,PT,2015,71.89,,
ESTAT:ISOC_CI_IN_H(1.0),25/06/26 23:00:00,A,PC_HH,HH_DEG2,PT,2016,74.78,,
ESTAT:ISOC_CI_IN_H(1.0),25/06/26 23:00:00,A,PC_HH,HH_DEG2,PT,2017,77.37,,
ESTAT:ISOC_CI_IN_H(1.0),25/06/26 23:00:00,A,PC_HH,HH_DEG2,PT,2018,79.60,,
ESTAT:ISOC_CI_IN_H(1.0),25/06/26 23:00:00,A,PC_HH,HH_DEG2,PT,2019,79.50,,
ESTAT:ISOC_CI_IN_H(1.0),25/06/26 23:00:00,A,PC_HH,HH_DEG2,PT,2020,84.05,,
ESTAT:ISOC_CI_IN_H(1.0),25/06/26 23:00:00,A,PC_HH,HH_DEG2,PT,2021,86.84,,
ESTAT:ISOC_CI_IN_H(1.0),25/06/26 23:00:00,A,PC_HH,HH_DEG2,PT,2022,87.30,,
ESTAT:ISOC_CI_IN_H(1.0),25/06/26 23:00:00,A,PC_HH,HH_DEG2,PT,2023,89.49,,
ESTAT:ISOC_CI_IN_H(1.0),25/06/26 23:00:00,A,PC_HH,HH_DEG2,PT,2024,89.52,,
ESTAT:ISOC_CI_IN_H(1.0),25/06/26 23:00:00,A,PC_HH,HH_DEG2,PT,2025,90.74,,
ESTAT:ISOC_CI_IN_H(1.0),25/06/26 23:00:00,A,PC_HH,HH_DEG2,RO,2006,,u,
ESTAT:ISOC_CI_IN_H(1.0),25/06/26 23:00:00,A,PC_HH,HH_DEG2,RO,2007,,u,
ESTAT:ISOC_CI_IN_H(1.0),25/06/26 23:00:00,A,PC_HH,HH_DEG2,RO,2008,27.83,,
ESTAT:ISOC_CI_IN_H(1.0),25/06/26 23:00:00,A,PC_HH,HH_DEG2,RO,2009,59.97,,
ESTAT:ISOC_CI_IN_H(1.0),25/06/26 23:00:00,A,PC_HH,HH_DEG2,RO,2010,60.68,,
ESTAT:ISOC_CI_IN_H(1.0),25/06/26 23:00:00,A,PC_HH,HH_DEG2,RO,2011,63.15,,
ESTAT:ISOC_CI_IN_H(1.0),25/06/26 23:00:00,A,PC_HH,HH_DEG2,RO,2012,56.81,,
ESTAT:ISOC_CI_IN_H(1.0),25/06/26 23:00:00,A,PC_HH,HH_DEG2,RO,2013,62.50,,
ESTAT:ISOC_CI_IN_H(1.0),25/06/26 23:00:00,A,PC_HH,HH_DEG2,RO,2014,62.98,b,
ESTAT:ISOC_CI_IN_H(1.0),25/06/26 23:00:00,A,PC_HH,HH_DEG2,RO,2015,71.91,,
ESTAT:ISOC_CI_IN_H(1.0),25/06/26 23:00:00,A,PC_HH,HH_DEG2,RO,2016,74.19,,
ESTAT:ISOC_CI_IN_H(1.0),25/06/26 23:00:00,A,PC_HH,HH_DEG2,RO,2017,77.23,,
ESTAT:ISOC_CI_IN_H(1.0),25/06/26 23:00:00,A,PC_HH,HH_DEG2,RO,2018,81.75,,
ESTAT:ISOC_CI_IN_H(1.0),25/06/26 23:00:00,A,PC_HH,HH_DEG2,RO,2019,83.48,,
ESTAT:ISOC_CI_IN_H(1.0),25/06/26 23:00:00,A,PC_HH,HH_DEG2,RO,2020,87.71,,
ESTAT:ISOC_CI_IN_H(1.0),25/06/26 23:00:00,A,PC_HH,HH_DEG2,RO,2021,90.26,,
ESTAT:ISOC_CI_IN_H(1.0),25/06/26 23:00:00,A,PC_HH,HH_DEG2,RO,2022,89.64,,
ESTAT:ISOC_CI_IN_H(1.0),25/06/26 23:00:00,A,PC_HH,HH_DEG2,RO,2023,91.84,,
ESTAT:ISOC_CI_IN_H(1.0),25/06/26 23:00:00,A,PC_HH,HH_DEG2,RO,2024,94.60,,
ESTAT:ISOC_CI_IN_H(1.0),25/06/26 23:00:00,A,PC_HH,HH_DEG2,RO,2025,95.15,,
ESTAT:ISOC_CI_IN_H(1.0),25/06/26 23:00:00,A,PC_HH,HH_DEG2,SE,2005,83.26,,
ESTAT:ISOC_CI_IN_H(1.0),25/06/26 23:00:00,A,PC_HH,HH_DEG2,SE,2006,83.64,,
ESTAT:ISOC_CI_IN_H(1.0),25/06/26 23:00:00,A,PC_HH,HH_DEG2,SE,2007,82.89,,
ESTAT:ISOC_CI_IN_H(1.0),25/06/26 23:00:00,A,PC_HH,HH_DEG2,SE,2008,87.89,,
ESTAT:ISOC_CI_IN_H(1.0),25/06/26 23:00:00,A,PC_HH,HH_DEG2,SE,2009,87.53,,
ESTAT:ISOC_CI_IN_H(1.0),25/06/26 23:00:00,A,PC_HH,HH_DEG2,SE,2010,89.37,,
ESTAT:ISOC_CI_IN_H(1.0),25/06/26 23:00:00,A,PC_HH,HH_DEG2,SE,2011,93.88,,
ESTAT:ISOC_CI_IN_H(1.0),25/06/26 23:00:00,A,PC_HH,HH_DEG2,SE,2012,91.59,,
ESTAT:ISOC_CI_IN_H(1.0),25/06/26 23:00:00,A,PC_HH,HH_DEG2,SE,2013,92.44,,
ESTAT:ISOC_CI_IN_H(1.0),25/06/26 23:00:00,A,PC_HH,HH_DEG2,SE,2014,90.27,,
ESTAT:ISOC_CI_IN_H(1.0),25/06/26 23:00:00,A,PC_HH,HH_DEG2,SE,2015,90.49,,
ESTAT:ISOC_CI_IN_H(1.0),25/06/26 23:00:00,A,PC_HH,HH_DEG2,SE,2016,94.33,b,
ESTAT:ISOC_CI_IN_H(1.0),25/06/26 23:00:00,A,PC_HH,HH_DEG2,SE,2017,94.87,,
ESTAT:ISOC_CI_IN_H(1.0),25/06/26 23:00:00,A,PC_HH,HH_DEG2,SE,2018,93.52,,
ESTAT:ISOC_CI_IN_H(1.0),25/06/26 23:00:00,A,PC_HH,HH_DEG2,SE,2019,96.13,,
ESTAT:ISOC_CI_IN_H(1.0),25/06/26 23:00:00,A,PC_HH,HH_DEG2,SE,2020,94.18,,
ESTAT:ISOC_CI_IN_H(1.0),25/06/26 23:00:00,A,PC_HH,HH_DEG2,SE,2021,92.50,,
ESTAT:ISOC_CI_IN_H(1.0),25/06/26 23:00:00,A,PC_HH,HH_DEG2,SE,2022,93.23,,
ESTAT:ISOC_CI_IN_H(1.0),25/06/26 23:00:00,A,PC_HH,HH_DEG2,SE,2023,94.52,,
ESTAT:ISOC_CI_IN_H(1.0),25/06/26 23:00:00,A,PC_HH,HH_DEG2,SE,2024,95.54,,
ESTAT:ISOC_CI_IN_H(1.0),25/06/26 23:00:00,A,PC_HH,HH_DEG2,SE,2025,95.47,,
ESTAT:ISOC_CI_IN_H(1.0),25/06/26 23:00:00,A,PC_HH,HH_DEG2,SI,2004,53.87,,
ESTAT:ISOC_CI_IN_H(1.0),25/06/26 23:00:00,A,PC_HH,HH_DEG2,SI,2005,50.18,,
ESTAT:ISOC_CI_IN_H(1.0),25/06/26 23:00:00,A,PC_HH,HH_DEG2,SI,2006,51.87,,
ESTAT:ISOC_CI_IN_H(1.0),25/06/26 23:00:00,A,PC_HH,HH_DEG2,SI,2007,61.34,,
ESTAT:ISOC_CI_IN_H(1.0),25/06/26 23:00:00,A,PC_HH,HH_DEG2,SI,2008,60.10,,
ESTAT:ISOC_CI_IN_H(1.0),25/06/26 23:00:00,A,PC_HH,HH_DEG2,SI,2009,67.04,,
ESTAT:ISOC_CI_IN_H(1.0),25/06/26 23:00:00,A,PC_HH,HH_DEG2,SI,2010,74.89,,
ESTAT:ISOC_CI_IN_H(1.0),25/06/26 23:00:00,A,PC_HH,HH_DEG2,SI,2011,73.65,,
ESTAT:ISOC_CI_IN_H(1.0),25/06/26 23:00:00,A,PC_HH,HH_DEG2,SI,2012,77.43,,
ESTAT:ISOC_CI_IN_H(1.0),25/06/26 23:00:00,A,PC_HH,HH_DEG2,SI,2013,74.15,,
ESTAT:ISOC_CI_IN_H(1.0),25/06/26 23:00:00,A,PC_HH,HH_DEG2,SI,2014,75.42,,
ESTAT:ISOC_CI_IN_H(1.0),25/06/26 23:00:00,A,PC_HH,HH_DEG2,SI,2015,77.41,,
ESTAT:ISOC_CI_IN_H(1.0),25/06/26 23:00:00,A,PC_HH,HH_DEG2,SI,2016,78.36,,
ESTAT:ISOC_CI_IN_H(1.0),25/06/26 23:00:00,A,PC_HH,HH_DEG2,SI,2017,82.99,,
ESTAT:ISOC_CI_IN_H(1.0),25/06/26 23:00:00,A,PC_HH,HH_DEG2,SI,2018,88.05,,
ESTAT:ISOC_CI_IN_H(1.0),25/06/26 23:00:00,A,PC_HH,HH_DEG2,SI,2019,94.07,,
ESTAT:ISOC_CI_IN_H(1.0),25/06/26 23:00:00,A,PC_HH,HH_DEG2,SI,2020,90.99,,
ESTAT:ISOC_CI_IN_H(1.0),25/06/26 23:00:00,A,PC_HH,HH_DEG2,SI,2021,92.99,,
ESTAT:ISOC_CI_IN_H(1.0),25/06/26 23:00:00,A,PC_HH,HH_DEG2,SI,2022,93.09,,
ESTAT:ISOC_CI_IN_H(1.0),25/06/26 23:00:00,A,PC_HH,HH_DEG2,SI,2023,94.73,,
ESTAT:ISOC_CI_IN_H(1.0),25/06/26 23:00:00,A,PC_HH,HH_DEG2,SI,2024,94.40,,
ESTAT:ISOC_CI_IN_H(1.0),25/06/26 23:00:00,A,PC_HH,HH_DEG2,SI,2025,93.51,,
ESTAT:ISOC_CI_IN_H(1.0),25/06/26 23:00:00,A,PC_HH,HH_DEG2,SK,2004,23.21,,
ESTAT:ISOC_CI_IN_H(1.0),25/06/26 23:00:00,A,PC_HH,HH_DEG2,SK,2009,,u,
ESTAT:ISOC_CI_IN_H(1.0),25/06/26 23:00:00,A,PC_HH,HH_DEG2,SK,2012,75.99,,
ESTAT:ISOC_CI_IN_H(1.0),25/06/26 23:00:00,A,PC_HH,HH_DEG2,SK,2013,78.72,,
ESTAT:ISOC_CI_IN_H(1.0),25/06/26 23:00:00,A,PC_HH,HH_DEG2,SK,2014,80.93,,
ESTAT:ISOC_CI_IN_H(1.0),25/06/26 23:00:00,A,PC_HH,HH_DEG2,SK,2015,82.22,,
ESTAT:ISOC_CI_IN_H(1.0),25/06/26 23:00:00,A,PC_HH,HH_DEG2,SK,2016,81.59,,
ESTAT:ISOC_CI_IN_H(1.0),25/06/26 23:00:00,A,PC_HH,HH_DEG2,SK,2017,84.23,,
ESTAT:ISOC_CI_IN_H(1.0),25/06/26 23:00:00,A,PC_HH,HH_DEG2,SK,2018,84.57,,
ESTAT:ISOC_CI_IN_H(1.0),25/06/26 23:00:00,A,PC_HH,HH_DEG2,SK,2019,82.98,,
ESTAT:ISOC_CI_IN_H(1.0),25/06/26 23:00:00,A,PC_HH,HH_DEG2,SK,2020,86.75,,
ESTAT:ISOC_CI_IN_H(1.0),25/06/26 23:00:00,A,PC_HH,HH_DEG2,SK,2021,90.70,,
ESTAT:ISOC_CI_IN_H(1.0),25/06/26 23:00:00,A,PC_HH,HH_DEG2,SK,2022,91.87,,
ESTAT:ISOC_CI_IN_H(1.0),25/06/26 23:00:00,A,PC_HH,HH_DEG2,SK,2023,91.39,,
ESTAT:ISOC_CI_IN_H(1.0),25/06/26 23:00:00,A,PC_HH,HH_DEG2,SK,2024,90.72,,
ESTAT:ISOC_CI_IN_H(1.0),25/06/26 23:00:00,A,PC_HH,HH_DEG2,SK,2025,91.80,,
ESTAT:ISOC_CI_IN_H(1.0),25/06/26 23:00:00,A,PC_HH,HH_DEG2,TR,2025,95.96,,
ESTAT:ISOC_CI_IN_H(1.0),25/06/26 23:00:00,A,PC_HH,HH_DEG2,UK,2004,64.70,,
ESTAT:ISOC_CI_IN_H(1.0),25/06/26 23:00:00,A,PC_HH,HH_DEG2,UK,2005,64.24,,
ESTAT:ISOC_CI_IN_H(1.0),25/06/26 23:00:00,A,PC_HH,HH_DEG2,UK,2006,69.58,,
ESTAT:ISOC_CI_IN_H(1.0),25/06/26 23:00:00,A,PC_HH,HH_DEG2,UK,2007,68.64,,
ESTAT:ISOC_CI_IN_H(1.0),25/06/26 23:00:00,A,PC_HH,HH_DEG2,UK,2008,73.93,,
ESTAT:ISOC_CI_IN_H(1.0),25/06/26 23:00:00,A,PC_HH,HH_DEG2,UK,2009,76.08,,
ESTAT:ISOC_CI_IN_H(1.0),25/06/26 23:00:00,A,PC_HH,HH_DEG2,UK,2010,83.78,,
ESTAT:ISOC_CI_IN_H(1.0),25/06/26 23:00:00,A,PC_HH,HH_DEG2,UK,2011,83.51,,
ESTAT:ISOC_CI_IN_H(1.0),25/06/26 23:00:00,A,PC_HH,HH_DEG2,UK,2012,87.75,,
ESTAT:ISOC_CI_IN_H(1.0),25/06/26 23:00:00,A,PC_HH,HH_DEG2,UK,2013,87.82,,
ESTAT:ISOC_CI_IN_H(1.0),25/06/26 23:00:00,A,PC_HH,HH_DEG2,UK,2014,92.54,,
ESTAT:ISOC_CI_IN_H(1.0),25/06/26 23:00:00,A,PC_HH,HH_DEG2,UK,2015,92.10,,
ESTAT:ISOC_CI_IN_H(1.0),25/06/26 23:00:00,A,PC_HH,HH_DEG2,UK,2016,94.14,,
ESTAT:ISOC_CI_IN_H(1.0),25/06/26 23:00:00,A,PC_HH,HH_DEG2,UK,2017,93.18,,
ESTAT:ISOC_CI_IN_H(1.0),25/06/26 23:00:00,A,PC_HH,HH_DEG2,UK,2018,95.17,,
ESTAT:ISOC_CI_IN_H(1.0),25/06/26 23:00:00,A,PC_HH,HH_DEG2,UK,2019,96.99,,
ESTAT:ISOC_CI_IN_H(1.0),25/06/26 23:00:00,A,PC_HH,HH_DEG2,UK,2020,96.64,,
ESTAT:ISOC_CI_IN_H(1.0),25/06/26 23:00:00,A,PC_HH,HH_DEG2,XK,2018,94.73,,
ESTAT:ISOC_CI_IN_H(1.0),25/06/26 23:00:00,A,PC_HH,HH_DEG2,XK,2019,94.59,,
ESTAT:ISOC_CI_IN_H(1.0),25/06/26 23:00:00,A,PC_HH,HH_DEG2,XK,2020,96.48,,
ESTAT:ISOC_CI_IN_H(1.0),25/06/26 23:00:00,A,PC_HH,HH_DEG2,XK,2024,98.92,,
ESTAT:ISOC_CI_IN_H(1.0),25/06/26 23:00:00,A,PC_HH,HH_DEG2,XK,2025,99.33,,
ESTAT:ISOC_CI_IN_H(1.0),25/06/26 23:00:00,A,PC_HH,HH_DEG3,AL,2022,98.46,,
ESTAT:ISOC_CI_IN_H(1.0),25/06/26 23:00:00,A,PC_HH,HH_DEG3,AL,2023,96.67,,
ESTAT:ISOC_CI_IN_H(1.0),25/06/26 23:00:00,A,PC_HH,HH_DEG3,AL,2024,97.59,,
ESTAT:ISOC_CI_IN_H(1.0),25/06/26 23:00:00,A,PC_HH,HH_DEG3,AL,2025,98.86,,
ESTAT:ISOC_CI_IN_H(1.0),25/06/26 23:00:00,A,PC_HH,HH_DEG3,AT,2004,43.59,,
ESTAT:ISOC_CI_IN_H(1.0),25/06/26 23:00:00,A,PC_HH,HH_DEG3,AT,2005,43.85,,
ESTAT:ISOC_CI_IN_H(1.0),25/06/26 23:00:00,A,PC_HH,HH_DEG3,AT,2006,49.01,,
ESTAT:ISOC_CI_IN_H(1.0),25/06/26 23:00:00,A,PC_HH,HH_DEG3,AT,2007,55.72,,
ESTAT:ISOC_CI_IN_H(1.0),25/06/26 23:00:00,A,PC_HH,HH_DEG3,AT,2008,65.99,,
ESTAT:ISOC_CI_IN_H(1.0),25/06/26 23:00:00,A,PC_HH,HH_DEG3,AT,2009,66.47,,
ESTAT:ISOC_CI_IN_H(1.0),25/06/26 23:00:00,A,PC_HH,HH_DEG3,AT,2010,72.25,,
ESTAT:ISOC_CI_IN_H(1.0),25/06/26 23:00:00,A,PC_HH,HH_DEG3,AT,2011,74.76,,
ESTAT:ISOC_CI_IN_H(1.0),25/06/26 23:00:00,A,PC_HH,HH_DEG3,AT,2012,76.75,,
ESTAT:ISOC_CI_IN_H(1.0),25/06/26 23:00:00,A,PC_HH,HH_DEG3,AT,2013,79.50,,
ESTAT:ISOC_CI_IN_H(1.0),25/06/26 23:00:00,A,PC_HH,HH_DEG3,AT,2014,79.79,,
ESTAT:ISOC_CI_IN_H(1.0),25/06/26 23:00:00,A,PC_HH,HH_DEG3,AT,2015,79.93,,
ESTAT:ISOC_CI_IN_H(1.0),25/06/26 23:00:00,A,PC_HH,HH_DEG3,AT,2016,82.65,,
ESTAT:ISOC_CI_IN_H(1.0),25/06/26 23:00:00,A,PC_HH,HH_DEG3,AT,2017,87.98,,
ESTAT:ISOC_CI_IN_H(1.0),25/06/26 23:00:00,A,PC_HH,HH_DEG3,AT,2018,88.50,,
ESTAT:ISOC_CI_IN_H(1.0),25/06/26 23:00:00,A,PC_HH,HH_DEG3,AT,2019,88.07,,
ESTAT:ISOC_CI_IN_H(1.0),25/06/26 23:00:00,A,PC_HH,HH_DEG3,AT,2020,90.09,,
ESTAT:ISOC_CI_IN_H(1.0),25/06/26 23:00:00,A,PC_HH,HH_DEG3,AT,2021,93.43,,
ESTAT:ISOC_CI_IN_H(1.0),25/06/26 23:00:00,A,PC_HH,HH_DEG3,AT,2022,91.95,,
ESTAT:ISOC_CI_IN_H(1.0),25/06/26 23:00:00,A,PC_HH,HH_DEG3,AT,2023,93.66,,
ESTAT:ISOC_CI_IN_H(1.0),25/06/26 23:00:00,A,PC_HH,HH_DEG3,AT,2024,94.00,,
ESTAT:ISOC_CI_IN_H(1.0),25/06/26 23:00:00,A,PC_HH,HH_DEG3,AT,2025,93.10,,
ESTAT:ISOC_CI_IN_H(1.0),25/06/26 23:00:00,A,PC_HH,HH_DEG3,BA,2023,79.80,,
ESTAT:ISOC_CI_IN_H(1.0),25/06/26 23:00:00,A,PC_HH,HH_DEG3,BA,2024,82.71,,
ESTAT:ISOC_CI_IN_H(1.0),25/06/26 23:00:00,A,PC_HH,HH_DEG3,BA,2025,87.25,,
ESTAT:ISOC_CI_IN_H(1.0),25/06/26 23:00:00,A,PC_HH,HH_DEG3,BE,2005,40.98,,
ESTAT:ISOC_CI_IN_H(1.0),25/06/26 23:00:00,A,PC_HH,HH_DEG3,BE,2006,44.35,,
ESTAT:ISOC_CI_IN_H(1.0),25/06/26 23:00:00,A,PC_HH,HH_DEG3,BE,2007,50.28,,
ESTAT:ISOC_CI_IN_H(1.0),25/06/26 23:00:00,A,PC_HH,HH_DEG3,BE,2008,58.34,,
ESTAT:ISOC_CI_IN_H(1.0),25/06/26 23:00:00,A,PC_HH,HH_DEG3,BE,2009,59.91,,
ESTAT:ISOC_CI_IN_H(1.0),25/06/26 23:00:00,A,PC_HH,HH_DEG3,BE,2010,64.41,,
ESTAT:ISOC_CI_IN_H(1.0),25/06/26 23:00:00,A,PC_HH,HH_DEG3,BE,2011,73.70,,
ESTAT:ISOC_CI_IN_H(1.0),25/06/26 23:00:00,A,PC_HH,HH_DEG3,BE,2012,77.85,,
ESTAT:ISOC_CI_IN_H(1.0),25/06/26 23:00:00,A,PC_HH,HH_DEG3,BE,2013,81.89,,
ESTAT:ISOC_CI_IN_H(1.0),25/06/26 23:00:00,A,PC_HH,HH_DEG3,BE,2014,83.15,,
ESTAT:ISOC_CI_IN_H(1.0),25/06/26 23:00:00,A,PC_HH,HH_DEG3,BE,2015,81.97,,
ESTAT:ISOC_CI_IN_H(1.0),25/06/26 23:00:00,A,PC_HH,HH_DEG3,BE,2016,85.59,,
ESTAT:ISOC_CI_IN_H(1.0),25/06/26 23:00:00,A,PC_HH,HH_DEG3,BE,2017,85.25,,
ESTAT:ISOC_CI_IN_H(1.0),25/06/26 23:00:00,A,PC_HH,HH_DEG3,BE,2018,85.54,,
ESTAT:ISOC_CI_IN_H(1.0),25/06/26 23:00:00,A,PC_HH,HH_DEG3,BE,2019,89.89,,
ESTAT:ISOC_CI_IN_H(1.0),25/06/26 23:00:00,A,PC_HH,HH_DEG3,BE,2020,90.53,,
ESTAT:ISOC_CI_IN_H(1.0),25/06/26 23:00:00,A,PC_HH,HH_DEG3,BE,2021,90.16,,
ESTAT:ISOC_CI_IN_H(1.0),25/06/26 23:00:00,A,PC_HH,HH_DEG3,BE,2022,92.80,,
ESTAT:ISOC_CI_IN_H(1.0),25/06/26 23:00:00,A,PC_HH,HH_DEG3,BE,2023,92.95,,
ESTAT:ISOC_CI_IN_H(1.0),25/06/26 23:00:00,A,PC_HH,HH_DEG3,BE,2024,93.87,,
ESTAT:ISOC_CI_IN_H(1.0),25/06/26 23:00:00,A,PC_HH,HH_DEG3,BE,2025,93.83,,
ESTAT:ISOC_CI_IN_H(1.0),25/06/26 23:00:00,A,PC_HH,HH_DEG3,BG,2004,3.89,,
ESTAT:ISOC_CI_IN_H(1.0),25/06/26 23:00:00,A,PC_HH,HH_DEG3,BG,2007,8.69,,
ESTAT:ISOC_CI_IN_H(1.0),25/06/26 23:00:00,A,PC_HH,HH_DEG3,BG,2008,14.84,,
ESTAT:ISOC_CI_IN_H(1.0),25/06/26 23:00:00,A,PC_HH,HH_DEG3,BG,2009,18.11,,
ESTAT:ISOC_CI_IN_H(1.0),25/06/26 23:00:00,A,PC_HH,HH_DEG3,BG,2010,20.70,,
ESTAT:ISOC_CI_IN_H(1.0),25/06/26 23:00:00,A,PC_HH,HH_DEG3,BG,2011,31.38,,
ESTAT:ISOC_CI_IN_H(1.0),25/06/26 23:00:00,A,PC_HH,HH_DEG3,BG,2012,44.69,,
ESTAT:ISOC_CI_IN_H(1.0),25/06/26 23:00:00,A,PC_HH,HH_DEG3,BG,2013,33.77,,
ESTAT:ISOC_CI_IN_H(1.0),25/06/26 23:00:00,A,PC_HH,HH_DEG3,BG,2014,38.52,,
ESTAT:ISOC_CI_IN_H(1.0),25/06/26 23:00:00,A,PC_HH,HH_DEG3,BG,2015,40.10,,
ESTAT:ISOC_CI_IN_H(1.0),25/06/26 23:00:00,A,PC_HH,HH_DEG3,BG,2016,48.02,,
ESTAT:ISOC_CI_IN_H(1.0),25/06/26 23:00:00,A,PC_HH,HH_DEG3,BG,2017,52.05,,
ESTAT:ISOC_CI_IN_H(1.0),25/06/26 23:00:00,A,PC_HH,HH_DEG3,BG,2018,60.28,,
ESTAT:ISOC_CI_IN_H(1.0),25/06/26 23:00:00,A,PC_HH,HH_DEG3,BG,2019,62.22,,
ESTAT:ISOC_CI_IN_H(1.0),25/06/26 23:00:00,A,PC_HH,HH_DEG3,BG,2020,65.13,,
ESTAT:ISOC_CI_IN_H(1.0),25/06/26 23:00:00,A,PC_HH,HH_DEG3,BG,2021,72.32,,
ESTAT:ISOC_CI_IN_H(1.0),25/06/26 23:00:00,A,PC_HH,HH_DEG3,BG,2022,81.89,,
ESTAT:ISOC_CI_IN_H(1.0),25/06/26 23:00:00,A,PC_HH,HH_DEG3,BG,2023,80.43,,
ESTAT:ISOC_CI_IN_H(1.0),25/06/26 23:00:00,A,PC_HH,HH_DEG3,BG,2024,85.61,,
ESTAT:ISOC_CI_IN_H(1.0),25/06/26 23:00:00,A,PC_HH,HH_DEG3,BG,2025,86.56,,
ESTAT:ISOC_CI_IN_H(1.0),25/06/26 23:00:00,A,PC_HH,HH_DEG3,CH,2014,87.51,,
ESTAT:ISOC_CI_IN_H(1.0),25/06/26 23:00:00,A,PC_HH,HH_DEG3,CH,2017,90.82,b,
ESTAT:ISOC_CI_IN_H(1.0),25/06/26 23:00:00,A,PC_HH,HH_DEG3,CH,2019,95.37,,
ESTAT:ISOC_CI_IN_H(1.0),25/06/26 23:00:00,A,PC_HH,HH_DEG3,CH,2021,96.83,,
ESTAT:ISOC_CI_IN_H(1.0),25/06/26 23:00:00,A,PC_HH,HH_DEG3,CH,2023,99.33,,
ESTAT:ISOC_CI_IN_H(1.0),25/06/26 23:00:00,A,PC_HH,HH_DEG3,CH,2025,99.61,,
ESTAT:ISOC_CI_IN_H(1.0),25/06/26 23:00:00,A,PC_HH,HH_DEG3,CY,2004,45.27,,
ESTAT:ISOC_CI_IN_H(1.0),25/06/26 23:00:00,A,PC_HH,HH_DEG3,CY,2005,16.25,,
ESTAT:ISOC_CI_IN_H(1.0),25/06/26 23:00:00,A,PC_HH,HH_DEG3,CY,2006,27.11,,
ESTAT:ISOC_CI_IN_H(1.0),25/06/26 23:00:00,A,PC_HH,HH_DEG3,CY,2007,27.47,,
ESTAT:ISOC_CI_IN_H(1.0),25/06/26 23:00:00,A,PC_HH,HH_DEG3,CY,2008,33.07,,
ESTAT:ISOC_CI_IN_H(1.0),25/06/26 23:00:00,A,PC_HH,HH_DEG3,CY,2009,44.10,,
ESTAT:ISOC_CI_IN_H(1.0),25/06/26 23:00:00,A,PC_HH,HH_DEG3,CY,2010,43.40,,
ESTAT:ISOC_CI_IN_H(1.0),25/06/26 23:00:00,A,PC_HH,HH_DEG3,CY,2011,48.61,,
ESTAT:ISOC_CI_IN_H(1.0),25/06/26 23:00:00,A,PC_HH,HH_DEG3,CY,2013,56.93,,
ESTAT:ISOC_CI_IN_H(1.0),25/06/26 23:00:00,A,PC_HH,HH_DEG3,CY,2014,63.75,,
ESTAT:ISOC_CI_IN_H(1.0),25/06/26 23:00:00,A,PC_HH,HH_DEG3,CY,2015,63.17,,
ESTAT:ISOC_CI_IN_H(1.0),25/06/26 23:00:00,A,PC_HH,HH_DEG3,CY,2016,70.00,,
ESTAT:ISOC_CI_IN_H(1.0),25/06/26 23:00:00,A,PC_HH,HH_DEG3,CY,2017,69.17,,
ESTAT:ISOC_CI_IN_H(1.0),25/06/26 23:00:00,A,PC_HH,HH_DEG3,CY,2018,76.94,,
ESTAT:ISOC_CI_IN_H(1.0),25/06/26 23:00:00,A,PC_HH,HH_DEG3,CY,2019,81.98,,
ESTAT:ISOC_CI_IN_H(1.0),25/06/26 23:00:00,A,PC_HH,HH_DEG3,CY,2020,87.55,,
ESTAT:ISOC_CI_IN_H(1.0),25/06/26 23:00:00,A,PC_HH,HH_DEG3,CY,2021,90.93,,
ESTAT:ISOC_CI_IN_H(1.0),25/06/26 23:00:00,A,PC_HH,HH_DEG3,CY,2022,92.64,,
ESTAT:ISOC_CI_IN_H(1.0),25/06/26 23:00:00,A,PC_HH,HH_DEG3,CY,2023,89.57,,
ESTAT:ISOC_CI_IN_H(1.0),25/06/26 23:00:00,A,PC_HH,HH_DEG3,CY,2024,91.48,,
ESTAT:ISOC_CI_IN_H(1.0),25/06/26 23:00:00,A,PC_HH,HH_DEG3,CY,2025,96.86,,
ESTAT:ISOC_CI_IN_H(1.0),25/06/26 23:00:00,A,PC_HH,HH_DEG3,CZ,2004,15.17,,
ESTAT:ISOC_CI_IN_H(1.0),25/06/26 23:00:00,A,PC_HH,HH_DEG3,CZ,2005,17.02,,
ESTAT:ISOC_CI_IN_H(1.0),25/06/26 23:00:00,A,PC_HH,HH_DEG3,CZ,2006,25.15,,
ESTAT:ISOC_CI_IN_H(1.0),25/06/26 23:00:00,A,PC_HH,HH_DEG3,CZ,2007,29.82,,
ESTAT:ISOC_CI_IN_H(1.0),25/06/26 23:00:00,A,PC_HH,HH_DEG3,CZ,2008,40.79,,
ESTAT:ISOC_CI_IN_H(1.0),25/06/26 23:00:00,A,PC_HH,HH_DEG3,CZ,2009,49.57,,
ESTAT:ISOC_CI_IN_H(1.0),25/06/26 23:00:00,A,PC_HH,HH_DEG3,CZ,2010,57.82,,
ESTAT:ISOC_CI_IN_H(1.0),25/06/26 23:00:00,A,PC_HH,HH_DEG3,CZ,2011,64.43,,
ESTAT:ISOC_CI_IN_H(1.0),25/06/26 23:00:00,A,PC_HH,HH_DEG3,CZ,2012,69.63,,
ESTAT:ISOC_CI_IN_H(1.0),25/06/26 23:00:00,A,PC_HH,HH_DEG3,CZ,2013,69.08,,
ESTAT:ISOC_CI_IN_H(1.0),25/06/26 23:00:00,A,PC_HH,HH_DEG3,CZ,2014,73.73,,
ESTAT:ISOC_CI_IN_H(1.0),25/06/26 23:00:00,A,PC_HH,HH_DEG3,CZ,2015,76.97,,
ESTAT:ISOC_CI_IN_H(1.0),25/06/26 23:00:00,A,PC_HH,HH_DEG3,CZ,2016,77.87,,
ESTAT:ISOC_CI_IN_H(1.0),25/06/26 23:00:00,A,PC_HH,HH_DEG3,CZ,2017,80.62,,
ESTAT:ISOC_CI_IN_H(1.0),25/06/26 23:00:00,A,PC_HH,HH_DEG3,CZ,2018,84.50,,
ESTAT:ISOC_CI_IN_H(1.0),25/06/26 23:00:00,A,PC_HH,HH_DEG3,CZ,2019,84.08,,
ESTAT:ISOC_CI_IN_H(1.0),25/06/26 23:00:00,A,PC_HH,HH_DEG3,CZ,2020,86.25,,
ESTAT:ISOC_CI_IN_H(1.0),25/06/26 23:00:00,A,PC_HH,HH_DEG3,CZ,2021,85.62,,
ESTAT:ISOC_CI_IN_H(1.0),25/06/26 23:00:00,A,PC_HH,HH_DEG3,CZ,2022,89.27,,
ESTAT:ISOC_CI_IN_H(1.0),25/06/26 23:00:00,A,PC_HH,HH_DEG3,CZ,2023,91.34,,
ESTAT:ISOC_CI_IN_H(1.0),25/06/26 23:00:00,A,PC_HH,HH_DEG3,CZ,2024,92.58,,
ESTAT:ISOC_CI_IN_H(1.0),25/06/26 23:00:00,A,PC_HH,HH_DEG3,CZ,2025,94.65,,
ESTAT:ISOC_CI_IN_H(1.0),25/06/26 23:00:00,A,PC_HH,HH_DEG3,DE,2004,58.84,,
ESTAT:ISOC_CI_IN_H(1.0),25/06/26 23:00:00,A,PC_HH,HH_DEG3,DE,2005,62.25,,
ESTAT:ISOC_CI_IN_H(1.0),25/06/26 23:00:00,A,PC_HH,HH_DEG3,DE,2006,66.44,,
ESTAT:ISOC_CI_IN_H(1.0),25/06/26 23:00:00,A,PC_HH,HH_DEG3,DE,2007,68.53,,
ESTAT:ISOC_CI_IN_H(1.0),25/06/26 23:00:00,A,PC_HH,HH_DEG3,DE,2008,71.71,,
ESTAT:ISOC_CI_IN_H(1.0),25/06/26 23:00:00,A,PC_HH,HH_DEG3,DE,2009,75.24,,
ESTAT:ISOC_CI_IN_H(1.0),25/06/26 23:00:00,A,PC_HH,HH_DEG3,DE,2010,80.00,,
ESTAT:ISOC_CI_IN_H(1.0),25/06/26 23:00:00,A,PC_HH,HH_DEG3,DE,2011,79.15,,
ESTAT:ISOC_CI_IN_H(1.0),25/06/26 23:00:00,A,PC_HH,HH_DEG3,DE,2013,87.06,,
ESTAT:ISOC_CI_IN_H(1.0),25/06/26 23:00:00,A,PC_HH,HH_DEG3,DE,2014,88.31,,
ESTAT:ISOC_CI_IN_H(1.0),25/06/26 23:00:00,A,PC_HH,HH_DEG3,DE,2015,89.36,,
ESTAT:ISOC_CI_IN_H(1.0),25/06/26 23:00:00,A,PC_HH,HH_DEG3,DE,2016,91.23,,
ESTAT:ISOC_CI_IN_H(1.0),25/06/26 23:00:00,A,PC_HH,HH_DEG3,DE,2017,92.09,,
ESTAT:ISOC_CI_IN_H(1.0),25/06/26 23:00:00,A,PC_HH,HH_DEG3,DE,2018,93.11,,
ESTAT:ISOC_CI_IN_H(1.0),25/06/26 23:00:00,A,PC_HH,HH_DEG3,DE,2019,95.03,,
ESTAT:ISOC_CI_IN_H(1.0),25/06/26 23:00:00,A,PC_HH,HH_DEG3,DE,2020,96.04,,
ESTAT:ISOC_CI_IN_H(1.0),25/06/26 23:00:00,A,PC_HH,HH_DEG3,DE,2021,91.23,b,
ESTAT:ISOC_CI_IN_H(1.0),25/06/26 23:00:00,A,PC_HH,HH_DEG3,DE,2022,91.86,,
ESTAT:ISOC_CI_IN_H(1.0),25/06/26 23:00:00,A,PC_HH,HH_DEG3,DE,2023,90.15,,
ESTAT:ISOC_CI_IN_H(1.0),25/06/26 23:00:00,A,PC_HH,HH_DEG3,DE,2024,92.16,,
ESTAT:ISOC_CI_IN_H(1.0),25/06/26 23:00:00,A,PC_HH,HH_DEG3,DE,2025,92.40,,
ESTAT:ISOC_CI_IN_H(1.0),25/06/26 23:00:00,A,PC_HH,HH_DEG3,DK,2004,64.64,,
ESTAT:ISOC_CI_IN_H(1.0),25/06/26 23:00:00,A,PC_HH,HH_DEG3,DK,2005,69.98,,
ESTAT:ISOC_CI_IN_H(1.0),25/06/26 23:00:00,A,PC_HH,HH_DEG3,DK,2006,72.81,,
ESTAT:ISOC_CI_IN_H(1.0),25/06/26 23:00:00,A,PC_HH,HH_DEG3,DK,2007,73.18,,
ESTAT:ISOC_CI_IN_H(1.0),25/06/26 23:00:00,A,PC_HH,HH_DEG3,DK,2008,77.09,,
ESTAT:ISOC_CI_IN_H(1.0),25/06/26 23:00:00,A,PC_HH,HH_DEG3,DK,2009,79.41,,
ESTAT:ISOC_CI_IN_H(1.0),25/06/26 23:00:00,A,PC_HH,HH_DEG3,DK,2010,82.88,,
ESTAT:ISOC_CI_IN_H(1.0),25/06/26 23:00:00,A,PC_HH,HH_DEG3,DK,2011,88.37,,
ESTAT:ISOC_CI_IN_H(1.0),25/06/26 23:00:00,A,PC_HH,HH_DEG3,DK,2012,89.01,,
ESTAT:ISOC_CI_IN_H(1.0),25/06/26 23:00:00,A,PC_HH,HH_DEG3,DK,2013,91.56,,
ESTAT:ISOC_CI_IN_H(1.0),25/06/26 23:00:00,A,PC_HH,HH_DEG3,DK,2014,91.39,,
ESTAT:ISOC_CI_IN_H(1.0),25/06/26 23:00:00,A,PC_HH,HH_DEG3,DK,2015,91.30,,
ESTAT:ISOC_CI_IN_H(1.0),25/06/26 23:00:00,A,PC_HH,HH_DEG3,DK,2016,94.19,,
ESTAT:ISOC_CI_IN_H(1.0),25/06/26 23:00:00,A,PC_HH,HH_DEG3,DK,2017,95.74,,
ESTAT:ISOC_CI_IN_H(1.0),25/06/26 23:00:00,A,PC_HH,HH_DEG3,DK,2018,90.80,,
ESTAT:ISOC_CI_IN_H(1.0),25/06/26 23:00:00,A,PC_HH,HH_DEG3,DK,2019,95.14,,
ESTAT:ISOC_CI_IN_H(1.0),25/06/26 23:00:00,A,PC_HH,HH_DEG3,DK,2020,92.92,,
ESTAT:ISOC_CI_IN_H(1.0),25/06/26 23:00:00,A,PC_HH,HH_DEG3,DK,2021,94.73,,
ESTAT:ISOC_CI_IN_H(1.0),25/06/26 23:00:00,A,PC_HH,HH_DEG3,DK,2022,93.76,,
ESTAT:ISOC_CI_IN_H(1.0),25/06/26 23:00:00,A,PC_HH,HH_DEG3,DK,2023,94.33,,
ESTAT:ISOC_CI_IN_H(1.0),25/06/26 23:00:00,A,PC_HH,HH_DEG3,DK,2024,97.02,,
ESTAT:ISOC_CI_IN_H(1.0),25/06/26 23:00:00,A,PC_HH,HH_DEG3,DK,2025,96.95,,
ESTAT:ISOC_CI_IN_H(1.0),25/06/26 23:00:00,A,PC_HH,HH_DEG3,EA,2004,35.66,,
ESTAT:ISOC_CI_IN_H(1.0),25/06/26 23:00:00,A,PC_HH,HH_DEG3,EA,2005,42.51,,
ESTAT:ISOC_CI_IN_H(1.0),25/06/26 23:00:00,A,PC_HH,HH_DEG3,EA,2006,43.53,,
ESTAT:ISOC_CI_IN_H(1.0),25/06/26 23:00:00,A,PC_HH,HH_DEG3,EA,2007,49.15,,
ESTAT:ISOC_CI_IN_H(1.0),25/06/26 23:00:00,A,PC_HH,HH_DEG3,EA,2008,54.59,,
ESTAT:ISOC_CI_IN_H(1.0),25/06/26 23:00:00,A,PC_HH,HH_DEG3,EA,2009,59.21,,
ESTAT:ISOC_CI_IN_H(1.0),25/06/26 23:00:00,A,PC_HH,HH_DEG3,EA,2010,62.94,,
ESTAT:ISOC_CI_IN_H(1.0),25/06/26 23:00:00,A,PC_HH,HH_DEG3,EA,2011,67.07,,
ESTAT:ISOC_CI_IN_H(1.0),25/06/26 23:00:00,A,PC_HH,HH_DEG3,EA,2012,69.09,,
ESTAT:ISOC_CI_IN_H(1.0),25/06/26 23:00:00,A,PC_HH,HH_DEG3,EA,2013,76.06,,
ESTAT:ISOC_CI_IN_H(1.0),25/06/26 23:00:00,A,PC_HH,HH_DEG3,EA,2014,77.34,,
ESTAT:ISOC_CI_IN_H(1.0),25/06/26 23:00:00,A,PC_HH,HH_DEG3,EA,2015,78.75,,
ESTAT:ISOC_CI_IN_H(1.0),25/06/26 23:00:00,A,PC_HH,HH_DEG3,EA,2016,81.56,,
ESTAT:ISOC_CI_IN_H(1.0),25/06/26 23:00:00,A,PC_HH,HH_DEG3,EA,2017,83.22,,
ESTAT:ISOC_CI_IN_H(1.0),25/06/26 23:00:00,A,PC_HH,HH_DEG3,EA,2018,85.69,,
ESTAT:ISOC_CI_IN_H(1.0),25/06/26 23:00:00,A,PC_HH,HH_DEG3,EA,2019,88.07,,
ESTAT:ISOC_CI_IN_H(1.0),25/06/26 23:00:00,A,PC_HH,HH_DEG3,EA,2020,89.88,e,
ESTAT:ISOC_CI_IN_H(1.0),25/06/26 23:00:00,A,PC_HH,HH_DEG3,EA,2021,90.32,b,
ESTAT:ISOC_CI_IN_H(1.0),25/06/26 23:00:00,A,PC_HH,HH_DEG3,EA,2022,90.46,,
ESTAT:ISOC_CI_IN_H(1.0),25/06/26 23:00:00,A,PC_HH,HH_DEG3,EA,2023,90.48,,
ESTAT:ISOC_CI_IN_H(1.0),25/06/26 23:00:00,A,PC_HH,HH_DEG3,EA,2024,92.14,,
ESTAT:ISOC_CI_IN_H(1.0),25/06/26 23:00:00,A,PC_HH,HH_DEG3,EA,2025,92.33,,
ESTAT:ISOC_CI_IN_H(1.0),25/06/26 23:00:00,A,PC_HH,HH_DEG3,EE,2004,26.36,,
ESTAT:ISOC_CI_IN_H(1.0),25/06/26 23:00:00,A,PC_HH,HH_DEG3,EE,2005,29.26,,
ESTAT:ISOC_CI_IN_H(1.0),25/06/26 23:00:00,A,PC_HH,HH_DEG3,EE,2006,38.71,,
ESTAT:ISOC_CI_IN_H(1.0),25/06/26 23:00:00,A,PC_HH,HH_DEG3,EE,2007,46.52,,
ESTAT:ISOC_CI_IN_H(1.0),25/06/26 23:00:00,A,PC_HH,HH_DEG3,EE,2008,52.49,,
ESTAT:ISOC_CI_IN_H(1.0),25/06/26 23:00:00,A,PC_HH,HH_DEG3,EE,2009,54.17,,
ESTAT:ISOC_CI_IN_H(1.0),25/06/26 23:00:00,A,PC_HH,HH_DEG3,EE,2010,62.84,,
ESTAT:ISOC_CI_IN_H(1.0),25/06/26 23:00:00,A,PC_HH,HH_DEG3,EE,2011,64.46,,
ESTAT:ISOC_CI_IN_H(1.0),25/06/26 23:00:00,A,PC_HH,HH_DEG3,EE,2012,68.51,,
ESTAT:ISOC_CI_IN_H(1.0),25/06/26 23:00:00,A,PC_HH,HH_DEG3,EE,2013,73.89,,
ESTAT:ISOC_CI_IN_H(1.0),25/06/26 23:00:00,A,PC_HH,HH_DEG3,EE,2014,80.36,b,
ESTAT:ISOC_CI_IN_H(1.0),25/06/26 23:00:00,A,PC_HH,HH_DEG3,EE,2015,85.06,,
ESTAT:ISOC_CI_IN_H(1.0),25/06/26 23:00:00,A,PC_HH,HH_DEG3,EE,2016,83.36,,
ESTAT:ISOC_CI_IN_H(1.0),25/06/26 23:00:00,A,PC_HH,HH_DEG3,EE,2017,86.07,,
ESTAT:ISOC_CI_IN_H(1.0),25/06/26 23:00:00,A,PC_HH,HH_DEG3,EE,2018,89.21,,
ESTAT:ISOC_CI_IN_H(1.0),25/06/26 23:00:00,A,PC_HH,HH_DEG3,EE,2019,89.68,,
ESTAT:ISOC_CI_IN_H(1.0),25/06/26 23:00:00,A,PC_HH,HH_DEG3,EE,2020,89.37,,
ESTAT:ISOC_CI_IN_H(1.0),25/06/26 23:00:00,A,PC_HH,HH_DEG3,EE,2021,90.00,,
ESTAT:ISOC_CI_IN_H(1.0),25/06/26 23:00:00,A,PC_HH,HH_DEG3,EE,2022,89.95,,
ESTAT:ISOC_CI_IN_H(1.0),25/06/26 23:00:00,A,PC_HH,HH_DEG3,EE,2023,92.25,,
ESTAT:ISOC_CI_IN_H(1.0),25/06/26 23:00:00,A,PC_HH,HH_DEG3,EE,2024,93.45,,
ESTAT:ISOC_CI_IN_H(1.0),25/06/26 23:00:00,A,PC_HH,HH_DEG3,EE,2025,95.36,,
ESTAT:ISOC_CI_IN_H(1.0),25/06/26 23:00:00,A,PC_HH,HH_DEG3,EL,2004,11.83,,
ESTAT:ISOC_CI_IN_H(1.0),25/06/26 23:00:00,A,PC_HH,HH_DEG3,EL,2005,16.31,,
ESTAT:ISOC_CI_IN_H(1.0),25/06/26 23:00:00,A,PC_HH,HH_DEG3,EL,2006,18.32,,
ESTAT:ISOC_CI_IN_H(1.0),25/06/26 23:00:00,A,PC_HH,HH_DEG3,EL,2007,20.44,,
ESTAT:ISOC_CI_IN_H(1.0),25/06/26 23:00:00,A,PC_HH,HH_DEG3,EL,2008,20.79,,
ESTAT:ISOC_CI_IN_H(1.0),25/06/26 23:00:00,A,PC_HH,HH_DEG3,EL,2009,26.50,,
ESTAT:ISOC_CI_IN_H(1.0),25/06/26 23:00:00,A,PC_HH,HH_DEG3,EL,2010,34.99,,
ESTAT:ISOC_CI_IN_H(1.0),25/06/26 23:00:00,A,PC_HH,HH_DEG3,EL,2011,37.60,,
ESTAT:ISOC_CI_IN_H(1.0),25/06/26 23:00:00,A,PC_HH,HH_DEG3,EL,2014,53.77,,
ESTAT:ISOC_CI_IN_H(1.0),25/06/26 23:00:00,A,PC_HH,HH_DEG3,EL,2015,52.65,,
ESTAT:ISOC_CI_IN_H(1.0),25/06/26 23:00:00,A,PC_HH,HH_DEG3,EL,2016,53.09,,
ESTAT:ISOC_CI_IN_H(1.0),25/06/26 23:00:00,A,PC_HH,HH_DEG3,EL,2017,56.78,,
ESTAT:ISOC_CI_IN_H(1.0),25/06/26 23:00:00,A,PC_HH,HH_DEG3,EL,2018,62.57,,
ESTAT:ISOC_CI_IN_H(1.0),25/06/26 23:00:00,A,PC_HH,HH_DEG3,EL,2019,64.91,,
ESTAT:ISOC_CI_IN_H(1.0),25/06/26 23:00:00,A,PC_HH,HH_DEG3,EL,2020,69.11,,
ESTAT:ISOC_CI_IN_H(1.0),25/06/26 23:00:00,A,PC_HH,HH_DEG3,EL,2021,75.56,,
ESTAT:ISOC_CI_IN_H(1.0),25/06/26 23:00:00,A,PC_HH,HH_DEG3,EL,2022,75.53,,
ESTAT:ISOC_CI_IN_H(1.0),25/06/26 23:00:00,A,PC_HH,HH_DEG3,EL,2023,78.48,,
ESTAT:ISOC_CI_IN_H(1.0),25/06/26 23:00:00,A,PC_HH,HH_DEG3,EL,2024,78.11,,
ESTAT:ISOC_CI_IN_H(1.0),25/06/26 23:00:00,A,PC_HH,HH_DEG3,EL,2025,80.54,,
ESTAT:ISOC_CI_IN_H(1.0),25/06/26 23:00:00,A,PC_HH,HH_DEG3,ES,2004,22.21,,
ESTAT:ISOC_CI_IN_H(1.0),25/06/26 23:00:00,A,PC_HH,HH_DEG3,ES,2005,23.19,,
ESTAT:ISOC_CI_IN_H(1.0),25/06/26 23:00:00,A,PC_HH,HH_DEG3,ES,2006,25.01,,
ESTAT:ISOC_CI_IN_H(1.0),25/06/26 23:00:00,A,PC_HH,HH_DEG3,ES,2007,30.56,,
ESTAT:ISOC_CI_IN_H(1.0),25/06/26 23:00:00,A,PC_HH,HH_DEG3,ES,2008,36.54,,
ESTAT:ISOC_CI_IN_H(1.0),25/06/26 23:00:00,A,PC_HH,HH_DEG3,ES,2009,40.09,,
ESTAT:ISOC_CI_IN_H(1.0),25/06/26 23:00:00,A,PC_HH,HH_DEG3,ES,2010,44.79,,
ESTAT:ISOC_CI_IN_H(1.0),25/06/26 23:00:00,A,PC_HH,HH_DEG3,ES,2011,53.16,,
ESTAT:ISOC_CI_IN_H(1.0),25/06/26 23:00:00,A,PC_HH,HH_DEG3,ES,2012,57.71,,
ESTAT:ISOC_CI_IN_H(1.0),25/06/26 23:00:00,A,PC_HH,HH_DEG3,ES,2013,60.62,,
ESTAT:ISOC_CI_IN_H(1.0),25/06/26 23:00:00,A,PC_HH,HH_DEG3,ES,2014,66.24,,
ESTAT:ISOC_CI_IN_H(1.0),25/06/26 23:00:00,A,PC_HH,HH_DEG3,ES,2015,70.65,,
ESTAT:ISOC_CI_IN_H(1.0),25/06/26 23:00:00,A,PC_HH,HH_DEG3,ES,2016,76.18,,
ESTAT:ISOC_CI_IN_H(1.0),25/06/26 23:00:00,A,PC_HH,HH_DEG3,ES,2017,77.77,,
ESTAT:ISOC_CI_IN_H(1.0),25/06/26 23:00:00,A,PC_HH,HH_DEG3,ES,2018,76.92,,
ESTAT:ISOC_CI_IN_H(1.0),25/06/26 23:00:00,A,PC_HH,HH_DEG3,ES,2019,85.49,,
ESTAT:ISOC_CI_IN_H(1.0),25/06/26 23:00:00,A,PC_HH,HH_DEG3,ES,2020,91.19,,
ESTAT:ISOC_CI_IN_H(1.0),25/06/26 23:00:00,A,PC_HH,HH_DEG3,ES,2021,93.55,,
ESTAT:ISOC_CI_IN_H(1.0),25/06/26 23:00:00,A,PC_HH,HH_DEG3,ES,2022,93.14,,
ESTAT:ISOC_CI_IN_H(1.0),25/06/26 23:00:00,A,PC_HH,HH_DEG3,ES,2023,93.83,,
ESTAT:ISOC_CI_IN_H(1.0),25/06/26 23:00:00,A,PC_HH,HH_DEG3,ES,2024,94.25,,
ESTAT:ISOC_CI_IN_H(1.0),25/06/26 23:00:00,A,PC_HH,HH_DEG3,ES,2025,95.65,,
ESTAT:ISOC_CI_IN_H(1.0),25/06/26 23:00:00,A,PC_HH,HH_DEG3,EU15,2004,38.04,,
ESTAT:ISOC_CI_IN_H(1.0),25/06/26 23:00:00,A,PC_HH,HH_DEG3,EU15,2005,48.57,,
ESTAT:ISOC_CI_IN_H(1.0),25/06/26 23:00:00,A,PC_HH,HH_DEG3,EU15,2006,47.83,,
ESTAT:ISOC_CI_IN_H(1.0),25/06/26 23:00:00,A,PC_HH,HH_DEG3,EU15,2007,53.68,,
ESTAT:ISOC_CI_IN_H(1.0),25/06/26 23:00:00,A,PC_HH,HH_DEG3,EU15,2008,58.86,,
ESTAT:ISOC_CI_IN_H(1.0),25/06/26 23:00:00,A,PC_HH,HH_DEG3,EU15,2009,63.96,,
ESTAT:ISOC_CI_IN_H(1.0),25/06/26 23:00:00,A,PC_HH,HH_DEG3,EU15,2010,66.94,,
ESTAT:ISOC_CI_IN_H(1.0),25/06/26 23:00:00,A,PC_HH,HH_DEG3,EU15,2011,70.70,,
ESTAT:ISOC_CI_IN_H(1.0),25/06/26 23:00:00,A,PC_HH,HH_DEG3,EU15,2012,72.67,,
ESTAT:ISOC_CI_IN_H(1.0),25/06/26 23:00:00,A,PC_HH,HH_DEG3,EU15,2013,78.42,,
ESTAT:ISOC_CI_IN_H(1.0),25/06/26 23:00:00,A,PC_HH,HH_DEG3,EU15,2014,79.24,,
ESTAT:ISOC_CI_IN_H(1.0),25/06/26 23:00:00,A,PC_HH,HH_DEG3,EU15,2015,80.85,,
ESTAT:ISOC_CI_IN_H(1.0),25/06/26 23:00:00,A,PC_HH,HH_DEG3,EU15,2016,83.89,,
ESTAT:ISOC_CI_IN_H(1.0),25/06/26 23:00:00,A,PC_HH,HH_DEG3,EU15,2017,85.50,,
ESTAT:ISOC_CI_IN_H(1.0),25/06/26 23:00:00,A,PC_HH,HH_DEG3,EU15,2018,87.94,,
ESTAT:ISOC_CI_IN_H(1.0),25/06/26 23:00:00,A,PC_HH,HH_DEG3,EU25,2004,31.83,,
ESTAT:ISOC_CI_IN_H(1.0),25/06/26 23:00:00,A,PC_HH,HH_DEG3,EU25,2005,39.75,,
ESTAT:ISOC_CI_IN_H(1.0),25/06/26 23:00:00,A,PC_HH,HH_DEG3,EU25,2006,42.83,,
ESTAT:ISOC_CI_IN_H(1.0),25/06/26 23:00:00,A,PC_HH,HH_DEG3,EU25,2007,48.63,,
ESTAT:ISOC_CI_IN_H(1.0),25/06/26 23:00:00,A,PC_HH,HH_DEG3,EU25,2008,54.89,,
ESTAT:ISOC_CI_IN_H(1.0),25/06/26 23:00:00,A,PC_HH,HH_DEG3,EU25,2009,60.86,,
ESTAT:ISOC_CI_IN_H(1.0),25/06/26 23:00:00,A,PC_HH,HH_DEG3,EU25,2010,64.51,,
ESTAT:ISOC_CI_IN_H(1.0),25/06/26 23:00:00,A,PC_HH,HH_DEG3,EU27_2007,2004,30.88,,
ESTAT:ISOC_CI_IN_H(1.0),25/06/26 23:00:00,A,PC_HH,HH_DEG3,EU27_2007,2005,39.75,,
ESTAT:ISOC_CI_IN_H(1.0),25/06/26 23:00:00,A,PC_HH,HH_DEG3,EU27_2007,2006,40.35,,
ESTAT:ISOC_CI_IN_H(1.0),25/06/26 23:00:00,A,PC_HH,HH_DEG3,EU27_2007,2007,44.75,,
ESTAT:ISOC_CI_IN_H(1.0),25/06/26 23:00:00,A,PC_HH,HH_DEG3,EU27_2007,2008,50.71,,
ESTAT:ISOC_CI_IN_H(1.0),25/06/26 23:00:00,A,PC_HH,HH_DEG3,EU27_2007,2009,56.54,,
ESTAT:ISOC_CI_IN_H(1.0),25/06/26 23:00:00,A,PC_HH,HH_DEG3,EU27_2007,2010,60.16,,
ESTAT:ISOC_CI_IN_H(1.0),25/06/26 23:00:00,A,PC_HH,HH_DEG3,EU27_2007,2011,64.34,,
ESTAT:ISOC_CI_IN_H(1.0),25/06/26 23:00:00,A,PC_HH,HH_DEG3,EU27_2007,2012,67.25,,
ESTAT:ISOC_CI_IN_H(1.0),25/06/26 23:00:00,A,PC_HH,HH_DEG3,EU27_2007,2013,73.08,,
ESTAT:ISOC_CI_IN_H(1.0),25/06/26 23:00:00,A,PC_HH,HH_DEG3,EU27_2007,2014,74.80,,
ESTAT:ISOC_CI_IN_H(1.0),25/06/26 23:00:00,A,PC_HH,HH_DEG3,EU27_2007,2015,77.11,,
ESTAT:ISOC_CI_IN_H(1.0),25/06/26 23:00:00,A,PC_HH,HH_DEG3,EU27_2007,2016,80.54,,
ESTAT:ISOC_CI_IN_H(1.0),25/06/26 23:00:00,A,PC_HH,HH_DEG3,EU27_2007,2017,82.48,,
ESTAT:ISOC_CI_IN_H(1.0),25/06/26 23:00:00,A,PC_HH,HH_DEG3,EU27_2007,2018,85.30,,
ESTAT:ISOC_CI_IN_H(1.0),25/06/26 23:00:00,A,PC_HH,HH_DEG3,EU27_2020,2007,42.77,,
ESTAT:ISOC_CI_IN_H(1.0),25/06/26 23:00:00,A,PC_HH,HH_DEG3,EU27_2020,2008,48.72,,
ESTAT:ISOC_CI_IN_H(1.0),25/06/26 23:00:00,A,PC_HH,HH_DEG3,EU27_2020,2009,54.42,,
ESTAT:ISOC_CI_IN_H(1.0),25/06/26 23:00:00,A,PC_HH,HH_DEG3,EU27_2020,2010,58.51,,
ESTAT:ISOC_CI_IN_H(1.0),25/06/26 23:00:00,A,PC_HH,HH_DEG3,EU27_2020,2011,62.88,,
ESTAT:ISOC_CI_IN_H(1.0),25/06/26 23:00:00,A,PC_HH,HH_DEG3,EU27_2020,2012,65.28,,
ESTAT:ISOC_CI_IN_H(1.0),25/06/26 23:00:00,A,PC_HH,HH_DEG3,EU27_2020,2013,71.59,,
ESTAT:ISOC_CI_IN_H(1.0),25/06/26 23:00:00,A,PC_HH,HH_DEG3,EU27_2020,2014,73.55,,
ESTAT:ISOC_CI_IN_H(1.0),25/06/26 23:00:00,A,PC_HH,HH_DEG3,EU27_2020,2015,76.13,,
ESTAT:ISOC_CI_IN_H(1.0),25/06/26 23:00:00,A,PC_HH,HH_DEG3,EU27_2020,2016,79.35,,
ESTAT:ISOC_CI_IN_H(1.0),25/06/26 23:00:00,A,PC_HH,HH_DEG3,EU27_2020,2017,81.26,,
ESTAT:ISOC_CI_IN_H(1.0),25/06/26 23:00:00,A,PC_HH,HH_DEG3,EU27_2020,2018,83.87,,
ESTAT:ISOC_CI_IN_H(1.0),25/06/26 23:00:00,A,PC_HH,HH_DEG3,EU27_2020,2019,86.40,,
ESTAT:ISOC_CI_IN_H(1.0),25/06/26 23:00:00,A,PC_HH,HH_DEG3,EU27_2020,2020,88.32,e,
ESTAT:ISOC_CI_IN_H(1.0),25/06/26 23:00:00,A,PC_HH,HH_DEG3,EU27_2020,2021,89.48,b,
ESTAT:ISOC_CI_IN_H(1.0),25/06/26 23:00:00,A,PC_HH,HH_DEG3,EU27_2020,2022,89.95,,
ESTAT:ISOC_CI_IN_H(1.0),25/06/26 23:00:00,A,PC_HH,HH_DEG3,EU27_2020,2023,90.52,,
ESTAT:ISOC_CI_IN_H(1.0),25/06/26 23:00:00,A,PC_HH,HH_DEG3,EU27_2020,2024,92.45,,
ESTAT:ISOC_CI_IN_H(1.0),25/06/26 23:00:00,A,PC_HH,HH_DEG3,EU27_2020,2025,92.81,,
ESTAT:ISOC_CI_IN_H(1.0),25/06/26 23:00:00,A,PC_HH,HH_DEG3,EU28,2007,44.55,,
ESTAT:ISOC_CI_IN_H(1.0),25/06/26 23:00:00,A,PC_HH,HH_DEG3,EU28,2008,50.49,,
ESTAT:ISOC_CI_IN_H(1.0),25/06/26 23:00:00,A,PC_HH,HH_DEG3,EU28,2009,56.37,,
ESTAT:ISOC_CI_IN_H(1.0),25/06/26 23:00:00,A,PC_HH,HH_DEG3,EU28,2010,60.05,,
ESTAT:ISOC_CI_IN_H(1.0),25/06/26 23:00:00,A,PC_HH,HH_DEG3,EU28,2011,64.23,,
ESTAT:ISOC_CI_IN_H(1.0),25/06/26 23:00:00,A,PC_HH,HH_DEG3,EU28,2012,67.16,,
ESTAT:ISOC_CI_IN_H(1.0),25/06/26 23:00:00,A,PC_HH,HH_DEG3,EU28,2013,72.93,,
ESTAT:ISOC_CI_IN_H(1.0),25/06/26 23:00:00,A,PC_HH,HH_DEG3,EU28,2014,74.66,,
ESTAT:ISOC_CI_IN_H(1.0),25/06/26 23:00:00,A,PC_HH,HH_DEG3,EU28,2015,77.05,,
ESTAT:ISOC_CI_IN_H(1.0),25/06/26 23:00:00,A,PC_HH,HH_DEG3,EU28,2016,80.47,,
ESTAT:ISOC_CI_IN_H(1.0),25/06/26 23:00:00,A,PC_HH,HH_DEG3,EU28,2017,82.37,,
ESTAT:ISOC_CI_IN_H(1.0),25/06/26 23:00:00,A,PC_HH,HH_DEG3,EU28,2018,85.19,,
ESTAT:ISOC_CI_IN_H(1.0),25/06/26 23:00:00,A,PC_HH,HH_DEG3,EU28,2019,86.74,,
ESTAT:ISOC_CI_IN_H(1.0),25/06/26 23:00:00,A,PC_HH,HH_DEG3,FI,2004,44.64,,
ESTAT:ISOC_CI_IN_H(1.0),25/06/26 23:00:00,A,PC_HH,HH_DEG3,FI,2005,50.83,,
ESTAT:ISOC_CI_IN_H(1.0),25/06/26 23:00:00,A,PC_HH,HH_DEG3,FI,2006,60.08,,
ESTAT:ISOC_CI_IN_H(1.0),25/06/26 23:00:00,A,PC_HH,HH_DEG3,FI,2007,63.39,,
ESTAT:ISOC_CI_IN_H(1.0),25/06/26 23:00:00,A,PC_HH,HH_DEG3,FI,2008,68.73,,
ESTAT:ISOC_CI_IN_H(1.0),25/06/26 23:00:00,A,PC_HH,HH_DEG3,FI,2009,73.64,,
ESTAT:ISOC_CI_IN_H(1.0),25/06/26 23:00:00,A,PC_HH,HH_DEG3,FI,2010,77.99,,
ESTAT:ISOC_CI_IN_H(1.0),25/06/26 23:00:00,A,PC_HH,HH_DEG3,FI,2011,81.73,,
ESTAT:ISOC_CI_IN_H(1.0),25/06/26 23:00:00,A,PC_HH,HH_DEG3,FI,2012,85.41,,
ESTAT:ISOC_CI_IN_H(1.0),25/06/26 23:00:00,A,PC_HH,HH_DEG3,FI,2013,85.54,,
ESTAT:ISOC_CI_IN_H(1.0),25/06/26 23:00:00,A,PC_HH,HH_DEG3,FI,2014,86.12,,
ESTAT:ISOC_CI_IN_H(1.0),25/06/26 23:00:00,A,PC_HH,HH_DEG3,FI,2015,85.63,,
ESTAT:ISOC_CI_IN_H(1.0),25/06/26 23:00:00,A,PC_HH,HH_DEG3,FI,2016,87.73,,
ESTAT:ISOC_CI_IN_H(1.0),25/06/26 23:00:00,A,PC_HH,HH_DEG3,FI,2017,90.85,,
ESTAT:ISOC_CI_IN_H(1.0),25/06/26 23:00:00,A,PC_HH,HH_DEG3,FI,2018,93.06,,
ESTAT:ISOC_CI_IN_H(1.0),25/06/26 23:00:00,A,PC_HH,HH_DEG3,FI,2019,93.06,,
ESTAT:ISOC_CI_IN_H(1.0),25/06/26 23:00:00,A,PC_HH,HH_DEG3,FI,2020,94.10,,
ESTAT:ISOC_CI_IN_H(1.0),25/06/26 23:00:00,A,PC_HH,HH_DEG3,FI,2021,95.41,,
ESTAT:ISOC_CI_IN_H(1.0),25/06/26 23:00:00,A,PC_HH,HH_DEG3,FI,2022,97.07,,
ESTAT:ISOC_CI_IN_H(1.0),25/06/26 23:00:00,A,PC_HH,HH_DEG3,FI,2023,95.63,,
ESTAT:ISOC_CI_IN_H(1.0),25/06/26 23:00:00,A,PC_HH,HH_DEG3,FI,2024,96.36,,
ESTAT:ISOC_CI_IN_H(1.0),25/06/26 23:00:00,A,PC_HH,HH_DEG3,FI,2025,94.69,,
ESTAT:ISOC_CI_IN_H(1.0),25/06/26 23:00:00,A,PC_HH,HH_DEG3,FR,2004,26.22,,
ESTAT:ISOC_CI_IN_H(1.0),25/06/26 23:00:00,A,PC_HH,HH_DEG3,FR,2006,33.17,,
ESTAT:ISOC_CI_IN_H(1.0),25/06/26 23:00:00,A,PC_HH,HH_DEG3,FR,2007,46.62,,
ESTAT:ISOC_CI_IN_H(1.0),25/06/26 23:00:00,A,PC_HH,HH_DEG3,FR,2008,58.38,,
ESTAT:ISOC_CI_IN_H(1.0),25/06/26 23:00:00,A,PC_HH,HH_DEG3,FR,2009,66.97,,
ESTAT:ISOC_CI_IN_H(1.0),25/06/26 23:00:00,A,PC_HH,HH_DEG3,FR,2010,61.26,,
ESTAT:ISOC_CI_IN_H(1.0),25/06/26 23:00:00,A,PC_HH,HH_DEG3,FR,2011,69.00,,
ESTAT:ISOC_CI_IN_H(1.0),25/06/26 23:00:00,A,PC_HH,HH_DEG3,FR,2012,78.36,,
ESTAT:ISOC_CI_IN_H(1.0),25/06/26 23:00:00,A,PC_HH,HH_DEG3,FR,2013,79.70,,
ESTAT:ISOC_CI_IN_H(1.0),25/06/26 23:00:00,A,PC_HH,HH_DEG3,FR,2014,81.34,,
ESTAT:ISOC_CI_IN_H(1.0),25/06/26 23:00:00,A,PC_HH,HH_DEG3,FR,2015,81.63,,
ESTAT:ISOC_CI_IN_H(1.0),25/06/26 23:00:00,A,PC_HH,HH_DEG3,FR,2016,84.84,,
ESTAT:ISOC_CI_IN_H(1.0),25/06/26 23:00:00,A,PC_HH,HH_DEG3,FR,2017,85.49,,
ESTAT:ISOC_CI_IN_H(1.0),25/06/26 23:00:00,A,PC_HH,HH_DEG3,FR,2018,87.81,,
ESTAT:ISOC_CI_IN_H(1.0),25/06/26 23:00:00,A,PC_HH,HH_DEG3,FR,2019,90.09,,
ESTAT:ISOC_CI_IN_H(1.0),25/06/26 23:00:00,A,PC_HH,HH_DEG3,FR,2021,91.59,,
ESTAT:ISOC_CI_IN_H(1.0),25/06/26 23:00:00,A,PC_HH,HH_DEG3,FR,2022,91.40,,
ESTAT:ISOC_CI_IN_H(1.0),25/06/26 23:00:00,A,PC_HH,HH_DEG3,FR,2023,91.84,,
ESTAT:ISOC_CI_IN_H(1.0),25/06/26 23:00:00,A,PC_HH,HH_DEG3,FR,2024,93.85,,
ESTAT:ISOC_CI_IN_H(1.0),25/06/26 23:00:00,A,PC_HH,HH_DEG3,FR,2025,93.83,,
ESTAT:ISOC_CI_IN_H(1.0),25/06/26 23:00:00,A,PC_HH,HH_DEG3,HR,2007,31.02,,
ESTAT:ISOC_CI_IN_H(1.0),25/06/26 23:00:00,A,PC_HH,HH_DEG3,HR,2008,33.78,,
ESTAT:ISOC_CI_IN_H(1.0),25/06/26 23:00:00,A,PC_HH,HH_DEG3,HR,2009,39.55,,
ESTAT:ISOC_CI_IN_H(1.0),25/06/26 23:00:00,A,PC_HH,HH_DEG3,HR,2010,52.12,,
ESTAT:ISOC_CI_IN_H(1.0),25/06/26 23:00:00,A,PC_HH,HH_DEG3,HR,2011,55.89,,
ESTAT:ISOC_CI_IN_H(1.0),25/06/26 23:00:00,A,PC_HH,HH_DEG3,HR,2012,61.79,,
ESTAT:ISOC_CI_IN_H(1.0),25/06/26 23:00:00,A,PC_HH,HH_DEG3,HR,2013,60.34,,
ESTAT:ISOC_CI_IN_H(1.0),25/06/26 23:00:00,A,PC_HH,HH_DEG3,HR,2014,61.81,,
ESTAT:ISOC_CI_IN_H(1.0),25/06/26 23:00:00,A,PC_HH,HH_DEG3,HR,2015,70.94,,
ESTAT:ISOC_CI_IN_H(1.0),25/06/26 23:00:00,A,PC_HH,HH_DEG3,HR,2016,74.51,,
ESTAT:ISOC_CI_IN_H(1.0),25/06/26 23:00:00,A,PC_HH,HH_DEG3,HR,2017,72.30,,
ESTAT:ISOC_CI_IN_H(1.0),25/06/26 23:00:00,A,PC_HH,HH_DEG3,HR,2018,76.11,,
ESTAT:ISOC_CI_IN_H(1.0),25/06/26 23:00:00,A,PC_HH,HH_DEG3,HR,2019,74.64,,
ESTAT:ISOC_CI_IN_H(1.0),25/06/26 23:00:00,A,PC_HH,HH_DEG3,HR,2020,80.02,,
ESTAT:ISOC_CI_IN_H(1.0),25/06/26 23:00:00,A,PC_HH,HH_DEG3,HR,2021,81.64,,
ESTAT:ISOC_CI_IN_H(1.0),25/06/26 23:00:00,A,PC_HH,HH_DEG3,HR,2022,80.40,,
ESTAT:ISOC_CI_IN_H(1.0),25/06/26 23:00:00,A,PC_HH,HH_DEG3,HR,2023,86.56,,
ESTAT:ISOC_CI_IN_H(1.0),25/06/26 23:00:00,A,PC_HH,HH_DEG3,HR,2024,85.92,,
ESTAT:ISOC_CI_IN_H(1.0),25/06/26 23:00:00,A,PC_HH,HH_DEG3,HR,2025,84.46,,
ESTAT:ISOC_CI_IN_H(1.0),25/06/26 23:00:00,A,PC_HH,HH_DEG3,HU,2004,6.65,,
ESTAT:ISOC_CI_IN_H(1.0),25/06/26 23:00:00,A,PC_HH,HH_DEG3,HU,2005,14.40,,
ESTAT:ISOC_CI_IN_H(1.0),25/06/26 23:00:00,A,PC_HH,HH_DEG3,HU,2006,23.61,,
ESTAT:ISOC_CI_IN_H(1.0),25/06/26 23:00:00,A,PC_HH,HH_DEG3,HU,2007,29.97,,
ESTAT:ISOC_CI_IN_H(1.0),25/06/26 23:00:00,A,PC_HH,HH_DEG3,HU,2008,40.54,,
ESTAT:ISOC_CI_IN_H(1.0),25/06/26 23:00:00,A,PC_HH,HH_DEG3,HU,2009,46.44,,
ESTAT:ISOC_CI_IN_H(1.0),25/06/26 23:00:00,A,PC_HH,HH_DEG3,HU,2010,51.61,,
ESTAT:ISOC_CI_IN_H(1.0),25/06/26 23:00:00,A,PC_HH,HH_DEG3,HU,2011,54.33,,
ESTAT:ISOC_CI_IN_H(1.0),25/06/26 23:00:00,A,PC_HH,HH_DEG3,HU,2012,57.65,,
ESTAT:ISOC_CI_IN_H(1.0),25/06/26 23:00:00,A,PC_HH,HH_DEG3,HU,2013,60.57,,
ESTAT:ISOC_CI_IN_H(1.0),25/06/26 23:00:00,A,PC_HH,HH_DEG3,HU,2014,64.17,,
ESTAT:ISOC_CI_IN_H(1.0),25/06/26 23:00:00,A,PC_HH,HH_DEG3,HU,2015,66.26,,
ESTAT:ISOC_CI_IN_H(1.0),25/06/26 23:00:00,A,PC_HH,HH_DEG3,HU,2016,69.92,,
ESTAT:ISOC_CI_IN_H(1.0),25/06/26 23:00:00,A,PC_HH,HH_DEG3,HU,2017,74.39,,
ESTAT:ISOC_CI_IN_H(1.0),25/06/26 23:00:00,A,PC_HH,HH_DEG3,HU,2018,77.52,,
ESTAT:ISOC_CI_IN_H(1.0),25/06/26 23:00:00,A,PC_HH,HH_DEG3,HU,2019,80.95,,
ESTAT:ISOC_CI_IN_H(1.0),25/06/26 23:00:00,A,PC_HH,HH_DEG3,HU,2020,81.77,,
ESTAT:ISOC_CI_IN_H(1.0),25/06/26 23:00:00,A,PC_HH,HH_DEG3,HU,2021,85.51,,
ESTAT:ISOC_CI_IN_H(1.0),25/06/26 23:00:00,A,PC_HH,HH_DEG3,HU,2022,86.82,,
ESTAT:ISOC_CI_IN_H(1.0),25/06/26 23:00:00,A,PC_HH,HH_DEG3,HU,2023,89.10,,
ESTAT:ISOC_CI_IN_H(1.0),25/06/26 23:00:00,A,PC_HH,HH_DEG3,HU,2024,91.88,,
ESTAT:ISOC_CI_IN_H(1.0),25/06/26 23:00:00,A,PC_HH,HH_DEG3,HU,2025,91.45,,
ESTAT:ISOC_CI_IN_H(1.0),25/06/26 23:00:00,A,PC_HH,HH_DEG3,IE,2005,47.25,,
ESTAT:ISOC_CI_IN_H(1.0),25/06/26 23:00:00,A,PC_HH,HH_DEG3,IE,2006,47.01,,
ESTAT:ISOC_CI_IN_H(1.0),25/06/26 23:00:00,A,PC_HH,HH_DEG3,IE,2007,53.66,,
ESTAT:ISOC_CI_IN_H(1.0),25/06/26 23:00:00,A,PC_HH,HH_DEG3,IE,2008,58.60,,
ESTAT:ISOC_CI_IN_H(1.0),25/06/26 23:00:00,A,PC_HH,HH_DEG3,IE,2009,62.93,,
ESTAT:ISOC_CI_IN_H(1.0),25/06/26 23:00:00,A,PC_HH,HH_DEG3,IE,2010,66.73,,
ESTAT:ISOC_CI_IN_H(1.0),25/06/26 23:00:00,A,PC_HH,HH_DEG3,IE,2011,73.71,,
ESTAT:ISOC_CI_IN_H(1.0),25/06/26 23:00:00,A,PC_HH,HH_DEG3,IE,2013,79.19,,
ESTAT:ISOC_CI_IN_H(1.0),25/06/26 23:00:00,A,PC_HH,HH_DEG3,IE,2014,77.86,,
ESTAT:ISOC_CI_IN_H(1.0),25/06/26 23:00:00,A,PC_HH,HH_DEG3,IE,2015,81.10,,
ESTAT:ISOC_CI_IN_H(1.0),25/06/26 23:00:00,A,PC_HH,HH_DEG3,IE,2016,83.37,,
ESTAT:ISOC_CI_IN_H(1.0),25/06/26 23:00:00,A,PC_HH,HH_DEG3,IE,2017,84.38,,
ESTAT:ISOC_CI_IN_H(1.0),25/06/26 23:00:00,A,PC_HH,HH_DEG3,IE,2018,83.78,,
ESTAT:ISOC_CI_IN_H(1.0),25/06/26 23:00:00,A,PC_HH,HH_DEG3,IE,2019,87.17,,
ESTAT:ISOC_CI_IN_H(1.0),25/06/26 23:00:00,A,PC_HH,HH_DEG3,IE,2020,89.74,,
ESTAT:ISOC_CI_IN_H(1.0),25/06/26 23:00:00,A,PC_HH,HH_DEG3,IE,2021,96.62,b,
ESTAT:ISOC_CI_IN_H(1.0),25/06/26 23:00:00,A,PC_HH,HH_DEG3,IE,2022,,u,
ESTAT:ISOC_CI_IN_H(1.0),25/06/26 23:00:00,A,PC_HH,HH_DEG3,IE,2023,94.27,,
ESTAT:ISOC_CI_IN_H(1.0),25/06/26 23:00:00,A,PC_HH,HH_DEG3,IE,2024,91.03,,
ESTAT:ISOC_CI_IN_H(1.0),25/06/26 23:00:00,A,PC_HH,HH_DEG3,IE,2025,93.32,,
ESTAT:ISOC_CI_IN_H(1.0),25/06/26 23:00:00,A,PC_HH,HH_DEG3,IS,2004,77.47,,
ESTAT:ISOC_CI_IN_H(1.0),25/06/26 23:00:00,A,PC_HH,HH_DEG3,IS,2005,81.73,,
ESTAT:ISOC_CI_IN_H(1.0),25/06/26 23:00:00,A,PC_HH,HH_DEG3,IS,2006,78.30,,
ESTAT:ISOC_CI_IN_H(1.0),25/06/26 23:00:00,A,PC_HH,HH_DEG3,IS,2007,82.33,,
ESTAT:ISOC_CI_IN_H(1.0),25/06/26 23:00:00,A,PC_HH,HH_DEG3,IS,2008,87.11,,
ESTAT:ISOC_CI_IN_H(1.0),25/06/26 23:00:00,A,PC_HH,HH_DEG3,IS,2009,88.49,,
ESTAT:ISOC_CI_IN_H(1.0),25/06/26 23:00:00,A,PC_HH,HH_DEG3,IS,2010,90.36,,
ESTAT:ISOC_CI_IN_H(1.0),25/06/26 23:00:00,A,PC_HH,HH_DEG3,IS,2011,90.60,,
ESTAT:ISOC_CI_IN_H(1.0),25/06/26 23:00:00,A,PC_HH,HH_DEG3,IS,2012,92.84,,
ESTAT:ISOC_CI_IN_H(1.0),25/06/26 23:00:00,A,PC_HH,HH_DEG3,IS,2013,95.56,,
ESTAT:ISOC_CI_IN_H(1.0),25/06/26 23:00:00,A,PC_HH,HH_DEG3,IS,2014,92.28,,
ESTAT:ISOC_CI_IN_H(1.0),25/06/26 23:00:00,A,PC_HH,HH_DEG3,IS,2017,97.17,,
ESTAT:ISOC_CI_IN_H(1.0),25/06/26 23:00:00,A,PC_HH,HH_DEG3,IS,2018,100.00,,
ESTAT:ISOC_CI_IN_H(1.0),25/06/26 23:00:00,A,PC_HH,HH_DEG3,IS,2019,97.82,,
ESTAT:ISOC_CI_IN_H(1.0),25/06/26 23:00:00,A,PC_HH,HH_DEG3,IS,2020,98.66,,
ESTAT:ISOC_CI_IN_H(1.0),25/06/26 23:00:00,A,PC_HH,HH_DEG3,IS,2021,99.87,,
ESTAT:ISOC_CI_IN_H(1.0),25/06/26 23:00:00,A,PC_HH,HH_DEG3,IT,2004,26.97,,
ESTAT:ISOC_CI_IN_H(1.0),25/06/26 23:00:00,A,PC_HH,HH_DEG3,IT,2005,34.47,,
ESTAT:ISOC_CI_IN_H(1.0),25/06/26 23:00:00,A,PC_HH,HH_DEG3,IT,2006,36.23,,
ESTAT:ISOC_CI_IN_H(1.0),25/06/26 23:00:00,A,PC_HH,HH_DEG3,IT,2007,39.12,,
ESTAT:ISOC_CI_IN_H(1.0),25/06/26 23:00:00,A,PC_HH,HH_DEG3,IT,2008,41.92,,
ESTAT:ISOC_CI_IN_H(1.0),25/06/26 23:00:00,A,PC_HH,HH_DEG3,IT,2009,47.65,,
ESTAT:ISOC_CI_IN_H(1.0),25/06/26 23:00:00,A,PC_HH,HH_DEG3,IT,2010,52.66,,
ESTAT:ISOC_CI_IN_H(1.0),25/06/26 23:00:00,A,PC_HH,HH_DEG3,IT,2011,55.92,,
ESTAT:ISOC_CI_IN_H(1.0),25/06/26 23:00:00,A,PC_HH,HH_DEG3,IT,2012,57.93,,
ESTAT:ISOC_CI_IN_H(1.0),25/06/26 23:00:00,A,PC_HH,HH_DEG3,IT,2013,65.19,,
ESTAT:ISOC_CI_IN_H(1.0),25/06/26 23:00:00,A,PC_HH,HH_DEG3,IT,2014,69.29,,
ESTAT:ISOC_CI_IN_H(1.0),25/06/26 23:00:00,A,PC_HH,HH_DEG3,IT,2015,72.49,,
ESTAT:ISOC_CI_IN_H(1.0),25/06/26 23:00:00,A,PC_HH,HH_DEG3,IT,2016,74.21,,
ESTAT:ISOC_CI_IN_H(1.0),25/06/26 23:00:00,A,PC_HH,HH_DEG3,IT,2017,76.83,,
ESTAT:ISOC_CI_IN_H(1.0),25/06/26 23:00:00,A,PC_HH,HH_DEG3,IT,2018,82.89,,
ESTAT:ISOC_CI_IN_H(1.0),25/06/26 23:00:00,A,PC_HH,HH_DEG3,IT,2019,82.06,,
ESTAT:ISOC_CI_IN_H(1.0),25/06/26 23:00:00,A,PC_HH,HH_DEG3,IT,2020,85.51,,
ESTAT:ISOC_CI_IN_H(1.0),25/06/26 23:00:00,A,PC_HH,HH_DEG3,IT,2021,87.31,,
ESTAT:ISOC_CI_IN_H(1.0),25/06/26 23:00:00,A,PC_HH,HH_DEG3,IT,2022,88.08,,
ESTAT:ISOC_CI_IN_H(1.0),25/06/26 23:00:00,A,PC_HH,HH_DEG3,IT,2023,87.83,,
ESTAT:ISOC_CI_IN_H(1.0),25/06/26 23:00:00,A,PC_HH,HH_DEG3,IT,2024,92.05,,
ESTAT:ISOC_CI_IN_H(1.0),25/06/26 23:00:00,A,PC_HH,HH_DEG3,IT,2025,91.76,,
ESTAT:ISOC_CI_IN_H(1.0),25/06/26 23:00:00,A,PC_HH,HH_DEG3,LT,2004,5.79,,
ESTAT:ISOC_CI_IN_H(1.0),25/06/26 23:00:00,A,PC_HH,HH_DEG3,LT,2005,8.97,,
ESTAT:ISOC_CI_IN_H(1.0),25/06/26 23:00:00,A,PC_HH,HH_DEG3,LT,2006,24.99,,
ESTAT:ISOC_CI_IN_H(1.0),25/06/26 23:00:00,A,PC_HH,HH_DEG3,LT,2007,33.72,,
ESTAT:ISOC_CI_IN_H(1.0),25/06/26 23:00:00,A,PC_HH,HH_DEG3,LT,2008,43.78,,
ESTAT:ISOC_CI_IN_H(1.0),25/06/26 23:00:00,A,PC_HH,HH_DEG3,LT,2009,53.64,,
ESTAT:ISOC_CI_IN_H(1.0),25/06/26 23:00:00,A,PC_HH,HH_DEG3,LT,2010,52.29,,
ESTAT:ISOC_CI_IN_H(1.0),25/06/26 23:00:00,A,PC_HH,HH_DEG3,LT,2011,50.85,,
ESTAT:ISOC_CI_IN_H(1.0),25/06/26 23:00:00,A,PC_HH,HH_DEG3,LT,2012,49.92,,
ESTAT:ISOC_CI_IN_H(1.0),25/06/26 23:00:00,A,PC_HH,HH_DEG3,LT,2013,53.99,,
ESTAT:ISOC_CI_IN_H(1.0),25/06/26 23:00:00,A,PC_HH,HH_DEG3,LT,2014,57.67,,
ESTAT:ISOC_CI_IN_H(1.0),25/06/26 23:00:00,A,PC_HH,HH_DEG3,LT,2015,61.44,,
ESTAT:ISOC_CI_IN_H(1.0),25/06/26 23:00:00,A,PC_HH,HH_DEG3,LT,2016,64.95,,
ESTAT:ISOC_CI_IN_H(1.0),25/06/26 23:00:00,A,PC_HH,HH_DEG3,LT,2017,67.09,,
ESTAT:ISOC_CI_IN_H(1.0),25/06/26 23:00:00,A,PC_HH,HH_DEG3,LT,2018,72.19,,
ESTAT:ISOC_CI_IN_H(1.0),25/06/26 23:00:00,A,PC_HH,HH_DEG3,LT,2019,77.43,,
ESTAT:ISOC_CI_IN_H(1.0),25/06/26 23:00:00,A,PC_HH,HH_DEG3,LT,2020,77.79,,
ESTAT:ISOC_CI_IN_H(1.0),25/06/26 23:00:00,A,PC_HH,HH_DEG3,LT,2021,82.92,,
ESTAT:ISOC_CI_IN_H(1.0),25/06/26 23:00:00,A,PC_HH,HH_DEG3,LT,2022,83.28,,
ESTAT:ISOC_CI_IN_H(1.0),25/06/26 23:00:00,A,PC_HH,HH_DEG3,LT,2023,85.03,,
ESTAT:ISOC_CI_IN_H(1.0),25/06/26 23:00:00,A,PC_HH,HH_DEG3,LT,2024,86.37,,
ESTAT:ISOC_CI_IN_H(1.0),25/06/26 23:00:00,A,PC_HH,HH_DEG3,LT,2025,84.62,,
ESTAT:ISOC_CI_IN_H(1.0),25/06/26 23:00:00,A,PC_HH,HH_DEG3,LU,2004,71.57,,
ESTAT:ISOC_CI_IN_H(1.0),25/06/26 23:00:00,A,PC_HH,HH_DEG3,LU,2005,64.48,,
ESTAT:ISOC_CI_IN_H(1.0),25/06/26 23:00:00,A,PC_HH,HH_DEG3,LU,2006,74.13,,
ESTAT:ISOC_CI_IN_H(1.0),25/06/26 23:00:00,A,PC_HH,HH_DEG3,LU,2007,80.74,,
ESTAT:ISOC_CI_IN_H(1.0),25/06/26 23:00:00,A,PC_HH,HH_DEG3,LU,2008,81.58,,
ESTAT:ISOC_CI_IN_H(1.0),25/06/26 23:00:00,A,PC_HH,HH_DEG3,LU,2009,87.77,,
ESTAT:ISOC_CI_IN_H(1.0),25/06/26 23:00:00,A,PC_HH,HH_DEG3,LU,2010,91.00,,
ESTAT:ISOC_CI_IN_H(1.0),25/06/26 23:00:00,A,PC_HH,HH_DEG3,LU,2011,93.46,,
ESTAT:ISOC_CI_IN_H(1.0),25/06/26 23:00:00,A,PC_HH,HH_DEG3,LU,2013,95.86,,
ESTAT:ISOC_CI_IN_H(1.0),25/06/26 23:00:00,A,PC_HH,HH_DEG3,LU,2014,95.71,,
ESTAT:ISOC_CI_IN_H(1.0),25/06/26 23:00:00,A,PC_HH,HH_DEG3,LU,2015,97.63,,
ESTAT:ISOC_CI_IN_H(1.0),25/06/26 23:00:00,A,PC_HH,HH_DEG3,LU,2016,98.58,,
ESTAT:ISOC_CI_IN_H(1.0),25/06/26 23:00:00,A,PC_HH,HH_DEG3,LU,2017,98.43,,
ESTAT:ISOC_CI_IN_H(1.0),25/06/26 23:00:00,A,PC_HH,HH_DEG3,LU,2018,92.86,b,
ESTAT:ISOC_CI_IN_H(1.0),25/06/26 23:00:00,A,PC_HH,HH_DEG3,LU,2019,95.26,,
ESTAT:ISOC_CI_IN_H(1.0),25/06/26 23:00:00,A,PC_HH,HH_DEG3,LU,2020,96.07,,
ESTAT:ISOC_CI_IN_H(1.0),25/06/26 23:00:00,A,PC_HH,HH_DEG3,LU,2021,98.95,,
ESTAT:ISOC_CI_IN_H(1.0),25/06/26 23:00:00,A,PC_HH,HH_DEG3,LU,2022,97.62,,
ESTAT:ISOC_CI_IN_H(1.0),25/06/26 23:00:00,A,PC_HH,HH_DEG3,LU,2023,98.30,,
ESTAT:ISOC_CI_IN_H(1.0),25/06/26 23:00:00,A,PC_HH,HH_DEG3,LU,2024,98.82,,
ESTAT:ISOC_CI_IN_H(1.0),25/06/26 23:00:00,A,PC_HH,HH_DEG3,LU,2025,98.82,,
ESTAT:ISOC_CI_IN_H(1.0),25/06/26 23:00:00,A,PC_HH,HH_DEG3,LV,2004,10.35,,
ESTAT:ISOC_CI_IN_H(1.0),25/06/26 23:00:00,A,PC_HH,HH_DEG3,LV,2005,23.13,,
ESTAT:ISOC_CI_IN_H(1.0),25/06/26 23:00:00,A,PC_HH,HH_DEG3,LV,2006,35.75,,
ESTAT:ISOC_CI_IN_H(1.0),25/06/26 23:00:00,A,PC_HH,HH_DEG3,LV,2007,44.45,,
ESTAT:ISOC_CI_IN_H(1.0),25/06/26 23:00:00,A,PC_HH,HH_DEG3,LV,2008,47.22,,
ESTAT:ISOC_CI_IN_H(1.0),25/06/26 23:00:00,A,PC_HH,HH_DEG3,LV,2009,52.33,,
ESTAT:ISOC_CI_IN_H(1.0),25/06/26 23:00:00,A,PC_HH,HH_DEG3,LV,2010,54.71,,
ESTAT:ISOC_CI_IN_H(1.0),25/06/26 23:00:00,A,PC_HH,HH_DEG3,LV,2011,59.53,,
ESTAT:ISOC_CI_IN_H(1.0),25/06/26 23:00:00,A,PC_HH,HH_DEG3,LV,2012,62.23,,
ESTAT:ISOC_CI_IN_H(1.0),25/06/26 23:00:00,A,PC_HH,HH_DEG3,LV,2013,65.52,,
ESTAT:ISOC_CI_IN_H(1.0),25/06/26 23:00:00,A,PC_HH,HH_DEG3,LV,2014,67.85,,
ESTAT:ISOC_CI_IN_H(1.0),25/06/26 23:00:00,A,PC_HH,HH_DEG3,LV,2015,69.59,,
ESTAT:ISOC_CI_IN_H(1.0),25/06/26 23:00:00,A,PC_HH,HH_DEG3,LV,2016,73.58,b,
ESTAT:ISOC_CI_IN_H(1.0),25/06/26 23:00:00,A,PC_HH,HH_DEG3,LV,2017,72.60,,
ESTAT:ISOC_CI_IN_H(1.0),25/06/26 23:00:00,A,PC_HH,HH_DEG3,LV,2018,76.16,,
ESTAT:ISOC_CI_IN_H(1.0),25/06/26 23:00:00,A,PC_HH,HH_DEG3,LV,2019,80.69,,
ESTAT:ISOC_CI_IN_H(1.0),25/06/26 23:00:00,A,PC_HH,HH_DEG3,LV,2020,87.37,,
ESTAT:ISOC_CI_IN_H(1.0),25/06/26 23:00:00,A,PC_HH,HH_DEG3,LV,2021,89.38,,
ESTAT:ISOC_CI_IN_H(1.0),25/06/26 23:00:00,A,PC_HH,HH_DEG3,LV,2022,89.05,,
ESTAT:ISOC_CI_IN_H(1.0),25/06/26 23:00:00,A,PC_HH,HH_DEG3,LV,2023,91.87,,
ESTAT:ISOC_CI_IN_H(1.0),25/06/26 23:00:00,A,PC_HH,HH_DEG3,LV,2024,92.31,,
ESTAT:ISOC_CI_IN_H(1.0),25/06/26 23:00:00,A,PC_HH,HH_DEG3,LV,2025,92.96,,
ESTAT:ISOC_CI_IN_H(1.0),25/06/26 23:00:00,A,PC_HH,HH_DEG3,MK,2018,76.05,,
ESTAT:ISOC_CI_IN_H(1.0),25/06/26 23:00:00,A,PC_HH,HH_DEG3,MK,2019,78.79,,
ESTAT:ISOC_CI_IN_H(1.0),25/06/26 23:00:00,A,PC_HH,HH_DEG3,MK,2020,76.81,,
ESTAT:ISOC_CI_IN_H(1.0),25/06/26 23:00:00,A,PC_HH,HH_DEG3,MK,2021,81.82,,
ESTAT:ISOC_CI_IN_H(1.0),25/06/26 23:00:00,A,PC_HH,HH_DEG3,MK,2024,86.51,,
ESTAT:ISOC_CI_IN_H(1.0),25/06/26 23:00:00,A,PC_HH,HH_DEG3,MK,2025,87.59,,
ESTAT:ISOC_CI_IN_H(1.0),25/06/26 23:00:00,A,PC_HH,HH_DEG3,MT,2005,32.32,,
ESTAT:ISOC_CI_IN_H(1.0),25/06/26 23:00:00,A,PC_HH,HH_DEG3,MT,2006,53.03,,
ESTAT:ISOC_CI_IN_H(1.0),25/06/26 23:00:00,A,PC_HH,HH_DEG3,MT,2007,45.25,,
ESTAT:ISOC_CI_IN_H(1.0),25/06/26 23:00:00,A,PC_HH,HH_DEG3,MT,2008,56.78,,
ESTAT:ISOC_CI_IN_H(1.0),25/06/26 23:00:00,A,PC_HH,HH_DEG3,MT,2009,52.36,,
ESTAT:ISOC_CI_IN_H(1.0),25/06/26 23:00:00,A,PC_HH,HH_DEG3,MT,2010,78.56,,
ESTAT:ISOC_CI_IN_H(1.0),25/06/26 23:00:00,A,PC_HH,HH_DEG3,MT,2011,75.51,,
ESTAT:ISOC_CI_IN_H(1.0),25/06/26 23:00:00,A,PC_HH,HH_DEG3,MT,2012,69.74,,
ESTAT:ISOC_CI_IN_H(1.0),25/06/26 23:00:00,A,PC_HH,HH_DEG3,MT,2013,72.71,,
ESTAT:ISOC_CI_IN_H(1.0),25/06/26 23:00:00,A,PC_HH,HH_DEG3,MT,2014,75.92,,
ESTAT:ISOC_CI_IN_H(1.0),25/06/26 23:00:00,A,PC_HH,HH_DEG3,MT,2015,74.19,,
ESTAT:ISOC_CI_IN_H(1.0),25/06/26 23:00:00,A,PC_HH,HH_DEG3,MT,2016,73.42,u,
ESTAT:ISOC_CI_IN_H(1.0),25/06/26 23:00:00,A,PC_HH,HH_DEG3,MT,2017,72.18,u,
ESTAT:ISOC_CI_IN_H(1.0),25/06/26 23:00:00,A,PC_HH,HH_DEG3,MT,2018,94.01,u,
ESTAT:ISOC_CI_IN_H(1.0),25/06/26 23:00:00,A,PC_HH,HH_DEG3,MT,2019,63.59,u,
ESTAT:ISOC_CI_IN_H(1.0),25/06/26 23:00:00,A,PC_HH,HH_DEG3,MT,2020,83.57,u,
ESTAT:ISOC_CI_IN_H(1.0),25/06/26 23:00:00,A,PC_HH,HH_DEG3,MT,2021,96.03,u,
ESTAT:ISOC_CI_IN_H(1.0),25/06/26 23:00:00,A,PC_HH,HH_DEG3,MT,2022,95.78,,
ESTAT:ISOC_CI_IN_H(1.0),25/06/26 23:00:00,A,PC_HH,HH_DEG3,MT,2023,96.61,u,
ESTAT:ISOC_CI_IN_H(1.0),25/06/26 23:00:00,A,PC_HH,HH_DEG3,MT,2024,96.72,,
ESTAT:ISOC_CI_IN_H(1.0),25/06/26 23:00:00,A,PC_HH,HH_DEG3,MT,2025,100.00,u,
ESTAT:ISOC_CI_IN_H(1.0),25/06/26 23:00:00,A,PC_HH,HH_DEG3,NL,2004,66.00,,
ESTAT:ISOC_CI_IN_H(1.0),25/06/26 23:00:00,A,PC_HH,HH_DEG3,NL,2005,75.21,,
ESTAT:ISOC_CI_IN_H(1.0),25/06/26 23:00:00,A,PC_HH,HH_DEG3,NL,2006,78.25,,
ESTAT:ISOC_CI_IN_H(1.0),25/06/26 23:00:00,A,PC_HH,HH_DEG3,NL,2007,80.86,,
ESTAT:ISOC_CI_IN_H(1.0),25/06/26 23:00:00,A,PC_HH,HH_DEG3,NL,2008,83.99,,
ESTAT:ISOC_CI_IN_H(1.0),25/06/26 23:00:00,A,PC_HH,HH_DEG3,NL,2009,87.09,,
ESTAT:ISOC_CI_IN_H(1.0),25/06/26 23:00:00,A,PC_HH,HH_DEG3,NL,2010,89.88,,
ESTAT:ISOC_CI_IN_H(1.0),25/06/26 23:00:00,A,PC_HH,HH_DEG3,NL,2011,93.44,,
ESTAT:ISOC_CI_IN_H(1.0),25/06/26 23:00:00,A,PC_HH,HH_DEG3,NL,2012,95.09,,
ESTAT:ISOC_CI_IN_H(1.0),25/06/26 23:00:00,A,PC_HH,HH_DEG3,NL,2013,96.47,,
ESTAT:ISOC_CI_IN_H(1.0),25/06/26 23:00:00,A,PC_HH,HH_DEG3,NL,2014,96.20,,
ESTAT:ISOC_CI_IN_H(1.0),25/06/26 23:00:00,A,PC_HH,HH_DEG3,NL,2015,96.66,,
ESTAT:ISOC_CI_IN_H(1.0),25/06/26 23:00:00,A,PC_HH,HH_DEG3,NL,2016,95.82,b,
ESTAT:ISOC_CI_IN_H(1.0),25/06/26 23:00:00,A,PC_HH,HH_DEG3,NL,2017,97.45,,
ESTAT:ISOC_CI_IN_H(1.0),25/06/26 23:00:00,A,PC_HH,HH_DEG3,NL,2018,97.53,,
ESTAT:ISOC_CI_IN_H(1.0),25/06/26 23:00:00,A,PC_HH,HH_DEG3,NL,2019,98.90,,
ESTAT:ISOC_CI_IN_H(1.0),25/06/26 23:00:00,A,PC_HH,HH_DEG3,NL,2020,96.23,,
ESTAT:ISOC_CI_IN_H(1.0),25/06/26 23:00:00,A,PC_HH,HH_DEG3,NL,2021,98.50,,
ESTAT:ISOC_CI_IN_H(1.0),25/06/26 23:00:00,A,PC_HH,HH_DEG3,NL,2022,98.32,,
ESTAT:ISOC_CI_IN_H(1.0),25/06/26 23:00:00,A,PC_HH,HH_DEG3,NL,2023,98.32,,
ESTAT:ISOC_CI_IN_H(1.0),25/06/26 23:00:00,A,PC_HH,HH_DEG3,NL,2024,98.57,,
ESTAT:ISOC_CI_IN_H(1.0),25/06/26 23:00:00,A,PC_HH,HH_DEG3,NL,2025,98.94,,
ESTAT:ISOC_CI_IN_H(1.0),25/06/26 23:00:00,A,PC_HH,HH_DEG3,NO,2004,59.86,,
ESTAT:ISOC_CI_IN_H(1.0),25/06/26 23:00:00,A,PC_HH,HH_DEG3,NO,2005,61.21,,
ESTAT:ISOC_CI_IN_H(1.0),25/06/26 23:00:00,A,PC_HH,HH_DEG3,NO,2006,63.96,,
ESTAT:ISOC_CI_IN_H(1.0),25/06/26 23:00:00,A,PC_HH,HH_DEG3,NO,2007,74.23,,
ESTAT:ISOC_CI_IN_H(1.0),25/06/26 23:00:00,A,PC_HH,HH_DEG3,NO,2008,82.16,,
ESTAT:ISOC_CI_IN_H(1.0),25/06/26 23:00:00,A,PC_HH,HH_DEG3,NO,2009,80.05,,
ESTAT:ISOC_CI_IN_H(1.0),25/06/26 23:00:00,A,PC_HH,HH_DEG3,NO,2010,86.13,,
ESTAT:ISOC_CI_IN_H(1.0),25/06/26 23:00:00,A,PC_HH,HH_DEG3,NO,2011,92.73,,
ESTAT:ISOC_CI_IN_H(1.0),25/06/26 23:00:00,A,PC_HH,HH_DEG3,NO,2013,91.61,,
ESTAT:ISOC_CI_IN_H(1.0),25/06/26 23:00:00,A,PC_HH,HH_DEG3,NO,2014,90.51,,
ESTAT:ISOC_CI_IN_H(1.0),25/06/26 23:00:00,A,PC_HH,HH_DEG3,NO,2015,96.49,,
ESTAT:ISOC_CI_IN_H(1.0),25/06/26 23:00:00,A,PC_HH,HH_DEG3,NO,2016,96.14,,
ESTAT:ISOC_CI_IN_H(1.0),25/06/26 23:00:00,A,PC_HH,HH_DEG3,NO,2017,95.21,,
ESTAT:ISOC_CI_IN_H(1.0),25/06/26 23:00:00,A,PC_HH,HH_DEG3,NO,2018,94.66,,
ESTAT:ISOC_CI_IN_H(1.0),25/06/26 23:00:00,A,PC_HH,HH_DEG3,NO,2019,97.05,,
ESTAT:ISOC_CI_IN_H(1.0),25/06/26 23:00:00,A,PC_HH,HH_DEG3,NO,2020,91.68,,
ESTAT:ISOC_CI_IN_H(1.0),25/06/26 23:00:00,A,PC_HH,HH_DEG3,NO,2021,99.22,,
ESTAT:ISOC_CI_IN_H(1.0),25/06/26 23:00:00,A,PC_HH,HH_DEG3,NO,2022,98.31,,
ESTAT:ISOC_CI_IN_H(1.0),25/06/26 23:00:00,A,PC_HH,HH_DEG3,NO,2023,99.05,,
ESTAT:ISOC_CI_IN_H(1.0),25/06/26 23:00:00,A,PC_HH,HH_DEG3,NO,2024,98.58,,
ESTAT:ISOC_CI_IN_H(1.0),25/06/26 23:00:00,A,PC_HH,HH_DEG3,NO,2025,98.53,,
ESTAT:ISOC_CI_IN_H(1.0),25/06/26 23:00:00,A,PC_HH,HH_DEG3,PL,2004,15.11,,
ESTAT:ISOC_CI_IN_H(1.0),25/06/26 23:00:00,A,PC_HH,HH_DEG3,PL,2005,18.79,,
ESTAT:ISOC_CI_IN_H(1.0),25/06/26 23:00:00,A,PC_HH,HH_DEG3,PL,2006,25.14,,
ESTAT:ISOC_CI_IN_H(1.0),25/06/26 23:00:00,A,PC_HH,HH_DEG3,PL,2007,34.21,,
ESTAT:ISOC_CI_IN_H(1.0),25/06/26 23:00:00,A,PC_HH,HH_DEG3,PL,2008,40.65,,
ESTAT:ISOC_CI_IN_H(1.0),25/06/26 23:00:00,A,PC_HH,HH_DEG3,PL,2009,52.19,,
ESTAT:ISOC_CI_IN_H(1.0),25/06/26 23:00:00,A,PC_HH,HH_DEG3,PL,2010,58.83,,
ESTAT:ISOC_CI_IN_H(1.0),25/06/26 23:00:00,A,PC_HH,HH_DEG3,PL,2011,61.56,,
ESTAT:ISOC_CI_IN_H(1.0),25/06/26 23:00:00,A,PC_HH,HH_DEG3,PL,2012,65.14,,
ESTAT:ISOC_CI_IN_H(1.0),25/06/26 23:00:00,A,PC_HH,HH_DEG3,PL,2013,67.42,,
ESTAT:ISOC_CI_IN_H(1.0),25/06/26 23:00:00,A,PC_HH,HH_DEG3,PL,2014,71.07,,
ESTAT:ISOC_CI_IN_H(1.0),25/06/26 23:00:00,A,PC_HH,HH_DEG3,PL,2015,72.76,,
ESTAT:ISOC_CI_IN_H(1.0),25/06/26 23:00:00,A,PC_HH,HH_DEG3,PL,2016,79.05,,
ESTAT:ISOC_CI_IN_H(1.0),25/06/26 23:00:00,A,PC_HH,HH_DEG3,PL,2017,79.00,,
ESTAT:ISOC_CI_IN_H(1.0),25/06/26 23:00:00,A,PC_HH,HH_DEG3,PL,2018,81.60,,
ESTAT:ISOC_CI_IN_H(1.0),25/06/26 23:00:00,A,PC_HH,HH_DEG3,PL,2019,83.49,,
ESTAT:ISOC_CI_IN_H(1.0),25/06/26 23:00:00,A,PC_HH,HH_DEG3,PL,2020,88.88,,
ESTAT:ISOC_CI_IN_H(1.0),25/06/26 23:00:00,A,PC_HH,HH_DEG3,PL,2021,91.93,,
ESTAT:ISOC_CI_IN_H(1.0),25/06/26 23:00:00,A,PC_HH,HH_DEG3,PL,2022,92.85,,
ESTAT:ISOC_CI_IN_H(1.0),25/06/26 23:00:00,A,PC_HH,HH_DEG3,PL,2023,92.89,,
ESTAT:ISOC_CI_IN_H(1.0),25/06/26 23:00:00,A,PC_HH,HH_DEG3,PL,2024,95.32,,
ESTAT:ISOC_CI_IN_H(1.0),25/06/26 23:00:00,A,PC_HH,HH_DEG3,PL,2025,95.34,,
ESTAT:ISOC_CI_IN_H(1.0),25/06/26 23:00:00,A,PC_HH,HH_DEG3,PT,2004,18.14,,
ESTAT:ISOC_CI_IN_H(1.0),25/06/26 23:00:00,A,PC_HH,HH_DEG3,PT,2005,23.47,,
ESTAT:ISOC_CI_IN_H(1.0),25/06/26 23:00:00,A,PC_HH,HH_DEG3,PT,2006,29.04,,
ESTAT:ISOC_CI_IN_H(1.0),25/06/26 23:00:00,A,PC_HH,HH_DEG3,PT,2007,31.75,,
ESTAT:ISOC_CI_IN_H(1.0),25/06/26 23:00:00,A,PC_HH,HH_DEG3,PT,2008,33.67,,
ESTAT:ISOC_CI_IN_H(1.0),25/06/26 23:00:00,A,PC_HH,HH_DEG3,PT,2009,35.16,,
ESTAT:ISOC_CI_IN_H(1.0),25/06/26 23:00:00,A,PC_HH,HH_DEG3,PT,2010,41.05,,
ESTAT:ISOC_CI_IN_H(1.0),25/06/26 23:00:00,A,PC_HH,HH_DEG3,PT,2011,44.10,,
ESTAT:ISOC_CI_IN_H(1.0),25/06/26 23:00:00,A,PC_HH,HH_DEG3,PT,2012,46.19,,
ESTAT:ISOC_CI_IN_H(1.0),25/06/26 23:00:00,A,PC_HH,HH_DEG3,PT,2013,48.89,,
ESTAT:ISOC_CI_IN_H(1.0),25/06/26 23:00:00,A,PC_HH,HH_DEG3,PT,2014,51.42,,
ESTAT:ISOC_CI_IN_H(1.0),25/06/26 23:00:00,A,PC_HH,HH_DEG3,PT,2015,56.01,,
ESTAT:ISOC_CI_IN_H(1.0),25/06/26 23:00:00,A,PC_HH,HH_DEG3,PT,2016,60.47,,
ESTAT:ISOC_CI_IN_H(1.0),25/06/26 23:00:00,A,PC_HH,HH_DEG3,PT,2017,63.22,,
ESTAT:ISOC_CI_IN_H(1.0),25/06/26 23:00:00,A,PC_HH,HH_DEG3,PT,2018,65.41,,
ESTAT:ISOC_CI_IN_H(1.0),25/06/26 23:00:00,A,PC_HH,HH_DEG3,PT,2019,70.27,,
ESTAT:ISOC_CI_IN_H(1.0),25/06/26 23:00:00,A,PC_HH,HH_DEG3,PT,2020,74.19,,
ESTAT:ISOC_CI_IN_H(1.0),25/06/26 23:00:00,A,PC_HH,HH_DEG3,PT,2021,77.82,,
ESTAT:ISOC_CI_IN_H(1.0),25/06/26 23:00:00,A,PC_HH,HH_DEG3,PT,2022,79.16,,
ESTAT:ISOC_CI_IN_H(1.0),25/06/26 23:00:00,A,PC_HH,HH_DEG3,PT,2023,79.94,,
ESTAT:ISOC_CI_IN_H(1.0),25/06/26 23:00:00,A,PC_HH,HH_DEG3,PT,2024,83.76,,
ESTAT:ISOC_CI_IN_H(1.0),25/06/26 23:00:00,A,PC_HH,HH_DEG3,PT,2025,83.93,,
ESTAT:ISOC_CI_IN_H(1.0),25/06/26 23:00:00,A,PC_HH,HH_DEG3,RO,2006,1.62,,
ESTAT:ISOC_CI_IN_H(1.0),25/06/26 23:00:00,A,PC_HH,HH_DEG3,RO,2007,3.40,,
ESTAT:ISOC_CI_IN_H(1.0),25/06/26 23:00:00,A,PC_HH,HH_DEG3,RO,2008,14.71,,
ESTAT:ISOC_CI_IN_H(1.0),25/06/26 23:00:00,A,PC_HH,HH_DEG3,RO,2009,22.20,,
ESTAT:ISOC_CI_IN_H(1.0),25/06/26 23:00:00,A,PC_HH,HH_DEG3,RO,2010,26.10,,
ESTAT:ISOC_CI_IN_H(1.0),25/06/26 23:00:00,A,PC_HH,HH_DEG3,RO,2011,32.03,,
ESTAT:ISOC_CI_IN_H(1.0),25/06/26 23:00:00,A,PC_HH,HH_DEG3,RO,2012,30.26,,
ESTAT:ISOC_CI_IN_H(1.0),25/06/26 23:00:00,A,PC_HH,HH_DEG3,RO,2013,36.53,,
ESTAT:ISOC_CI_IN_H(1.0),25/06/26 23:00:00,A,PC_HH,HH_DEG3,RO,2014,41.08,b,
ESTAT:ISOC_CI_IN_H(1.0),25/06/26 23:00:00,A,PC_HH,HH_DEG3,RO,2015,54.42,,
ESTAT:ISOC_CI_IN_H(1.0),25/06/26 23:00:00,A,PC_HH,HH_DEG3,RO,2016,60.97,,
ESTAT:ISOC_CI_IN_H(1.0),25/06/26 23:00:00,A,PC_HH,HH_DEG3,RO,2017,65.13,,
ESTAT:ISOC_CI_IN_H(1.0),25/06/26 23:00:00,A,PC_HH,HH_DEG3,RO,2018,71.51,,
ESTAT:ISOC_CI_IN_H(1.0),25/06/26 23:00:00,A,PC_HH,HH_DEG3,RO,2019,76.53,,
ESTAT:ISOC_CI_IN_H(1.0),25/06/26 23:00:00,A,PC_HH,HH_DEG3,RO,2020,78.93,,
ESTAT:ISOC_CI_IN_H(1.0),25/06/26 23:00:00,A,PC_HH,HH_DEG3,RO,2021,83.21,,
ESTAT:ISOC_CI_IN_H(1.0),25/06/26 23:00:00,A,PC_HH,HH_DEG3,RO,2022,83.49,,
ESTAT:ISOC_CI_IN_H(1.0),25/06/26 23:00:00,A,PC_HH,HH_DEG3,RO,2023,88.12,,
ESTAT:ISOC_CI_IN_H(1.0),25/06/26 23:00:00,A,PC_HH,HH_DEG3,RO,2024,91.17,,
ESTAT:ISOC_CI_IN_H(1.0),25/06/26 23:00:00,A,PC_HH,HH_DEG3,RO,2025,93.46,,
ESTAT:ISOC_CI_IN_H(1.0),25/06/26 23:00:00,A,PC_HH,HH_DEG3,SE,2005,72.11,,
ESTAT:ISOC_CI_IN_H(1.0),25/06/26 23:00:00,A,PC_HH,HH_DEG3,SE,2006,73.03,,
ESTAT:ISOC_CI_IN_H(1.0),25/06/26 23:00:00,A,PC_HH,HH_DEG3,SE,2007,75.37,,
ESTAT:ISOC_CI_IN_H(1.0),25/06/26 23:00:00,A,PC_HH,HH_DEG3,SE,2008,81.16,,
ESTAT:ISOC_CI_IN_H(1.0),25/06/26 23:00:00,A,PC_HH,HH_DEG3,SE,2009,84.55,,
ESTAT:ISOC_CI_IN_H(1.0),25/06/26 23:00:00,A,PC_HH,HH_DEG3,SE,2010,86.19,,
ESTAT:ISOC_CI_IN_H(1.0),25/06/26 23:00:00,A,PC_HH,HH_DEG3,SE,2011,87.99,,
ESTAT:ISOC_CI_IN_H(1.0),25/06/26 23:00:00,A,PC_HH,HH_DEG3,SE,2012,88.26,,
ESTAT:ISOC_CI_IN_H(1.0),25/06/26 23:00:00,A,PC_HH,HH_DEG3,SE,2013,90.69,,
ESTAT:ISOC_CI_IN_H(1.0),25/06/26 23:00:00,A,PC_HH,HH_DEG3,SE,2014,84.04,,
ESTAT:ISOC_CI_IN_H(1.0),25/06/26 23:00:00,A,PC_HH,HH_DEG3,SE,2015,89.56,,
ESTAT:ISOC_CI_IN_H(1.0),25/06/26 23:00:00,A,PC_HH,HH_DEG3,SE,2016,88.89,b,
ESTAT:ISOC_CI_IN_H(1.0),25/06/26 23:00:00,A,PC_HH,HH_DEG3,SE,2017,92.37,,
ESTAT:ISOC_CI_IN_H(1.0),25/06/26 23:00:00,A,PC_HH,HH_DEG3,SE,2018,91.29,,
ESTAT:ISOC_CI_IN_H(1.0),25/06/26 23:00:00,A,PC_HH,HH_DEG3,SE,2019,97.19,,
ESTAT:ISOC_CI_IN_H(1.0),25/06/26 23:00:00,A,PC_HH,HH_DEG3,SE,2020,90.29,,
ESTAT:ISOC_CI_IN_H(1.0),25/06/26 23:00:00,A,PC_HH,HH_DEG3,SE,2021,93.73,,
ESTAT:ISOC_CI_IN_H(1.0),25/06/26 23:00:00,A,PC_HH,HH_DEG3,SE,2022,92.55,,
ESTAT:ISOC_CI_IN_H(1.0),25/06/26 23:00:00,A,PC_HH,HH_DEG3,SE,2023,91.72,,
ESTAT:ISOC_CI_IN_H(1.0),25/06/26 23:00:00,A,PC_HH,HH_DEG3,SE,2024,95.29,,
ESTAT:ISOC_CI_IN_H(1.0),25/06/26 23:00:00,A,PC_HH,HH_DEG3,SE,2025,95.34,,
ESTAT:ISOC_CI_IN_H(1.0),25/06/26 23:00:00,A,PC_HH,HH_DEG3,SI,2004,43.00,,
ESTAT:ISOC_CI_IN_H(1.0),25/06/26 23:00:00,A,PC_HH,HH_DEG3,SI,2005,44.56,,
ESTAT:ISOC_CI_IN_H(1.0),25/06/26 23:00:00,A,PC_HH,HH_DEG3,SI,2006,51.07,,
ESTAT:ISOC_CI_IN_H(1.0),25/06/26 23:00:00,A,PC_HH,HH_DEG3,SI,2007,52.78,,
ESTAT:ISOC_CI_IN_H(1.0),25/06/26 23:00:00,A,PC_HH,HH_DEG3,SI,2008,56.22,,
ESTAT:ISOC_CI_IN_H(1.0),25/06/26 23:00:00,A,PC_HH,HH_DEG3,SI,2009,59.83,,
ESTAT:ISOC_CI_IN_H(1.0),25/06/26 23:00:00,A,PC_HH,HH_DEG3,SI,2010,63.15,,
ESTAT:ISOC_CI_IN_H(1.0),25/06/26 23:00:00,A,PC_HH,HH_DEG3,SI,2011,70.73,,
ESTAT:ISOC_CI_IN_H(1.0),25/06/26 23:00:00,A,PC_HH,HH_DEG3,SI,2012,69.04,,
ESTAT:ISOC_CI_IN_H(1.0),25/06/26 23:00:00,A,PC_HH,HH_DEG3,SI,2013,73.62,,
ESTAT:ISOC_CI_IN_H(1.0),25/06/26 23:00:00,A,PC_HH,HH_DEG3,SI,2014,75.80,,
ESTAT:ISOC_CI_IN_H(1.0),25/06/26 23:00:00,A,PC_HH,HH_DEG3,SI,2015,76.58,,
ESTAT:ISOC_CI_IN_H(1.0),25/06/26 23:00:00,A,PC_HH,HH_DEG3,SI,2016,76.33,,
ESTAT:ISOC_CI_IN_H(1.0),25/06/26 23:00:00,A,PC_HH,HH_DEG3,SI,2017,78.65,,
ESTAT:ISOC_CI_IN_H(1.0),25/06/26 23:00:00,A,PC_HH,HH_DEG3,SI,2018,85.62,,
ESTAT:ISOC_CI_IN_H(1.0),25/06/26 23:00:00,A,PC_HH,HH_DEG3,SI,2019,82.69,,
ESTAT:ISOC_CI_IN_H(1.0),25/06/26 23:00:00,A,PC_HH,HH_DEG3,SI,2020,87.56,,
ESTAT:ISOC_CI_IN_H(1.0),25/06/26 23:00:00,A,PC_HH,HH_DEG3,SI,2021,91.84,,
ESTAT:ISOC_CI_IN_H(1.0),25/06/26 23:00:00,A,PC_HH,HH_DEG3,SI,2022,91.80,,
ESTAT:ISOC_CI_IN_H(1.0),25/06/26 23:00:00,A,PC_HH,HH_DEG3,SI,2023,92.05,,
ESTAT:ISOC_CI_IN_H(1.0),25/06/26 23:00:00,A,PC_HH,HH_DEG3,SI,2024,93.46,,
ESTAT:ISOC_CI_IN_H(1.0),25/06/26 23:00:00,A,PC_HH,HH_DEG3,SI,2025,93.01,,
ESTAT:ISOC_CI_IN_H(1.0),25/06/26 23:00:00,A,PC_HH,HH_DEG3,SK,2004,21.02,,
ESTAT:ISOC_CI_IN_H(1.0),25/06/26 23:00:00,A,PC_HH,HH_DEG3,SK,2005,19.35,,
ESTAT:ISOC_CI_IN_H(1.0),25/06/26 23:00:00,A,PC_HH,HH_DEG3,SK,2006,23.37,,
ESTAT:ISOC_CI_IN_H(1.0),25/06/26 23:00:00,A,PC_HH,HH_DEG3,SK,2007,43.11,,
ESTAT:ISOC_CI_IN_H(1.0),25/06/26 23:00:00,A,PC_HH,HH_DEG3,SK,2008,54.40,,
ESTAT:ISOC_CI_IN_H(1.0),25/06/26 23:00:00,A,PC_HH,HH_DEG3,SK,2009,59.29,,
ESTAT:ISOC_CI_IN_H(1.0),25/06/26 23:00:00,A,PC_HH,HH_DEG3,SK,2010,64.60,,
ESTAT:ISOC_CI_IN_H(1.0),25/06/26 23:00:00,A,PC_HH,HH_DEG3,SK,2011,69.03,,
ESTAT:ISOC_CI_IN_H(1.0),25/06/26 23:00:00,A,PC_HH,HH_DEG3,SK,2012,70.20,,
ESTAT:ISOC_CI_IN_H(1.0),25/06/26 23:00:00,A,PC_HH,HH_DEG3,SK,2013,73.89,,
ESTAT:ISOC_CI_IN_H(1.0),25/06/26 23:00:00,A,PC_HH,HH_DEG3,SK,2014,73.50,,
ESTAT:ISOC_CI_IN_H(1.0),25/06/26 23:00:00,A,PC_HH,HH_DEG3,SK,2015,75.17,,
ESTAT:ISOC_CI_IN_H(1.0),25/06/26 23:00:00,A,PC_HH,HH_DEG3,SK,2016,76.72,,
ESTAT:ISOC_CI_IN_H(1.0),25/06/26 23:00:00,A,PC_HH,HH_DEG3,SK,2017,76.69,,
ESTAT:ISOC_CI_IN_H(1.0),25/06/26 23:00:00,A,PC_HH,HH_DEG3,SK,2018,72.85,,
ESTAT:ISOC_CI_IN_H(1.0),25/06/26 23:00:00,A,PC_HH,HH_DEG3,SK,2019,77.88,,
ESTAT:ISOC_CI_IN_H(1.0),25/06/26 23:00:00,A,PC_HH,HH_DEG3,SK,2020,85.95,,
ESTAT:ISOC_CI_IN_H(1.0),25/06/26 23:00:00,A,PC_HH,HH_DEG3,SK,2021,87.29,,
ESTAT:ISOC_CI_IN_H(1.0),25/06/26 23:00:00,A,PC_HH,HH_DEG3,SK,2022,86.93,,
ESTAT:ISOC_CI_IN_H(1.0),25/06/26 23:00:00,A,PC_HH,HH_DEG3,SK,2023,87.56,,
ESTAT:ISOC_CI_IN_H(1.0),25/06/26 23:00:00,A,PC_HH,HH_DEG3,SK,2024,89.04,,
ESTAT:ISOC_CI_IN_H(1.0),25/06/26 23:00:00,A,PC_HH,HH_DEG3,SK,2025,91.06,,
ESTAT:ISOC_CI_IN_H(1.0),25/06/26 23:00:00,A,PC_HH,HH_DEG3,TR,2025,89.04,,
ESTAT:ISOC_CI_IN_H(1.0),25/06/26 23:00:00,A,PC_HH,HH_DEG3,UK,2004,54.06,,
ESTAT:ISOC_CI_IN_H(1.0),25/06/26 23:00:00,A,PC_HH,HH_DEG3,UK,2005,67.18,,
ESTAT:ISOC_CI_IN_H(1.0),25/06/26 23:00:00,A,PC_HH,HH_DEG3,UK,2006,66.36,,
ESTAT:ISOC_CI_IN_H(1.0),25/06/26 23:00:00,A,PC_HH,HH_DEG3,UK,2007,70.83,,
ESTAT:ISOC_CI_IN_H(1.0),25/06/26 23:00:00,A,PC_HH,HH_DEG3,UK,2008,70.01,,
ESTAT:ISOC_CI_IN_H(1.0),25/06/26 23:00:00,A,PC_HH,HH_DEG3,UK,2009,79.99,,
ESTAT:ISOC_CI_IN_H(1.0),25/06/26 23:00:00,A,PC_HH,HH_DEG3,UK,2010,79.85,,
ESTAT:ISOC_CI_IN_H(1.0),25/06/26 23:00:00,A,PC_HH,HH_DEG3,UK,2011,84.14,,
ESTAT:ISOC_CI_IN_H(1.0),25/06/26 23:00:00,A,PC_HH,HH_DEG3,UK,2012,89.02,,
ESTAT:ISOC_CI_IN_H(1.0),25/06/26 23:00:00,A,PC_HH,HH_DEG3,UK,2013,90.37,,
ESTAT:ISOC_CI_IN_H(1.0),25/06/26 23:00:00,A,PC_HH,HH_DEG3,UK,2014,90.62,,
ESTAT:ISOC_CI_IN_H(1.0),25/06/26 23:00:00,A,PC_HH,HH_DEG3,UK,2015,91.30,,
ESTAT:ISOC_CI_IN_H(1.0),25/06/26 23:00:00,A,PC_HH,HH_DEG3,UK,2016,95.38,,
ESTAT:ISOC_CI_IN_H(1.0),25/06/26 23:00:00,A,PC_HH,HH_DEG3,UK,2017,94.08,,
ESTAT:ISOC_CI_IN_H(1.0),25/06/26 23:00:00,A,PC_HH,HH_DEG3,UK,2018,94.39,,
ESTAT:ISOC_CI_IN_H(1.0),25/06/26 23:00:00,A,PC_HH,HH_DEG3,UK,2019,93.71,,
ESTAT:ISOC_CI_IN_H(1.0),25/06/26 23:00:00,A,PC_HH,HH_DEG3,UK,2020,93.70,,
ESTAT:ISOC_CI_IN_H(1.0),25/06/26 23:00:00,A,PC_HH,HH_DEG3,XK,2018,89.05,,
ESTAT:ISOC_CI_IN_H(1.0),25/06/26 23:00:00,A,PC_HH,HH_DEG3,XK,2019,79.01,,
ESTAT:ISOC_CI_IN_H(1.0),25/06/26 23:00:00,A,PC_HH,HH_DEG3,XK,2020,92.38,,
ESTAT:ISOC_CI_IN_H(1.0),25/06/26 23:00:00,A,PC_HH,HH_DEG3,XK,2024,96.56,,
ESTAT:ISOC_CI_IN_H(1.0),25/06/26 23:00:00,A,PC_HH,HH_DEG3,XK,2025,98.84,,
ESTAT:ISOC_CI_IN_H(1.0),25/06/26 23:00:00,A,PC_HH,HH_NO1,AT,2003,37.51,,
ESTAT:ISOC_CI_IN_H(1.0),25/06/26 23:00:00,A,PC_HH,HH_NO1,AT,2004,44.82,,
ESTAT:ISOC_CI_IN_H(1.0),25/06/26 23:00:00,A,PC_HH,HH_NO1,AT,2005,46.90,,
ESTAT:ISOC_CI_IN_H(1.0),25/06/26 23:00:00,A,PC_HH,HH_NO1,AT,2006,52.31,,
ESTAT:ISOC_CI_IN_H(1.0),25/06/26 23:00:00,A,PC_HH,HH_NO1,AT,2007,,u,
ESTAT:ISOC_CI_IN_H(1.0),25/06/26 23:00:00,A,PC_HH,HH_NO1,AT,2008,68.97,,
ESTAT:ISOC_CI_IN_H(1.0),25/06/26 23:00:00,A,PC_HH,HH_NO1,AT,2009,69.79,,
ESTAT:ISOC_CI_IN_H(1.0),25/06/26 23:00:00,A,PC_HH,HH_NO1,AT,2010,72.92,,
ESTAT:ISOC_CI_IN_H(1.0),25/06/26 23:00:00,A,PC_HH,HH_NO1,AT,2011,75.60,,
ESTAT:ISOC_CI_IN_H(1.0),25/06/26 23:00:00,A,PC_HH,HH_NO1,AT,2012,79.42,,
ESTAT:ISOC_CI_IN_H(1.0),25/06/26 23:00:00,A,PC_HH,HH_NO1,AT,2013,80.91,,
ESTAT:ISOC_CI_IN_H(1.0),25/06/26 23:00:00,A,PC_HH,HH_NO1,BE,2005,51.85,,
ESTAT:ISOC_CI_IN_H(1.0),25/06/26 23:00:00,A,PC_HH,HH_NO1,BE,2006,55.87,,
ESTAT:ISOC_CI_IN_H(1.0),25/06/26 23:00:00,A,PC_HH,HH_NO1,BE,2007,61.74,,
ESTAT:ISOC_CI_IN_H(1.0),25/06/26 23:00:00,A,PC_HH,HH_NO1,BE,2008,65.37,,
ESTAT:ISOC_CI_IN_H(1.0),25/06/26 23:00:00,A,PC_HH,HH_NO1,BE,2009,68.71,,
ESTAT:ISOC_CI_IN_H(1.0),25/06/26 23:00:00,A,PC_HH,HH_NO1,BE,2010,74.00,,
ESTAT:ISOC_CI_IN_H(1.0),25/06/26 23:00:00,A,PC_HH,HH_NO1,BE,2011,76.83,,
ESTAT:ISOC_CI_IN_H(1.0),25/06/26 23:00:00,A,PC_HH,HH_NO1,BE,2012,79.16,,
ESTAT:ISOC_CI_IN_H(1.0),25/06/26 23:00:00,A,PC_HH,HH_NO1,BE,2013,81.14,,
ESTAT:ISOC_CI_IN_H(1.0),25/06/26 23:00:00,A,PC_HH,HH_NO1,CY,2004,52.77,,
ESTAT:ISOC_CI_IN_H(1.0),25/06/26 23:00:00,A,PC_HH,HH_NO1,CY,2005,31.71,,
ESTAT:ISOC_CI_IN_H(1.0),25/06/26 23:00:00,A,PC_HH,HH_NO1,CY,2006,36.67,,
ESTAT:ISOC_CI_IN_H(1.0),25/06/26 23:00:00,A,PC_HH,HH_NO1,CY,2007,38.90,,
ESTAT:ISOC_CI_IN_H(1.0),25/06/26 23:00:00,A,PC_HH,HH_NO1,CY,2008,42.92,,
ESTAT:ISOC_CI_IN_H(1.0),25/06/26 23:00:00,A,PC_HH,HH_NO1,CY,2009,52.76,,
ESTAT:ISOC_CI_IN_H(1.0),25/06/26 23:00:00,A,PC_HH,HH_NO1,CY,2010,53.71,,
ESTAT:ISOC_CI_IN_H(1.0),25/06/26 23:00:00,A,PC_HH,HH_NO1,CY,2011,57.35,,
ESTAT:ISOC_CI_IN_H(1.0),25/06/26 23:00:00,A,PC_HH,HH_NO1,CY,2012,61.82,,
ESTAT:ISOC_CI_IN_H(1.0),25/06/26 23:00:00,A,PC_HH,HH_NO1,CY,2013,64.71,,
ESTAT:ISOC_CI_IN_H(1.0),25/06/26 23:00:00,A,PC_HH,HH_NO1,CZ,2004,34.74,,
ESTAT:ISOC_CI_IN_H(1.0),25/06/26 23:00:00,A,PC_HH,HH_NO1,CZ,2005,25.02,,
ESTAT:ISOC_CI_IN_H(1.0),25/06/26 23:00:00,A,PC_HH,HH_NO1,CZ,2006,40.53,,
ESTAT:ISOC_CI_IN_H(1.0),25/06/26 23:00:00,A,PC_HH,HH_NO1,CZ,2007,50.79,,
ESTAT:ISOC_CI_IN_H(1.0),25/06/26 23:00:00,A,PC_HH,HH_NO1,CZ,2008,61.87,,
ESTAT:ISOC_CI_IN_H(1.0),25/06/26 23:00:00,A,PC_HH,HH_NO1,CZ,2009,66.70,,
ESTAT:ISOC_CI_IN_H(1.0),25/06/26 23:00:00,A,PC_HH,HH_NO1,CZ,2010,68.53,,
ESTAT:ISOC_CI_IN_H(1.0),25/06/26 23:00:00,A,PC_HH,HH_NO1,CZ,2011,70.45,,
ESTAT:ISOC_CI_IN_H(1.0),25/06/26 23:00:00,A,PC_HH,HH_NO1,CZ,2012,80.67,,
ESTAT:ISOC_CI_IN_H(1.0),25/06/26 23:00:00,A,PC_HH,HH_NO1,CZ,2013,80.30,,
ESTAT:ISOC_CI_IN_H(1.0),25/06/26 23:00:00,A,PC_HH,HH_NO1,DE,2002,47.57,,
ESTAT:ISOC_CI_IN_H(1.0),25/06/26 23:00:00,A,PC_HH,HH_NO1,DE,2003,55.92,,
ESTAT:ISOC_CI_IN_H(1.0),25/06/26 23:00:00,A,PC_HH,HH_NO1,DE,2004,62.02,,
ESTAT:ISOC_CI_IN_H(1.0),25/06/26 23:00:00,A,PC_HH,HH_NO1,DE,2005,62.63,,
ESTAT:ISOC_CI_IN_H(1.0),25/06/26 23:00:00,A,PC_HH,HH_NO1,DE,2006,68.64,,
ESTAT:ISOC_CI_IN_H(1.0),25/06/26 23:00:00,A,PC_HH,HH_NO1,DE,2007,71.79,,
ESTAT:ISOC_CI_IN_H(1.0),25/06/26 23:00:00,A,PC_HH,HH_NO1,DE,2008,76.68,,
ESTAT:ISOC_CI_IN_H(1.0),25/06/26 23:00:00,A,PC_HH,HH_NO1,DE,2009,81.18,,
ESTAT:ISOC_CI_IN_H(1.0),25/06/26 23:00:00,A,PC_HH,HH_NO1,DE,2010,83.71,,
ESTAT:ISOC_CI_IN_H(1.0),25/06/26 23:00:00,A,PC_HH,HH_NO1,DE,2011,84.60,,
ESTAT:ISOC_CI_IN_H(1.0),25/06/26 23:00:00,A,PC_HH,HH_NO1,DE,2012,86.55,,
ESTAT:ISOC_CI_IN_H(1.0),25/06/26 23:00:00,A,PC_HH,HH_NO1,DE,2013,88.72,,
ESTAT:ISOC_CI_IN_H(1.0),25/06/26 23:00:00,A,PC_HH,HH_NO1,DK,2002,55.64,,
ESTAT:ISOC_CI_IN_H(1.0),25/06/26 23:00:00,A,PC_HH,HH_NO1,DK,2003,64.19,,
ESTAT:ISOC_CI_IN_H(1.0),25/06/26 23:00:00,A,PC_HH,HH_NO1,DK,2004,69.36,,
ESTAT:ISOC_CI_IN_H(1.0),25/06/26 23:00:00,A,PC_HH,HH_NO1,DK,2005,74.92,,
ESTAT:ISOC_CI_IN_H(1.0),25/06/26 23:00:00,A,PC_HH,HH_NO1,DK,2006,78.73,,
ESTAT:ISOC_CI_IN_H(1.0),25/06/26 23:00:00,A,PC_HH,HH_NO1,DK,2007,78.05,,
ESTAT:ISOC_CI_IN_H(1.0),25/06/26 23:00:00,A,PC_HH,HH_NO1,DK,2008,81.88,,
ESTAT:ISOC_CI_IN_H(1.0),25/06/26 23:00:00,A,PC_HH,HH_NO1,DK,2009,82.53,,
ESTAT:ISOC_CI_IN_H(1.0),25/06/26 23:00:00,A,PC_HH,HH_NO1,DK,2010,86.10,,
ESTAT:ISOC_CI_IN_H(1.0),25/06/26 23:00:00,A,PC_HH,HH_NO1,DK,2011,90.08,,
ESTAT:ISOC_CI_IN_H(1.0),25/06/26 23:00:00,A,PC_HH,HH_NO1,DK,2012,92.00,,
ESTAT:ISOC_CI_IN_H(1.0),25/06/26 23:00:00,A,PC_HH,HH_NO1,DK,2013,92.71,,
ESTAT:ISOC_CI_IN_H(1.0),25/06/26 23:00:00,A,PC_HH,HH_NO1,EA,2004,53.56,,
ESTAT:ISOC_CI_IN_H(1.0),25/06/26 23:00:00,A,PC_HH,HH_NO1,EA,2005,56.28,,
ESTAT:ISOC_CI_IN_H(1.0),25/06/26 23:00:00,A,PC_HH,HH_NO1,EA,2006,59.99,,
ESTAT:ISOC_CI_IN_H(1.0),25/06/26 23:00:00,A,PC_HH,HH_NO1,EA,2007,60.83,,
ESTAT:ISOC_CI_IN_H(1.0),25/06/26 23:00:00,A,PC_HH,HH_NO1,EA,2008,65.79,,
ESTAT:ISOC_CI_IN_H(1.0),25/06/26 23:00:00,A,PC_HH,HH_NO1,EA,2009,70.66,,
ESTAT:ISOC_CI_IN_H(1.0),25/06/26 23:00:00,A,PC_HH,HH_NO1,EA,2010,74.45,,
ESTAT:ISOC_CI_IN_H(1.0),25/06/26 23:00:00,A,PC_HH,HH_NO1,EA,2011,76.86,,
ESTAT:ISOC_CI_IN_H(1.0),25/06/26 23:00:00,A,PC_HH,HH_NO1,EA,2012,79.38,,
ESTAT:ISOC_CI_IN_H(1.0),25/06/26 23:00:00,A,PC_HH,HH_NO1,EA,2013,82.06,,
ESTAT:ISOC_CI_IN_H(1.0),25/06/26 23:00:00,A,PC_HH,HH_NO1,EL,2007,23.67,,
ESTAT:ISOC_CI_IN_H(1.0),25/06/26 23:00:00,A,PC_HH,HH_NO1,EL,2008,21.69,,
ESTAT:ISOC_CI_IN_H(1.0),25/06/26 23:00:00,A,PC_HH,HH_NO1,EL,2009,29.52,,
ESTAT:ISOC_CI_IN_H(1.0),25/06/26 23:00:00,A,PC_HH,HH_NO1,EL,2010,33.97,,
ESTAT:ISOC_CI_IN_H(1.0),25/06/26 23:00:00,A,PC_HH,HH_NO1,EL,2011,41.58,,
ESTAT:ISOC_CI_IN_H(1.0),25/06/26 23:00:00,A,PC_HH,HH_NO1,EL,2012,44.09,,
ESTAT:ISOC_CI_IN_H(1.0),25/06/26 23:00:00,A,PC_HH,HH_NO1,EL,2013,44.93,,
ESTAT:ISOC_CI_IN_H(1.0),25/06/26 23:00:00,A,PC_HH,HH_NO1,ES,2003,34.20,,
ESTAT:ISOC_CI_IN_H(1.0),25/06/26 23:00:00,A,PC_HH,HH_NO1,ES,2004,42.15,,
ESTAT:ISOC_CI_IN_H(1.0),25/06/26 23:00:00,A,PC_HH,HH_NO1,ES,2005,43.65,,
ESTAT:ISOC_CI_IN_H(1.0),25/06/26 23:00:00,A,PC_HH,HH_NO1,ES,2006,45.75,,
ESTAT:ISOC_CI_IN_H(1.0),25/06/26 23:00:00,A,PC_HH,HH_NO1,ES,2007,47.89,,
ESTAT:ISOC_CI_IN_H(1.0),25/06/26 23:00:00,A,PC_HH,HH_NO1,ES,2008,54.27,,
ESTAT:ISOC_CI_IN_H(1.0),25/06/26 23:00:00,A,PC_HH,HH_NO1,ES,2009,56.75,,
ESTAT:ISOC_CI_IN_H(1.0),25/06/26 23:00:00,A,PC_HH,HH_NO1,ES,2010,60.95,,
ESTAT:ISOC_CI_IN_H(1.0),25/06/26 23:00:00,A,PC_HH,HH_NO1,ES,2011,65.63,,
ESTAT:ISOC_CI_IN_H(1.0),25/06/26 23:00:00,A,PC_HH,HH_NO1,ES,2012,68.72,,
ESTAT:ISOC_CI_IN_H(1.0),25/06/26 23:00:00,A,PC_HH,HH_NO1,ES,2013,71.85,,
ESTAT:ISOC_CI_IN_H(1.0),25/06/26 23:00:00,A,PC_HH,HH_NO1,EU15,2004,54.76,,
ESTAT:ISOC_CI_IN_H(1.0),25/06/26 23:00:00,A,PC_HH,HH_NO1,EU15,2005,58.33,,
ESTAT:ISOC_CI_IN_H(1.0),25/06/26 23:00:00,A,PC_HH,HH_NO1,EU15,2006,61.85,,
ESTAT:ISOC_CI_IN_H(1.0),25/06/26 23:00:00,A,PC_HH,HH_NO1,EU15,2007,62.69,,
ESTAT:ISOC_CI_IN_H(1.0),25/06/26 23:00:00,A,PC_HH,HH_NO1,EU15,2008,67.66,,
ESTAT:ISOC_CI_IN_H(1.0),25/06/26 23:00:00,A,PC_HH,HH_NO1,EU15,2009,72.48,,
ESTAT:ISOC_CI_IN_H(1.0),25/06/26 23:00:00,A,PC_HH,HH_NO1,EU15,2010,76.07,,
ESTAT:ISOC_CI_IN_H(1.0),25/06/26 23:00:00,A,PC_HH,HH_NO1,EU15,2011,78.61,,
ESTAT:ISOC_CI_IN_H(1.0),25/06/26 23:00:00,A,PC_HH,HH_NO1,EU15,2012,81.37,,
ESTAT:ISOC_CI_IN_H(1.0),25/06/26 23:00:00,A,PC_HH,HH_NO1,EU15,2013,83.77,,
ESTAT:ISOC_CI_IN_H(1.0),25/06/26 23:00:00,A,PC_HH,HH_NO1,EU25,2004,54.63,,
ESTAT:ISOC_CI_IN_H(1.0),25/06/26 23:00:00,A,PC_HH,HH_NO1,EU25,2005,58.06,,
ESTAT:ISOC_CI_IN_H(1.0),25/06/26 23:00:00,A,PC_HH,HH_NO1,EU25,2006,61.59,,
ESTAT:ISOC_CI_IN_H(1.0),25/06/26 23:00:00,A,PC_HH,HH_NO1,EU25,2007,62.47,,
ESTAT:ISOC_CI_IN_H(1.0),25/06/26 23:00:00,A,PC_HH,HH_NO1,EU25,2008,67.47,,
ESTAT:ISOC_CI_IN_H(1.0),25/06/26 23:00:00,A,PC_HH,HH_NO1,EU25,2009,72.33,,
ESTAT:ISOC_CI_IN_H(1.0),25/06/26 23:00:00,A,PC_HH,HH_NO1,EU25,2010,75.92,,
ESTAT:ISOC_CI_IN_H(1.0),25/06/26 23:00:00,A,PC_HH,HH_NO1,EU27_2007,2004,54.63,,
ESTAT:ISOC_CI_IN_H(1.0),25/06/26 23:00:00,A,PC_HH,HH_NO1,EU27_2007,2005,58.06,,
ESTAT:ISOC_CI_IN_H(1.0),25/06/26 23:00:00,A,PC_HH,HH_NO1,EU27_2007,2006,61.59,,
ESTAT:ISOC_CI_IN_H(1.0),25/06/26 23:00:00,A,PC_HH,HH_NO1,EU27_2007,2007,62.47,,
ESTAT:ISOC_CI_IN_H(1.0),25/06/26 23:00:00,A,PC_HH,HH_NO1,EU27_2007,2008,67.47,,
ESTAT:ISOC_CI_IN_H(1.0),25/06/26 23:00:00,A,PC_HH,HH_NO1,EU27_2007,2009,72.33,,
ESTAT:ISOC_CI_IN_H(1.0),25/06/26 23:00:00,A,PC_HH,HH_NO1,EU27_2007,2010,75.92,,
ESTAT:ISOC_CI_IN_H(1.0),25/06/26 23:00:00,A,PC_HH,HH_NO1,EU27_2007,2011,78.47,,
ESTAT:ISOC_CI_IN_H(1.0),25/06/26 23:00:00,A,PC_HH,HH_NO1,EU27_2007,2012,81.28,,
ESTAT:ISOC_CI_IN_H(1.0),25/06/26 23:00:00,A,PC_HH,HH_NO1,EU27_2007,2013,83.66,,
ESTAT:ISOC_CI_IN_H(1.0),25/06/26 23:00:00,A,PC_HH,HH_NO1,EU27_2020,2007,61.61,,
ESTAT:ISOC_CI_IN_H(1.0),25/06/26 23:00:00,A,PC_HH,HH_NO1,EU27_2020,2008,66.68,,
ESTAT:ISOC_CI_IN_H(1.0),25/06/26 23:00:00,A,PC_HH,HH_NO1,EU27_2020,2009,71.39,,
ESTAT:ISOC_CI_IN_H(1.0),25/06/26 23:00:00,A,PC_HH,HH_NO1,EU27_2020,2010,75.13,,
ESTAT:ISOC_CI_IN_H(1.0),25/06/26 23:00:00,A,PC_HH,HH_NO1,EU27_2020,2011,77.58,,
ESTAT:ISOC_CI_IN_H(1.0),25/06/26 23:00:00,A,PC_HH,HH_NO1,EU27_2020,2012,80.09,,
ESTAT:ISOC_CI_IN_H(1.0),25/06/26 23:00:00,A,PC_HH,HH_NO1,EU27_2020,2013,82.64,,
ESTAT:ISOC_CI_IN_H(1.0),25/06/26 23:00:00,A,PC_HH,HH_NO1,EU28,2007,62.47,,
ESTAT:ISOC_CI_IN_H(1.0),25/06/26 23:00:00,A,PC_HH,HH_NO1,EU28,2008,67.47,,
ESTAT:ISOC_CI_IN_H(1.0),25/06/26 23:00:00,A,PC_HH,HH_NO1,EU28,2009,72.33,,
ESTAT:ISOC_CI_IN_H(1.0),25/06/26 23:00:00,A,PC_HH,HH_NO1,EU28,2010,75.92,,
ESTAT:ISOC_CI_IN_H(1.0),25/06/26 23:00:00,A,PC_HH,HH_NO1,EU28,2011,78.47,,
ESTAT:ISOC_CI_IN_H(1.0),25/06/26 23:00:00,A,PC_HH,HH_NO1,EU28,2012,81.28,,
ESTAT:ISOC_CI_IN_H(1.0),25/06/26 23:00:00,A,PC_HH,HH_NO1,EU28,2013,83.66,,
ESTAT:ISOC_CI_IN_H(1.0),25/06/26 23:00:00,A,PC_HH,HH_NO1,FI,2002,46.44,,
ESTAT:ISOC_CI_IN_H(1.0),25/06/26 23:00:00,A,PC_HH,HH_NO1,FI,2003,49.72,,
ESTAT:ISOC_CI_IN_H(1.0),25/06/26 23:00:00,A,PC_HH,HH_NO1,FI,2004,53.55,,
ESTAT:ISOC_CI_IN_H(1.0),25/06/26 23:00:00,A,PC_HH,HH_NO1,FI,2005,55.76,,
ESTAT:ISOC_CI_IN_H(1.0),25/06/26 23:00:00,A,PC_HH,HH_NO1,FI,2006,66.82,,
ESTAT:ISOC_CI_IN_H(1.0),25/06/26 23:00:00,A,PC_HH,HH_NO1,FI,2007,68.78,,
ESTAT:ISOC_CI_IN_H(1.0),25/06/26 23:00:00,A,PC_HH,HH_NO1,FI,2008,72.38,,
ESTAT:ISOC_CI_IN_H(1.0),25/06/26 23:00:00,A,PC_HH,HH_NO1,FI,2009,77.78,,
ESTAT:ISOC_CI_IN_H(1.0),25/06/26 23:00:00,A,PC_HH,HH_NO1,FI,2010,80.54,,
ESTAT:ISOC_CI_IN_H(1.0),25/06/26 23:00:00,A,PC_HH,HH_NO1,FI,2011,84.16,,
ESTAT:ISOC_CI_IN_H(1.0),25/06/26 23:00:00,A,PC_HH,HH_NO1,FI,2012,86.80,,
ESTAT:ISOC_CI_IN_H(1.0),25/06/26 23:00:00,A,PC_HH,HH_NO1,FI,2013,89.24,,
ESTAT:ISOC_CI_IN_H(1.0),25/06/26 23:00:00,A,PC_HH,HH_NO1,FR,2007,55.05,,
ESTAT:ISOC_CI_IN_H(1.0),25/06/26 23:00:00,A,PC_HH,HH_NO1,FR,2008,62.32,,
ESTAT:ISOC_CI_IN_H(1.0),25/06/26 23:00:00,A,PC_HH,HH_NO1,FR,2009,69.34,,
ESTAT:ISOC_CI_IN_H(1.0),25/06/26 23:00:00,A,PC_HH,HH_NO1,FR,2010,74.08,,
ESTAT:ISOC_CI_IN_H(1.0),25/06/26 23:00:00,A,PC_HH,HH_NO1,FR,2011,76.30,,
ESTAT:ISOC_CI_IN_H(1.0),25/06/26 23:00:00,A,PC_HH,HH_NO1,FR,2012,80.50,,
ESTAT:ISOC_CI_IN_H(1.0),25/06/26 23:00:00,A,PC_HH,HH_NO1,FR,2013,82.06,,
ESTAT:ISOC_CI_IN_H(1.0),25/06/26 23:00:00,A,PC_HH,HH_NO1,HU,2007,48.87,,
ESTAT:ISOC_CI_IN_H(1.0),25/06/26 23:00:00,A,PC_HH,HH_NO1,HU,2008,54.90,,
ESTAT:ISOC_CI_IN_H(1.0),25/06/26 23:00:00,A,PC_HH,HH_NO1,HU,2009,62.89,,
ESTAT:ISOC_CI_IN_H(1.0),25/06/26 23:00:00,A,PC_HH,HH_NO1,HU,2010,68.55,,
ESTAT:ISOC_CI_IN_H(1.0),25/06/26 23:00:00,A,PC_HH,HH_NO1,HU,2011,73.02,,
ESTAT:ISOC_CI_IN_H(1.0),25/06/26 23:00:00,A,PC_HH,HH_NO1,HU,2012,76.06,,
ESTAT:ISOC_CI_IN_H(1.0),25/06/26 23:00:00,A,PC_HH,HH_NO1,HU,2013,78.24,,
ESTAT:ISOC_CI_IN_H(1.0),25/06/26 23:00:00,A,PC_HH,HH_NO1,IE,2006,53.09,,
ESTAT:ISOC_CI_IN_H(1.0),25/06/26 23:00:00,A,PC_HH,HH_NO1,IE,2007,57.27,,
ESTAT:ISOC_CI_IN_H(1.0),25/06/26 23:00:00,A,PC_HH,HH_NO1,IE,2008,63.05,,
ESTAT:ISOC_CI_IN_H(1.0),25/06/26 23:00:00,A,PC_HH,HH_NO1,IE,2009,66.67,,
ESTAT:ISOC_CI_IN_H(1.0),25/06/26 23:00:00,A,PC_HH,HH_NO1,IE,2010,71.69,,
ESTAT:ISOC_CI_IN_H(1.0),25/06/26 23:00:00,A,PC_HH,HH_NO1,IE,2011,78.12,,
ESTAT:ISOC_CI_IN_H(1.0),25/06/26 23:00:00,A,PC_HH,HH_NO1,IE,2012,81.09,,
ESTAT:ISOC_CI_IN_H(1.0),25/06/26 23:00:00,A,PC_HH,HH_NO1,IE,2013,82.39,,
ESTAT:ISOC_CI_IN_H(1.0),25/06/26 23:00:00,A,PC_HH,HH_NO1,IT,2004,36.52,,
ESTAT:ISOC_CI_IN_H(1.0),25/06/26 23:00:00,A,PC_HH,HH_NO1,IT,2005,41.91,,
ESTAT:ISOC_CI_IN_H(1.0),25/06/26 23:00:00,A,PC_HH,HH_NO1,IT,2006,43.21,,
ESTAT:ISOC_CI_IN_H(1.0),25/06/26 23:00:00,A,PC_HH,HH_NO1,IT,2007,46.78,,
ESTAT:ISOC_CI_IN_H(1.0),25/06/26 23:00:00,A,PC_HH,HH_NO1,IT,2008,50.16,,
ESTAT:ISOC_CI_IN_H(1.0),25/06/26 23:00:00,A,PC_HH,HH_NO1,IT,2009,56.05,,
ESTAT:ISOC_CI_IN_H(1.0),25/06/26 23:00:00,A,PC_HH,HH_NO1,IT,2010,61.62,,
ESTAT:ISOC_CI_IN_H(1.0),25/06/26 23:00:00,A,PC_HH,HH_NO1,IT,2011,64.44,,
ESTAT:ISOC_CI_IN_H(1.0),25/06/26 23:00:00,A,PC_HH,HH_NO1,IT,2012,65.56,,
ESTAT:ISOC_CI_IN_H(1.0),25/06/26 23:00:00,A,PC_HH,HH_NO1,IT,2013,71.83,,
ESTAT:ISOC_CI_IN_H(1.0),25/06/26 23:00:00,A,PC_HH,HH_NO1,LU,2002,39.89,,
ESTAT:ISOC_CI_IN_H(1.0),25/06/26 23:00:00,A,PC_HH,HH_NO1,LU,2003,45.39,,
ESTAT:ISOC_CI_IN_H(1.0),25/06/26 23:00:00,A,PC_HH,HH_NO1,LU,2004,58.64,,
ESTAT:ISOC_CI_IN_H(1.0),25/06/26 23:00:00,A,PC_HH,HH_NO1,LU,2006,70.18,,
ESTAT:ISOC_CI_IN_H(1.0),25/06/26 23:00:00,A,PC_HH,HH_NO1,LU,2007,74.55,,
ESTAT:ISOC_CI_IN_H(1.0),25/06/26 23:00:00,A,PC_HH,HH_NO1,LU,2008,80.09,,
ESTAT:ISOC_CI_IN_H(1.0),25/06/26 23:00:00,A,PC_HH,HH_NO1,LU,2009,87.20,,
ESTAT:ISOC_CI_IN_H(1.0),25/06/26 23:00:00,A,PC_HH,HH_NO1,LU,2010,90.28,,
ESTAT:ISOC_CI_IN_H(1.0),25/06/26 23:00:00,A,PC_HH,HH_NO1,LU,2011,90.62,,
ESTAT:ISOC_CI_IN_H(1.0),25/06/26 23:00:00,A,PC_HH,HH_NO1,LU,2012,93.08,,
ESTAT:ISOC_CI_IN_H(1.0),25/06/26 23:00:00,A,PC_HH,HH_NO1,LU,2013,94.46,,
ESTAT:ISOC_CI_IN_H(1.0),25/06/26 23:00:00,A,PC_HH,HH_NO1,NL,2002,58.00,,
ESTAT:ISOC_CI_IN_H(1.0),25/06/26 23:00:00,A,PC_HH,HH_NO1,NL,2004,64.98,,
ESTAT:ISOC_CI_IN_H(1.0),25/06/26 23:00:00,A,PC_HH,HH_NO1,NL,2005,78.16,,
ESTAT:ISOC_CI_IN_H(1.0),25/06/26 23:00:00,A,PC_HH,HH_NO1,NL,2006,80.08,,
ESTAT:ISOC_CI_IN_H(1.0),25/06/26 23:00:00,A,PC_HH,HH_NO1,NL,2007,82.89,,
ESTAT:ISOC_CI_IN_H(1.0),25/06/26 23:00:00,A,PC_HH,HH_NO1,NL,2008,86.08,,
ESTAT:ISOC_CI_IN_H(1.0),25/06/26 23:00:00,A,PC_HH,HH_NO1,NL,2009,89.70,,
ESTAT:ISOC_CI_IN_H(1.0),25/06/26 23:00:00,A,PC_HH,HH_NO1,NL,2010,90.89,,
ESTAT:ISOC_CI_IN_H(1.0),25/06/26 23:00:00,A,PC_HH,HH_NO1,NL,2011,93.64,,
ESTAT:ISOC_CI_IN_H(1.0),25/06/26 23:00:00,A,PC_HH,HH_NO1,NL,2012,93.55,,
ESTAT:ISOC_CI_IN_H(1.0),25/06/26 23:00:00,A,PC_HH,HH_NO1,NL,2013,94.63,,
ESTAT:ISOC_CI_IN_H(1.0),25/06/26 23:00:00,A,PC_HH,HH_NO1,PT,2006,40.68,,
ESTAT:ISOC_CI_IN_H(1.0),25/06/26 23:00:00,A,PC_HH,HH_NO1,PT,2007,46.01,,
ESTAT:ISOC_CI_IN_H(1.0),25/06/26 23:00:00,A,PC_HH,HH_NO1,PT,2008,53.46,,
ESTAT:ISOC_CI_IN_H(1.0),25/06/26 23:00:00,A,PC_HH,HH_NO1,PT,2009,54.99,,
ESTAT:ISOC_CI_IN_H(1.0),25/06/26 23:00:00,A,PC_HH,HH_NO1,PT,2010,61.53,,
ESTAT:ISOC_CI_IN_H(1.0),25/06/26 23:00:00,A,PC_HH,HH_NO1,PT,2011,67.02,,
ESTAT:ISOC_CI_IN_H(1.0),25/06/26 23:00:00,A,PC_HH,HH_NO1,PT,2012,71.10,,
ESTAT:ISOC_CI_IN_H(1.0),25/06/26 23:00:00,A,PC_HH,HH_NO1,PT,2013,71.91,,
ESTAT:ISOC_CI_IN_H(1.0),25/06/26 23:00:00,A,PC_HH,HH_NO1,RO,2006,,u,
ESTAT:ISOC_CI_IN_H(1.0),25/06/26 23:00:00,A,PC_HH,HH_NO1,RO,2007,,u,
ESTAT:ISOC_CI_IN_H(1.0),25/06/26 23:00:00,A,PC_HH,HH_NO1,RO,2008,,u,
ESTAT:ISOC_CI_IN_H(1.0),25/06/26 23:00:00,A,PC_HH,HH_NO1,RO,2009,,u,
ESTAT:ISOC_CI_IN_H(1.0),25/06/26 23:00:00,A,PC_HH,HH_NO1,RO,2010,,u,
ESTAT:ISOC_CI_IN_H(1.0),25/06/26 23:00:00,A,PC_HH,HH_NO1,SE,2005,73.13,,
ESTAT:ISOC_CI_IN_H(1.0),25/06/26 23:00:00,A,PC_HH,HH_NO1,SE,2006,78.74,,
ESTAT:ISOC_CI_IN_H(1.0),25/06/26 23:00:00,A,PC_HH,HH_NO1,SE,2007,78.55,,
ESTAT:ISOC_CI_IN_H(1.0),25/06/26 23:00:00,A,PC_HH,HH_NO1,SE,2008,84.44,,
ESTAT:ISOC_CI_IN_H(1.0),25/06/26 23:00:00,A,PC_HH,HH_NO1,SE,2009,85.98,,
ESTAT:ISOC_CI_IN_H(1.0),25/06/26 23:00:00,A,PC_HH,HH_NO1,SE,2010,88.30,,
ESTAT:ISOC_CI_IN_H(1.0),25/06/26 23:00:00,A,PC_HH,HH_NO1,SE,2011,90.64,,
ESTAT:ISOC_CI_IN_H(1.0),25/06/26 23:00:00,A,PC_HH,HH_NO1,SE,2012,91.69,,
ESTAT:ISOC_CI_IN_H(1.0),25/06/26 23:00:00,A,PC_HH,HH_NO1,SE,2013,92.59,,
ESTAT:ISOC_CI_IN_H(1.0),25/06/26 23:00:00,A,PC_HH,HH_NO1,SK,2006,33.54,,
ESTAT:ISOC_CI_IN_H(1.0),25/06/26 23:00:00,A,PC_HH,HH_NO1,SK,2007,54.10,,
ESTAT:ISOC_CI_IN_H(1.0),25/06/26 23:00:00,A,PC_HH,HH_NO1,SK,2008,62.46,,
ESTAT:ISOC_CI_IN_H(1.0),25/06/26 23:00:00,A,PC_HH,HH_NO1,SK,2009,66.48,,
ESTAT:ISOC_CI_IN_H(1.0),25/06/26 23:00:00,A,PC_HH,HH_NO1,SK,2010,74.67,,
ESTAT:ISOC_CI_IN_H(1.0),25/06/26 23:00:00,A,PC_HH,HH_NO1,SK,2011,74.21,,
ESTAT:ISOC_CI_IN_H(1.0),25/06/26 23:00:00,A,PC_HH,HH_NO1,SK,2012,83.97,,
ESTAT:ISOC_CI_IN_H(1.0),25/06/26 23:00:00,A,PC_HH,HH_NO1,SK,2013,83.40,,
ESTAT:ISOC_CI_IN_H(1.0),25/06/26 23:00:00,A,PC_HH,HH_NO1,UK,2004,56.82,,
ESTAT:ISOC_CI_IN_H(1.0),25/06/26 23:00:00,A,PC_HH,HH_NO1,UK,2005,60.60,,
ESTAT:ISOC_CI_IN_H(1.0),25/06/26 23:00:00,A,PC_HH,HH_NO1,UK,2006,63.31,,
ESTAT:ISOC_CI_IN_H(1.0),25/06/26 23:00:00,A,PC_HH,HH_NO1,UK,2007,66.69,,
ESTAT:ISOC_CI_IN_H(1.0),25/06/26 23:00:00,A,PC_HH,HH_NO1,UK,2008,71.29,,
ESTAT:ISOC_CI_IN_H(1.0),25/06/26 23:00:00,A,PC_HH,HH_NO1,UK,2009,76.80,,
ESTAT:ISOC_CI_IN_H(1.0),25/06/26 23:00:00,A,PC_HH,HH_NO1,UK,2010,79.61,,
ESTAT:ISOC_CI_IN_H(1.0),25/06/26 23:00:00,A,PC_HH,HH_NO1,UK,2011,82.86,,
ESTAT:ISOC_CI_IN_H(1.0),25/06/26 23:00:00,A,PC_HH,HH_NO1,UK,2012,86.99,,
ESTAT:ISOC_CI_IN_H(1.0),25/06/26 23:00:00,A,PC_HH,HH_NO1,UK,2013,88.69,,
ESTAT:ISOC_CI_IN_H(1.0),25/06/26 23:00:00,A,PC_HH,HH_O1,AT,2003,32.87,,
ESTAT:ISOC_CI_IN_H(1.0),25/06/26 23:00:00,A,PC_HH,HH_O1,AT,2004,39.28,,
ESTAT:ISOC_CI_IN_H(1.0),25/06/26 23:00:00,A,PC_HH,HH_O1,AT,2005,40.01,,
ESTAT:ISOC_CI_IN_H(1.0),25/06/26 23:00:00,A,PC_HH,HH_O1,AT,2006,51.74,,
ESTAT:ISOC_CI_IN_H(1.0),25/06/26 23:00:00,A,PC_HH,HH_O1,AT,2007,,u,
ESTAT:ISOC_CI_IN_H(1.0),25/06/26 23:00:00,A,PC_HH,HH_O1,AT,2008,67.20,,
ESTAT:ISOC_CI_IN_H(1.0),25/06/26 23:00:00,A,PC_HH,HH_O1,AT,2009,68.56,,
ESTAT:ISOC_CI_IN_H(1.0),25/06/26 23:00:00,A,PC_HH,HH_O1,AT,2010,71.97,,
ESTAT:ISOC_CI_IN_H(1.0),25/06/26 23:00:00,A,PC_HH,HH_O1,AT,2011,70.46,,
ESTAT:ISOC_CI_IN_H(1.0),25/06/26 23:00:00,A,PC_HH,HH_O1,AT,2012,74.91,,
ESTAT:ISOC_CI_IN_H(1.0),25/06/26 23:00:00,A,PC_HH,HH_O1,AT,2013,79.29,,
ESTAT:ISOC_CI_IN_H(1.0),25/06/26 23:00:00,A,PC_HH,HH_O1,BE,2005,37.91,,
ESTAT:ISOC_CI_IN_H(1.0),25/06/26 23:00:00,A,PC_HH,HH_O1,BE,2006,40.56,,
ESTAT:ISOC_CI_IN_H(1.0),25/06/26 23:00:00,A,PC_HH,HH_O1,BE,2007,48.97,,
ESTAT:ISOC_CI_IN_H(1.0),25/06/26 23:00:00,A,PC_HH,HH_O1,BE,2008,51.23,,
ESTAT:ISOC_CI_IN_H(1.0),25/06/26 23:00:00,A,PC_HH,HH_O1,BE,2009,58.34,,
ESTAT:ISOC_CI_IN_H(1.0),25/06/26 23:00:00,A,PC_HH,HH_O1,BE,2010,63.66,,
ESTAT:ISOC_CI_IN_H(1.0),25/06/26 23:00:00,A,PC_HH,HH_O1,BE,2011,74.18,,
ESTAT:ISOC_CI_IN_H(1.0),25/06/26 23:00:00,A,PC_HH,HH_O1,BE,2012,67.25,,
ESTAT:ISOC_CI_IN_H(1.0),25/06/26 23:00:00,A,PC_HH,HH_O1,BE,2013,72.14,,
ESTAT:ISOC_CI_IN_H(1.0),25/06/26 23:00:00,A,PC_HH,HH_O1,BG,2007,18.96,,
ESTAT:ISOC_CI_IN_H(1.0),25/06/26 23:00:00,A,PC_HH,HH_O1,BG,2008,25.29,,
ESTAT:ISOC_CI_IN_H(1.0),25/06/26 23:00:00,A,PC_HH,HH_O1,BG,2009,29.60,,
ESTAT:ISOC_CI_IN_H(1.0),25/06/26 23:00:00,A,PC_HH,HH_O1,BG,2010,33.11,,
ESTAT:ISOC_CI_IN_H(1.0),25/06/26 23:00:00,A,PC_HH,HH_O1,BG,2011,45.00,,
ESTAT:ISOC_CI_IN_H(1.0),25/06/26 23:00:00,A,PC_HH,HH_O1,BG,2012,50.92,,
ESTAT:ISOC_CI_IN_H(1.0),25/06/26 23:00:00,A,PC_HH,HH_O1,BG,2013,53.71,,
ESTAT:ISOC_CI_IN_H(1.0),25/06/26 23:00:00,A,PC_HH,HH_O1,CZ,2004,17.23,,
ESTAT:ISOC_CI_IN_H(1.0),25/06/26 23:00:00,A,PC_HH,HH_O1,CZ,2005,18.16,,
ESTAT:ISOC_CI_IN_H(1.0),25/06/26 23:00:00,A,PC_HH,HH_O1,CZ,2006,27.59,,
ESTAT:ISOC_CI_IN_H(1.0),25/06/26 23:00:00,A,PC_HH,HH_O1,CZ,2007,32.79,,
ESTAT:ISOC_CI_IN_H(1.0),25/06/26 23:00:00,A,PC_HH,HH_O1,CZ,2008,43.40,,
ESTAT:ISOC_CI_IN_H(1.0),25/06/26 23:00:00,A,PC_HH,HH_O1,CZ,2009,52.30,,
ESTAT:ISOC_CI_IN_H(1.0),25/06/26 23:00:00,A,PC_HH,HH_O1,CZ,2010,59.29,,
ESTAT:ISOC_CI_IN_H(1.0),25/06/26 23:00:00,A,PC_HH,HH_O1,CZ,2011,66.02,,
ESTAT:ISOC_CI_IN_H(1.0),25/06/26 23:00:00,A,PC_HH,HH_O1,CZ,2012,71.26,,
ESTAT:ISOC_CI_IN_H(1.0),25/06/26 23:00:00,A,PC_HH,HH_O1,CZ,2013,71.45,,
ESTAT:ISOC_CI_IN_H(1.0),25/06/26 23:00:00,A,PC_HH,HH_O1,DE,2002,39.95,,
ESTAT:ISOC_CI_IN_H(1.0),25/06/26 23:00:00,A,PC_HH,HH_O1,DE,2003,46.14,,
ESTAT:ISOC_CI_IN_H(1.0),25/06/26 23:00:00,A,PC_HH,HH_O1,DE,2004,51.13,,
ESTAT:ISOC_CI_IN_H(1.0),25/06/26 23:00:00,A,PC_HH,HH_O1,DE,2005,57.38,,
ESTAT:ISOC_CI_IN_H(1.0),25/06/26 23:00:00,A,PC_HH,HH_O1,DE,2006,59.53,,
ESTAT:ISOC_CI_IN_H(1.0),25/06/26 23:00:00,A,PC_HH,HH_O1,DE,2007,63.24,,
ESTAT:ISOC_CI_IN_H(1.0),25/06/26 23:00:00,A,PC_HH,HH_O1,DE,2008,66.95,,
ESTAT:ISOC_CI_IN_H(1.0),25/06/26 23:00:00,A,PC_HH,HH_O1,DE,2009,69.67,,
ESTAT:ISOC_CI_IN_H(1.0),25/06/26 23:00:00,A,PC_HH,HH_O1,DE,2010,77.03,,
ESTAT:ISOC_CI_IN_H(1.0),25/06/26 23:00:00,A,PC_HH,HH_O1,DE,2011,77.30,,
ESTAT:ISOC_CI_IN_H(1.0),25/06/26 23:00:00,A,PC_HH,HH_O1,DE,2012,80.77,,
ESTAT:ISOC_CI_IN_H(1.0),25/06/26 23:00:00,A,PC_HH,HH_O1,DE,2013,83.36,,
ESTAT:ISOC_CI_IN_H(1.0),25/06/26 23:00:00,A,PC_HH,HH_O1,EA,2004,32.65,,
ESTAT:ISOC_CI_IN_H(1.0),25/06/26 23:00:00,A,PC_HH,HH_O1,EA,2005,36.68,,
ESTAT:ISOC_CI_IN_H(1.0),25/06/26 23:00:00,A,PC_HH,HH_O1,EA,2006,37.83,,
ESTAT:ISOC_CI_IN_H(1.0),25/06/26 23:00:00,A,PC_HH,HH_O1,EA,2007,40.59,,
ESTAT:ISOC_CI_IN_H(1.0),25/06/26 23:00:00,A,PC_HH,HH_O1,EA,2008,47.08,,
ESTAT:ISOC_CI_IN_H(1.0),25/06/26 23:00:00,A,PC_HH,HH_O1,EA,2009,52.58,,
ESTAT:ISOC_CI_IN_H(1.0),25/06/26 23:00:00,A,PC_HH,HH_O1,EA,2010,58.88,,
ESTAT:ISOC_CI_IN_H(1.0),25/06/26 23:00:00,A,PC_HH,HH_O1,EA,2011,61.99,,
ESTAT:ISOC_CI_IN_H(1.0),25/06/26 23:00:00,A,PC_HH,HH_O1,EA,2012,65.11,,
ESTAT:ISOC_CI_IN_H(1.0),25/06/26 23:00:00,A,PC_HH,HH_O1,EA,2013,68.56,,
ESTAT:ISOC_CI_IN_H(1.0),25/06/26 23:00:00,A,PC_HH,HH_O1,EE,2004,30.76,,
ESTAT:ISOC_CI_IN_H(1.0),25/06/26 23:00:00,A,PC_HH,HH_O1,EE,2005,36.79,,
ESTAT:ISOC_CI_IN_H(1.0),25/06/26 23:00:00,A,PC_HH,HH_O1,EE,2006,45.18,,
ESTAT:ISOC_CI_IN_H(1.0),25/06/26 23:00:00,A,PC_HH,HH_O1,EE,2007,52.20,,
ESTAT:ISOC_CI_IN_H(1.0),25/06/26 23:00:00,A,PC_HH,HH_O1,EE,2008,57.35,,
ESTAT:ISOC_CI_IN_H(1.0),25/06/26 23:00:00,A,PC_HH,HH_O1,EE,2009,61.85,,
ESTAT:ISOC_CI_IN_H(1.0),25/06/26 23:00:00,A,PC_HH,HH_O1,EE,2010,66.89,,
ESTAT:ISOC_CI_IN_H(1.0),25/06/26 23:00:00,A,PC_HH,HH_O1,EE,2011,69.39,,
ESTAT:ISOC_CI_IN_H(1.0),25/06/26 23:00:00,A,PC_HH,HH_O1,EE,2012,73.82,,
ESTAT:ISOC_CI_IN_H(1.0),25/06/26 23:00:00,A,PC_HH,HH_O1,EE,2013,79.31,,
ESTAT:ISOC_CI_IN_H(1.0),25/06/26 23:00:00,A,PC_HH,HH_O1,EL,2002,12.15,,
ESTAT:ISOC_CI_IN_H(1.0),25/06/26 23:00:00,A,PC_HH,HH_O1,EL,2003,16.30,,
ESTAT:ISOC_CI_IN_H(1.0),25/06/26 23:00:00,A,PC_HH,HH_O1,EL,2004,16.54,,
ESTAT:ISOC_CI_IN_H(1.0),25/06/26 23:00:00,A,PC_HH,HH_O1,EL,2005,21.73,,
ESTAT:ISOC_CI_IN_H(1.0),25/06/26 23:00:00,A,PC_HH,HH_O1,EL,2006,23.12,,
ESTAT:ISOC_CI_IN_H(1.0),25/06/26 23:00:00,A,PC_HH,HH_O1,EL,2007,25.52,,
ESTAT:ISOC_CI_IN_H(1.0),25/06/26 23:00:00,A,PC_HH,HH_O1,EL,2008,31.63,,
ESTAT:ISOC_CI_IN_H(1.0),25/06/26 23:00:00,A,PC_HH,HH_O1,EL,2009,38.69,,
ESTAT:ISOC_CI_IN_H(1.0),25/06/26 23:00:00,A,PC_HH,HH_O1,EL,2010,47.36,,
ESTAT:ISOC_CI_IN_H(1.0),25/06/26 23:00:00,A,PC_HH,HH_O1,EL,2011,50.79,,
ESTAT:ISOC_CI_IN_H(1.0),25/06/26 23:00:00,A,PC_HH,HH_O1,EL,2012,54.27,,
ESTAT:ISOC_CI_IN_H(1.0),25/06/26 23:00:00,A,PC_HH,HH_O1,EL,2013,57.14,,
ESTAT:ISOC_CI_IN_H(1.0),25/06/26 23:00:00,A,PC_HH,HH_O1,ES,2003,22.66,,
ESTAT:ISOC_CI_IN_H(1.0),25/06/26 23:00:00,A,PC_HH,HH_O1,ES,2004,27.32,,
ESTAT:ISOC_CI_IN_H(1.0),25/06/26 23:00:00,A,PC_HH,HH_O1,ES,2005,29.48,,
ESTAT:ISOC_CI_IN_H(1.0),25/06/26 23:00:00,A,PC_HH,HH_O1,ES,2006,32.32,,
ESTAT:ISOC_CI_IN_H(1.0),25/06/26 23:00:00,A,PC_HH,HH_O1,ES,2007,35.37,,
ESTAT:ISOC_CI_IN_H(1.0),25/06/26 23:00:00,A,PC_HH,HH_O1,ES,2008,41.78,,
ESTAT:ISOC_CI_IN_H(1.0),25/06/26 23:00:00,A,PC_HH,HH_O1,ES,2009,45.83,,
ESTAT:ISOC_CI_IN_H(1.0),25/06/26 23:00:00,A,PC_HH,HH_O1,ES,2010,52.07,,
ESTAT:ISOC_CI_IN_H(1.0),25/06/26 23:00:00,A,PC_HH,HH_O1,ES,2011,57.28,,
ESTAT:ISOC_CI_IN_H(1.0),25/06/26 23:00:00,A,PC_HH,HH_O1,ES,2012,62.66,,
ESTAT:ISOC_CI_IN_H(1.0),25/06/26 23:00:00,A,PC_HH,HH_O1,ES,2013,65.84,,
ESTAT:ISOC_CI_IN_H(1.0),25/06/26 23:00:00,A,PC_HH,HH_O1,EU15,2004,33.79,,
ESTAT:ISOC_CI_IN_H(1.0),25/06/26 23:00:00,A,PC_HH,HH_O1,EU15,2005,38.41,,
ESTAT:ISOC_CI_IN_H(1.0),25/06/26 23:00:00,A,PC_HH,HH_O1,EU15,2006,39.81,,
ESTAT:ISOC_CI_IN_H(1.0),25/06/26 23:00:00,A,PC_HH,HH_O1,EU15,2007,41.02,,
ESTAT:ISOC_CI_IN_H(1.0),25/06/26 23:00:00,A,PC_HH,HH_O1,EU15,2008,47.51,,
ESTAT:ISOC_CI_IN_H(1.0),25/06/26 23:00:00,A,PC_HH,HH_O1,EU15,2009,52.56,,
ESTAT:ISOC_CI_IN_H(1.0),25/06/26 23:00:00,A,PC_HH,HH_O1,EU15,2010,58.81,,
ESTAT:ISOC_CI_IN_H(1.0),25/06/26 23:00:00,A,PC_HH,HH_O1,EU15,2011,61.67,,
ESTAT:ISOC_CI_IN_H(1.0),25/06/26 23:00:00,A,PC_HH,HH_O1,EU15,2012,64.77,,
ESTAT:ISOC_CI_IN_H(1.0),25/06/26 23:00:00,A,PC_HH,HH_O1,EU15,2013,68.30,,
ESTAT:ISOC_CI_IN_H(1.0),25/06/26 23:00:00,A,PC_HH,HH_O1,EU25,2004,28.85,,
ESTAT:ISOC_CI_IN_H(1.0),25/06/26 23:00:00,A,PC_HH,HH_O1,EU25,2005,33.42,,
ESTAT:ISOC_CI_IN_H(1.0),25/06/26 23:00:00,A,PC_HH,HH_O1,EU25,2006,37.42,,
ESTAT:ISOC_CI_IN_H(1.0),25/06/26 23:00:00,A,PC_HH,HH_O1,EU25,2007,40.80,,
ESTAT:ISOC_CI_IN_H(1.0),25/06/26 23:00:00,A,PC_HH,HH_O1,EU25,2008,47.85,,
ESTAT:ISOC_CI_IN_H(1.0),25/06/26 23:00:00,A,PC_HH,HH_O1,EU25,2009,54.80,,
ESTAT:ISOC_CI_IN_H(1.0),25/06/26 23:00:00,A,PC_HH,HH_O1,EU25,2010,60.34,,
ESTAT:ISOC_CI_IN_H(1.0),25/06/26 23:00:00,A,PC_HH,HH_O1,EU27_2007,2004,28.85,,
ESTAT:ISOC_CI_IN_H(1.0),25/06/26 23:00:00,A,PC_HH,HH_O1,EU27_2007,2005,33.42,,
ESTAT:ISOC_CI_IN_H(1.0),25/06/26 23:00:00,A,PC_HH,HH_O1,EU27_2007,2006,34.90,,
ESTAT:ISOC_CI_IN_H(1.0),25/06/26 23:00:00,A,PC_HH,HH_O1,EU27_2007,2007,37.50,,
ESTAT:ISOC_CI_IN_H(1.0),25/06/26 23:00:00,A,PC_HH,HH_O1,EU27_2007,2008,44.66,,
ESTAT:ISOC_CI_IN_H(1.0),25/06/26 23:00:00,A,PC_HH,HH_O1,EU27_2007,2009,51.68,,
ESTAT:ISOC_CI_IN_H(1.0),25/06/26 23:00:00,A,PC_HH,HH_O1,EU27_2007,2010,56.97,,
ESTAT:ISOC_CI_IN_H(1.0),25/06/26 23:00:00,A,PC_HH,HH_O1,EU27_2007,2011,60.97,,
ESTAT:ISOC_CI_IN_H(1.0),25/06/26 23:00:00,A,PC_HH,HH_O1,EU27_2007,2012,64.79,,
ESTAT:ISOC_CI_IN_H(1.0),25/06/26 23:00:00,A,PC_HH,HH_O1,EU27_2007,2013,67.75,,
ESTAT:ISOC_CI_IN_H(1.0),25/06/26 23:00:00,A,PC_HH,HH_O1,EU27_2020,2007,37.08,,
ESTAT:ISOC_CI_IN_H(1.0),25/06/26 23:00:00,A,PC_HH,HH_O1,EU27_2020,2008,44.26,,
ESTAT:ISOC_CI_IN_H(1.0),25/06/26 23:00:00,A,PC_HH,HH_O1,EU27_2020,2009,51.26,,
ESTAT:ISOC_CI_IN_H(1.0),25/06/26 23:00:00,A,PC_HH,HH_O1,EU27_2020,2010,56.63,,
ESTAT:ISOC_CI_IN_H(1.0),25/06/26 23:00:00,A,PC_HH,HH_O1,EU27_2020,2011,60.63,,
ESTAT:ISOC_CI_IN_H(1.0),25/06/26 23:00:00,A,PC_HH,HH_O1,EU27_2020,2012,64.46,,
ESTAT:ISOC_CI_IN_H(1.0),25/06/26 23:00:00,A,PC_HH,HH_O1,EU27_2020,2013,67.31,,
ESTAT:ISOC_CI_IN_H(1.0),25/06/26 23:00:00,A,PC_HH,HH_O1,EU28,2007,37.50,,
ESTAT:ISOC_CI_IN_H(1.0),25/06/26 23:00:00,A,PC_HH,HH_O1,EU28,2008,44.66,,
ESTAT:ISOC_CI_IN_H(1.0),25/06/26 23:00:00,A,PC_HH,HH_O1,EU28,2009,51.68,,
ESTAT:ISOC_CI_IN_H(1.0),25/06/26 23:00:00,A,PC_HH,HH_O1,EU28,2010,56.97,,
ESTAT:ISOC_CI_IN_H(1.0),25/06/26 23:00:00,A,PC_HH,HH_O1,EU28,2011,60.97,,
ESTAT:ISOC_CI_IN_H(1.0),25/06/26 23:00:00,A,PC_HH,HH_O1,EU28,2012,64.79,,
ESTAT:ISOC_CI_IN_H(1.0),25/06/26 23:00:00,A,PC_HH,HH_O1,EU28,2013,67.67,,
ESTAT:ISOC_CI_IN_H(1.0),25/06/26 23:00:00,A,PC_HH,HH_O1,FI,2002,34.94,,
ESTAT:ISOC_CI_IN_H(1.0),25/06/26 23:00:00,A,PC_HH,HH_O1,FI,2003,37.37,,
ESTAT:ISOC_CI_IN_H(1.0),25/06/26 23:00:00,A,PC_HH,HH_O1,FI,2004,40.32,,
ESTAT:ISOC_CI_IN_H(1.0),25/06/26 23:00:00,A,PC_HH,HH_O1,FI,2005,46.90,,
ESTAT:ISOC_CI_IN_H(1.0),25/06/26 23:00:00,A,PC_HH,HH_O1,FI,2006,56.08,,
ESTAT:ISOC_CI_IN_H(1.0),25/06/26 23:00:00,A,PC_HH,HH_O1,FR,2009,51.17,,
ESTAT:ISOC_CI_IN_H(1.0),25/06/26 23:00:00,A,PC_HH,HH_O1,FR,2010,55.06,,
ESTAT:ISOC_CI_IN_H(1.0),25/06/26 23:00:00,A,PC_HH,HH_O1,FR,2011,61.59,,
ESTAT:ISOC_CI_IN_H(1.0),25/06/26 23:00:00,A,PC_HH,HH_O1,FR,2012,61.20,,
ESTAT:ISOC_CI_IN_H(1.0),25/06/26 23:00:00,A,PC_HH,HH_O1,FR,2013,68.98,,
ESTAT:ISOC_CI_IN_H(1.0),25/06/26 23:00:00,A,PC_HH,HH_O1,HR,2013,64.58,,
ESTAT:ISOC_CI_IN_H(1.0),25/06/26 23:00:00,A,PC_HH,HH_O1,HU,2004,14.18,,
ESTAT:ISOC_CI_IN_H(1.0),25/06/26 23:00:00,A,PC_HH,HH_O1,HU,2005,22.12,,
ESTAT:ISOC_CI_IN_H(1.0),25/06/26 23:00:00,A,PC_HH,HH_O1,HU,2006,31.65,,
ESTAT:ISOC_CI_IN_H(1.0),25/06/26 23:00:00,A,PC_HH,HH_O1,HU,2007,33.05,,
ESTAT:ISOC_CI_IN_H(1.0),25/06/26 23:00:00,A,PC_HH,HH_O1,HU,2008,43.08,,
ESTAT:ISOC_CI_IN_H(1.0),25/06/26 23:00:00,A,PC_HH,HH_O1,HU,2009,49.34,,
ESTAT:ISOC_CI_IN_H(1.0),25/06/26 23:00:00,A,PC_HH,HH_O1,HU,2010,53.95,,
ESTAT:ISOC_CI_IN_H(1.0),25/06/26 23:00:00,A,PC_HH,HH_O1,HU,2011,58.87,,
ESTAT:ISOC_CI_IN_H(1.0),25/06/26 23:00:00,A,PC_HH,HH_O1,HU,2012,62.66,,
ESTAT:ISOC_CI_IN_H(1.0),25/06/26 23:00:00,A,PC_HH,HH_O1,HU,2013,65.79,,
ESTAT:ISOC_CI_IN_H(1.0),25/06/26 23:00:00,A,PC_HH,HH_O1,IE,2003,35.57,,
ESTAT:ISOC_CI_IN_H(1.0),25/06/26 23:00:00,A,PC_HH,HH_O1,IE,2004,39.73,,
ESTAT:ISOC_CI_IN_H(1.0),25/06/26 23:00:00,A,PC_HH,HH_O1,IE,2005,47.18,,
ESTAT:ISOC_CI_IN_H(1.0),25/06/26 23:00:00,A,PC_HH,HH_O1,IE,2006,41.22,,
ESTAT:ISOC_CI_IN_H(1.0),25/06/26 23:00:00,A,PC_HH,HH_O1,IT,2004,28.65,,
ESTAT:ISOC_CI_IN_H(1.0),25/06/26 23:00:00,A,PC_HH,HH_O1,IT,2005,31.05,,
ESTAT:ISOC_CI_IN_H(1.0),25/06/26 23:00:00,A,PC_HH,HH_O1,IT,2006,32.74,,
ESTAT:ISOC_CI_IN_H(1.0),25/06/26 23:00:00,A,PC_HH,HH_O1,IT,2007,35.57,,
ESTAT:ISOC_CI_IN_H(1.0),25/06/26 23:00:00,A,PC_HH,HH_O1,IT,2008,38.01,,
ESTAT:ISOC_CI_IN_H(1.0),25/06/26 23:00:00,A,PC_HH,HH_O1,IT,2009,46.38,,
ESTAT:ISOC_CI_IN_H(1.0),25/06/26 23:00:00,A,PC_HH,HH_O1,IT,2010,51.73,,
ESTAT:ISOC_CI_IN_H(1.0),25/06/26 23:00:00,A,PC_HH,HH_O1,IT,2011,53.66,,
ESTAT:ISOC_CI_IN_H(1.0),25/06/26 23:00:00,A,PC_HH,HH_O1,IT,2012,55.61,,
ESTAT:ISOC_CI_IN_H(1.0),25/06/26 23:00:00,A,PC_HH,HH_O1,IT,2013,60.93,,
ESTAT:ISOC_CI_IN_H(1.0),25/06/26 23:00:00,A,PC_HH,HH_O1,LT,2004,11.60,,
ESTAT:ISOC_CI_IN_H(1.0),25/06/26 23:00:00,A,PC_HH,HH_O1,LT,2005,15.78,,
ESTAT:ISOC_CI_IN_H(1.0),25/06/26 23:00:00,A,PC_HH,HH_O1,LT,2006,34.51,,
ESTAT:ISOC_CI_IN_H(1.0),25/06/26 23:00:00,A,PC_HH,HH_O1,LT,2007,44.36,,
ESTAT:ISOC_CI_IN_H(1.0),25/06/26 23:00:00,A,PC_HH,HH_O1,LT,2008,50.94,,
ESTAT:ISOC_CI_IN_H(1.0),25/06/26 23:00:00,A,PC_HH,HH_O1,LT,2009,60.00,,
ESTAT:ISOC_CI_IN_H(1.0),25/06/26 23:00:00,A,PC_HH,HH_O1,LT,2010,60.58,,
ESTAT:ISOC_CI_IN_H(1.0),25/06/26 23:00:00,A,PC_HH,HH_O1,LT,2011,60.14,,
ESTAT:ISOC_CI_IN_H(1.0),25/06/26 23:00:00,A,PC_HH,HH_O1,LT,2012,60.12,,
ESTAT:ISOC_CI_IN_H(1.0),25/06/26 23:00:00,A,PC_HH,HH_O1,LT,2013,64.73,,
ESTAT:ISOC_CI_IN_H(1.0),25/06/26 23:00:00,A,PC_HH,HH_O1,LV,2004,14.65,,
ESTAT:ISOC_CI_IN_H(1.0),25/06/26 23:00:00,A,PC_HH,HH_O1,LV,2005,30.52,,
ESTAT:ISOC_CI_IN_H(1.0),25/06/26 23:00:00,A,PC_HH,HH_O1,LV,2006,42.20,,
ESTAT:ISOC_CI_IN_H(1.0),25/06/26 23:00:00,A,PC_HH,HH_O1,LV,2007,50.53,,
ESTAT:ISOC_CI_IN_H(1.0),25/06/26 23:00:00,A,PC_HH,HH_O1,LV,2008,52.81,,
ESTAT:ISOC_CI_IN_H(1.0),25/06/26 23:00:00,A,PC_HH,HH_O1,LV,2009,58.02,,
ESTAT:ISOC_CI_IN_H(1.0),25/06/26 23:00:00,A,PC_HH,HH_O1,LV,2010,59.77,,
ESTAT:ISOC_CI_IN_H(1.0),25/06/26 23:00:00,A,PC_HH,HH_O1,LV,2011,63.64,,
ESTAT:ISOC_CI_IN_H(1.0),25/06/26 23:00:00,A,PC_HH,HH_O1,LV,2012,68.68,,
ESTAT:ISOC_CI_IN_H(1.0),25/06/26 23:00:00,A,PC_HH,HH_O1,LV,2013,71.60,,
ESTAT:ISOC_CI_IN_H(1.0),25/06/26 23:00:00,A,PC_HH,HH_O1,MT,2005,40.57,,
ESTAT:ISOC_CI_IN_H(1.0),25/06/26 23:00:00,A,PC_HH,HH_O1,MT,2006,52.78,,
ESTAT:ISOC_CI_IN_H(1.0),25/06/26 23:00:00,A,PC_HH,HH_O1,MT,2007,53.92,,
ESTAT:ISOC_CI_IN_H(1.0),25/06/26 23:00:00,A,PC_HH,HH_O1,MT,2008,59.00,,
ESTAT:ISOC_CI_IN_H(1.0),25/06/26 23:00:00,A,PC_HH,HH_O1,MT,2009,64.45,,
ESTAT:ISOC_CI_IN_H(1.0),25/06/26 23:00:00,A,PC_HH,HH_O1,MT,2010,70.45,,
ESTAT:ISOC_CI_IN_H(1.0),25/06/26 23:00:00,A,PC_HH,HH_O1,MT,2011,75.29,,
ESTAT:ISOC_CI_IN_H(1.0),25/06/26 23:00:00,A,PC_HH,HH_O1,MT,2012,76.70,,
ESTAT:ISOC_CI_IN_H(1.0),25/06/26 23:00:00,A,PC_HH,HH_O1,MT,2013,78.04,,
ESTAT:ISOC_CI_IN_H(1.0),25/06/26 23:00:00,A,PC_HH,HH_O1,NL,2004,65.06,,
ESTAT:ISOC_CI_IN_H(1.0),25/06/26 23:00:00,A,PC_HH,HH_O1,NL,2005,,u,
ESTAT:ISOC_CI_IN_H(1.0),25/06/26 23:00:00,A,PC_HH,HH_O1,NL,2006,,u,
ESTAT:ISOC_CI_IN_H(1.0),25/06/26 23:00:00,A,PC_HH,HH_O1,PL,2004,26.02,,
ESTAT:ISOC_CI_IN_H(1.0),25/06/26 23:00:00,A,PC_HH,HH_O1,PL,2005,30.44,,
ESTAT:ISOC_CI_IN_H(1.0),25/06/26 23:00:00,A,PC_HH,HH_O1,PL,2006,35.94,,
ESTAT:ISOC_CI_IN_H(1.0),25/06/26 23:00:00,A,PC_HH,HH_O1,PL,2007,40.98,,
ESTAT:ISOC_CI_IN_H(1.0),25/06/26 23:00:00,A,PC_HH,HH_O1,PL,2008,47.60,,
ESTAT:ISOC_CI_IN_H(1.0),25/06/26 23:00:00,A,PC_HH,HH_O1,PL,2009,58.59,,
ESTAT:ISOC_CI_IN_H(1.0),25/06/26 23:00:00,A,PC_HH,HH_O1,PL,2010,63.44,,
ESTAT:ISOC_CI_IN_H(1.0),25/06/26 23:00:00,A,PC_HH,HH_O1,PL,2011,66.64,,
ESTAT:ISOC_CI_IN_H(1.0),25/06/26 23:00:00,A,PC_HH,HH_O1,PL,2012,70.49,,
ESTAT:ISOC_CI_IN_H(1.0),25/06/26 23:00:00,A,PC_HH,HH_O1,PL,2013,71.90,,
ESTAT:ISOC_CI_IN_H(1.0),25/06/26 23:00:00,A,PC_HH,HH_O1,PT,2002,15.12,,
ESTAT:ISOC_CI_IN_H(1.0),25/06/26 23:00:00,A,PC_HH,HH_O1,PT,2003,21.69,,
ESTAT:ISOC_CI_IN_H(1.0),25/06/26 23:00:00,A,PC_HH,HH_O1,PT,2004,26.17,,
ESTAT:ISOC_CI_IN_H(1.0),25/06/26 23:00:00,A,PC_HH,HH_O1,PT,2005,31.46,,
ESTAT:ISOC_CI_IN_H(1.0),25/06/26 23:00:00,A,PC_HH,HH_O1,PT,2006,32.96,,
ESTAT:ISOC_CI_IN_H(1.0),25/06/26 23:00:00,A,PC_HH,HH_O1,PT,2007,36.79,,
ESTAT:ISOC_CI_IN_H(1.0),25/06/26 23:00:00,A,PC_HH,HH_O1,PT,2008,42.74,,
ESTAT:ISOC_CI_IN_H(1.0),25/06/26 23:00:00,A,PC_HH,HH_O1,PT,2009,44.69,,
ESTAT:ISOC_CI_IN_H(1.0),25/06/26 23:00:00,A,PC_HH,HH_O1,PT,2010,50.22,,
ESTAT:ISOC_CI_IN_H(1.0),25/06/26 23:00:00,A,PC_HH,HH_O1,PT,2011,53.94,,
ESTAT:ISOC_CI_IN_H(1.0),25/06/26 23:00:00,A,PC_HH,HH_O1,PT,2012,56.51,,
ESTAT:ISOC_CI_IN_H(1.0),25/06/26 23:00:00,A,PC_HH,HH_O1,PT,2013,57.97,,
ESTAT:ISOC_CI_IN_H(1.0),25/06/26 23:00:00,A,PC_HH,HH_O1,RO,2006,14.25,,
ESTAT:ISOC_CI_IN_H(1.0),25/06/26 23:00:00,A,PC_HH,HH_O1,RO,2007,22.25,,
ESTAT:ISOC_CI_IN_H(1.0),25/06/26 23:00:00,A,PC_HH,HH_O1,RO,2008,29.60,,
ESTAT:ISOC_CI_IN_H(1.0),25/06/26 23:00:00,A,PC_HH,HH_O1,RO,2009,37.95,,
ESTAT:ISOC_CI_IN_H(1.0),25/06/26 23:00:00,A,PC_HH,HH_O1,RO,2010,42.18,,
ESTAT:ISOC_CI_IN_H(1.0),25/06/26 23:00:00,A,PC_HH,HH_O1,RO,2011,47.44,,
ESTAT:ISOC_CI_IN_H(1.0),25/06/26 23:00:00,A,PC_HH,HH_O1,RO,2012,53.77,,
ESTAT:ISOC_CI_IN_H(1.0),25/06/26 23:00:00,A,PC_HH,HH_O1,RO,2013,58.07,,
ESTAT:ISOC_CI_IN_H(1.0),25/06/26 23:00:00,A,PC_HH,HH_O1,SE,2005,68.39,,
ESTAT:ISOC_CI_IN_H(1.0),25/06/26 23:00:00,A,PC_HH,HH_O1,SE,2006,67.78,,
ESTAT:ISOC_CI_IN_H(1.0),25/06/26 23:00:00,A,PC_HH,HH_O1,SI,2004,46.86,,
ESTAT:ISOC_CI_IN_H(1.0),25/06/26 23:00:00,A,PC_HH,HH_O1,SI,2005,48.21,,
ESTAT:ISOC_CI_IN_H(1.0),25/06/26 23:00:00,A,PC_HH,HH_O1,SI,2006,54.36,,
ESTAT:ISOC_CI_IN_H(1.0),25/06/26 23:00:00,A,PC_HH,HH_O1,SI,2007,57.61,,
ESTAT:ISOC_CI_IN_H(1.0),25/06/26 23:00:00,A,PC_HH,HH_O1,SI,2008,58.89,,
ESTAT:ISOC_CI_IN_H(1.0),25/06/26 23:00:00,A,PC_HH,HH_O1,SI,2009,63.94,,
ESTAT:ISOC_CI_IN_H(1.0),25/06/26 23:00:00,A,PC_HH,HH_O1,SI,2010,68.13,,
ESTAT:ISOC_CI_IN_H(1.0),25/06/26 23:00:00,A,PC_HH,HH_O1,SI,2011,72.60,,
ESTAT:ISOC_CI_IN_H(1.0),25/06/26 23:00:00,A,PC_HH,HH_O1,SI,2012,73.94,,
ESTAT:ISOC_CI_IN_H(1.0),25/06/26 23:00:00,A,PC_HH,HH_O1,SI,2013,75.62,,
ESTAT:ISOC_CI_IN_H(1.0),25/06/26 23:00:00,A,PC_HH,HH_O1,SK,2005,22.97,,
ESTAT:ISOC_CI_IN_H(1.0),25/06/26 23:00:00,A,PC_HH,HH_O1,SK,2006,25.56,,
ESTAT:ISOC_CI_IN_H(1.0),25/06/26 23:00:00,A,PC_HH,HH_O1,SK,2007,44.94,,
ESTAT:ISOC_CI_IN_H(1.0),25/06/26 23:00:00,A,PC_HH,HH_O1,SK,2008,57.73,,
ESTAT:ISOC_CI_IN_H(1.0),25/06/26 23:00:00,A,PC_HH,HH_O1,SK,2009,61.61,,
ESTAT:ISOC_CI_IN_H(1.0),25/06/26 23:00:00,A,PC_HH,HH_O1,SK,2010,66.43,,
ESTAT:ISOC_CI_IN_H(1.0),25/06/26 23:00:00,A,PC_HH,HH_O1,SK,2011,70.28,,
ESTAT:ISOC_CI_IN_H(1.0),25/06/26 23:00:00,A,PC_HH,HH_O1,SK,2012,74.24,,
ESTAT:ISOC_CI_IN_H(1.0),25/06/26 23:00:00,A,PC_HH,HH_O1,SK,2013,77.14,,
ESTAT:ISOC_CI_IN_H(1.0),25/06/26 23:00:00,A,PC_HH,HH_O1,UK,2004,48.22,,
ESTAT:ISOC_CI_IN_H(1.0),25/06/26 23:00:00,A,PC_HH,HH_O1,UK,2005,56.83,,
ESTAT:ISOC_CI_IN_H(1.0),25/06/26 23:00:00,A,PC_HH,HH_O1,UK,2006,57.21,,
ESTAT:ISOC_CI_IN_H(1.0),25/06/26 23:00:00,A,PC_HH,HH_O1,UK,2007,67.41,,
ESTAT:ISOC_CI_IN_H(1.0),25/06/26 23:00:00,A,PC_HH,HH_O1,UK,2008,67.75,,
ESTAT:ISOC_CI_IN_H(1.0),25/06/26 23:00:00,A,PC_HH,HH_O1,UK,2009,74.38,,
ESTAT:ISOC_CI_IN_H(1.0),25/06/26 23:00:00,A,PC_HH,HH_O1,UK,2010,79.52,,
ESTAT:ISOC_CI_IN_H(1.0),25/06/26 23:00:00,A,PC_HH,HH_O1,UK,2011,79.45,,
ESTAT:ISOC_CI_IN_H(1.0),25/06/26 23:00:00,A,PC_HH,HH_O1,UK,2012,82.83,,
ESTAT:ISOC_CI_IN_H(1.0),25/06/26 23:00:00,A,PC_HH,HH_O1,UK,2013,84.22,,
ESTAT:ISOC_CI_IN_H(1.0),25/06/26 23:00:00,A,PC_HH,TOTAL,AL,2018,83.64,,
ESTAT:ISOC_CI_IN_H(1.0),25/06/26 23:00:00,A,PC_HH,TOTAL,AL,2019,85.45,,
ESTAT:ISOC_CI_IN_H(1.0),25/06/26 23:00:00,A,PC_HH,TOTAL,AL,2020,87.15,,
ESTAT:ISOC_CI_IN_H(1.0),25/06/26 23:00:00,A,PC_HH,TOTAL,AL,2021,90.87,,
ESTAT:ISOC_CI_IN_H(1.0),25/06/26 23:00:00,A,PC_HH,TOTAL,AL,2022,98.44,,
ESTAT:ISOC_CI_IN_H(1.0),25/06/26 23:00:00,A,PC_HH,TOTAL,AL,2023,97.72,,
ESTAT:ISOC_CI_IN_H(1.0),25/06/26 23:00:00,A,PC_HH,TOTAL,AL,2024,98.15,,
ESTAT:ISOC_CI_IN_H(1.0),25/06/26 23:00:00,A,PC_HH,TOTAL,AL,2025,99.27,,
ESTAT:ISOC_CI_IN_H(1.0),25/06/26 23:00:00,A,PC_HH,TOTAL,AT,2002,33.47,,
ESTAT:ISOC_CI_IN_H(1.0),25/06/26 23:00:00,A,PC_HH,TOTAL,AT,2003,37.37,,
ESTAT:ISOC_CI_IN_H(1.0),25/06/26 23:00:00,A,PC_HH,TOTAL,AT,2004,44.65,,
ESTAT:ISOC_CI_IN_H(1.0),25/06/26 23:00:00,A,PC_HH,TOTAL,AT,2005,46.69,,
ESTAT:ISOC_CI_IN_H(1.0),25/06/26 23:00:00,A,PC_HH,TOTAL,AT,2006,52.30,,
ESTAT:ISOC_CI_IN_H(1.0),25/06/26 23:00:00,A,PC_HH,TOTAL,AT,2007,59.62,,
ESTAT:ISOC_CI_IN_H(1.0),25/06/26 23:00:00,A,PC_HH,TOTAL,AT,2008,68.92,,
ESTAT:ISOC_CI_IN_H(1.0),25/06/26 23:00:00,A,PC_HH,TOTAL,AT,2009,69.75,,
ESTAT:ISOC_CI_IN_H(1.0),25/06/26 23:00:00,A,PC_HH,TOTAL,AT,2010,72.89,,
ESTAT:ISOC_CI_IN_H(1.0),25/06/26 23:00:00,A,PC_HH,TOTAL,AT,2011,75.44,,
ESTAT:ISOC_CI_IN_H(1.0),25/06/26 23:00:00,A,PC_HH,TOTAL,AT,2012,79.28,,
ESTAT:ISOC_CI_IN_H(1.0),25/06/26 23:00:00,A,PC_HH,TOTAL,AT,2013,80.86,,
ESTAT:ISOC_CI_IN_H(1.0),25/06/26 23:00:00,A,PC_HH,TOTAL,AT,2014,80.99,,
ESTAT:ISOC_CI_IN_H(1.0),25/06/26 23:00:00,A,PC_HH,TOTAL,AT,2015,82.42,,
ESTAT:ISOC_CI_IN_H(1.0),25/06/26 23:00:00,A,PC_HH,TOTAL,AT,2016,85.09,,
ESTAT:ISOC_CI_IN_H(1.0),25/06/26 23:00:00,A,PC_HH,TOTAL,AT,2017,88.79,,
ESTAT:ISOC_CI_IN_H(1.0),25/06/26 23:00:00,A,PC_HH,TOTAL,AT,2018,88.78,,
ESTAT:ISOC_CI_IN_H(1.0),25/06/26 23:00:00,A,PC_HH,TOTAL,AT,2019,89.91,,
ESTAT:ISOC_CI_IN_H(1.0),25/06/26 23:00:00,A,PC_HH,TOTAL,AT,2020,90.40,,
ESTAT:ISOC_CI_IN_H(1.0),25/06/26 23:00:00,A,PC_HH,TOTAL,AT,2021,95.00,,
ESTAT:ISOC_CI_IN_H(1.0),25/06/26 23:00:00,A,PC_HH,TOTAL,AT,2022,93.15,,
ESTAT:ISOC_CI_IN_H(1.0),25/06/26 23:00:00,A,PC_HH,TOTAL,AT,2023,94.98,,
ESTAT:ISOC_CI_IN_H(1.0),25/06/26 23:00:00,A,PC_HH,TOTAL,AT,2024,94.96,,
ESTAT:ISOC_CI_IN_H(1.0),25/06/26 23:00:00,A,PC_HH,TOTAL,AT,2025,95.45,,
ESTAT:ISOC_CI_IN_H(1.0),25/06/26 23:00:00,A,PC_HH,TOTAL,BA,2018,69.19,,
ESTAT:ISOC_CI_IN_H(1.0),25/06/26 23:00:00,A,PC_HH,TOTAL,BA,2019,72.03,,
ESTAT:ISOC_CI_IN_H(1.0),25/06/26 23:00:00,A,PC_HH,TOTAL,BA,2020,72.84,,
ESTAT:ISOC_CI_IN_H(1.0),25/06/26 23:00:00,A,PC_HH,TOTAL,BA,2021,75.49,,
ESTAT:ISOC_CI_IN_H(1.0),25/06/26 23:00:00,A,PC_HH,TOTAL,BA,2023,81.55,,
ESTAT:ISOC_CI_IN_H(1.0),25/06/26 23:00:00,A,PC_HH,TOTAL,BA,2024,84.19,,
ESTAT:ISOC_CI_IN_H(1.0),25/06/26 23:00:00,A,PC_HH,TOTAL,BA,2025,88.22,,
ESTAT:ISOC_CI_IN_H(1.0),25/06/26 23:00:00,A,PC_HH,TOTAL,BE,2005,50.16,,
ESTAT:ISOC_CI_IN_H(1.0),25/06/26 23:00:00,A,PC_HH,TOTAL,BE,2006,53.96,,
ESTAT:ISOC_CI_IN_H(1.0),25/06/26 23:00:00,A,PC_HH,TOTAL,BE,2007,60.16,,
ESTAT:ISOC_CI_IN_H(1.0),25/06/26 23:00:00,A,PC_HH,TOTAL,BE,2008,63.63,,
ESTAT:ISOC_CI_IN_H(1.0),25/06/26 23:00:00,A,PC_HH,TOTAL,BE,2009,67.44,,
ESTAT:ISOC_CI_IN_H(1.0),25/06/26 23:00:00,A,PC_HH,TOTAL,BE,2010,72.74,,
ESTAT:ISOC_CI_IN_H(1.0),25/06/26 23:00:00,A,PC_HH,TOTAL,BE,2011,76.51,,
ESTAT:ISOC_CI_IN_H(1.0),25/06/26 23:00:00,A,PC_HH,TOTAL,BE,2012,77.71,,
ESTAT:ISOC_CI_IN_H(1.0),25/06/26 23:00:00,A,PC_HH,TOTAL,BE,2013,80.05,,
ESTAT:ISOC_CI_IN_H(1.0),25/06/26 23:00:00,A,PC_HH,TOTAL,BE,2014,82.80,,
ESTAT:ISOC_CI_IN_H(1.0),25/06/26 23:00:00,A,PC_HH,TOTAL,BE,2015,81.83,,
ESTAT:ISOC_CI_IN_H(1.0),25/06/26 23:00:00,A,PC_HH,TOTAL,BE,2016,84.79,,
ESTAT:ISOC_CI_IN_H(1.0),25/06/26 23:00:00,A,PC_HH,TOTAL,BE,2017,85.97,,
ESTAT:ISOC_CI_IN_H(1.0),25/06/26 23:00:00,A,PC_HH,TOTAL,BE,2018,87.27,,
ESTAT:ISOC_CI_IN_H(1.0),25/06/26 23:00:00,A,PC_HH,TOTAL,BE,2019,89.73,,
ESTAT:ISOC_CI_IN_H(1.0),25/06/26 23:00:00,A,PC_HH,TOTAL,BE,2020,90.86,,
ESTAT:ISOC_CI_IN_H(1.0),25/06/26 23:00:00,A,PC_HH,TOTAL,BE,2021,91.97,,
ESTAT:ISOC_CI_IN_H(1.0),25/06/26 23:00:00,A,PC_HH,TOTAL,BE,2022,94.44,,
ESTAT:ISOC_CI_IN_H(1.0),25/06/26 23:00:00,A,PC_HH,TOTAL,BE,2023,94.48,,
ESTAT:ISOC_CI_IN_H(1.0),25/06/26 23:00:00,A,PC_HH,TOTAL,BE,2024,94.62,,
ESTAT:ISOC_CI_IN_H(1.0),25/06/26 23:00:00,A,PC_HH,TOTAL,BE,2025,94.68,,
ESTAT:ISOC_CI_IN_H(1.0),25/06/26 23:00:00,A,PC_HH,TOTAL,BG,2004,9.65,,
ESTAT:ISOC_CI_IN_H(1.0),25/06/26 23:00:00,A,PC_HH,TOTAL,BG,2006,17.01,,
ESTAT:ISOC_CI_IN_H(1.0),25/06/26 23:00:00,A,PC_HH,TOTAL,BG,2007,18.96,,
ESTAT:ISOC_CI_IN_H(1.0),25/06/26 23:00:00,A,PC_HH,TOTAL,BG,2008,25.29,,
ESTAT:ISOC_CI_IN_H(1.0),25/06/26 23:00:00,A,PC_HH,TOTAL,BG,2009,29.60,,
ESTAT:ISOC_CI_IN_H(1.0),25/06/26 23:00:00,A,PC_HH,TOTAL,BG,2010,33.11,,
ESTAT:ISOC_CI_IN_H(1.0),25/06/26 23:00:00,A,PC_HH,TOTAL,BG,2011,45.00,,
ESTAT:ISOC_CI_IN_H(1.0),25/06/26 23:00:00,A,PC_HH,TOTAL,BG,2012,50.92,,
ESTAT:ISOC_CI_IN_H(1.0),25/06/26 23:00:00,A,PC_HH,TOTAL,BG,2013,53.71,,
ESTAT:ISOC_CI_IN_H(1.0),25/06/26 23:00:00,A,PC_HH,TOTAL,BG,2014,56.65,,
ESTAT:ISOC_CI_IN_H(1.0),25/06/26 23:00:00,A,PC_HH,TOTAL,BG,2015,59.14,,
ESTAT:ISOC_CI_IN_H(1.0),25/06/26 23:00:00,A,PC_HH,TOTAL,BG,2016,63.54,,
ESTAT:ISOC_CI_IN_H(1.0),25/06/26 23:00:00,A,PC_HH,TOTAL,BG,2017,67.33,,
ESTAT:ISOC_CI_IN_H(1.0),25/06/26 23:00:00,A,PC_HH,TOTAL,BG,2018,72.13,,
ESTAT:ISOC_CI_IN_H(1.0),25/06/26 23:00:00,A,PC_HH,TOTAL,BG,2019,75.07,,
ESTAT:ISOC_CI_IN_H(1.0),25/06/26 23:00:00,A,PC_HH,TOTAL,BG,2020,78.85,,
ESTAT:ISOC_CI_IN_H(1.0),25/06/26 23:00:00,A,PC_HH,TOTAL,BG,2021,83.53,,
ESTAT:ISOC_CI_IN_H(1.0),25/06/26 23:00:00,A,PC_HH,TOTAL,BG,2022,87.31,,
ESTAT:ISOC_CI_IN_H(1.0),25/06/26 23:00:00,A,PC_HH,TOTAL,BG,2023,88.50,,
ESTAT:ISOC_CI_IN_H(1.0),25/06/26 23:00:00,A,PC_HH,TOTAL,BG,2024,92.12,,
ESTAT:ISOC_CI_IN_H(1.0),25/06/26 23:00:00,A,PC_HH,TOTAL,BG,2025,92.82,,
ESTAT:ISOC_CI_IN_H(1.0),25/06/26 23:00:00,A,PC_HH,TOTAL,CH,2014,90.63,,
ESTAT:ISOC_CI_IN_H(1.0),25/06/26 23:00:00,A,PC_HH,TOTAL,CH,2017,93.06,b,
ESTAT:ISOC_CI_IN_H(1.0),25/06/26 23:00:00,A,PC_HH,TOTAL,CH,2019,95.51,,
ESTAT:ISOC_CI_IN_H(1.0),25/06/26 23:00:00,A,PC_HH,TOTAL,CH,2021,98.67,,
ESTAT:ISOC_CI_IN_H(1.0),25/06/26 23:00:00,A,PC_HH,TOTAL,CH,2023,99.66,,
ESTAT:ISOC_CI_IN_H(1.0),25/06/26 23:00:00,A,PC_HH,TOTAL,CH,2025,98.99,,
ESTAT:ISOC_CI_IN_H(1.0),25/06/26 23:00:00,A,PC_HH,TOTAL,CY,2002,24.00,,
ESTAT:ISOC_CI_IN_H(1.0),25/06/26 23:00:00,A,PC_HH,TOTAL,CY,2003,29.00,,
ESTAT:ISOC_CI_IN_H(1.0),25/06/26 23:00:00,A,PC_HH,TOTAL,CY,2004,52.77,,
ESTAT:ISOC_CI_IN_H(1.0),25/06/26 23:00:00,A,PC_HH,TOTAL,CY,2005,31.71,,
ESTAT:ISOC_CI_IN_H(1.0),25/06/26 23:00:00,A,PC_HH,TOTAL,CY,2006,36.67,,
ESTAT:ISOC_CI_IN_H(1.0),25/06/26 23:00:00,A,PC_HH,TOTAL,CY,2007,38.90,,
ESTAT:ISOC_CI_IN_H(1.0),25/06/26 23:00:00,A,PC_HH,TOTAL,CY,2008,42.92,,
ESTAT:ISOC_CI_IN_H(1.0),25/06/26 23:00:00,A,PC_HH,TOTAL,CY,2009,52.76,,
ESTAT:ISOC_CI_IN_H(1.0),25/06/26 23:00:00,A,PC_HH,TOTAL,CY,2010,53.71,,
ESTAT:ISOC_CI_IN_H(1.0),25/06/26 23:00:00,A,PC_HH,TOTAL,CY,2011,57.35,,
ESTAT:ISOC_CI_IN_H(1.0),25/06/26 23:00:00,A,PC_HH,TOTAL,CY,2012,61.82,,
ESTAT:ISOC_CI_IN_H(1.0),25/06/26 23:00:00,A,PC_HH,TOTAL,CY,2013,64.71,,
ESTAT:ISOC_CI_IN_H(1.0),25/06/26 23:00:00,A,PC_HH,TOTAL,CY,2014,68.64,,
ESTAT:ISOC_CI_IN_H(1.0),25/06/26 23:00:00,A,PC_HH,TOTAL,CY,2015,71.21,,
ESTAT:ISOC_CI_IN_H(1.0),25/06/26 23:00:00,A,PC_HH,TOTAL,CY,2016,74.35,,
ESTAT:ISOC_CI_IN_H(1.0),25/06/26 23:00:00,A,PC_HH,TOTAL,CY,2017,79.41,,
ESTAT:ISOC_CI_IN_H(1.0),25/06/26 23:00:00,A,PC_HH,TOTAL,CY,2018,86.17,,
ESTAT:ISOC_CI_IN_H(1.0),25/06/26 23:00:00,A,PC_HH,TOTAL,CY,2019,89.61,,
ESTAT:ISOC_CI_IN_H(1.0),25/06/26 23:00:00,A,PC_HH,TOTAL,CY,2020,92.78,,
ESTAT:ISOC_CI_IN_H(1.0),25/06/26 23:00:00,A,PC_HH,TOTAL,CY,2021,93.41,,
ESTAT:ISOC_CI_IN_H(1.0),25/06/26 23:00:00,A,PC_HH,TOTAL,CY,2022,94.00,,
ESTAT:ISOC_CI_IN_H(1.0),25/06/26 23:00:00,A,PC_HH,TOTAL,CY,2023,92.30,,
ESTAT:ISOC_CI_IN_H(1.0),25/06/26 23:00:00,A,PC_HH,TOTAL,CY,2024,94.92,,
ESTAT:ISOC_CI_IN_H(1.0),25/06/26 23:00:00,A,PC_HH,TOTAL,CY,2025,97.48,,
ESTAT:ISOC_CI_IN_H(1.0),25/06/26 23:00:00,A,PC_HH,TOTAL,CZ,2003,14.79,,
ESTAT:ISOC_CI_IN_H(1.0),25/06/26 23:00:00,A,PC_HH,TOTAL,CZ,2004,19.37,,
ESTAT:ISOC_CI_IN_H(1.0),25/06/26 23:00:00,A,PC_HH,TOTAL,CZ,2005,19.05,,
ESTAT:ISOC_CI_IN_H(1.0),25/06/26 23:00:00,A,PC_HH,TOTAL,CZ,2006,29.25,,
ESTAT:ISOC_CI_IN_H(1.0),25/06/26 23:00:00,A,PC_HH,TOTAL,CZ,2007,35.12,,
ESTAT:ISOC_CI_IN_H(1.0),25/06/26 23:00:00,A,PC_HH,TOTAL,CZ,2008,45.86,,
ESTAT:ISOC_CI_IN_H(1.0),25/06/26 23:00:00,A,PC_HH,TOTAL,CZ,2009,54.18,,
ESTAT:ISOC_CI_IN_H(1.0),25/06/26 23:00:00,A,PC_HH,TOTAL,CZ,2010,60.52,,
ESTAT:ISOC_CI_IN_H(1.0),25/06/26 23:00:00,A,PC_HH,TOTAL,CZ,2011,66.63,,
ESTAT:ISOC_CI_IN_H(1.0),25/06/26 23:00:00,A,PC_HH,TOTAL,CZ,2012,72.55,,
ESTAT:ISOC_CI_IN_H(1.0),25/06/26 23:00:00,A,PC_HH,TOTAL,CZ,2013,72.62,,
ESTAT:ISOC_CI_IN_H(1.0),25/06/26 23:00:00,A,PC_HH,TOTAL,CZ,2014,77.99,,
ESTAT:ISOC_CI_IN_H(1.0),25/06/26 23:00:00,A,PC_HH,TOTAL,CZ,2015,78.98,,
ESTAT:ISOC_CI_IN_H(1.0),25/06/26 23:00:00,A,PC_HH,TOTAL,CZ,2016,81.65,,
ESTAT:ISOC_CI_IN_H(1.0),25/06/26 23:00:00,A,PC_HH,TOTAL,CZ,2017,83.24,,
ESTAT:ISOC_CI_IN_H(1.0),25/06/26 23:00:00,A,PC_HH,TOTAL,CZ,2018,86.36,,
ESTAT:ISOC_CI_IN_H(1.0),25/06/26 23:00:00,A,PC_HH,TOTAL,CZ,2019,87.00,,
ESTAT:ISOC_CI_IN_H(1.0),25/06/26 23:00:00,A,PC_HH,TOTAL,CZ,2020,88.02,,
ESTAT:ISOC_CI_IN_H(1.0),25/06/26 23:00:00,A,PC_HH,TOTAL,CZ,2021,89.31,,
ESTAT:ISOC_CI_IN_H(1.0),25/06/26 23:00:00,A,PC_HH,TOTAL,CZ,2022,91.48,,
ESTAT:ISOC_CI_IN_H(1.0),25/06/26 23:00:00,A,PC_HH,TOTAL,CZ,2023,92.80,,
ESTAT:ISOC_CI_IN_H(1.0),25/06/26 23:00:00,A,PC_HH,TOTAL,CZ,2024,94.56,,
ESTAT:ISOC_CI_IN_H(1.0),25/06/26 23:00:00,A,PC_HH,TOTAL,CZ,2025,95.47,,
ESTAT:ISOC_CI_IN_H(1.0),25/06/26 23:00:00,A,PC_HH,TOTAL,DE,2002,46.14,,
ESTAT:ISOC_CI_IN_H(1.0),25/06/26 23:00:00,A,PC_HH,TOTAL,DE,2003,54.08,,
ESTAT:ISOC_CI_IN_H(1.0),25/06/26 23:00:00,A,PC_HH,TOTAL,DE,2004,60.00,,
ESTAT:ISOC_CI_IN_H(1.0),25/06/26 23:00:00,A,PC_HH,TOTAL,DE,2005,61.64,,
ESTAT:ISOC_CI_IN_H(1.0),25/06/26 23:00:00,A,PC_HH,TOTAL,DE,2006,67.11,,
ESTAT:ISOC_CI_IN_H(1.0),25/06/26 23:00:00,A,PC_HH,TOTAL,DE,2007,70.67,,
ESTAT:ISOC_CI_IN_H(1.0),25/06/26 23:00:00,A,PC_HH,TOTAL,DE,2008,74.88,,
ESTAT:ISOC_CI_IN_H(1.0),25/06/26 23:00:00,A,PC_HH,TOTAL,DE,2009,79.07,,
ESTAT:ISOC_CI_IN_H(1.0),25/06/26 23:00:00,A,PC_HH,TOTAL,DE,2010,82.49,,
ESTAT:ISOC_CI_IN_H(1.0),25/06/26 23:00:00,A,PC_HH,TOTAL,DE,2011,83.25,,
ESTAT:ISOC_CI_IN_H(1.0),25/06/26 23:00:00,A,PC_HH,TOTAL,DE,2012,85.50,,
ESTAT:ISOC_CI_IN_H(1.0),25/06/26 23:00:00,A,PC_HH,TOTAL,DE,2013,87.75,,
ESTAT:ISOC_CI_IN_H(1.0),25/06/26 23:00:00,A,PC_HH,TOTAL,DE,2014,89.47,,
ESTAT:ISOC_CI_IN_H(1.0),25/06/26 23:00:00,A,PC_HH,TOTAL,DE,2015,90.29,,
ESTAT:ISOC_CI_IN_H(1.0),25/06/26 23:00:00,A,PC_HH,TOTAL,DE,2016,92.14,,
ESTAT:ISOC_CI_IN_H(1.0),25/06/26 23:00:00,A,PC_HH,TOTAL,DE,2017,92.86,,
ESTAT:ISOC_CI_IN_H(1.0),25/06/26 23:00:00,A,PC_HH,TOTAL,DE,2018,94.39,,
ESTAT:ISOC_CI_IN_H(1.0),25/06/26 23:00:00,A,PC_HH,TOTAL,DE,2019,94.83,,
ESTAT:ISOC_CI_IN_H(1.0),25/06/26 23:00:00,A,PC_HH,TOTAL,DE,2020,95.80,,
ESTAT:ISOC_CI_IN_H(1.0),25/06/26 23:00:00,A,PC_HH,TOTAL,DE,2021,91.88,b,
ESTAT:ISOC_CI_IN_H(1.0),25/06/26 23:00:00,A,PC_HH,TOTAL,DE,2022,91.41,,
ESTAT:ISOC_CI_IN_H(1.0),25/06/26 23:00:00,A,PC_HH,TOTAL,DE,2023,91.66,,
ESTAT:ISOC_CI_IN_H(1.0),25/06/26 23:00:00,A,PC_HH,TOTAL,DE,2024,92.65,,
ESTAT:ISOC_CI_IN_H(1.0),25/06/26 23:00:00,A,PC_HH,TOTAL,DE,2025,93.63,,
ESTAT:ISOC_CI_IN_H(1.0),25/06/26 23:00:00,A,PC_HH,TOTAL,DK,2002,55.64,,
ESTAT:ISOC_CI_IN_H(1.0),25/06/26 23:00:00,A,PC_HH,TOTAL,DK,2003,64.19,,
ESTAT:ISOC_CI_IN_H(1.0),25/06/26 23:00:00,A,PC_HH,TOTAL,DK,2004,69.36,,
ESTAT:ISOC_CI_IN_H(1.0),25/06/26 23:00:00,A,PC_HH,TOTAL,DK,2005,74.92,,
ESTAT:ISOC_CI_IN_H(1.0),25/06/26 23:00:00,A,PC_HH,TOTAL,DK,2006,78.73,,
ESTAT:ISOC_CI_IN_H(1.0),25/06/26 23:00:00,A,PC_HH,TOTAL,DK,2007,78.05,,
ESTAT:ISOC_CI_IN_H(1.0),25/06/26 23:00:00,A,PC_HH,TOTAL,DK,2008,81.88,,
ESTAT:ISOC_CI_IN_H(1.0),25/06/26 23:00:00,A,PC_HH,TOTAL,DK,2009,82.53,,
ESTAT:ISOC_CI_IN_H(1.0),25/06/26 23:00:00,A,PC_HH,TOTAL,DK,2010,86.10,,
ESTAT:ISOC_CI_IN_H(1.0),25/06/26 23:00:00,A,PC_HH,TOTAL,DK,2011,90.08,,
ESTAT:ISOC_CI_IN_H(1.0),25/06/26 23:00:00,A,PC_HH,TOTAL,DK,2012,92.00,,
ESTAT:ISOC_CI_IN_H(1.0),25/06/26 23:00:00,A,PC_HH,TOTAL,DK,2013,92.71,,
ESTAT:ISOC_CI_IN_H(1.0),25/06/26 23:00:00,A,PC_HH,TOTAL,DK,2014,93.12,,
ESTAT:ISOC_CI_IN_H(1.0),25/06/26 23:00:00,A,PC_HH,TOTAL,DK,2015,91.74,,
ESTAT:ISOC_CI_IN_H(1.0),25/06/26 23:00:00,A,PC_HH,TOTAL,DK,2016,94.34,,
ESTAT:ISOC_CI_IN_H(1.0),25/06/26 23:00:00,A,PC_HH,TOTAL,DK,2017,97.00,,
ESTAT:ISOC_CI_IN_H(1.0),25/06/26 23:00:00,A,PC_HH,TOTAL,DK,2018,92.66,,
ESTAT:ISOC_CI_IN_H(1.0),25/06/26 23:00:00,A,PC_HH,TOTAL,DK,2019,95.43,,
ESTAT:ISOC_CI_IN_H(1.0),25/06/26 23:00:00,A,PC_HH,TOTAL,DK,2020,95.27,,
ESTAT:ISOC_CI_IN_H(1.0),25/06/26 23:00:00,A,PC_HH,TOTAL,DK,2021,96.14,,
ESTAT:ISOC_CI_IN_H(1.0),25/06/26 23:00:00,A,PC_HH,TOTAL,DK,2022,95.16,,
ESTAT:ISOC_CI_IN_H(1.0),25/06/26 23:00:00,A,PC_HH,TOTAL,DK,2023,96.09,,
ESTAT:ISOC_CI_IN_H(1.0),25/06/26 23:00:00,A,PC_HH,TOTAL,DK,2024,96.92,,
ESTAT:ISOC_CI_IN_H(1.0),25/06/26 23:00:00,A,PC_HH,TOTAL,DK,2025,97.42,,
ESTAT:ISOC_CI_IN_H(1.0),25/06/26 23:00:00,A,PC_HH,TOTAL,EA,2002,35.85,,
ESTAT:ISOC_CI_IN_H(1.0),25/06/26 23:00:00,A,PC_HH,TOTAL,EA,2003,39.95,,
ESTAT:ISOC_CI_IN_H(1.0),25/06/26 23:00:00,A,PC_HH,TOTAL,EA,2004,44.19,,
ESTAT:ISOC_CI_IN_H(1.0),25/06/26 23:00:00,A,PC_HH,TOTAL,EA,2005,49.95,,
ESTAT:ISOC_CI_IN_H(1.0),25/06/26 23:00:00,A,PC_HH,TOTAL,EA,2006,50.97,,
ESTAT:ISOC_CI_IN_H(1.0),25/06/26 23:00:00,A,PC_HH,TOTAL,EA,2007,56.91,,
ESTAT:ISOC_CI_IN_H(1.0),25/06/26 23:00:00,A,PC_HH,TOTAL,EA,2008,61.96,,
ESTAT:ISOC_CI_IN_H(1.0),25/06/26 23:00:00,A,PC_HH,TOTAL,EA,2009,66.74,,
ESTAT:ISOC_CI_IN_H(1.0),25/06/26 23:00:00,A,PC_HH,TOTAL,EA,2010,71.05,,
ESTAT:ISOC_CI_IN_H(1.0),25/06/26 23:00:00,A,PC_HH,TOTAL,EA,2011,73.58,,
ESTAT:ISOC_CI_IN_H(1.0),25/06/26 23:00:00,A,PC_HH,TOTAL,EA,2012,76.23,,
ESTAT:ISOC_CI_IN_H(1.0),25/06/26 23:00:00,A,PC_HH,TOTAL,EA,2013,79.08,,
ESTAT:ISOC_CI_IN_H(1.0),25/06/26 23:00:00,A,PC_HH,TOTAL,EA,2014,81.43,,
ESTAT:ISOC_CI_IN_H(1.0),25/06/26 23:00:00,A,PC_HH,TOTAL,EA,2015,82.83,,
ESTAT:ISOC_CI_IN_H(1.0),25/06/26 23:00:00,A,PC_HH,TOTAL,EA,2016,85.37,,
ESTAT:ISOC_CI_IN_H(1.0),25/06/26 23:00:00,A,PC_HH,TOTAL,EA,2017,86.81,,
ESTAT:ISOC_CI_IN_H(1.0),25/06/26 23:00:00,A,PC_HH,TOTAL,EA,2018,88.91,,
ESTAT:ISOC_CI_IN_H(1.0),25/06/26 23:00:00,A,PC_HH,TOTAL,EA,2019,90.48,,
ESTAT:ISOC_CI_IN_H(1.0),25/06/26 23:00:00,A,PC_HH,TOTAL,EA,2020,91.97,e,
ESTAT:ISOC_CI_IN_H(1.0),25/06/26 23:00:00,A,PC_HH,TOTAL,EA,2021,92.71,b,
ESTAT:ISOC_CI_IN_H(1.0),25/06/26 23:00:00,A,PC_HH,TOTAL,EA,2022,92.61,,
ESTAT:ISOC_CI_IN_H(1.0),25/06/26 23:00:00,A,PC_HH,TOTAL,EA,2023,93.12,,
ESTAT:ISOC_CI_IN_H(1.0),25/06/26 23:00:00,A,PC_HH,TOTAL,EA,2024,93.95,,
ESTAT:ISOC_CI_IN_H(1.0),25/06/26 23:00:00,A,PC_HH,TOTAL,EA,2025,94.55,,
ESTAT:ISOC_CI_IN_H(1.0),25/06/26 23:00:00,A,PC_HH,TOTAL,EE,2004,30.76,,
ESTAT:ISOC_CI_IN_H(1.0),25/06/26 23:00:00,A,PC_HH,TOTAL,EE,2005,36.79,,
ESTAT:ISOC_CI_IN_H(1.0),25/06/26 23:00:00,A,PC_HH,TOTAL,EE,2006,45.18,,
ESTAT:ISOC_CI_IN_H(1.0),25/06/26 23:00:00,A,PC_HH,TOTAL,EE,2007,52.20,,
ESTAT:ISOC_CI_IN_H(1.0),25/06/26 23:00:00,A,PC_HH,TOTAL,EE,2008,57.35,,
ESTAT:ISOC_CI_IN_H(1.0),25/06/26 23:00:00,A,PC_HH,TOTAL,EE,2009,61.85,,
ESTAT:ISOC_CI_IN_H(1.0),25/06/26 23:00:00,A,PC_HH,TOTAL,EE,2010,66.89,,
ESTAT:ISOC_CI_IN_H(1.0),25/06/26 23:00:00,A,PC_HH,TOTAL,EE,2011,69.39,,
ESTAT:ISOC_CI_IN_H(1.0),25/06/26 23:00:00,A,PC_HH,TOTAL,EE,2012,73.82,,
ESTAT:ISOC_CI_IN_H(1.0),25/06/26 23:00:00,A,PC_HH,TOTAL,EE,2013,79.31,,
ESTAT:ISOC_CI_IN_H(1.0),25/06/26 23:00:00,A,PC_HH,TOTAL,EE,2014,82.90,b,
ESTAT:ISOC_CI_IN_H(1.0),25/06/26 23:00:00,A,PC_HH,TOTAL,EE,2015,87.73,,
ESTAT:ISOC_CI_IN_H(1.0),25/06/26 23:00:00,A,PC_HH,TOTAL,EE,2016,86.19,,
ESTAT:ISOC_CI_IN_H(1.0),25/06/26 23:00:00,A,PC_HH,TOTAL,EE,2017,88.27,,
ESTAT:ISOC_CI_IN_H(1.0),25/06/26 23:00:00,A,PC_HH,TOTAL,EE,2018,90.47,,
ESTAT:ISOC_CI_IN_H(1.0),25/06/26 23:00:00,A,PC_HH,TOTAL,EE,2019,90.43,,
ESTAT:ISOC_CI_IN_H(1.0),25/06/26 23:00:00,A,PC_HH,TOTAL,EE,2020,89.98,,
ESTAT:ISOC_CI_IN_H(1.0),25/06/26 23:00:00,A,PC_HH,TOTAL,EE,2021,91.82,,
ESTAT:ISOC_CI_IN_H(1.0),25/06/26 23:00:00,A,PC_HH,TOTAL,EE,2022,92.41,,
ESTAT:ISOC_CI_IN_H(1.0),25/06/26 23:00:00,A,PC_HH,TOTAL,EE,2023,93.22,,
ESTAT:ISOC_CI_IN_H(1.0),25/06/26 23:00:00,A,PC_HH,TOTAL,EE,2024,92.89,,
ESTAT:ISOC_CI_IN_H(1.0),25/06/26 23:00:00,A,PC_HH,TOTAL,EE,2025,95.40,,
ESTAT:ISOC_CI_IN_H(1.0),25/06/26 23:00:00,A,PC_HH,TOTAL,EL,2002,12.15,,
ESTAT:ISOC_CI_IN_H(1.0),25/06/26 23:00:00,A,PC_HH,TOTAL,EL,2003,16.30,,
ESTAT:ISOC_CI_IN_H(1.0),25/06/26 23:00:00,A,PC_HH,TOTAL,EL,2004,16.54,,
ESTAT:ISOC_CI_IN_H(1.0),25/06/26 23:00:00,A,PC_HH,TOTAL,EL,2005,21.73,,
ESTAT:ISOC_CI_IN_H(1.0),25/06/26 23:00:00,A,PC_HH,TOTAL,EL,2006,23.12,,
ESTAT:ISOC_CI_IN_H(1.0),25/06/26 23:00:00,A,PC_HH,TOTAL,EL,2007,25.40,,
ESTAT:ISOC_CI_IN_H(1.0),25/06/26 23:00:00,A,PC_HH,TOTAL,EL,2008,30.96,,
ESTAT:ISOC_CI_IN_H(1.0),25/06/26 23:00:00,A,PC_HH,TOTAL,EL,2009,38.06,,
ESTAT:ISOC_CI_IN_H(1.0),25/06/26 23:00:00,A,PC_HH,TOTAL,EL,2010,46.35,,
ESTAT:ISOC_CI_IN_H(1.0),25/06/26 23:00:00,A,PC_HH,TOTAL,EL,2011,50.17,,
ESTAT:ISOC_CI_IN_H(1.0),25/06/26 23:00:00,A,PC_HH,TOTAL,EL,2012,53.58,,
ESTAT:ISOC_CI_IN_H(1.0),25/06/26 23:00:00,A,PC_HH,TOTAL,EL,2013,56.31,,
ESTAT:ISOC_CI_IN_H(1.0),25/06/26 23:00:00,A,PC_HH,TOTAL,EL,2014,65.55,,
ESTAT:ISOC_CI_IN_H(1.0),25/06/26 23:00:00,A,PC_HH,TOTAL,EL,2015,68.09,,
ESTAT:ISOC_CI_IN_H(1.0),25/06/26 23:00:00,A,PC_HH,TOTAL,EL,2016,69.13,,
ESTAT:ISOC_CI_IN_H(1.0),25/06/26 23:00:00,A,PC_HH,TOTAL,EL,2017,70.96,,
ESTAT:ISOC_CI_IN_H(1.0),25/06/26 23:00:00,A,PC_HH,TOTAL,EL,2018,76.49,,
ESTAT:ISOC_CI_IN_H(1.0),25/06/26 23:00:00,A,PC_HH,TOTAL,EL,2019,78.54,,
ESTAT:ISOC_CI_IN_H(1.0),25/06/26 23:00:00,A,PC_HH,TOTAL,EL,2020,80.38,,
ESTAT:ISOC_CI_IN_H(1.0),25/06/26 23:00:00,A,PC_HH,TOTAL,EL,2021,85.07,,
ESTAT:ISOC_CI_IN_H(1.0),25/06/26 23:00:00,A,PC_HH,TOTAL,EL,2022,85.49,,
ESTAT:ISOC_CI_IN_H(1.0),25/06/26 23:00:00,A,PC_HH,TOTAL,EL,2023,86.90,,
ESTAT:ISOC_CI_IN_H(1.0),25/06/26 23:00:00,A,PC_HH,TOTAL,EL,2024,86.89,,
ESTAT:ISOC_CI_IN_H(1.0),25/06/26 23:00:00,A,PC_HH,TOTAL,EL,2025,88.73,,
ESTAT:ISOC_CI_IN_H(1.0),25/06/26 23:00:00,A,PC_HH,TOTAL,ES,2003,27.55,,
ESTAT:ISOC_CI_IN_H(1.0),25/06/26 23:00:00,A,PC_HH,TOTAL,ES,2004,33.64,,
ESTAT:ISOC_CI_IN_H(1.0),25/06/26 23:00:00,A,PC_HH,TOTAL,ES,2005,35.51,,
ESTAT:ISOC_CI_IN_H(1.0),25/06/26 23:00:00,A,PC_HH,TOTAL,ES,2006,38.04,,
ESTAT:ISOC_CI_IN_H(1.0),25/06/26 23:00:00,A,PC_HH,TOTAL,ES,2007,43.48,,
ESTAT:ISOC_CI_IN_H(1.0),25/06/26 23:00:00,A,PC_HH,TOTAL,ES,2008,49.86,,
ESTAT:ISOC_CI_IN_H(1.0),25/06/26 23:00:00,A,PC_HH,TOTAL,ES,2009,52.93,,
ESTAT:ISOC_CI_IN_H(1.0),25/06/26 23:00:00,A,PC_HH,TOTAL,ES,2010,57.82,,
ESTAT:ISOC_CI_IN_H(1.0),25/06/26 23:00:00,A,PC_HH,TOTAL,ES,2011,62.71,,
ESTAT:ISOC_CI_IN_H(1.0),25/06/26 23:00:00,A,PC_HH,TOTAL,ES,2012,66.59,,
ESTAT:ISOC_CI_IN_H(1.0),25/06/26 23:00:00,A,PC_HH,TOTAL,ES,2013,69.73,,
ESTAT:ISOC_CI_IN_H(1.0),25/06/26 23:00:00,A,PC_HH,TOTAL,ES,2014,74.35,,
ESTAT:ISOC_CI_IN_H(1.0),25/06/26 23:00:00,A,PC_HH,TOTAL,ES,2015,78.75,,
ESTAT:ISOC_CI_IN_H(1.0),25/06/26 23:00:00,A,PC_HH,TOTAL,ES,2016,81.93,,
ESTAT:ISOC_CI_IN_H(1.0),25/06/26 23:00:00,A,PC_HH,TOTAL,ES,2017,83.39,,
ESTAT:ISOC_CI_IN_H(1.0),25/06/26 23:00:00,A,PC_HH,TOTAL,ES,2018,86.36,,
ESTAT:ISOC_CI_IN_H(1.0),25/06/26 23:00:00,A,PC_HH,TOTAL,ES,2019,91.44,,
ESTAT:ISOC_CI_IN_H(1.0),25/06/26 23:00:00,A,PC_HH,TOTAL,ES,2020,95.38,,
ESTAT:ISOC_CI_IN_H(1.0),25/06/26 23:00:00,A,PC_HH,TOTAL,ES,2021,95.92,,
ESTAT:ISOC_CI_IN_H(1.0),25/06/26 23:00:00,A,PC_HH,TOTAL,ES,2022,96.08,,
ESTAT:ISOC_CI_IN_H(1.0),25/06/26 23:00:00,A,PC_HH,TOTAL,ES,2023,96.45,,
ESTAT:ISOC_CI_IN_H(1.0),25/06/26 23:00:00,A,PC_HH,TOTAL,ES,2024,96.83,,
ESTAT:ISOC_CI_IN_H(1.0),25/06/26 23:00:00,A,PC_HH,TOTAL,ES,2025,97.43,,
ESTAT:ISOC_CI_IN_H(1.0),25/06/26 23:00:00,A,PC_HH,TOTAL,EU15,2002,38.69,,
ESTAT:ISOC_CI_IN_H(1.0),25/06/26 23:00:00,A,PC_HH,TOTAL,EU15,2003,42.80,,
ESTAT:ISOC_CI_IN_H(1.0),25/06/26 23:00:00,A,PC_HH,TOTAL,EU15,2004,46.46,,
ESTAT:ISOC_CI_IN_H(1.0),25/06/26 23:00:00,A,PC_HH,TOTAL,EU15,2005,52.93,,
ESTAT:ISOC_CI_IN_H(1.0),25/06/26 23:00:00,A,PC_HH,TOTAL,EU15,2006,53.88,,
ESTAT:ISOC_CI_IN_H(1.0),25/06/26 23:00:00,A,PC_HH,TOTAL,EU15,2007,59.26,,
ESTAT:ISOC_CI_IN_H(1.0),25/06/26 23:00:00,A,PC_HH,TOTAL,EU15,2008,64.28,,
ESTAT:ISOC_CI_IN_H(1.0),25/06/26 23:00:00,A,PC_HH,TOTAL,EU15,2009,69.10,,
ESTAT:ISOC_CI_IN_H(1.0),25/06/26 23:00:00,A,PC_HH,TOTAL,EU15,2010,73.14,,
ESTAT:ISOC_CI_IN_H(1.0),25/06/26 23:00:00,A,PC_HH,TOTAL,EU15,2011,75.71,,
ESTAT:ISOC_CI_IN_H(1.0),25/06/26 23:00:00,A,PC_HH,TOTAL,EU15,2012,78.54,,
ESTAT:ISOC_CI_IN_H(1.0),25/06/26 23:00:00,A,PC_HH,TOTAL,EU15,2013,81.11,,
ESTAT:ISOC_CI_IN_H(1.0),25/06/26 23:00:00,A,PC_HH,TOTAL,EU15,2014,83.38,,
ESTAT:ISOC_CI_IN_H(1.0),25/06/26 23:00:00,A,PC_HH,TOTAL,EU15,2015,84.72,,
ESTAT:ISOC_CI_IN_H(1.0),25/06/26 23:00:00,A,PC_HH,TOTAL,EU15,2016,87.26,,
ESTAT:ISOC_CI_IN_H(1.0),25/06/26 23:00:00,A,PC_HH,TOTAL,EU15,2017,88.54,,
ESTAT:ISOC_CI_IN_H(1.0),25/06/26 23:00:00,A,PC_HH,TOTAL,EU15,2018,90.23,,
ESTAT:ISOC_CI_IN_H(1.0),25/06/26 23:00:00,A,PC_HH,TOTAL,EU25,2004,42.66,,
ESTAT:ISOC_CI_IN_H(1.0),25/06/26 23:00:00,A,PC_HH,TOTAL,EU25,2005,48.37,,
ESTAT:ISOC_CI_IN_H(1.0),25/06/26 23:00:00,A,PC_HH,TOTAL,EU25,2006,50.99,,
ESTAT:ISOC_CI_IN_H(1.0),25/06/26 23:00:00,A,PC_HH,TOTAL,EU25,2007,56.60,,
ESTAT:ISOC_CI_IN_H(1.0),25/06/26 23:00:00,A,PC_HH,TOTAL,EU25,2008,62.00,,
ESTAT:ISOC_CI_IN_H(1.0),25/06/26 23:00:00,A,PC_HH,TOTAL,EU25,2009,67.45,,
ESTAT:ISOC_CI_IN_H(1.0),25/06/26 23:00:00,A,PC_HH,TOTAL,EU25,2010,71.59,,
ESTAT:ISOC_CI_IN_H(1.0),25/06/26 23:00:00,A,PC_HH,TOTAL,EU27_2007,2004,40.55,,
ESTAT:ISOC_CI_IN_H(1.0),25/06/26 23:00:00,A,PC_HH,TOTAL,EU27_2007,2005,48.37,,
ESTAT:ISOC_CI_IN_H(1.0),25/06/26 23:00:00,A,PC_HH,TOTAL,EU27_2007,2006,49.09,,
ESTAT:ISOC_CI_IN_H(1.0),25/06/26 23:00:00,A,PC_HH,TOTAL,EU27_2007,2007,54.76,,
ESTAT:ISOC_CI_IN_H(1.0),25/06/26 23:00:00,A,PC_HH,TOTAL,EU27_2007,2008,60.25,,
ESTAT:ISOC_CI_IN_H(1.0),25/06/26 23:00:00,A,PC_HH,TOTAL,EU27_2007,2009,65.81,,
ESTAT:ISOC_CI_IN_H(1.0),25/06/26 23:00:00,A,PC_HH,TOTAL,EU27_2007,2010,69.95,,
ESTAT:ISOC_CI_IN_H(1.0),25/06/26 23:00:00,A,PC_HH,TOTAL,EU27_2007,2011,72.98,,
ESTAT:ISOC_CI_IN_H(1.0),25/06/26 23:00:00,A,PC_HH,TOTAL,EU27_2007,2012,76.12,,
ESTAT:ISOC_CI_IN_H(1.0),25/06/26 23:00:00,A,PC_HH,TOTAL,EU27_2007,2013,78.65,,
ESTAT:ISOC_CI_IN_H(1.0),25/06/26 23:00:00,A,PC_HH,TOTAL,EU27_2007,2014,81.08,,
ESTAT:ISOC_CI_IN_H(1.0),25/06/26 23:00:00,A,PC_HH,TOTAL,EU27_2007,2015,82.64,,
ESTAT:ISOC_CI_IN_H(1.0),25/06/26 23:00:00,A,PC_HH,TOTAL,EU27_2007,2016,85.44,,
ESTAT:ISOC_CI_IN_H(1.0),25/06/26 23:00:00,A,PC_HH,TOTAL,EU27_2007,2017,86.93,,
ESTAT:ISOC_CI_IN_H(1.0),25/06/26 23:00:00,A,PC_HH,TOTAL,EU27_2007,2018,88.85,,
ESTAT:ISOC_CI_IN_H(1.0),25/06/26 23:00:00,A,PC_HH,TOTAL,EU27_2020,2007,52.99,,
ESTAT:ISOC_CI_IN_H(1.0),25/06/26 23:00:00,A,PC_HH,TOTAL,EU27_2020,2008,58.60,,
ESTAT:ISOC_CI_IN_H(1.0),25/06/26 23:00:00,A,PC_HH,TOTAL,EU27_2020,2009,64.15,,
ESTAT:ISOC_CI_IN_H(1.0),25/06/26 23:00:00,A,PC_HH,TOTAL,EU27_2020,2010,68.46,,
ESTAT:ISOC_CI_IN_H(1.0),25/06/26 23:00:00,A,PC_HH,TOTAL,EU27_2020,2011,71.55,,
ESTAT:ISOC_CI_IN_H(1.0),25/06/26 23:00:00,A,PC_HH,TOTAL,EU27_2020,2012,74.54,,
ESTAT:ISOC_CI_IN_H(1.0),25/06/26 23:00:00,A,PC_HH,TOTAL,EU27_2020,2013,77.17,,
ESTAT:ISOC_CI_IN_H(1.0),25/06/26 23:00:00,A,PC_HH,TOTAL,EU27_2020,2014,79.61,,
ESTAT:ISOC_CI_IN_H(1.0),25/06/26 23:00:00,A,PC_HH,TOTAL,EU27_2020,2015,81.37,,
ESTAT:ISOC_CI_IN_H(1.0),25/06/26 23:00:00,A,PC_HH,TOTAL,EU27_2020,2016,84.21,,
ESTAT:ISOC_CI_IN_H(1.0),25/06/26 23:00:00,A,PC_HH,TOTAL,EU27_2020,2017,85.81,,
ESTAT:ISOC_CI_IN_H(1.0),25/06/26 23:00:00,A,PC_HH,TOTAL,EU27_2020,2018,87.94,,
ESTAT:ISOC_CI_IN_H(1.0),25/06/26 23:00:00,A,PC_HH,TOTAL,EU27_2020,2019,89.68,,
ESTAT:ISOC_CI_IN_H(1.0),25/06/26 23:00:00,A,PC_HH,TOTAL,EU27_2020,2020,91.30,e,
ESTAT:ISOC_CI_IN_H(1.0),25/06/26 23:00:00,A,PC_HH,TOTAL,EU27_2020,2021,92.30,b,
ESTAT:ISOC_CI_IN_H(1.0),25/06/26 23:00:00,A,PC_HH,TOTAL,EU27_2020,2022,92.44,,
ESTAT:ISOC_CI_IN_H(1.0),25/06/26 23:00:00,A,PC_HH,TOTAL,EU27_2020,2023,93.09,,
ESTAT:ISOC_CI_IN_H(1.0),25/06/26 23:00:00,A,PC_HH,TOTAL,EU27_2020,2024,94.19,,
ESTAT:ISOC_CI_IN_H(1.0),25/06/26 23:00:00,A,PC_HH,TOTAL,EU27_2020,2025,94.76,,
ESTAT:ISOC_CI_IN_H(1.0),25/06/26 23:00:00,A,PC_HH,TOTAL,EU28,2007,54.65,,
ESTAT:ISOC_CI_IN_H(1.0),25/06/26 23:00:00,A,PC_HH,TOTAL,EU28,2008,60.13,,
ESTAT:ISOC_CI_IN_H(1.0),25/06/26 23:00:00,A,PC_HH,TOTAL,EU28,2009,65.69,,
ESTAT:ISOC_CI_IN_H(1.0),25/06/26 23:00:00,A,PC_HH,TOTAL,EU28,2010,69.85,,
ESTAT:ISOC_CI_IN_H(1.0),25/06/26 23:00:00,A,PC_HH,TOTAL,EU28,2011,72.89,,
ESTAT:ISOC_CI_IN_H(1.0),25/06/26 23:00:00,A,PC_HH,TOTAL,EU28,2012,76.05,,
ESTAT:ISOC_CI_IN_H(1.0),25/06/26 23:00:00,A,PC_HH,TOTAL,EU28,2013,78.54,,
ESTAT:ISOC_CI_IN_H(1.0),25/06/26 23:00:00,A,PC_HH,TOTAL,EU28,2014,80.99,,
ESTAT:ISOC_CI_IN_H(1.0),25/06/26 23:00:00,A,PC_HH,TOTAL,EU28,2015,82.60,,
ESTAT:ISOC_CI_IN_H(1.0),25/06/26 23:00:00,A,PC_HH,TOTAL,EU28,2016,85.38,,
ESTAT:ISOC_CI_IN_H(1.0),25/06/26 23:00:00,A,PC_HH,TOTAL,EU28,2017,86.86,,
ESTAT:ISOC_CI_IN_H(1.0),25/06/26 23:00:00,A,PC_HH,TOTAL,EU28,2018,88.80,,
ESTAT:ISOC_CI_IN_H(1.0),25/06/26 23:00:00,A,PC_HH,TOTAL,EU28,2019,90.48,,
ESTAT:ISOC_CI_IN_H(1.0),25/06/26 23:00:00,A,PC_HH,TOTAL,FI,2002,44.28,,
ESTAT:ISOC_CI_IN_H(1.0),25/06/26 23:00:00,A,PC_HH,TOTAL,FI,2003,47.36,,
ESTAT:ISOC_CI_IN_H(1.0),25/06/26 23:00:00,A,PC_HH,TOTAL,FI,2004,50.91,,
ESTAT:ISOC_CI_IN_H(1.0),25/06/26 23:00:00,A,PC_HH,TOTAL,FI,2005,54.14,,
ESTAT:ISOC_CI_IN_H(1.0),25/06/26 23:00:00,A,PC_HH,TOTAL,FI,2006,64.73,,
ESTAT:ISOC_CI_IN_H(1.0),25/06/26 23:00:00,A,PC_HH,TOTAL,FI,2007,68.78,,
ESTAT:ISOC_CI_IN_H(1.0),25/06/26 23:00:00,A,PC_HH,TOTAL,FI,2008,72.38,,
ESTAT:ISOC_CI_IN_H(1.0),25/06/26 23:00:00,A,PC_HH,TOTAL,FI,2009,77.78,,
ESTAT:ISOC_CI_IN_H(1.0),25/06/26 23:00:00,A,PC_HH,TOTAL,FI,2010,80.54,,
ESTAT:ISOC_CI_IN_H(1.0),25/06/26 23:00:00,A,PC_HH,TOTAL,FI,2011,84.16,,
ESTAT:ISOC_CI_IN_H(1.0),25/06/26 23:00:00,A,PC_HH,TOTAL,FI,2012,86.80,,
ESTAT:ISOC_CI_IN_H(1.0),25/06/26 23:00:00,A,PC_HH,TOTAL,FI,2013,89.24,,
ESTAT:ISOC_CI_IN_H(1.0),25/06/26 23:00:00,A,PC_HH,TOTAL,FI,2014,89.83,,
ESTAT:ISOC_CI_IN_H(1.0),25/06/26 23:00:00,A,PC_HH,TOTAL,FI,2015,89.93,,
ESTAT:ISOC_CI_IN_H(1.0),25/06/26 23:00:00,A,PC_HH,TOTAL,FI,2016,91.95,,
ESTAT:ISOC_CI_IN_H(1.0),25/06/26 23:00:00,A,PC_HH,TOTAL,FI,2017,94.42,,
ESTAT:ISOC_CI_IN_H(1.0),25/06/26 23:00:00,A,PC_HH,TOTAL,FI,2018,94.28,,
ESTAT:ISOC_CI_IN_H(1.0),25/06/26 23:00:00,A,PC_HH,TOTAL,FI,2019,94.36,,
ESTAT:ISOC_CI_IN_H(1.0),25/06/26 23:00:00,A,PC_HH,TOTAL,FI,2020,96.00,,
ESTAT:ISOC_CI_IN_H(1.0),25/06/26 23:00:00,A,PC_HH,TOTAL,FI,2021,96.56,,
ESTAT:ISOC_CI_IN_H(1.0),25/06/26 23:00:00,A,PC_HH,TOTAL,FI,2022,97.59,,
ESTAT:ISOC_CI_IN_H(1.0),25/06/26 23:00:00,A,PC_HH,TOTAL,FI,2023,96.78,,
ESTAT:ISOC_CI_IN_H(1.0),25/06/26 23:00:00,A,PC_HH,TOTAL,FI,2024,97.35,,
ESTAT:ISOC_CI_IN_H(1.0),25/06/26 23:00:00,A,PC_HH,TOTAL,FI,2025,97.62,,
ESTAT:ISOC_CI_IN_H(1.0),25/06/26 23:00:00,A,PC_HH,TOTAL,FR,2002,23.04,,
ESTAT:ISOC_CI_IN_H(1.0),25/06/26 23:00:00,A,PC_HH,TOTAL,FR,2003,30.98,,
ESTAT:ISOC_CI_IN_H(1.0),25/06/26 23:00:00,A,PC_HH,TOTAL,FR,2004,33.61,,
ESTAT:ISOC_CI_IN_H(1.0),25/06/26 23:00:00,A,PC_HH,TOTAL,FR,2006,40.93,,
ESTAT:ISOC_CI_IN_H(1.0),25/06/26 23:00:00,A,PC_HH,TOTAL,FR,2007,55.05,,
ESTAT:ISOC_CI_IN_H(1.0),25/06/26 23:00:00,A,PC_HH,TOTAL,FR,2008,62.32,,
ESTAT:ISOC_CI_IN_H(1.0),25/06/26 23:00:00,A,PC_HH,TOTAL,FR,2009,68.87,,
ESTAT:ISOC_CI_IN_H(1.0),25/06/26 23:00:00,A,PC_HH,TOTAL,FR,2010,73.61,,
ESTAT:ISOC_CI_IN_H(1.0),25/06/26 23:00:00,A,PC_HH,TOTAL,FR,2011,75.92,,
ESTAT:ISOC_CI_IN_H(1.0),25/06/26 23:00:00,A,PC_HH,TOTAL,FR,2012,80.00,,
ESTAT:ISOC_CI_IN_H(1.0),25/06/26 23:00:00,A,PC_HH,TOTAL,FR,2013,81.72,,
ESTAT:ISOC_CI_IN_H(1.0),25/06/26 23:00:00,A,PC_HH,TOTAL,FR,2014,82.96,,
ESTAT:ISOC_CI_IN_H(1.0),25/06/26 23:00:00,A,PC_HH,TOTAL,FR,2015,82.62,,
ESTAT:ISOC_CI_IN_H(1.0),25/06/26 23:00:00,A,PC_HH,TOTAL,FR,2016,85.87,,
ESTAT:ISOC_CI_IN_H(1.0),25/06/26 23:00:00,A,PC_HH,TOTAL,FR,2017,86.41,,
ESTAT:ISOC_CI_IN_H(1.0),25/06/26 23:00:00,A,PC_HH,TOTAL,FR,2018,88.56,,
ESTAT:ISOC_CI_IN_H(1.0),25/06/26 23:00:00,A,PC_HH,TOTAL,FR,2019,90.17,,
ESTAT:ISOC_CI_IN_H(1.0),25/06/26 23:00:00,A,PC_HH,TOTAL,FR,2021,93.33,,
ESTAT:ISOC_CI_IN_H(1.0),25/06/26 23:00:00,A,PC_HH,TOTAL,FR,2022,92.25,,
ESTAT:ISOC_CI_IN_H(1.0),25/06/26 23:00:00,A,PC_HH,TOTAL,FR,2023,93.34,,
ESTAT:ISOC_CI_IN_H(1.0),25/06/26 23:00:00,A,PC_HH,TOTAL,FR,2024,94.44,,
ESTAT:ISOC_CI_IN_H(1.0),25/06/26 23:00:00,A,PC_HH,TOTAL,FR,2025,94.43,,
ESTAT:ISOC_CI_IN_H(1.0),25/06/26 23:00:00,A,PC_HH,TOTAL,HR,2007,40.59,,
ESTAT:ISOC_CI_IN_H(1.0),25/06/26 23:00:00,A,PC_HH,TOTAL,HR,2008,45.26,,
ESTAT:ISOC_CI_IN_H(1.0),25/06/26 23:00:00,A,PC_HH,TOTAL,HR,2009,50.04,,
ESTAT:ISOC_CI_IN_H(1.0),25/06/26 23:00:00,A,PC_HH,TOTAL,HR,2010,56.50,,
ESTAT:ISOC_CI_IN_H(1.0),25/06/26 23:00:00,A,PC_HH,TOTAL,HR,2011,61.41,,
ESTAT:ISOC_CI_IN_H(1.0),25/06/26 23:00:00,A,PC_HH,TOTAL,HR,2012,66.41,,
ESTAT:ISOC_CI_IN_H(1.0),25/06/26 23:00:00,A,PC_HH,TOTAL,HR,2013,64.58,,
ESTAT:ISOC_CI_IN_H(1.0),25/06/26 23:00:00,A,PC_HH,TOTAL,HR,2014,68.37,,
ESTAT:ISOC_CI_IN_H(1.0),25/06/26 23:00:00,A,PC_HH,TOTAL,HR,2015,76.71,,
ESTAT:ISOC_CI_IN_H(1.0),25/06/26 23:00:00,A,PC_HH,TOTAL,HR,2016,77.34,,
ESTAT:ISOC_CI_IN_H(1.0),25/06/26 23:00:00,A,PC_HH,TOTAL,HR,2017,76.45,,
ESTAT:ISOC_CI_IN_H(1.0),25/06/26 23:00:00,A,PC_HH,TOTAL,HR,2018,81.52,,
ESTAT:ISOC_CI_IN_H(1.0),25/06/26 23:00:00,A,PC_HH,TOTAL,HR,2019,80.52,,
ESTAT:ISOC_CI_IN_H(1.0),25/06/26 23:00:00,A,PC_HH,TOTAL,HR,2020,85.00,,
ESTAT:ISOC_CI_IN_H(1.0),25/06/26 23:00:00,A,PC_HH,TOTAL,HR,2021,86.09,,
ESTAT:ISOC_CI_IN_H(1.0),25/06/26 23:00:00,A,PC_HH,TOTAL,HR,2022,85.52,,
ESTAT:ISOC_CI_IN_H(1.0),25/06/26 23:00:00,A,PC_HH,TOTAL,HR,2023,89.56,,
ESTAT:ISOC_CI_IN_H(1.0),25/06/26 23:00:00,A,PC_HH,TOTAL,HR,2024,88.37,,
ESTAT:ISOC_CI_IN_H(1.0),25/06/26 23:00:00,A,PC_HH,TOTAL,HR,2025,87.91,,
ESTAT:ISOC_CI_IN_H(1.0),25/06/26 23:00:00,A,PC_HH,TOTAL,HU,2004,14.18,,
ESTAT:ISOC_CI_IN_H(1.0),25/06/26 23:00:00,A,PC_HH,TOTAL,HU,2005,22.12,,
ESTAT:ISOC_CI_IN_H(1.0),25/06/26 23:00:00,A,PC_HH,TOTAL,HU,2006,31.65,,
ESTAT:ISOC_CI_IN_H(1.0),25/06/26 23:00:00,A,PC_HH,TOTAL,HU,2007,37.72,,
ESTAT:ISOC_CI_IN_H(1.0),25/06/26 23:00:00,A,PC_HH,TOTAL,HU,2008,46.63,,
ESTAT:ISOC_CI_IN_H(1.0),25/06/26 23:00:00,A,PC_HH,TOTAL,HU,2009,53.42,,
ESTAT:ISOC_CI_IN_H(1.0),25/06/26 23:00:00,A,PC_HH,TOTAL,HU,2010,58.41,,
ESTAT:ISOC_CI_IN_H(1.0),25/06/26 23:00:00,A,PC_HH,TOTAL,HU,2011,63.22,,
ESTAT:ISOC_CI_IN_H(1.0),25/06/26 23:00:00,A,PC_HH,TOTAL,HU,2012,66.81,,
ESTAT:ISOC_CI_IN_H(1.0),25/06/26 23:00:00,A,PC_HH,TOTAL,HU,2013,69.66,,
ESTAT:ISOC_CI_IN_H(1.0),25/06/26 23:00:00,A,PC_HH,TOTAL,HU,2014,73.06,,
ESTAT:ISOC_CI_IN_H(1.0),25/06/26 23:00:00,A,PC_HH,TOTAL,HU,2015,75.64,,
ESTAT:ISOC_CI_IN_H(1.0),25/06/26 23:00:00,A,PC_HH,TOTAL,HU,2016,79.18,,
ESTAT:ISOC_CI_IN_H(1.0),25/06/26 23:00:00,A,PC_HH,TOTAL,HU,2017,82.35,,
ESTAT:ISOC_CI_IN_H(1.0),25/06/26 23:00:00,A,PC_HH,TOTAL,HU,2018,83.31,,
ESTAT:ISOC_CI_IN_H(1.0),25/06/26 23:00:00,A,PC_HH,TOTAL,HU,2019,86.20,,
ESTAT:ISOC_CI_IN_H(1.0),25/06/26 23:00:00,A,PC_HH,TOTAL,HU,2020,87.63,,
ESTAT:ISOC_CI_IN_H(1.0),25/06/26 23:00:00,A,PC_HH,TOTAL,HU,2021,90.78,,
ESTAT:ISOC_CI_IN_H(1.0),25/06/26 23:00:00,A,PC_HH,TOTAL,HU,2022,91.44,,
ESTAT:ISOC_CI_IN_H(1.0),25/06/26 23:00:00,A,PC_HH,TOTAL,HU,2023,92.73,,
ESTAT:ISOC_CI_IN_H(1.0),25/06/26 23:00:00,A,PC_HH,TOTAL,HU,2024,94.78,,
ESTAT:ISOC_CI_IN_H(1.0),25/06/26 23:00:00,A,PC_HH,TOTAL,HU,2025,93.90,,
ESTAT:ISOC_CI_IN_H(1.0),25/06/26 23:00:00,A,PC_HH,TOTAL,IE,2003,35.57,,
ESTAT:ISOC_CI_IN_H(1.0),25/06/26 23:00:00,A,PC_HH,TOTAL,IE,2004,39.73,,
ESTAT:ISOC_CI_IN_H(1.0),25/06/26 23:00:00,A,PC_HH,TOTAL,IE,2005,47.18,,
ESTAT:ISOC_CI_IN_H(1.0),25/06/26 23:00:00,A,PC_HH,TOTAL,IE,2006,49.95,,
ESTAT:ISOC_CI_IN_H(1.0),25/06/26 23:00:00,A,PC_HH,TOTAL,IE,2007,57.27,,
ESTAT:ISOC_CI_IN_H(1.0),25/06/26 23:00:00,A,PC_HH,TOTAL,IE,2008,63.05,,
ESTAT:ISOC_CI_IN_H(1.0),25/06/26 23:00:00,A,PC_HH,TOTAL,IE,2009,66.67,,
ESTAT:ISOC_CI_IN_H(1.0),25/06/26 23:00:00,A,PC_HH,TOTAL,IE,2010,71.69,,
ESTAT:ISOC_CI_IN_H(1.0),25/06/26 23:00:00,A,PC_HH,TOTAL,IE,2011,78.12,,
ESTAT:ISOC_CI_IN_H(1.0),25/06/26 23:00:00,A,PC_HH,TOTAL,IE,2012,81.09,,
ESTAT:ISOC_CI_IN_H(1.0),25/06/26 23:00:00,A,PC_HH,TOTAL,IE,2013,82.39,,
ESTAT:ISOC_CI_IN_H(1.0),25/06/26 23:00:00,A,PC_HH,TOTAL,IE,2014,82.17,,
ESTAT:ISOC_CI_IN_H(1.0),25/06/26 23:00:00,A,PC_HH,TOTAL,IE,2015,84.86,,
ESTAT:ISOC_CI_IN_H(1.0),25/06/26 23:00:00,A,PC_HH,TOTAL,IE,2016,86.91,,
ESTAT:ISOC_CI_IN_H(1.0),25/06/26 23:00:00,A,PC_HH,TOTAL,IE,2017,88.37,,
ESTAT:ISOC_CI_IN_H(1.0),25/06/26 23:00:00,A,PC_HH,TOTAL,IE,2018,89.11,,
ESTAT:ISOC_CI_IN_H(1.0),25/06/26 23:00:00,A,PC_HH,TOTAL,IE,2019,90.59,,
ESTAT:ISOC_CI_IN_H(1.0),25/06/26 23:00:00,A,PC_HH,TOTAL,IE,2020,91.82,,
ESTAT:ISOC_CI_IN_H(1.0),25/06/26 23:00:00,A,PC_HH,TOTAL,IE,2021,97.50,b,
ESTAT:ISOC_CI_IN_H(1.0),25/06/26 23:00:00,A,PC_HH,TOTAL,IE,2022,,u,
ESTAT:ISOC_CI_IN_H(1.0),25/06/26 23:00:00,A,PC_HH,TOTAL,IE,2023,93.92,,
ESTAT:ISOC_CI_IN_H(1.0),25/06/26 23:00:00,A,PC_HH,TOTAL,IE,2024,92.97,,
ESTAT:ISOC_CI_IN_H(1.0),25/06/26 23:00:00,A,PC_HH,TOTAL,IE,2025,95.51,,
ESTAT:ISOC_CI_IN_H(1.0),25/06/26 23:00:00,A,PC_HH,TOTAL,IS,2004,80.59,,
ESTAT:ISOC_CI_IN_H(1.0),25/06/26 23:00:00,A,PC_HH,TOTAL,IS,2005,84.41,,
ESTAT:ISOC_CI_IN_H(1.0),25/06/26 23:00:00,A,PC_HH,TOTAL,IS,2006,83.02,,
ESTAT:ISOC_CI_IN_H(1.0),25/06/26 23:00:00,A,PC_HH,TOTAL,IS,2007,83.70,,
ESTAT:ISOC_CI_IN_H(1.0),25/06/26 23:00:00,A,PC_HH,TOTAL,IS,2008,87.73,,
ESTAT:ISOC_CI_IN_H(1.0),25/06/26 23:00:00,A,PC_HH,TOTAL,IS,2009,89.59,,
ESTAT:ISOC_CI_IN_H(1.0),25/06/26 23:00:00,A,PC_HH,TOTAL,IS,2010,92.04,,
ESTAT:ISOC_CI_IN_H(1.0),25/06/26 23:00:00,A,PC_HH,TOTAL,IS,2011,92.59,,
ESTAT:ISOC_CI_IN_H(1.0),25/06/26 23:00:00,A,PC_HH,TOTAL,IS,2012,94.60,,
ESTAT:ISOC_CI_IN_H(1.0),25/06/26 23:00:00,A,PC_HH,TOTAL,IS,2013,96.41,,
ESTAT:ISOC_CI_IN_H(1.0),25/06/26 23:00:00,A,PC_HH,TOTAL,IS,2014,96.48,,
ESTAT:ISOC_CI_IN_H(1.0),25/06/26 23:00:00,A,PC_HH,TOTAL,IS,2017,97.86,,
ESTAT:ISOC_CI_IN_H(1.0),25/06/26 23:00:00,A,PC_HH,TOTAL,IS,2018,99.18,,
ESTAT:ISOC_CI_IN_H(1.0),25/06/26 23:00:00,A,PC_HH,TOTAL,IS,2019,97.70,,
ESTAT:ISOC_CI_IN_H(1.0),25/06/26 23:00:00,A,PC_HH,TOTAL,IS,2020,98.48,,
ESTAT:ISOC_CI_IN_H(1.0),25/06/26 23:00:00,A,PC_HH,TOTAL,IS,2021,98.36,,
ESTAT:ISOC_CI_IN_H(1.0),25/06/26 23:00:00,A,PC_HH,TOTAL,IT,2002,33.75,,
ESTAT:ISOC_CI_IN_H(1.0),25/06/26 23:00:00,A,PC_HH,TOTAL,IT,2003,32.08,,
ESTAT:ISOC_CI_IN_H(1.0),25/06/26 23:00:00,A,PC_HH,TOTAL,IT,2004,34.11,,
ESTAT:ISOC_CI_IN_H(1.0),25/06/26 23:00:00,A,PC_HH,TOTAL,IT,2005,38.58,,
ESTAT:ISOC_CI_IN_H(1.0),25/06/26 23:00:00,A,PC_HH,TOTAL,IT,2006,40.01,,
ESTAT:ISOC_CI_IN_H(1.0),25/06/26 23:00:00,A,PC_HH,TOTAL,IT,2007,43.38,,
ESTAT:ISOC_CI_IN_H(1.0),25/06/26 23:00:00,A,PC_HH,TOTAL,IT,2008,46.93,,
ESTAT:ISOC_CI_IN_H(1.0),25/06/26 23:00:00,A,PC_HH,TOTAL,IT,2009,53.48,,
ESTAT:ISOC_CI_IN_H(1.0),25/06/26 23:00:00,A,PC_HH,TOTAL,IT,2010,58.97,,
ESTAT:ISOC_CI_IN_H(1.0),25/06/26 23:00:00,A,PC_HH,TOTAL,IT,2011,61.57,,
ESTAT:ISOC_CI_IN_H(1.0),25/06/26 23:00:00,A,PC_HH,TOTAL,IT,2012,62.92,,
ESTAT:ISOC_CI_IN_H(1.0),25/06/26 23:00:00,A,PC_HH,TOTAL,IT,2013,68.91,,
ESTAT:ISOC_CI_IN_H(1.0),25/06/26 23:00:00,A,PC_HH,TOTAL,IT,2014,72.61,,
ESTAT:ISOC_CI_IN_H(1.0),25/06/26 23:00:00,A,PC_HH,TOTAL,IT,2015,75.39,,
ESTAT:ISOC_CI_IN_H(1.0),25/06/26 23:00:00,A,PC_HH,TOTAL,IT,2016,78.51,,
ESTAT:ISOC_CI_IN_H(1.0),25/06/26 23:00:00,A,PC_HH,TOTAL,IT,2017,81.02,,
ESTAT:ISOC_CI_IN_H(1.0),25/06/26 23:00:00,A,PC_HH,TOTAL,IT,2018,84.34,,
ESTAT:ISOC_CI_IN_H(1.0),25/06/26 23:00:00,A,PC_HH,TOTAL,IT,2019,85.17,,
ESTAT:ISOC_CI_IN_H(1.0),25/06/26 23:00:00,A,PC_HH,TOTAL,IT,2020,88.10,,
ESTAT:ISOC_CI_IN_H(1.0),25/06/26 23:00:00,A,PC_HH,TOTAL,IT,2021,90.49,,
ESTAT:ISOC_CI_IN_H(1.0),25/06/26 23:00:00,A,PC_HH,TOTAL,IT,2022,91.45,,
ESTAT:ISOC_CI_IN_H(1.0),25/06/26 23:00:00,A,PC_HH,TOTAL,IT,2023,91.89,,
ESTAT:ISOC_CI_IN_H(1.0),25/06/26 23:00:00,A,PC_HH,TOTAL,IT,2024,93.41,,
ESTAT:ISOC_CI_IN_H(1.0),25/06/26 23:00:00,A,PC_HH,TOTAL,IT,2025,94.12,,
ESTAT:ISOC_CI_IN_H(1.0),25/06/26 23:00:00,A,PC_HH,TOTAL,LT,2002,4.10,,
ESTAT:ISOC_CI_IN_H(1.0),25/06/26 23:00:00,A,PC_HH,TOTAL,LT,2003,6.15,,
ESTAT:ISOC_CI_IN_H(1.0),25/06/26 23:00:00,A,PC_HH,TOTAL,LT,2004,11.60,,
ESTAT:ISOC_CI_IN_H(1.0),25/06/26 23:00:00,A,PC_HH,TOTAL,LT,2005,15.78,,
ESTAT:ISOC_CI_IN_H(1.0),25/06/26 23:00:00,A,PC_HH,TOTAL,LT,2006,34.51,,
ESTAT:ISOC_CI_IN_H(1.0),25/06/26 23:00:00,A,PC_HH,TOTAL,LT,2007,44.36,,
ESTAT:ISOC_CI_IN_H(1.0),25/06/26 23:00:00,A,PC_HH,TOTAL,LT,2008,50.94,,
ESTAT:ISOC_CI_IN_H(1.0),25/06/26 23:00:00,A,PC_HH,TOTAL,LT,2009,60.00,,
ESTAT:ISOC_CI_IN_H(1.0),25/06/26 23:00:00,A,PC_HH,TOTAL,LT,2010,60.58,,
ESTAT:ISOC_CI_IN_H(1.0),25/06/26 23:00:00,A,PC_HH,TOTAL,LT,2011,60.14,,
ESTAT:ISOC_CI_IN_H(1.0),25/06/26 23:00:00,A,PC_HH,TOTAL,LT,2012,60.12,,
ESTAT:ISOC_CI_IN_H(1.0),25/06/26 23:00:00,A,PC_HH,TOTAL,LT,2013,64.73,,
ESTAT:ISOC_CI_IN_H(1.0),25/06/26 23:00:00,A,PC_HH,TOTAL,LT,2014,65.97,,
ESTAT:ISOC_CI_IN_H(1.0),25/06/26 23:00:00,A,PC_HH,TOTAL,LT,2015,68.26,,
ESTAT:ISOC_CI_IN_H(1.0),25/06/26 23:00:00,A,PC_HH,TOTAL,LT,2016,71.75,,
ESTAT:ISOC_CI_IN_H(1.0),25/06/26 23:00:00,A,PC_HH,TOTAL,LT,2017,74.97,,
ESTAT:ISOC_CI_IN_H(1.0),25/06/26 23:00:00,A,PC_HH,TOTAL,LT,2018,78.38,,
ESTAT:ISOC_CI_IN_H(1.0),25/06/26 23:00:00,A,PC_HH,TOTAL,LT,2019,81.52,,
ESTAT:ISOC_CI_IN_H(1.0),25/06/26 23:00:00,A,PC_HH,TOTAL,LT,2020,82.13,,
ESTAT:ISOC_CI_IN_H(1.0),25/06/26 23:00:00,A,PC_HH,TOTAL,LT,2021,86.55,,
ESTAT:ISOC_CI_IN_H(1.0),25/06/26 23:00:00,A,PC_HH,TOTAL,LT,2022,87.71,,
ESTAT:ISOC_CI_IN_H(1.0),25/06/26 23:00:00,A,PC_HH,TOTAL,LT,2023,88.59,,
ESTAT:ISOC_CI_IN_H(1.0),25/06/26 23:00:00,A,PC_HH,TOTAL,LT,2024,90.38,,
ESTAT:ISOC_CI_IN_H(1.0),25/06/26 23:00:00,A,PC_HH,TOTAL,LT,2025,89.35,,
ESTAT:ISOC_CI_IN_H(1.0),25/06/26 23:00:00,A,PC_HH,TOTAL,LU,2002,39.89,,
ESTAT:ISOC_CI_IN_H(1.0),25/06/26 23:00:00,A,PC_HH,TOTAL,LU,2003,45.39,,
ESTAT:ISOC_CI_IN_H(1.0),25/06/26 23:00:00,A,PC_HH,TOTAL,LU,2004,58.64,,
ESTAT:ISOC_CI_IN_H(1.0),25/06/26 23:00:00,A,PC_HH,TOTAL,LU,2005,64.58,,
ESTAT:ISOC_CI_IN_H(1.0),25/06/26 23:00:00,A,PC_HH,TOTAL,LU,2006,70.18,,
ESTAT:ISOC_CI_IN_H(1.0),25/06/26 23:00:00,A,PC_HH,TOTAL,LU,2007,74.55,,
ESTAT:ISOC_CI_IN_H(1.0),25/06/26 23:00:00,A,PC_HH,TOTAL,LU,2008,80.09,,
ESTAT:ISOC_CI_IN_H(1.0),25/06/26 23:00:00,A,PC_HH,TOTAL,LU,2009,87.20,,
ESTAT:ISOC_CI_IN_H(1.0),25/06/26 23:00:00,A,PC_HH,TOTAL,LU,2010,90.28,,
ESTAT:ISOC_CI_IN_H(1.0),25/06/26 23:00:00,A,PC_HH,TOTAL,LU,2011,90.62,,
ESTAT:ISOC_CI_IN_H(1.0),25/06/26 23:00:00,A,PC_HH,TOTAL,LU,2012,93.08,,
ESTAT:ISOC_CI_IN_H(1.0),25/06/26 23:00:00,A,PC_HH,TOTAL,LU,2013,94.46,,
ESTAT:ISOC_CI_IN_H(1.0),25/06/26 23:00:00,A,PC_HH,TOTAL,LU,2014,95.56,,
ESTAT:ISOC_CI_IN_H(1.0),25/06/26 23:00:00,A,PC_HH,TOTAL,LU,2015,96.78,,
ESTAT:ISOC_CI_IN_H(1.0),25/06/26 23:00:00,A,PC_HH,TOTAL,LU,2016,97.04,,
ESTAT:ISOC_CI_IN_H(1.0),25/06/26 23:00:00,A,PC_HH,TOTAL,LU,2017,97.23,,
ESTAT:ISOC_CI_IN_H(1.0),25/06/26 23:00:00,A,PC_HH,TOTAL,LU,2018,92.99,b,
ESTAT:ISOC_CI_IN_H(1.0),25/06/26 23:00:00,A,PC_HH,TOTAL,LU,2019,95.20,,
ESTAT:ISOC_CI_IN_H(1.0),25/06/26 23:00:00,A,PC_HH,TOTAL,LU,2020,93.57,,
ESTAT:ISOC_CI_IN_H(1.0),25/06/26 23:00:00,A,PC_HH,TOTAL,LU,2021,99.18,,
ESTAT:ISOC_CI_IN_H(1.0),25/06/26 23:00:00,A,PC_HH,TOTAL,LU,2022,97.64,,
ESTAT:ISOC_CI_IN_H(1.0),25/06/26 23:00:00,A,PC_HH,TOTAL,LU,2023,99.06,,
ESTAT:ISOC_CI_IN_H(1.0),25/06/26 23:00:00,A,PC_HH,TOTAL,LU,2024,98.84,,
ESTAT:ISOC_CI_IN_H(1.0),25/06/26 23:00:00,A,PC_HH,TOTAL,LU,2025,99.07,,
ESTAT:ISOC_CI_IN_H(1.0),25/06/26 23:00:00,A,PC_HH,TOTAL,LV,2002,3.00,,
ESTAT:ISOC_CI_IN_H(1.0),25/06/26 23:00:00,A,PC_HH,TOTAL,LV,2004,14.65,,
ESTAT:ISOC_CI_IN_H(1.0),25/06/26 23:00:00,A,PC_HH,TOTAL,LV,2005,30.52,,
ESTAT:ISOC_CI_IN_H(1.0),25/06/26 23:00:00,A,PC_HH,TOTAL,LV,2006,42.20,,
ESTAT:ISOC_CI_IN_H(1.0),25/06/26 23:00:00,A,PC_HH,TOTAL,LV,2007,50.53,,
ESTAT:ISOC_CI_IN_H(1.0),25/06/26 23:00:00,A,PC_HH,TOTAL,LV,2008,52.81,,
ESTAT:ISOC_CI_IN_H(1.0),25/06/26 23:00:00,A,PC_HH,TOTAL,LV,2009,58.02,,
ESTAT:ISOC_CI_IN_H(1.0),25/06/26 23:00:00,A,PC_HH,TOTAL,LV,2010,59.77,,
ESTAT:ISOC_CI_IN_H(1.0),25/06/26 23:00:00,A,PC_HH,TOTAL,LV,2011,63.64,,
ESTAT:ISOC_CI_IN_H(1.0),25/06/26 23:00:00,A,PC_HH,TOTAL,LV,2012,68.68,,
ESTAT:ISOC_CI_IN_H(1.0),25/06/26 23:00:00,A,PC_HH,TOTAL,LV,2013,71.60,,
ESTAT:ISOC_CI_IN_H(1.0),25/06/26 23:00:00,A,PC_HH,TOTAL,LV,2014,73.38,,
ESTAT:ISOC_CI_IN_H(1.0),25/06/26 23:00:00,A,PC_HH,TOTAL,LV,2015,76.00,,
ESTAT:ISOC_CI_IN_H(1.0),25/06/26 23:00:00,A,PC_HH,TOTAL,LV,2016,77.34,b,
ESTAT:ISOC_CI_IN_H(1.0),25/06/26 23:00:00,A,PC_HH,TOTAL,LV,2017,78.61,,
ESTAT:ISOC_CI_IN_H(1.0),25/06/26 23:00:00,A,PC_HH,TOTAL,LV,2018,81.58,,
ESTAT:ISOC_CI_IN_H(1.0),25/06/26 23:00:00,A,PC_HH,TOTAL,LV,2019,85.45,,
ESTAT:ISOC_CI_IN_H(1.0),25/06/26 23:00:00,A,PC_HH,TOTAL,LV,2020,89.73,,
ESTAT:ISOC_CI_IN_H(1.0),25/06/26 23:00:00,A,PC_HH,TOTAL,LV,2021,91.15,,
ESTAT:ISOC_CI_IN_H(1.0),25/06/26 23:00:00,A,PC_HH,TOTAL,LV,2022,91.39,,
ESTAT:ISOC_CI_IN_H(1.0),25/06/26 23:00:00,A,PC_HH,TOTAL,LV,2023,93.07,,
ESTAT:ISOC_CI_IN_H(1.0),25/06/26 23:00:00,A,PC_HH,TOTAL,LV,2024,94.33,,
ESTAT:ISOC_CI_IN_H(1.0),25/06/26 23:00:00,A,PC_HH,TOTAL,LV,2025,94.08,,
ESTAT:ISOC_CI_IN_H(1.0),25/06/26 23:00:00,A,PC_HH,TOTAL,ME,2012,54.99,,
ESTAT:ISOC_CI_IN_H(1.0),25/06/26 23:00:00,A,PC_HH,TOTAL,ME,2017,70.57,,
ESTAT:ISOC_CI_IN_H(1.0),25/06/26 23:00:00,A,PC_HH,TOTAL,ME,2018,72.18,,
ESTAT:ISOC_CI_IN_H(1.0),25/06/26 23:00:00,A,PC_HH,TOTAL,ME,2019,74.25,,
ESTAT:ISOC_CI_IN_H(1.0),25/06/26 23:00:00,A,PC_HH,TOTAL,ME,2020,80.26,,
ESTAT:ISOC_CI_IN_H(1.0),25/06/26 23:00:00,A,PC_HH,TOTAL,ME,2021,80.76,,
ESTAT:ISOC_CI_IN_H(1.0),25/06/26 23:00:00,A,PC_HH,TOTAL,ME,2022,80.96,,
ESTAT:ISOC_CI_IN_H(1.0),25/06/26 23:00:00,A,PC_HH,TOTAL,ME,2023,81.28,,
ESTAT:ISOC_CI_IN_H(1.0),25/06/26 23:00:00,A,PC_HH,TOTAL,ME,2024,84.50,,
ESTAT:ISOC_CI_IN_H(1.0),25/06/26 23:00:00,A,PC_HH,TOTAL,ME,2025,88.07,,
ESTAT:ISOC_CI_IN_H(1.0),25/06/26 23:00:00,A,PC_HH,TOTAL,MK,2004,11.18,,
ESTAT:ISOC_CI_IN_H(1.0),25/06/26 23:00:00,A,PC_HH,TOTAL,MK,2006,13.90,,
ESTAT:ISOC_CI_IN_H(1.0),25/06/26 23:00:00,A,PC_HH,TOTAL,MK,2008,29.36,,
ESTAT:ISOC_CI_IN_H(1.0),25/06/26 23:00:00,A,PC_HH,TOTAL,MK,2009,41.79,,
ESTAT:ISOC_CI_IN_H(1.0),25/06/26 23:00:00,A,PC_HH,TOTAL,MK,2010,46.10,,
ESTAT:ISOC_CI_IN_H(1.0),25/06/26 23:00:00,A,PC_HH,TOTAL,MK,2012,58.30,,
ESTAT:ISOC_CI_IN_H(1.0),25/06/26 23:00:00,A,PC_HH,TOTAL,MK,2013,65.08,,
ESTAT:ISOC_CI_IN_H(1.0),25/06/26 23:00:00,A,PC_HH,TOTAL,MK,2014,68.34,,
ESTAT:ISOC_CI_IN_H(1.0),25/06/26 23:00:00,A,PC_HH,TOTAL,MK,2015,69.38,,
ESTAT:ISOC_CI_IN_H(1.0),25/06/26 23:00:00,A,PC_HH,TOTAL,MK,2016,75.29,,
ESTAT:ISOC_CI_IN_H(1.0),25/06/26 23:00:00,A,PC_HH,TOTAL,MK,2017,73.58,,
ESTAT:ISOC_CI_IN_H(1.0),25/06/26 23:00:00,A,PC_HH,TOTAL,MK,2018,79.32,,
ESTAT:ISOC_CI_IN_H(1.0),25/06/26 23:00:00,A,PC_HH,TOTAL,MK,2019,81.62,,
ESTAT:ISOC_CI_IN_H(1.0),25/06/26 23:00:00,A,PC_HH,TOTAL,MK,2020,79.39,,
ESTAT:ISOC_CI_IN_H(1.0),25/06/26 23:00:00,A,PC_HH,TOTAL,MK,2021,83.74,,
ESTAT:ISOC_CI_IN_H(1.0),25/06/26 23:00:00,A,PC_HH,TOTAL,MK,2024,90.81,,
ESTAT:ISOC_CI_IN_H(1.0),25/06/26 23:00:00,A,PC_HH,TOTAL,MK,2025,91.21,,
ESTAT:ISOC_CI_IN_H(1.0),25/06/26 23:00:00,A,PC_HH,TOTAL,MT,2005,40.57,,
ESTAT:ISOC_CI_IN_H(1.0),25/06/26 23:00:00,A,PC_HH,TOTAL,MT,2006,52.78,,
ESTAT:ISOC_CI_IN_H(1.0),25/06/26 23:00:00,A,PC_HH,TOTAL,MT,2007,53.92,,
ESTAT:ISOC_CI_IN_H(1.0),25/06/26 23:00:00,A,PC_HH,TOTAL,MT,2008,59.00,,
ESTAT:ISOC_CI_IN_H(1.0),25/06/26 23:00:00,A,PC_HH,TOTAL,MT,2009,64.45,,
ESTAT:ISOC_CI_IN_H(1.0),25/06/26 23:00:00,A,PC_HH,TOTAL,MT,2010,70.45,,
ESTAT:ISOC_CI_IN_H(1.0),25/06/26 23:00:00,A,PC_HH,TOTAL,MT,2011,75.29,,
ESTAT:ISOC_CI_IN_H(1.0),25/06/26 23:00:00,A,PC_HH,TOTAL,MT,2012,76.70,,
ESTAT:ISOC_CI_IN_H(1.0),25/06/26 23:00:00,A,PC_HH,TOTAL,MT,2013,78.04,,
ESTAT:ISOC_CI_IN_H(1.0),25/06/26 23:00:00,A,PC_HH,TOTAL,MT,2014,80.32,,
ESTAT:ISOC_CI_IN_H(1.0),25/06/26 23:00:00,A,PC_HH,TOTAL,MT,2015,81.00,,
ESTAT:ISOC_CI_IN_H(1.0),25/06/26 23:00:00,A,PC_HH,TOTAL,MT,2016,81.41,,
ESTAT:ISOC_CI_IN_H(1.0),25/06/26 23:00:00,A,PC_HH,TOTAL,MT,2017,84.77,,
ESTAT:ISOC_CI_IN_H(1.0),25/06/26 23:00:00,A,PC_HH,TOTAL,MT,2018,84.14,,
ESTAT:ISOC_CI_IN_H(1.0),25/06/26 23:00:00,A,PC_HH,TOTAL,MT,2019,86.08,,
ESTAT:ISOC_CI_IN_H(1.0),25/06/26 23:00:00,A,PC_HH,TOTAL,MT,2020,90.36,,
ESTAT:ISOC_CI_IN_H(1.0),25/06/26 23:00:00,A,PC_HH,TOTAL,MT,2021,90.54,,
ESTAT:ISOC_CI_IN_H(1.0),25/06/26 23:00:00,A,PC_HH,TOTAL,MT,2022,93.39,,
ESTAT:ISOC_CI_IN_H(1.0),25/06/26 23:00:00,A,PC_HH,TOTAL,MT,2023,93.54,,
ESTAT:ISOC_CI_IN_H(1.0),25/06/26 23:00:00,A,PC_HH,TOTAL,MT,2024,95.58,,
ESTAT:ISOC_CI_IN_H(1.0),25/06/26 23:00:00,A,PC_HH,TOTAL,MT,2025,97.77,,
ESTAT:ISOC_CI_IN_H(1.0),25/06/26 23:00:00,A,PC_HH,TOTAL,NL,2002,58.00,,
ESTAT:ISOC_CI_IN_H(1.0),25/06/26 23:00:00,A,PC_HH,TOTAL,NL,2003,60.53,,
ESTAT:ISOC_CI_IN_H(1.0),25/06/26 23:00:00,A,PC_HH,TOTAL,NL,2004,64.99,,
ESTAT:ISOC_CI_IN_H(1.0),25/06/26 23:00:00,A,PC_HH,TOTAL,NL,2005,78.26,,
ESTAT:ISOC_CI_IN_H(1.0),25/06/26 23:00:00,A,PC_HH,TOTAL,NL,2006,80.26,,
ESTAT:ISOC_CI_IN_H(1.0),25/06/26 23:00:00,A,PC_HH,TOTAL,NL,2007,82.89,,
ESTAT:ISOC_CI_IN_H(1.0),25/06/26 23:00:00,A,PC_HH,TOTAL,NL,2008,86.08,,
ESTAT:ISOC_CI_IN_H(1.0),25/06/26 23:00:00,A,PC_HH,TOTAL,NL,2009,89.70,,
ESTAT:ISOC_CI_IN_H(1.0),25/06/26 23:00:00,A,PC_HH,TOTAL,NL,2010,90.89,,
ESTAT:ISOC_CI_IN_H(1.0),25/06/26 23:00:00,A,PC_HH,TOTAL,NL,2011,93.64,,
ESTAT:ISOC_CI_IN_H(1.0),25/06/26 23:00:00,A,PC_HH,TOTAL,NL,2012,93.55,,
ESTAT:ISOC_CI_IN_H(1.0),25/06/26 23:00:00,A,PC_HH,TOTAL,NL,2013,94.63,,
ESTAT:ISOC_CI_IN_H(1.0),25/06/26 23:00:00,A,PC_HH,TOTAL,NL,2014,95.78,,
ESTAT:ISOC_CI_IN_H(1.0),25/06/26 23:00:00,A,PC_HH,TOTAL,NL,2015,95.97,,
ESTAT:ISOC_CI_IN_H(1.0),25/06/26 23:00:00,A,PC_HH,TOTAL,NL,2016,96.66,,
ESTAT:ISOC_CI_IN_H(1.0),25/06/26 23:00:00,A,PC_HH,TOTAL,NL,2017,98.23,,
ESTAT:ISOC_CI_IN_H(1.0),25/06/26 23:00:00,A,PC_HH,TOTAL,NL,2018,98.00,,
ESTAT:ISOC_CI_IN_H(1.0),25/06/26 23:00:00,A,PC_HH,TOTAL,NL,2019,98.41,,
ESTAT:ISOC_CI_IN_H(1.0),25/06/26 23:00:00,A,PC_HH,TOTAL,NL,2020,96.95,,
ESTAT:ISOC_CI_IN_H(1.0),25/06/26 23:00:00,A,PC_HH,TOTAL,NL,2021,98.56,,
ESTAT:ISOC_CI_IN_H(1.0),25/06/26 23:00:00,A,PC_HH,TOTAL,NL,2022,98.28,,
ESTAT:ISOC_CI_IN_H(1.0),25/06/26 23:00:00,A,PC_HH,TOTAL,NL,2023,98.86,,
ESTAT:ISOC_CI_IN_H(1.0),25/06/26 23:00:00,A,PC_HH,TOTAL,NL,2024,99.04,,
ESTAT:ISOC_CI_IN_H(1.0),25/06/26 23:00:00,A,PC_HH,TOTAL,NL,2025,99.28,,
ESTAT:ISOC_CI_IN_H(1.0),25/06/26 23:00:00,A,PC_HH,TOTAL,NO,2003,60.49,,
ESTAT:ISOC_CI_IN_H(1.0),25/06/26 23:00:00,A,PC_HH,TOTAL,NO,2004,60.09,,
ESTAT:ISOC_CI_IN_H(1.0),25/06/26 23:00:00,A,PC_HH,TOTAL,NO,2005,64.01,,
ESTAT:ISOC_CI_IN_H(1.0),25/06/26 23:00:00,A,PC_HH,TOTAL,NO,2006,68.79,,
ESTAT:ISOC_CI_IN_H(1.0),25/06/26 23:00:00,A,PC_HH,TOTAL,NO,2007,77.59,,
ESTAT:ISOC_CI_IN_H(1.0),25/06/26 23:00:00,A,PC_HH,TOTAL,NO,2008,83.97,,
ESTAT:ISOC_CI_IN_H(1.0),25/06/26 23:00:00,A,PC_HH,TOTAL,NO,2009,85.56,,
ESTAT:ISOC_CI_IN_H(1.0),25/06/26 23:00:00,A,PC_HH,TOTAL,NO,2010,89.79,,
ESTAT:ISOC_CI_IN_H(1.0),25/06/26 23:00:00,A,PC_HH,TOTAL,NO,2011,92.24,,
ESTAT:ISOC_CI_IN_H(1.0),25/06/26 23:00:00,A,PC_HH,TOTAL,NO,2012,92.69,,
ESTAT:ISOC_CI_IN_H(1.0),25/06/26 23:00:00,A,PC_HH,TOTAL,NO,2013,94.29,,
ESTAT:ISOC_CI_IN_H(1.0),25/06/26 23:00:00,A,PC_HH,TOTAL,NO,2014,93.07,,
ESTAT:ISOC_CI_IN_H(1.0),25/06/26 23:00:00,A,PC_HH,TOTAL,NO,2015,96.60,,
ESTAT:ISOC_CI_IN_H(1.0),25/06/26 23:00:00,A,PC_HH,TOTAL,NO,2016,97.05,,
ESTAT:ISOC_CI_IN_H(1.0),25/06/26 23:00:00,A,PC_HH,TOTAL,NO,2017,96.65,,
ESTAT:ISOC_CI_IN_H(1.0),25/06/26 23:00:00,A,PC_HH,TOTAL,NO,2018,96.01,,
ESTAT:ISOC_CI_IN_H(1.0),25/06/26 23:00:00,A,PC_HH,TOTAL,NO,2019,98.38,,
ESTAT:ISOC_CI_IN_H(1.0),25/06/26 23:00:00,A,PC_HH,TOTAL,NO,2020,96.20,,
ESTAT:ISOC_CI_IN_H(1.0),25/06/26 23:00:00,A,PC_HH,TOTAL,NO,2021,98.93,,
ESTAT:ISOC_CI_IN_H(1.0),25/06/26 23:00:00,A,PC_HH,TOTAL,NO,2022,99.01,,
ESTAT:ISOC_CI_IN_H(1.0),25/06/26 23:00:00,A,PC_HH,TOTAL,NO,2023,99.01,,
ESTAT:ISOC_CI_IN_H(1.0),25/06/26 23:00:00,A,PC_HH,TOTAL,NO,2024,98.10,,
ESTAT:ISOC_CI_IN_H(1.0),25/06/26 23:00:00,A,PC_HH,TOTAL,NO,2025,99.04,,
ESTAT:ISOC_CI_IN_H(1.0),25/06/26 23:00:00,A,PC_HH,TOTAL,PL,2002,11.00,,
ESTAT:ISOC_CI_IN_H(1.0),25/06/26 23:00:00,A,PC_HH,TOTAL,PL,2003,14.00,,
ESTAT:ISOC_CI_IN_H(1.0),25/06/26 23:00:00,A,PC_HH,TOTAL,PL,2004,26.02,,
ESTAT:ISOC_CI_IN_H(1.0),25/06/26 23:00:00,A,PC_HH,TOTAL,PL,2005,30.44,,
ESTAT:ISOC_CI_IN_H(1.0),25/06/26 23:00:00,A,PC_HH,TOTAL,PL,2006,35.94,,
ESTAT:ISOC_CI_IN_H(1.0),25/06/26 23:00:00,A,PC_HH,TOTAL,PL,2007,40.98,,
ESTAT:ISOC_CI_IN_H(1.0),25/06/26 23:00:00,A,PC_HH,TOTAL,PL,2008,47.60,,
ESTAT:ISOC_CI_IN_H(1.0),25/06/26 23:00:00,A,PC_HH,TOTAL,PL,2009,58.59,,
ESTAT:ISOC_CI_IN_H(1.0),25/06/26 23:00:00,A,PC_HH,TOTAL,PL,2010,63.44,,
ESTAT:ISOC_CI_IN_H(1.0),25/06/26 23:00:00,A,PC_HH,TOTAL,PL,2011,66.64,,
ESTAT:ISOC_CI_IN_H(1.0),25/06/26 23:00:00,A,PC_HH,TOTAL,PL,2012,70.49,,
ESTAT:ISOC_CI_IN_H(1.0),25/06/26 23:00:00,A,PC_HH,TOTAL,PL,2013,71.90,,
ESTAT:ISOC_CI_IN_H(1.0),25/06/26 23:00:00,A,PC_HH,TOTAL,PL,2014,74.76,,
ESTAT:ISOC_CI_IN_H(1.0),25/06/26 23:00:00,A,PC_HH,TOTAL,PL,2015,75.78,,
ESTAT:ISOC_CI_IN_H(1.0),25/06/26 23:00:00,A,PC_HH,TOTAL,PL,2016,80.45,,
ESTAT:ISOC_CI_IN_H(1.0),25/06/26 23:00:00,A,PC_HH,TOTAL,PL,2017,81.88,,
ESTAT:ISOC_CI_IN_H(1.0),25/06/26 23:00:00,A,PC_HH,TOTAL,PL,2018,84.19,,
ESTAT:ISOC_CI_IN_H(1.0),25/06/26 23:00:00,A,PC_HH,TOTAL,PL,2019,86.75,,
ESTAT:ISOC_CI_IN_H(1.0),25/06/26 23:00:00,A,PC_HH,TOTAL,PL,2020,90.38,,
ESTAT:ISOC_CI_IN_H(1.0),25/06/26 23:00:00,A,PC_HH,TOTAL,PL,2021,92.42,,
ESTAT:ISOC_CI_IN_H(1.0),25/06/26 23:00:00,A,PC_HH,TOTAL,PL,2022,93.33,,
ESTAT:ISOC_CI_IN_H(1.0),25/06/26 23:00:00,A,PC_HH,TOTAL,PL,2023,93.30,,
ESTAT:ISOC_CI_IN_H(1.0),25/06/26 23:00:00,A,PC_HH,TOTAL,PL,2024,95.89,,
ESTAT:ISOC_CI_IN_H(1.0),25/06/26 23:00:00,A,PC_HH,TOTAL,PL,2025,96.20,,
ESTAT:ISOC_CI_IN_H(1.0),25/06/26 23:00:00,A,PC_HH,TOTAL,PT,2002,15.12,,
ESTAT:ISOC_CI_IN_H(1.0),25/06/26 23:00:00,A,PC_HH,TOTAL,PT,2003,21.69,,
ESTAT:ISOC_CI_IN_H(1.0),25/06/26 23:00:00,A,PC_HH,TOTAL,PT,2004,26.17,,
ESTAT:ISOC_CI_IN_H(1.0),25/06/26 23:00:00,A,PC_HH,TOTAL,PT,2005,31.46,,
ESTAT:ISOC_CI_IN_H(1.0),25/06/26 23:00:00,A,PC_HH,TOTAL,PT,2006,35.15,,
ESTAT:ISOC_CI_IN_H(1.0),25/06/26 23:00:00,A,PC_HH,TOTAL,PT,2007,39.61,,
ESTAT:ISOC_CI_IN_H(1.0),25/06/26 23:00:00,A,PC_HH,TOTAL,PT,2008,46.04,,
ESTAT:ISOC_CI_IN_H(1.0),25/06/26 23:00:00,A,PC_HH,TOTAL,PT,2009,47.89,,
ESTAT:ISOC_CI_IN_H(1.0),25/06/26 23:00:00,A,PC_HH,TOTAL,PT,2010,53.73,,
ESTAT:ISOC_CI_IN_H(1.0),25/06/26 23:00:00,A,PC_HH,TOTAL,PT,2011,57.97,,
ESTAT:ISOC_CI_IN_H(1.0),25/06/26 23:00:00,A,PC_HH,TOTAL,PT,2012,61.02,,
ESTAT:ISOC_CI_IN_H(1.0),25/06/26 23:00:00,A,PC_HH,TOTAL,PT,2013,62.34,,
ESTAT:ISOC_CI_IN_H(1.0),25/06/26 23:00:00,A,PC_HH,TOTAL,PT,2014,64.87,,
ESTAT:ISOC_CI_IN_H(1.0),25/06/26 23:00:00,A,PC_HH,TOTAL,PT,2015,70.23,,
ESTAT:ISOC_CI_IN_H(1.0),25/06/26 23:00:00,A,PC_HH,TOTAL,PT,2016,74.05,,
ESTAT:ISOC_CI_IN_H(1.0),25/06/26 23:00:00,A,PC_HH,TOTAL,PT,2017,76.94,,
ESTAT:ISOC_CI_IN_H(1.0),25/06/26 23:00:00,A,PC_HH,TOTAL,PT,2018,79.43,,
ESTAT:ISOC_CI_IN_H(1.0),25/06/26 23:00:00,A,PC_HH,TOTAL,PT,2019,80.94,,
ESTAT:ISOC_CI_IN_H(1.0),25/06/26 23:00:00,A,PC_HH,TOTAL,PT,2020,84.49,,
ESTAT:ISOC_CI_IN_H(1.0),25/06/26 23:00:00,A,PC_HH,TOTAL,PT,2021,87.34,,
ESTAT:ISOC_CI_IN_H(1.0),25/06/26 23:00:00,A,PC_HH,TOTAL,PT,2022,88.15,,
ESTAT:ISOC_CI_IN_H(1.0),25/06/26 23:00:00,A,PC_HH,TOTAL,PT,2023,89.01,,
ESTAT:ISOC_CI_IN_H(1.0),25/06/26 23:00:00,A,PC_HH,TOTAL,PT,2024,90.60,,
ESTAT:ISOC_CI_IN_H(1.0),25/06/26 23:00:00,A,PC_HH,TOTAL,PT,2025,91.08,,
ESTAT:ISOC_CI_IN_H(1.0),25/06/26 23:00:00,A,PC_HH,TOTAL,RO,2004,5.58,,
ESTAT:ISOC_CI_IN_H(1.0),25/06/26 23:00:00,A,PC_HH,TOTAL,RO,2006,14.25,,
ESTAT:ISOC_CI_IN_H(1.0),25/06/26 23:00:00,A,PC_HH,TOTAL,RO,2007,22.25,,
ESTAT:ISOC_CI_IN_H(1.0),25/06/26 23:00:00,A,PC_HH,TOTAL,RO,2008,29.60,,
ESTAT:ISOC_CI_IN_H(1.0),25/06/26 23:00:00,A,PC_HH,TOTAL,RO,2009,37.95,,
ESTAT:ISOC_CI_IN_H(1.0),25/06/26 23:00:00,A,PC_HH,TOTAL,RO,2010,42.18,,
ESTAT:ISOC_CI_IN_H(1.0),25/06/26 23:00:00,A,PC_HH,TOTAL,RO,2011,47.44,,
ESTAT:ISOC_CI_IN_H(1.0),25/06/26 23:00:00,A,PC_HH,TOTAL,RO,2012,53.77,,
ESTAT:ISOC_CI_IN_H(1.0),25/06/26 23:00:00,A,PC_HH,TOTAL,RO,2013,58.07,,
ESTAT:ISOC_CI_IN_H(1.0),25/06/26 23:00:00,A,PC_HH,TOTAL,RO,2014,60.54,b,
ESTAT:ISOC_CI_IN_H(1.0),25/06/26 23:00:00,A,PC_HH,TOTAL,RO,2015,67.71,,
ESTAT:ISOC_CI_IN_H(1.0),25/06/26 23:00:00,A,PC_HH,TOTAL,RO,2016,72.40,,
ESTAT:ISOC_CI_IN_H(1.0),25/06/26 23:00:00,A,PC_HH,TOTAL,RO,2017,76.45,,
ESTAT:ISOC_CI_IN_H(1.0),25/06/26 23:00:00,A,PC_HH,TOTAL,RO,2018,80.89,,
ESTAT:ISOC_CI_IN_H(1.0),25/06/26 23:00:00,A,PC_HH,TOTAL,RO,2019,83.61,,
ESTAT:ISOC_CI_IN_H(1.0),25/06/26 23:00:00,A,PC_HH,TOTAL,RO,2020,86.24,,
ESTAT:ISOC_CI_IN_H(1.0),25/06/26 23:00:00,A,PC_HH,TOTAL,RO,2021,88.74,,
ESTAT:ISOC_CI_IN_H(1.0),25/06/26 23:00:00,A,PC_HH,TOTAL,RO,2022,89.41,,
ESTAT:ISOC_CI_IN_H(1.0),25/06/26 23:00:00,A,PC_HH,TOTAL,RO,2023,92.00,,
ESTAT:ISOC_CI_IN_H(1.0),25/06/26 23:00:00,A,PC_HH,TOTAL,RO,2024,94.57,,
ESTAT:ISOC_CI_IN_H(1.0),25/06/26 23:00:00,A,PC_HH,TOTAL,RO,2025,95.47,,
ESTAT:ISOC_CI_IN_H(1.0),25/06/26 23:00:00,A,PC_HH,TOTAL,RS,2007,26.27,,
ESTAT:ISOC_CI_IN_H(1.0),25/06/26 23:00:00,A,PC_HH,TOTAL,RS,2009,36.66,,
ESTAT:ISOC_CI_IN_H(1.0),25/06/26 23:00:00,A,PC_HH,TOTAL,RS,2015,63.76,,
ESTAT:ISOC_CI_IN_H(1.0),25/06/26 23:00:00,A,PC_HH,TOTAL,RS,2017,68.03,,
ESTAT:ISOC_CI_IN_H(1.0),25/06/26 23:00:00,A,PC_HH,TOTAL,RS,2018,72.91,,
ESTAT:ISOC_CI_IN_H(1.0),25/06/26 23:00:00,A,PC_HH,TOTAL,RS,2019,80.14,,
ESTAT:ISOC_CI_IN_H(1.0),25/06/26 23:00:00,A,PC_HH,TOTAL,RS,2020,80.95,,
ESTAT:ISOC_CI_IN_H(1.0),25/06/26 23:00:00,A,PC_HH,TOTAL,RS,2021,81.51,,
ESTAT:ISOC_CI_IN_H(1.0),25/06/26 23:00:00,A,PC_HH,TOTAL,RS,2022,83.24,,
ESTAT:ISOC_CI_IN_H(1.0),25/06/26 23:00:00,A,PC_HH,TOTAL,RS,2023,85.39,,
ESTAT:ISOC_CI_IN_H(1.0),25/06/26 23:00:00,A,PC_HH,TOTAL,RS,2024,88.85,,
ESTAT:ISOC_CI_IN_H(1.0),25/06/26 23:00:00,A,PC_HH,TOTAL,RS,2025,90.09,,
ESTAT:ISOC_CI_IN_H(1.0),25/06/26 23:00:00,A,PC_HH,TOTAL,SE,2005,72.53,,
ESTAT:ISOC_CI_IN_H(1.0),25/06/26 23:00:00,A,PC_HH,TOTAL,SE,2006,77.39,,
ESTAT:ISOC_CI_IN_H(1.0),25/06/26 23:00:00,A,PC_HH,TOTAL,SE,2007,78.55,,
ESTAT:ISOC_CI_IN_H(1.0),25/06/26 23:00:00,A,PC_HH,TOTAL,SE,2008,84.44,,
ESTAT:ISOC_CI_IN_H(1.0),25/06/26 23:00:00,A,PC_HH,TOTAL,SE,2009,85.98,,
ESTAT:ISOC_CI_IN_H(1.0),25/06/26 23:00:00,A,PC_HH,TOTAL,SE,2010,88.30,,
ESTAT:ISOC_CI_IN_H(1.0),25/06/26 23:00:00,A,PC_HH,TOTAL,SE,2011,90.64,,
ESTAT:ISOC_CI_IN_H(1.0),25/06/26 23:00:00,A,PC_HH,TOTAL,SE,2012,91.69,,
ESTAT:ISOC_CI_IN_H(1.0),25/06/26 23:00:00,A,PC_HH,TOTAL,SE,2013,92.59,,
ESTAT:ISOC_CI_IN_H(1.0),25/06/26 23:00:00,A,PC_HH,TOTAL,SE,2014,89.57,,
ESTAT:ISOC_CI_IN_H(1.0),25/06/26 23:00:00,A,PC_HH,TOTAL,SE,2015,91.03,,
ESTAT:ISOC_CI_IN_H(1.0),25/06/26 23:00:00,A,PC_HH,TOTAL,SE,2016,93.80,b,
ESTAT:ISOC_CI_IN_H(1.0),25/06/26 23:00:00,A,PC_HH,TOTAL,SE,2017,94.73,,
ESTAT:ISOC_CI_IN_H(1.0),25/06/26 23:00:00,A,PC_HH,TOTAL,SE,2018,93.42,,
ESTAT:ISOC_CI_IN_H(1.0),25/06/26 23:00:00,A,PC_HH,TOTAL,SE,2019,96.06,,
ESTAT:ISOC_CI_IN_H(1.0),25/06/26 23:00:00,A,PC_HH,TOTAL,SE,2020,93.94,,
ESTAT:ISOC_CI_IN_H(1.0),25/06/26 23:00:00,A,PC_HH,TOTAL,SE,2021,93.23,,
ESTAT:ISOC_CI_IN_H(1.0),25/06/26 23:00:00,A,PC_HH,TOTAL,SE,2022,94.33,,
ESTAT:ISOC_CI_IN_H(1.0),25/06/26 23:00:00,A,PC_HH,TOTAL,SE,2023,94.87,,
ESTAT:ISOC_CI_IN_H(1.0),25/06/26 23:00:00,A,PC_HH,TOTAL,SE,2024,95.43,,
ESTAT:ISOC_CI_IN_H(1.0),25/06/26 23:00:00,A,PC_HH,TOTAL,SE,2025,95.72,,
ESTAT:ISOC_CI_IN_H(1.0),25/06/26 23:00:00,A,PC_HH,TOTAL,SI,2004,46.86,,
ESTAT:ISOC_CI_IN_H(1.0),25/06/26 23:00:00,A,PC_HH,TOTAL,SI,2005,48.21,,
ESTAT:ISOC_CI_IN_H(1.0),25/06/26 23:00:00,A,PC_HH,TOTAL,SI,2006,54.36,,
ESTAT:ISOC_CI_IN_H(1.0),25/06/26 23:00:00,A,PC_HH,TOTAL,SI,2007,57.61,,
ESTAT:ISOC_CI_IN_H(1.0),25/06/26 23:00:00,A,PC_HH,TOTAL,SI,2008,58.89,,
ESTAT:ISOC_CI_IN_H(1.0),25/06/26 23:00:00,A,PC_HH,TOTAL,SI,2009,63.94,,
ESTAT:ISOC_CI_IN_H(1.0),25/06/26 23:00:00,A,PC_HH,TOTAL,SI,2010,68.13,,
ESTAT:ISOC_CI_IN_H(1.0),25/06/26 23:00:00,A,PC_HH,TOTAL,SI,2011,72.60,,
ESTAT:ISOC_CI_IN_H(1.0),25/06/26 23:00:00,A,PC_HH,TOTAL,SI,2012,73.94,,
ESTAT:ISOC_CI_IN_H(1.0),25/06/26 23:00:00,A,PC_HH,TOTAL,SI,2013,75.62,,
ESTAT:ISOC_CI_IN_H(1.0),25/06/26 23:00:00,A,PC_HH,TOTAL,SI,2014,76.80,,
ESTAT:ISOC_CI_IN_H(1.0),25/06/26 23:00:00,A,PC_HH,TOTAL,SI,2015,77.64,,
ESTAT:ISOC_CI_IN_H(1.0),25/06/26 23:00:00,A,PC_HH,TOTAL,SI,2016,78.42,,
ESTAT:ISOC_CI_IN_H(1.0),25/06/26 23:00:00,A,PC_HH,TOTAL,SI,2017,81.74,,
ESTAT:ISOC_CI_IN_H(1.0),25/06/26 23:00:00,A,PC_HH,TOTAL,SI,2018,86.68,,
ESTAT:ISOC_CI_IN_H(1.0),25/06/26 23:00:00,A,PC_HH,TOTAL,SI,2019,88.96,,
ESTAT:ISOC_CI_IN_H(1.0),25/06/26 23:00:00,A,PC_HH,TOTAL,SI,2020,89.97,,
ESTAT:ISOC_CI_IN_H(1.0),25/06/26 23:00:00,A,PC_HH,TOTAL,SI,2021,93.04,,
ESTAT:ISOC_CI_IN_H(1.0),25/06/26 23:00:00,A,PC_HH,TOTAL,SI,2022,92.60,,
ESTAT:ISOC_CI_IN_H(1.0),25/06/26 23:00:00,A,PC_HH,TOTAL,SI,2023,93.72,,
ESTAT:ISOC_CI_IN_H(1.0),25/06/26 23:00:00,A,PC_HH,TOTAL,SI,2024,94.13,,
ESTAT:ISOC_CI_IN_H(1.0),25/06/26 23:00:00,A,PC_HH,TOTAL,SI,2025,93.53,,
ESTAT:ISOC_CI_IN_H(1.0),25/06/26 23:00:00,A,PC_HH,TOTAL,SK,2004,23.34,,
ESTAT:ISOC_CI_IN_H(1.0),25/06/26 23:00:00,A,PC_HH,TOTAL,SK,2005,22.97,,
ESTAT:ISOC_CI_IN_H(1.0),25/06/26 23:00:00,A,PC_HH,TOTAL,SK,2006,26.58,,
ESTAT:ISOC_CI_IN_H(1.0),25/06/26 23:00:00,A,PC_HH,TOTAL,SK,2007,46.11,,
ESTAT:ISOC_CI_IN_H(1.0),25/06/26 23:00:00,A,PC_HH,TOTAL,SK,2008,58.34,,
ESTAT:ISOC_CI_IN_H(1.0),25/06/26 23:00:00,A,PC_HH,TOTAL,SK,2009,62.23,,
ESTAT:ISOC_CI_IN_H(1.0),25/06/26 23:00:00,A,PC_HH,TOTAL,SK,2010,67.48,,
ESTAT:ISOC_CI_IN_H(1.0),25/06/26 23:00:00,A,PC_HH,TOTAL,SK,2011,70.78,,
ESTAT:ISOC_CI_IN_H(1.0),25/06/26 23:00:00,A,PC_HH,TOTAL,SK,2012,75.44,,
ESTAT:ISOC_CI_IN_H(1.0),25/06/26 23:00:00,A,PC_HH,TOTAL,SK,2013,77.91,,
ESTAT:ISOC_CI_IN_H(1.0),25/06/26 23:00:00,A,PC_HH,TOTAL,SK,2014,78.35,,
ESTAT:ISOC_CI_IN_H(1.0),25/06/26 23:00:00,A,PC_HH,TOTAL,SK,2015,79.48,,
ESTAT:ISOC_CI_IN_H(1.0),25/06/26 23:00:00,A,PC_HH,TOTAL,SK,2016,80.52,,
ESTAT:ISOC_CI_IN_H(1.0),25/06/26 23:00:00,A,PC_HH,TOTAL,SK,2017,81.33,,
ESTAT:ISOC_CI_IN_H(1.0),25/06/26 23:00:00,A,PC_HH,TOTAL,SK,2018,80.84,,
ESTAT:ISOC_CI_IN_H(1.0),25/06/26 23:00:00,A,PC_HH,TOTAL,SK,2019,82.19,,
ESTAT:ISOC_CI_IN_H(1.0),25/06/26 23:00:00,A,PC_HH,TOTAL,SK,2020,85.78,,
ESTAT:ISOC_CI_IN_H(1.0),25/06/26 23:00:00,A,PC_HH,TOTAL,SK,2021,89.96,,
ESTAT:ISOC_CI_IN_H(1.0),25/06/26 23:00:00,A,PC_HH,TOTAL,SK,2022,90.65,,
ESTAT:ISOC_CI_IN_H(1.0),25/06/26 23:00:00,A,PC_HH,TOTAL,SK,2023,90.60,,
ESTAT:ISOC_CI_IN_H(1.0),25/06/26 23:00:00,A,PC_HH,TOTAL,SK,2024,90.54,,
ESTAT:ISOC_CI_IN_H(1.0),25/06/26 23:00:00,A,PC_HH,TOTAL,SK,2025,92.49,,
ESTAT:ISOC_CI_IN_H(1.0),25/06/26 23:00:00,A,PC_HH,TOTAL,TR,2004,7.02,,
ESTAT:ISOC_CI_IN_H(1.0),25/06/26 23:00:00,A,PC_HH,TOTAL,TR,2005,7.66,,
ESTAT:ISOC_CI_IN_H(1.0),25/06/26 23:00:00,A,PC_HH,TOTAL,TR,2007,19.71,,
ESTAT:ISOC_CI_IN_H(1.0),25/06/26 23:00:00,A,PC_HH,TOTAL,TR,2008,25.41,,
ESTAT:ISOC_CI_IN_H(1.0),25/06/26 23:00:00,A,PC_HH,TOTAL,TR,2009,30.03,,
ESTAT:ISOC_CI_IN_H(1.0),25/06/26 23:00:00,A,PC_HH,TOTAL,TR,2010,41.63,,
ESTAT:ISOC_CI_IN_H(1.0),25/06/26 23:00:00,A,PC_HH,TOTAL,TR,2012,47.20,,
ESTAT:ISOC_CI_IN_H(1.0),25/06/26 23:00:00,A,PC_HH,TOTAL,TR,2013,49.08,,
ESTAT:ISOC_CI_IN_H(1.0),25/06/26 23:00:00,A,PC_HH,TOTAL,TR,2014,60.24,,
ESTAT:ISOC_CI_IN_H(1.0),25/06/26 23:00:00,A,PC_HH,TOTAL,TR,2015,69.54,,
ESTAT:ISOC_CI_IN_H(1.0),25/06/26 23:00:00,A,PC_HH,TOTAL,TR,2016,76.34,,
ESTAT:ISOC_CI_IN_H(1.0),25/06/26 23:00:00,A,PC_HH,TOTAL,TR,2017,80.74,,
ESTAT:ISOC_CI_IN_H(1.0),25/06/26 23:00:00,A,PC_HH,TOTAL,TR,2018,83.79,,
ESTAT:ISOC_CI_IN_H(1.0),25/06/26 23:00:00,A,PC_HH,TOTAL,TR,2019,88.30,,
ESTAT:ISOC_CI_IN_H(1.0),25/06/26 23:00:00,A,PC_HH,TOTAL,TR,2020,90.73,,
ESTAT:ISOC_CI_IN_H(1.0),25/06/26 23:00:00,A,PC_HH,TOTAL,TR,2021,91.98,,
ESTAT:ISOC_CI_IN_H(1.0),25/06/26 23:00:00,A,PC_HH,TOTAL,TR,2022,94.15,,
ESTAT:ISOC_CI_IN_H(1.0),25/06/26 23:00:00,A,PC_HH,TOTAL,TR,2023,95.54,,
ESTAT:ISOC_CI_IN_H(1.0),25/06/26 23:00:00,A,PC_HH,TOTAL,TR,2024,96.45,,
ESTAT:ISOC_CI_IN_H(1.0),25/06/26 23:00:00,A,PC_HH,TOTAL,TR,2025,96.18,,
ESTAT:ISOC_CI_IN_H(1.0),25/06/26 23:00:00,A,PC_HH,TOTAL,UK,2002,49.72,,
ESTAT:ISOC_CI_IN_H(1.0),25/06/26 23:00:00,A,PC_HH,TOTAL,UK,2003,55.11,,
ESTAT:ISOC_CI_IN_H(1.0),25/06/26 23:00:00,A,PC_HH,TOTAL,UK,2004,55.90,,
ESTAT:ISOC_CI_IN_H(1.0),25/06/26 23:00:00,A,PC_HH,TOTAL,UK,2005,60.23,,
ESTAT:ISOC_CI_IN_H(1.0),25/06/26 23:00:00,A,PC_HH,TOTAL,UK,2006,62.64,,
ESTAT:ISOC_CI_IN_H(1.0),25/06/26 23:00:00,A,PC_HH,TOTAL,UK,2007,66.72,,
ESTAT:ISOC_CI_IN_H(1.0),25/06/26 23:00:00,A,PC_HH,TOTAL,UK,2008,71.14,,
ESTAT:ISOC_CI_IN_H(1.0),25/06/26 23:00:00,A,PC_HH,TOTAL,UK,2009,76.69,,
ESTAT:ISOC_CI_IN_H(1.0),25/06/26 23:00:00,A,PC_HH,TOTAL,UK,2010,79.61,,
ESTAT:ISOC_CI_IN_H(1.0),25/06/26 23:00:00,A,PC_HH,TOTAL,UK,2011,82.70,,
ESTAT:ISOC_CI_IN_H(1.0),25/06/26 23:00:00,A,PC_HH,TOTAL,UK,2012,86.80,,
ESTAT:ISOC_CI_IN_H(1.0),25/06/26 23:00:00,A,PC_HH,TOTAL,UK,2013,88.45,,
ESTAT:ISOC_CI_IN_H(1.0),25/06/26 23:00:00,A,PC_HH,TOTAL,UK,2014,90.34,,
ESTAT:ISOC_CI_IN_H(1.0),25/06/26 23:00:00,A,PC_HH,TOTAL,UK,2015,91.25,,
ESTAT:ISOC_CI_IN_H(1.0),25/06/26 23:00:00,A,PC_HH,TOTAL,UK,2016,93.48,,
ESTAT:ISOC_CI_IN_H(1.0),25/06/26 23:00:00,A,PC_HH,TOTAL,UK,2017,93.99,,
ESTAT:ISOC_CI_IN_H(1.0),25/06/26 23:00:00,A,PC_HH,TOTAL,UK,2018,94.85,,
ESTAT:ISOC_CI_IN_H(1.0),25/06/26 23:00:00,A,PC_HH,TOTAL,UK,2019,95.85,,
ESTAT:ISOC_CI_IN_H(1.0),25/06/26 23:00:00,A,PC_HH,TOTAL,UK,2020,97.30,,
ESTAT:ISOC_CI_IN_H(1.0),25/06/26 23:00:00,A,PC_HH,TOTAL,XK,2017,88.77,,
ESTAT:ISOC_CI_IN_H(1.0),25/06/26 23:00:00,A,PC_HH,TOTAL,XK,2018,93.20,,
ESTAT:ISOC_CI_IN_H(1.0),25/06/26 23:00:00,A,PC_HH,TOTAL,XK,2019,93.19,,
ESTAT:ISOC_CI_IN_H(1.0),25/06/26 23:00:00,A,PC_HH,TOTAL,XK,2020,96.44,,
ESTAT:ISOC_CI_IN_H(1.0),25/06/26 23:00:00,A,PC_HH,TOTAL,XK,2024,99.05,,
ESTAT:ISOC_CI_IN_H(1.0),25/06/26 23:00:00,A,PC_HH,TOTAL,XK,2025,99.35,,
