DATAFLOW,LAST UPDATE,freq,unit,geo,TIME_PERIOD,OBS_VALUE,OBS_FLAG,CONF_STATUS
ESTAT:ISOC_R_IACC_H(1.0),25/06/26 23:00:00,A,PC_HH,AL,2018,83.64,,
ESTAT:ISOC_R_IACC_H(1.0),25/06/26 23:00:00,A,PC_HH,AL,2019,85.45,,
ESTAT:ISOC_R_IACC_H(1.0),25/06/26 23:00:00,A,PC_HH,AL,2020,87.15,,
ESTAT:ISOC_R_IACC_H(1.0),25/06/26 23:00:00,A,PC_HH,AL,2021,90.87,,
ESTAT:ISOC_R_IACC_H(1.0),25/06/26 23:00:00,A,PC_HH,AL,2022,98.44,,
ESTAT:ISOC_R_IACC_H(1.0),25/06/26 23:00:00,A,PC_HH,AL,2023,97.72,,
ESTAT:ISOC_R_IACC_H(1.0),25/06/26 23:00:00,A,PC_HH,AL,2024,98.15,,
ESTAT:ISOC_R_IACC_H(1.0),25/06/26 23:00:00,A,PC_HH,AL,2025,99.27,,
ESTAT:ISOC_R_IACC_H(1.0),25/06/26 23:00:00,A,PC_HH,AT,2006,52.30,,
ESTAT:ISOC_R_IACC_H(1.0),25/06/26 23:00:00,A,PC_HH,AT,2007,59.62,,
ESTAT:ISOC_R_IACC_H(1.0),25/06/26 23:00:00,A,PC_HH,AT,2008,68.92,,
ESTAT:ISOC_R_IACC_H(1.0),25/06/26 23:00:00,A,PC_HH,AT,2009,69.75,,
ESTAT:ISOC_R_IACC_H(1.0),25/06/26 23:00:00,A,PC_HH,AT,2010,72.89,,
ESTAT:ISOC_R_IACC_H(1.0),25/06/26 23:00:00,A,PC_HH,AT,2011,75.44,,
ESTAT:ISOC_R_IACC_H(1.0),25/06/26 23:00:00,A,PC_HH,AT,2012,79.28,,
ESTAT:ISOC_R_IACC_H(1.0),25/06/26 23:00:00,A,PC_HH,AT,2013,80.86,,
ESTAT:ISOC_R_IACC_H(1.0),25/06/26 23:00:00,A,PC_HH,AT,2014,80.99,,
ESTAT:ISOC_R_IACC_H(1.0),25/06/26 23:00:00,A,PC_HH,AT,2015,82.42,,
ESTAT:ISOC_R_IACC_H(1.0),25/06/26 23:00:00,A,PC_HH,AT,2016,85.09,,
ESTAT:ISOC_R_IACC_H(1.0),25/06/26 23:00:00,A,PC_HH,AT,2017,88.79,,
ESTAT:ISOC_R_IACC_H(1.0),25/06/26 23:00:00,A,PC_HH,AT,2018,88.78,,
ESTAT:ISOC_R_IACC_H(1.0),25/06/26 23:00:00,A,PC_HH,AT,2019,89.91,,
ESTAT:ISOC_R_IACC_H(1.0),25/06/26 23:00:00,A,PC_HH,AT,2020,90.40,,
ESTAT:ISOC_R_IACC_H(1.0),25/06/26 23:00:00,A,PC_HH,AT,2021,95.00,,
ESTAT:ISOC_R_IACC_H(1.0),25/06/26 23:00:00,A,PC_HH,AT,2022,93.15,,
ESTAT:ISOC_R_IACC_H(1.0),25/06/26 23:00:00,A,PC_HH,AT,2023,94.98,,
ESTAT:ISOC_R_IACC_H(1.0),25/06/26 23:00:00,A,PC_HH,AT,2024,94.96,,
ESTAT:ISOC_R_IACC_H(1.0),25/06/26 23:00:00,A,PC_HH,AT,2025,95.45,,
ESTAT:ISOC_R_IACC_H(1.0),25/06/26 23:00:00,A,PC_HH,AT1,2006,55.34,,
ESTAT:ISOC_R_IACC_H(1.0),25/06/26 23:00:00,A,PC_HH,AT1,2007,62.96,,
ESTAT:ISOC_R_IACC_H(1.0),25/06/26 23:00:00,A,PC_HH,AT1,2008,70.66,,
ESTAT:ISOC_R_IACC_H(1.0),25/06/26 23:00:00,A,PC_HH,AT1,2009,71.44,,
ESTAT:ISOC_R_IACC_H(1.0),25/06/26 23:00:00,A,PC_HH,AT1,2010,73.35,,
ESTAT:ISOC_R_IACC_H(1.0),25/06/26 23:00:00,A,PC_HH,AT1,2011,76.49,,
ESTAT:ISOC_R_IACC_H(1.0),25/06/26 23:00:00,A,PC_HH,AT1,2012,81.51,,
ESTAT:ISOC_R_IACC_H(1.0),25/06/26 23:00:00,A,PC_HH,AT1,2013,80.03,,
ESTAT:ISOC_R_IACC_H(1.0),25/06/26 23:00:00,A,PC_HH,AT1,2014,81.59,,
ESTAT:ISOC_R_IACC_H(1.0),25/06/26 23:00:00,A,PC_HH,AT1,2015,84.04,,
ESTAT:ISOC_R_IACC_H(1.0),25/06/26 23:00:00,A,PC_HH,AT1,2016,85.65,,
ESTAT:ISOC_R_IACC_H(1.0),25/06/26 23:00:00,A,PC_HH,AT1,2017,88.91,,
ESTAT:ISOC_R_IACC_H(1.0),25/06/26 23:00:00,A,PC_HH,AT1,2018,88.87,,
ESTAT:ISOC_R_IACC_H(1.0),25/06/26 23:00:00,A,PC_HH,AT1,2019,91.48,,
ESTAT:ISOC_R_IACC_H(1.0),25/06/26 23:00:00,A,PC_HH,AT1,2020,92.02,,
ESTAT:ISOC_R_IACC_H(1.0),25/06/26 23:00:00,A,PC_HH,AT1,2021,95.35,,
ESTAT:ISOC_R_IACC_H(1.0),25/06/26 23:00:00,A,PC_HH,AT1,2022,93.85,,
ESTAT:ISOC_R_IACC_H(1.0),25/06/26 23:00:00,A,PC_HH,AT1,2023,95.89,,
ESTAT:ISOC_R_IACC_H(1.0),25/06/26 23:00:00,A,PC_HH,AT1,2024,94.68,,
ESTAT:ISOC_R_IACC_H(1.0),25/06/26 23:00:00,A,PC_HH,AT1,2025,96.66,,
ESTAT:ISOC_R_IACC_H(1.0),25/06/26 23:00:00,A,PC_HH,AT11,2006,51.74,,
ESTAT:ISOC_R_IACC_H(1.0),25/06/26 23:00:00,A,PC_HH,AT11,2007,,u,
ESTAT:ISOC_R_IACC_H(1.0),25/06/26 23:00:00,A,PC_HH,AT11,2008,67.20,,
ESTAT:ISOC_R_IACC_H(1.0),25/06/26 23:00:00,A,PC_HH,AT11,2009,68.56,,
ESTAT:ISOC_R_IACC_H(1.0),25/06/26 23:00:00,A,PC_HH,AT11,2010,71.97,,
ESTAT:ISOC_R_IACC_H(1.0),25/06/26 23:00:00,A,PC_HH,AT11,2011,70.46,,
ESTAT:ISOC_R_IACC_H(1.0),25/06/26 23:00:00,A,PC_HH,AT11,2012,74.91,,
ESTAT:ISOC_R_IACC_H(1.0),25/06/26 23:00:00,A,PC_HH,AT11,2013,79.29,,
ESTAT:ISOC_R_IACC_H(1.0),25/06/26 23:00:00,A,PC_HH,AT11,2014,81.76,,
ESTAT:ISOC_R_IACC_H(1.0),25/06/26 23:00:00,A,PC_HH,AT11,2016,82.54,,
ESTAT:ISOC_R_IACC_H(1.0),25/06/26 23:00:00,A,PC_HH,AT11,2017,85.86,,
ESTAT:ISOC_R_IACC_H(1.0),25/06/26 23:00:00,A,PC_HH,AT11,2018,89.85,,
ESTAT:ISOC_R_IACC_H(1.0),25/06/26 23:00:00,A,PC_HH,AT11,2019,87.71,,
ESTAT:ISOC_R_IACC_H(1.0),25/06/26 23:00:00,A,PC_HH,AT11,2020,87.19,,
ESTAT:ISOC_R_IACC_H(1.0),25/06/26 23:00:00,A,PC_HH,AT11,2021,92.86,,
ESTAT:ISOC_R_IACC_H(1.0),25/06/26 23:00:00,A,PC_HH,AT11,2022,90.47,,
ESTAT:ISOC_R_IACC_H(1.0),25/06/26 23:00:00,A,PC_HH,AT11,2023,93.66,,
ESTAT:ISOC_R_IACC_H(1.0),25/06/26 23:00:00,A,PC_HH,AT11,2024,93.19,,
ESTAT:ISOC_R_IACC_H(1.0),25/06/26 23:00:00,A,PC_HH,AT11,2025,96.38,,
ESTAT:ISOC_R_IACC_H(1.0),25/06/26 23:00:00,A,PC_HH,AT12,2006,52.77,,
ESTAT:ISOC_R_IACC_H(1.0),25/06/26 23:00:00,A,PC_HH,AT12,2007,60.87,,
ESTAT:ISOC_R_IACC_H(1.0),25/06/26 23:00:00,A,PC_HH,AT12,2008,66.02,,
ESTAT:ISOC_R_IACC_H(1.0),25/06/26 23:00:00,A,PC_HH,AT12,2009,69.44,,
ESTAT:ISOC_R_IACC_H(1.0),25/06/26 23:00:00,A,PC_HH,AT12,2010,72.61,,
ESTAT:ISOC_R_IACC_H(1.0),25/06/26 23:00:00,A,PC_HH,AT12,2011,77.05,,
ESTAT:ISOC_R_IACC_H(1.0),25/06/26 23:00:00,A,PC_HH,AT12,2012,78.99,,
ESTAT:ISOC_R_IACC_H(1.0),25/06/26 23:00:00,A,PC_HH,AT12,2013,75.64,,
ESTAT:ISOC_R_IACC_H(1.0),25/06/26 23:00:00,A,PC_HH,AT12,2014,77.77,,
ESTAT:ISOC_R_IACC_H(1.0),25/06/26 23:00:00,A,PC_HH,AT12,2016,82.53,,
ESTAT:ISOC_R_IACC_H(1.0),25/06/26 23:00:00,A,PC_HH,AT12,2017,88.86,,
ESTAT:ISOC_R_IACC_H(1.0),25/06/26 23:00:00,A,PC_HH,AT12,2018,85.99,,
ESTAT:ISOC_R_IACC_H(1.0),25/06/26 23:00:00,A,PC_HH,AT12,2019,91.69,,
ESTAT:ISOC_R_IACC_H(1.0),25/06/26 23:00:00,A,PC_HH,AT12,2020,91.65,,
ESTAT:ISOC_R_IACC_H(1.0),25/06/26 23:00:00,A,PC_HH,AT12,2021,94.74,,
ESTAT:ISOC_R_IACC_H(1.0),25/06/26 23:00:00,A,PC_HH,AT12,2022,91.25,,
ESTAT:ISOC_R_IACC_H(1.0),25/06/26 23:00:00,A,PC_HH,AT12,2023,95.91,,
ESTAT:ISOC_R_IACC_H(1.0),25/06/26 23:00:00,A,PC_HH,AT12,2024,93.95,,
ESTAT:ISOC_R_IACC_H(1.0),25/06/26 23:00:00,A,PC_HH,AT12,2025,94.95,,
ESTAT:ISOC_R_IACC_H(1.0),25/06/26 23:00:00,A,PC_HH,AT13,2006,57.78,,
ESTAT:ISOC_R_IACC_H(1.0),25/06/26 23:00:00,A,PC_HH,AT13,2007,65.27,,
ESTAT:ISOC_R_IACC_H(1.0),25/06/26 23:00:00,A,PC_HH,AT13,2008,74.74,,
ESTAT:ISOC_R_IACC_H(1.0),25/06/26 23:00:00,A,PC_HH,AT13,2009,73.39,,
ESTAT:ISOC_R_IACC_H(1.0),25/06/26 23:00:00,A,PC_HH,AT13,2010,74.10,,
ESTAT:ISOC_R_IACC_H(1.0),25/06/26 23:00:00,A,PC_HH,AT13,2011,76.84,,
ESTAT:ISOC_R_IACC_H(1.0),25/06/26 23:00:00,A,PC_HH,AT13,2012,84.31,,
ESTAT:ISOC_R_IACC_H(1.0),25/06/26 23:00:00,A,PC_HH,AT13,2013,83.49,,
ESTAT:ISOC_R_IACC_H(1.0),25/06/26 23:00:00,A,PC_HH,AT13,2014,84.47,,
ESTAT:ISOC_R_IACC_H(1.0),25/06/26 23:00:00,A,PC_HH,AT13,2016,88.45,,
ESTAT:ISOC_R_IACC_H(1.0),25/06/26 23:00:00,A,PC_HH,AT13,2017,89.36,,
ESTAT:ISOC_R_IACC_H(1.0),25/06/26 23:00:00,A,PC_HH,AT13,2018,90.95,,
ESTAT:ISOC_R_IACC_H(1.0),25/06/26 23:00:00,A,PC_HH,AT13,2019,91.83,,
ESTAT:ISOC_R_IACC_H(1.0),25/06/26 23:00:00,A,PC_HH,AT13,2020,92.95,,
ESTAT:ISOC_R_IACC_H(1.0),25/06/26 23:00:00,A,PC_HH,AT13,2021,96.15,,
ESTAT:ISOC_R_IACC_H(1.0),25/06/26 23:00:00,A,PC_HH,AT13,2022,96.31,,
ESTAT:ISOC_R_IACC_H(1.0),25/06/26 23:00:00,A,PC_HH,AT13,2023,96.18,,
ESTAT:ISOC_R_IACC_H(1.0),25/06/26 23:00:00,A,PC_HH,AT13,2024,95.44,,
ESTAT:ISOC_R_IACC_H(1.0),25/06/26 23:00:00,A,PC_HH,AT13,2025,98.00,,
ESTAT:ISOC_R_IACC_H(1.0),25/06/26 23:00:00,A,PC_HH,AT2,2006,45.10,,
ESTAT:ISOC_R_IACC_H(1.0),25/06/26 23:00:00,A,PC_HH,AT2,2007,54.33,,
ESTAT:ISOC_R_IACC_H(1.0),25/06/26 23:00:00,A,PC_HH,AT2,2008,64.74,,
ESTAT:ISOC_R_IACC_H(1.0),25/06/26 23:00:00,A,PC_HH,AT2,2009,63.17,,
ESTAT:ISOC_R_IACC_H(1.0),25/06/26 23:00:00,A,PC_HH,AT2,2010,71.72,,
ESTAT:ISOC_R_IACC_H(1.0),25/06/26 23:00:00,A,PC_HH,AT2,2011,71.48,,
ESTAT:ISOC_R_IACC_H(1.0),25/06/26 23:00:00,A,PC_HH,AT2,2012,77.78,,
ESTAT:ISOC_R_IACC_H(1.0),25/06/26 23:00:00,A,PC_HH,AT2,2013,79.95,,
ESTAT:ISOC_R_IACC_H(1.0),25/06/26 23:00:00,A,PC_HH,AT2,2014,78.47,,
ESTAT:ISOC_R_IACC_H(1.0),25/06/26 23:00:00,A,PC_HH,AT2,2015,79.78,,
ESTAT:ISOC_R_IACC_H(1.0),25/06/26 23:00:00,A,PC_HH,AT2,2016,82.86,,
ESTAT:ISOC_R_IACC_H(1.0),25/06/26 23:00:00,A,PC_HH,AT2,2017,88.81,,
ESTAT:ISOC_R_IACC_H(1.0),25/06/26 23:00:00,A,PC_HH,AT2,2018,87.12,,
ESTAT:ISOC_R_IACC_H(1.0),25/06/26 23:00:00,A,PC_HH,AT2,2019,86.10,,
ESTAT:ISOC_R_IACC_H(1.0),25/06/26 23:00:00,A,PC_HH,AT2,2020,86.41,,
ESTAT:ISOC_R_IACC_H(1.0),25/06/26 23:00:00,A,PC_HH,AT2,2021,93.53,,
ESTAT:ISOC_R_IACC_H(1.0),25/06/26 23:00:00,A,PC_HH,AT2,2022,92.21,,
ESTAT:ISOC_R_IACC_H(1.0),25/06/26 23:00:00,A,PC_HH,AT2,2023,92.79,,
ESTAT:ISOC_R_IACC_H(1.0),25/06/26 23:00:00,A,PC_HH,AT2,2024,94.31,,
ESTAT:ISOC_R_IACC_H(1.0),25/06/26 23:00:00,A,PC_HH,AT2,2025,93.00,,
ESTAT:ISOC_R_IACC_H(1.0),25/06/26 23:00:00,A,PC_HH,AT21,2006,41.53,,
ESTAT:ISOC_R_IACC_H(1.0),25/06/26 23:00:00,A,PC_HH,AT21,2007,51.83,,
ESTAT:ISOC_R_IACC_H(1.0),25/06/26 23:00:00,A,PC_HH,AT21,2008,62.35,,
ESTAT:ISOC_R_IACC_H(1.0),25/06/26 23:00:00,A,PC_HH,AT21,2009,63.57,,
ESTAT:ISOC_R_IACC_H(1.0),25/06/26 23:00:00,A,PC_HH,AT21,2010,68.52,,
ESTAT:ISOC_R_IACC_H(1.0),25/06/26 23:00:00,A,PC_HH,AT21,2011,71.78,,
ESTAT:ISOC_R_IACC_H(1.0),25/06/26 23:00:00,A,PC_HH,AT21,2012,77.19,,
ESTAT:ISOC_R_IACC_H(1.0),25/06/26 23:00:00,A,PC_HH,AT21,2013,76.50,,
ESTAT:ISOC_R_IACC_H(1.0),25/06/26 23:00:00,A,PC_HH,AT21,2014,74.90,,
ESTAT:ISOC_R_IACC_H(1.0),25/06/26 23:00:00,A,PC_HH,AT21,2016,83.75,,
ESTAT:ISOC_R_IACC_H(1.0),25/06/26 23:00:00,A,PC_HH,AT21,2017,85.50,,
ESTAT:ISOC_R_IACC_H(1.0),25/06/26 23:00:00,A,PC_HH,AT21,2018,85.21,,
ESTAT:ISOC_R_IACC_H(1.0),25/06/26 23:00:00,A,PC_HH,AT21,2019,87.30,,
ESTAT:ISOC_R_IACC_H(1.0),25/06/26 23:00:00,A,PC_HH,AT21,2020,87.37,,
ESTAT:ISOC_R_IACC_H(1.0),25/06/26 23:00:00,A,PC_HH,AT21,2021,92.24,,
ESTAT:ISOC_R_IACC_H(1.0),25/06/26 23:00:00,A,PC_HH,AT21,2022,91.25,,
ESTAT:ISOC_R_IACC_H(1.0),25/06/26 23:00:00,A,PC_HH,AT21,2023,93.05,,
ESTAT:ISOC_R_IACC_H(1.0),25/06/26 23:00:00,A,PC_HH,AT21,2024,95.00,,
ESTAT:ISOC_R_IACC_H(1.0),25/06/26 23:00:00,A,PC_HH,AT21,2025,89.37,,
ESTAT:ISOC_R_IACC_H(1.0),25/06/26 23:00:00,A,PC_HH,AT22,2006,46.83,,
ESTAT:ISOC_R_IACC_H(1.0),25/06/26 23:00:00,A,PC_HH,AT22,2007,55.54,,
ESTAT:ISOC_R_IACC_H(1.0),25/06/26 23:00:00,A,PC_HH,AT22,2008,65.87,,
ESTAT:ISOC_R_IACC_H(1.0),25/06/26 23:00:00,A,PC_HH,AT22,2009,62.97,,
ESTAT:ISOC_R_IACC_H(1.0),25/06/26 23:00:00,A,PC_HH,AT22,2010,73.22,,
ESTAT:ISOC_R_IACC_H(1.0),25/06/26 23:00:00,A,PC_HH,AT22,2011,71.35,,
ESTAT:ISOC_R_IACC_H(1.0),25/06/26 23:00:00,A,PC_HH,AT22,2012,78.06,,
ESTAT:ISOC_R_IACC_H(1.0),25/06/26 23:00:00,A,PC_HH,AT22,2013,81.56,,
ESTAT:ISOC_R_IACC_H(1.0),25/06/26 23:00:00,A,PC_HH,AT22,2014,80.14,,
ESTAT:ISOC_R_IACC_H(1.0),25/06/26 23:00:00,A,PC_HH,AT22,2016,82.45,,
ESTAT:ISOC_R_IACC_H(1.0),25/06/26 23:00:00,A,PC_HH,AT22,2017,90.33,,
ESTAT:ISOC_R_IACC_H(1.0),25/06/26 23:00:00,A,PC_HH,AT22,2018,87.99,,
ESTAT:ISOC_R_IACC_H(1.0),25/06/26 23:00:00,A,PC_HH,AT22,2019,85.55,,
ESTAT:ISOC_R_IACC_H(1.0),25/06/26 23:00:00,A,PC_HH,AT22,2020,85.97,,
ESTAT:ISOC_R_IACC_H(1.0),25/06/26 23:00:00,A,PC_HH,AT22,2021,94.12,,
ESTAT:ISOC_R_IACC_H(1.0),25/06/26 23:00:00,A,PC_HH,AT22,2022,92.64,,
ESTAT:ISOC_R_IACC_H(1.0),25/06/26 23:00:00,A,PC_HH,AT22,2023,92.67,,
ESTAT:ISOC_R_IACC_H(1.0),25/06/26 23:00:00,A,PC_HH,AT22,2024,94.00,,
ESTAT:ISOC_R_IACC_H(1.0),25/06/26 23:00:00,A,PC_HH,AT22,2025,94.65,,
ESTAT:ISOC_R_IACC_H(1.0),25/06/26 23:00:00,A,PC_HH,AT3,2006,52.47,,
ESTAT:ISOC_R_IACC_H(1.0),25/06/26 23:00:00,A,PC_HH,AT3,2007,58.44,,
ESTAT:ISOC_R_IACC_H(1.0),25/06/26 23:00:00,A,PC_HH,AT3,2008,69.06,,
ESTAT:ISOC_R_IACC_H(1.0),25/06/26 23:00:00,A,PC_HH,AT3,2009,71.48,,
ESTAT:ISOC_R_IACC_H(1.0),25/06/26 23:00:00,A,PC_HH,AT3,2010,73.00,,
ESTAT:ISOC_R_IACC_H(1.0),25/06/26 23:00:00,A,PC_HH,AT3,2011,76.42,,
ESTAT:ISOC_R_IACC_H(1.0),25/06/26 23:00:00,A,PC_HH,AT3,2012,77.29,,
ESTAT:ISOC_R_IACC_H(1.0),25/06/26 23:00:00,A,PC_HH,AT3,2013,82.48,,
ESTAT:ISOC_R_IACC_H(1.0),25/06/26 23:00:00,A,PC_HH,AT3,2014,81.70,,
ESTAT:ISOC_R_IACC_H(1.0),25/06/26 23:00:00,A,PC_HH,AT3,2015,81.84,,
ESTAT:ISOC_R_IACC_H(1.0),25/06/26 23:00:00,A,PC_HH,AT3,2016,85.67,,
ESTAT:ISOC_R_IACC_H(1.0),25/06/26 23:00:00,A,PC_HH,AT3,2017,88.63,,
ESTAT:ISOC_R_IACC_H(1.0),25/06/26 23:00:00,A,PC_HH,AT3,2018,89.61,,
ESTAT:ISOC_R_IACC_H(1.0),25/06/26 23:00:00,A,PC_HH,AT3,2019,90.11,,
ESTAT:ISOC_R_IACC_H(1.0),25/06/26 23:00:00,A,PC_HH,AT3,2020,90.65,,
ESTAT:ISOC_R_IACC_H(1.0),25/06/26 23:00:00,A,PC_HH,AT3,2021,95.41,,
ESTAT:ISOC_R_IACC_H(1.0),25/06/26 23:00:00,A,PC_HH,AT3,2022,92.81,,
ESTAT:ISOC_R_IACC_H(1.0),25/06/26 23:00:00,A,PC_HH,AT3,2023,95.05,,
ESTAT:ISOC_R_IACC_H(1.0),25/06/26 23:00:00,A,PC_HH,AT3,2024,95.69,,
ESTAT:ISOC_R_IACC_H(1.0),25/06/26 23:00:00,A,PC_HH,AT3,2025,95.29,,
ESTAT:ISOC_R_IACC_H(1.0),25/06/26 23:00:00,A,PC_HH,AT31,2006,51.98,,
ESTAT:ISOC_R_IACC_H(1.0),25/06/26 23:00:00,A,PC_HH,AT31,2007,57.77,,
ESTAT:ISOC_R_IACC_H(1.0),25/06/26 23:00:00,A,PC_HH,AT31,2008,69.42,,
ESTAT:ISOC_R_IACC_H(1.0),25/06/26 23:00:00,A,PC_HH,AT31,2009,71.58,,
ESTAT:ISOC_R_IACC_H(1.0),25/06/26 23:00:00,A,PC_HH,AT31,2010,71.88,,
ESTAT:ISOC_R_IACC_H(1.0),25/06/26 23:00:00,A,PC_HH,AT31,2011,76.05,,
ESTAT:ISOC_R_IACC_H(1.0),25/06/26 23:00:00,A,PC_HH,AT31,2012,76.80,,
ESTAT:ISOC_R_IACC_H(1.0),25/06/26 23:00:00,A,PC_HH,AT31,2013,82.81,,
ESTAT:ISOC_R_IACC_H(1.0),25/06/26 23:00:00,A,PC_HH,AT31,2014,80.42,,
ESTAT:ISOC_R_IACC_H(1.0),25/06/26 23:00:00,A,PC_HH,AT31,2016,85.81,,
ESTAT:ISOC_R_IACC_H(1.0),25/06/26 23:00:00,A,PC_HH,AT31,2017,88.89,,
ESTAT:ISOC_R_IACC_H(1.0),25/06/26 23:00:00,A,PC_HH,AT31,2018,89.64,,
ESTAT:ISOC_R_IACC_H(1.0),25/06/26 23:00:00,A,PC_HH,AT31,2019,88.68,,
ESTAT:ISOC_R_IACC_H(1.0),25/06/26 23:00:00,A,PC_HH,AT31,2020,90.44,,
ESTAT:ISOC_R_IACC_H(1.0),25/06/26 23:00:00,A,PC_HH,AT31,2021,95.98,,
ESTAT:ISOC_R_IACC_H(1.0),25/06/26 23:00:00,A,PC_HH,AT31,2022,92.25,,
ESTAT:ISOC_R_IACC_H(1.0),25/06/26 23:00:00,A,PC_HH,AT31,2023,94.49,,
ESTAT:ISOC_R_IACC_H(1.0),25/06/26 23:00:00,A,PC_HH,AT31,2024,96.04,,
ESTAT:ISOC_R_IACC_H(1.0),25/06/26 23:00:00,A,PC_HH,AT31,2025,94.89,,
ESTAT:ISOC_R_IACC_H(1.0),25/06/26 23:00:00,A,PC_HH,AT32,2006,54.22,,
ESTAT:ISOC_R_IACC_H(1.0),25/06/26 23:00:00,A,PC_HH,AT32,2007,59.80,,
ESTAT:ISOC_R_IACC_H(1.0),25/06/26 23:00:00,A,PC_HH,AT32,2008,68.65,,
ESTAT:ISOC_R_IACC_H(1.0),25/06/26 23:00:00,A,PC_HH,AT32,2009,74.50,,
ESTAT:ISOC_R_IACC_H(1.0),25/06/26 23:00:00,A,PC_HH,AT32,2010,73.52,,
ESTAT:ISOC_R_IACC_H(1.0),25/06/26 23:00:00,A,PC_HH,AT32,2011,76.45,,
ESTAT:ISOC_R_IACC_H(1.0),25/06/26 23:00:00,A,PC_HH,AT32,2012,80.38,,
ESTAT:ISOC_R_IACC_H(1.0),25/06/26 23:00:00,A,PC_HH,AT32,2013,78.85,,
ESTAT:ISOC_R_IACC_H(1.0),25/06/26 23:00:00,A,PC_HH,AT32,2014,85.14,,
ESTAT:ISOC_R_IACC_H(1.0),25/06/26 23:00:00,A,PC_HH,AT32,2016,85.69,,
ESTAT:ISOC_R_IACC_H(1.0),25/06/26 23:00:00,A,PC_HH,AT32,2017,88.07,,
ESTAT:ISOC_R_IACC_H(1.0),25/06/26 23:00:00,A,PC_HH,AT32,2018,89.98,,
ESTAT:ISOC_R_IACC_H(1.0),25/06/26 23:00:00,A,PC_HH,AT32,2019,89.76,,
ESTAT:ISOC_R_IACC_H(1.0),25/06/26 23:00:00,A,PC_HH,AT32,2020,88.08,,
ESTAT:ISOC_R_IACC_H(1.0),25/06/26 23:00:00,A,PC_HH,AT32,2021,96.00,,
ESTAT:ISOC_R_IACC_H(1.0),25/06/26 23:00:00,A,PC_HH,AT32,2022,92.52,,
ESTAT:ISOC_R_IACC_H(1.0),25/06/26 23:00:00,A,PC_HH,AT32,2023,95.86,,
ESTAT:ISOC_R_IACC_H(1.0),25/06/26 23:00:00,A,PC_HH,AT32,2024,95.50,,
ESTAT:ISOC_R_IACC_H(1.0),25/06/26 23:00:00,A,PC_HH,AT32,2025,93.98,,
ESTAT:ISOC_R_IACC_H(1.0),25/06/26 23:00:00,A,PC_HH,AT33,2006,49.71,,
ESTAT:ISOC_R_IACC_H(1.0),25/06/26 23:00:00,A,PC_HH,AT33,2007,57.28,,
ESTAT:ISOC_R_IACC_H(1.0),25/06/26 23:00:00,A,PC_HH,AT33,2008,69.26,,
ESTAT:ISOC_R_IACC_H(1.0),25/06/26 23:00:00,A,PC_HH,AT33,2009,68.65,,
ESTAT:ISOC_R_IACC_H(1.0),25/06/26 23:00:00,A,PC_HH,AT33,2010,72.90,,
ESTAT:ISOC_R_IACC_H(1.0),25/06/26 23:00:00,A,PC_HH,AT33,2011,74.27,,
ESTAT:ISOC_R_IACC_H(1.0),25/06/26 23:00:00,A,PC_HH,AT33,2012,73.94,,
ESTAT:ISOC_R_IACC_H(1.0),25/06/26 23:00:00,A,PC_HH,AT33,2013,83.94,,
ESTAT:ISOC_R_IACC_H(1.0),25/06/26 23:00:00,A,PC_HH,AT33,2014,81.70,,
ESTAT:ISOC_R_IACC_H(1.0),25/06/26 23:00:00,A,PC_HH,AT33,2016,84.17,,
ESTAT:ISOC_R_IACC_H(1.0),25/06/26 23:00:00,A,PC_HH,AT33,2017,89.32,,
ESTAT:ISOC_R_IACC_H(1.0),25/06/26 23:00:00,A,PC_HH,AT33,2018,88.69,,
ESTAT:ISOC_R_IACC_H(1.0),25/06/26 23:00:00,A,PC_HH,AT33,2019,92.95,,
ESTAT:ISOC_R_IACC_H(1.0),25/06/26 23:00:00,A,PC_HH,AT33,2020,91.54,,
ESTAT:ISOC_R_IACC_H(1.0),25/06/26 23:00:00,A,PC_HH,AT33,2021,93.11,,
ESTAT:ISOC_R_IACC_H(1.0),25/06/26 23:00:00,A,PC_HH,AT33,2022,94.70,,
ESTAT:ISOC_R_IACC_H(1.0),25/06/26 23:00:00,A,PC_HH,AT33,2023,95.60,,
ESTAT:ISOC_R_IACC_H(1.0),25/06/26 23:00:00,A,PC_HH,AT33,2024,95.28,,
ESTAT:ISOC_R_IACC_H(1.0),25/06/26 23:00:00,A,PC_HH,AT33,2025,96.28,,
ESTAT:ISOC_R_IACC_H(1.0),25/06/26 23:00:00,A,PC_HH,AT34,2006,57.15,,
ESTAT:ISOC_R_IACC_H(1.0),25/06/26 23:00:00,A,PC_HH,AT34,2007,61.17,,
ESTAT:ISOC_R_IACC_H(1.0),25/06/26 23:00:00,A,PC_HH,AT34,2008,67.98,,
ESTAT:ISOC_R_IACC_H(1.0),25/06/26 23:00:00,A,PC_HH,AT34,2009,71.99,,
ESTAT:ISOC_R_IACC_H(1.0),25/06/26 23:00:00,A,PC_HH,AT34,2010,76.70,,
ESTAT:ISOC_R_IACC_H(1.0),25/06/26 23:00:00,A,PC_HH,AT34,2011,81.93,,
ESTAT:ISOC_R_IACC_H(1.0),25/06/26 23:00:00,A,PC_HH,AT34,2012,81.03,,
ESTAT:ISOC_R_IACC_H(1.0),25/06/26 23:00:00,A,PC_HH,AT34,2013,83.81,,
ESTAT:ISOC_R_IACC_H(1.0),25/06/26 23:00:00,A,PC_HH,AT34,2014,81.50,,
ESTAT:ISOC_R_IACC_H(1.0),25/06/26 23:00:00,A,PC_HH,AT34,2016,88.05,,
ESTAT:ISOC_R_IACC_H(1.0),25/06/26 23:00:00,A,PC_HH,AT34,2017,87.10,,
ESTAT:ISOC_R_IACC_H(1.0),25/06/26 23:00:00,A,PC_HH,AT34,2018,90.77,,
ESTAT:ISOC_R_IACC_H(1.0),25/06/26 23:00:00,A,PC_HH,AT34,2019,90.42,,
ESTAT:ISOC_R_IACC_H(1.0),25/06/26 23:00:00,A,PC_HH,AT34,2020,93.40,,
ESTAT:ISOC_R_IACC_H(1.0),25/06/26 23:00:00,A,PC_HH,AT34,2021,96.89,,
ESTAT:ISOC_R_IACC_H(1.0),25/06/26 23:00:00,A,PC_HH,AT34,2022,91.71,,
ESTAT:ISOC_R_IACC_H(1.0),25/06/26 23:00:00,A,PC_HH,AT34,2023,94.97,,
ESTAT:ISOC_R_IACC_H(1.0),25/06/26 23:00:00,A,PC_HH,AT34,2024,95.42,,
ESTAT:ISOC_R_IACC_H(1.0),25/06/26 23:00:00,A,PC_HH,AT34,2025,96.76,,
ESTAT:ISOC_R_IACC_H(1.0),25/06/26 23:00:00,A,PC_HH,BA,2018,69.19,,
ESTAT:ISOC_R_IACC_H(1.0),25/06/26 23:00:00,A,PC_HH,BA,2019,72.03,,
ESTAT:ISOC_R_IACC_H(1.0),25/06/26 23:00:00,A,PC_HH,BA,2020,72.84,,
ESTAT:ISOC_R_IACC_H(1.0),25/06/26 23:00:00,A,PC_HH,BA,2021,75.49,,
ESTAT:ISOC_R_IACC_H(1.0),25/06/26 23:00:00,A,PC_HH,BA,2023,81.55,,
ESTAT:ISOC_R_IACC_H(1.0),25/06/26 23:00:00,A,PC_HH,BA,2024,84.19,,
ESTAT:ISOC_R_IACC_H(1.0),25/06/26 23:00:00,A,PC_HH,BA,2025,88.22,,
ESTAT:ISOC_R_IACC_H(1.0),25/06/26 23:00:00,A,PC_HH,BE,2006,53.96,,
ESTAT:ISOC_R_IACC_H(1.0),25/06/26 23:00:00,A,PC_HH,BE,2007,60.16,,
ESTAT:ISOC_R_IACC_H(1.0),25/06/26 23:00:00,A,PC_HH,BE,2008,63.63,,
ESTAT:ISOC_R_IACC_H(1.0),25/06/26 23:00:00,A,PC_HH,BE,2009,67.44,,
ESTAT:ISOC_R_IACC_H(1.0),25/06/26 23:00:00,A,PC_HH,BE,2010,72.74,,
ESTAT:ISOC_R_IACC_H(1.0),25/06/26 23:00:00,A,PC_HH,BE,2011,76.51,,
ESTAT:ISOC_R_IACC_H(1.0),25/06/26 23:00:00,A,PC_HH,BE,2012,77.71,,
ESTAT:ISOC_R_IACC_H(1.0),25/06/26 23:00:00,A,PC_HH,BE,2013,80.05,,
ESTAT:ISOC_R_IACC_H(1.0),25/06/26 23:00:00,A,PC_HH,BE,2014,82.80,,
ESTAT:ISOC_R_IACC_H(1.0),25/06/26 23:00:00,A,PC_HH,BE,2015,81.83,,
ESTAT:ISOC_R_IACC_H(1.0),25/06/26 23:00:00,A,PC_HH,BE,2016,84.79,,
ESTAT:ISOC_R_IACC_H(1.0),25/06/26 23:00:00,A,PC_HH,BE,2017,85.97,,
ESTAT:ISOC_R_IACC_H(1.0),25/06/26 23:00:00,A,PC_HH,BE,2018,87.27,,
ESTAT:ISOC_R_IACC_H(1.0),25/06/26 23:00:00,A,PC_HH,BE,2019,89.73,,
ESTAT:ISOC_R_IACC_H(1.0),25/06/26 23:00:00,A,PC_HH,BE,2020,90.86,,
ESTAT:ISOC_R_IACC_H(1.0),25/06/26 23:00:00,A,PC_HH,BE,2021,91.97,,
ESTAT:ISOC_R_IACC_H(1.0),25/06/26 23:00:00,A,PC_HH,BE,2022,94.44,,
ESTAT:ISOC_R_IACC_H(1.0),25/06/26 23:00:00,A,PC_HH,BE,2023,94.48,,
ESTAT:ISOC_R_IACC_H(1.0),25/06/26 23:00:00,A,PC_HH,BE,2024,94.62,,
ESTAT:ISOC_R_IACC_H(1.0),25/06/26 23:00:00,A,PC_HH,BE,2025,94.68,,
ESTAT:ISOC_R_IACC_H(1.0),25/06/26 23:00:00,A,PC_HH,BE1,2008,59.93,,
ESTAT:ISOC_R_IACC_H(1.0),25/06/26 23:00:00,A,PC_HH,BE1,2009,61.11,,
ESTAT:ISOC_R_IACC_H(1.0),25/06/26 23:00:00,A,PC_HH,BE1,2010,68.69,,
ESTAT:ISOC_R_IACC_H(1.0),25/06/26 23:00:00,A,PC_HH,BE1,2011,74.51,,
ESTAT:ISOC_R_IACC_H(1.0),25/06/26 23:00:00,A,PC_HH,BE1,2012,78.51,,
ESTAT:ISOC_R_IACC_H(1.0),25/06/26 23:00:00,A,PC_HH,BE1,2013,78.03,,
ESTAT:ISOC_R_IACC_H(1.0),25/06/26 23:00:00,A,PC_HH,BE1,2014,80.08,,
ESTAT:ISOC_R_IACC_H(1.0),25/06/26 23:00:00,A,PC_HH,BE1,2015,80.34,,
ESTAT:ISOC_R_IACC_H(1.0),25/06/26 23:00:00,A,PC_HH,BE1,2016,88.02,,
ESTAT:ISOC_R_IACC_H(1.0),25/06/26 23:00:00,A,PC_HH,BE1,2017,85.27,,
ESTAT:ISOC_R_IACC_H(1.0),25/06/26 23:00:00,A,PC_HH,BE1,2018,87.78,,
ESTAT:ISOC_R_IACC_H(1.0),25/06/26 23:00:00,A,PC_HH,BE1,2019,88.97,,
ESTAT:ISOC_R_IACC_H(1.0),25/06/26 23:00:00,A,PC_HH,BE1,2020,89.52,,
ESTAT:ISOC_R_IACC_H(1.0),25/06/26 23:00:00,A,PC_HH,BE1,2021,93.00,,
ESTAT:ISOC_R_IACC_H(1.0),25/06/26 23:00:00,A,PC_HH,BE1,2022,95.76,,
ESTAT:ISOC_R_IACC_H(1.0),25/06/26 23:00:00,A,PC_HH,BE1,2023,95.01,,
ESTAT:ISOC_R_IACC_H(1.0),25/06/26 23:00:00,A,PC_HH,BE1,2024,96.11,,
ESTAT:ISOC_R_IACC_H(1.0),25/06/26 23:00:00,A,PC_HH,BE1,2025,92.03,,
ESTAT:ISOC_R_IACC_H(1.0),25/06/26 23:00:00,A,PC_HH,BE10,2008,59.93,,
ESTAT:ISOC_R_IACC_H(1.0),25/06/26 23:00:00,A,PC_HH,BE10,2009,61.11,,
ESTAT:ISOC_R_IACC_H(1.0),25/06/26 23:00:00,A,PC_HH,BE10,2010,68.69,,
ESTAT:ISOC_R_IACC_H(1.0),25/06/26 23:00:00,A,PC_HH,BE10,2011,74.51,,
ESTAT:ISOC_R_IACC_H(1.0),25/06/26 23:00:00,A,PC_HH,BE10,2012,78.51,,
ESTAT:ISOC_R_IACC_H(1.0),25/06/26 23:00:00,A,PC_HH,BE10,2013,78.03,,
ESTAT:ISOC_R_IACC_H(1.0),25/06/26 23:00:00,A,PC_HH,BE10,2014,80.08,,
ESTAT:ISOC_R_IACC_H(1.0),25/06/26 23:00:00,A,PC_HH,BE10,2015,80.34,,
ESTAT:ISOC_R_IACC_H(1.0),25/06/26 23:00:00,A,PC_HH,BE10,2016,88.02,,
ESTAT:ISOC_R_IACC_H(1.0),25/06/26 23:00:00,A,PC_HH,BE10,2017,85.27,,
ESTAT:ISOC_R_IACC_H(1.0),25/06/26 23:00:00,A,PC_HH,BE10,2018,87.78,,
ESTAT:ISOC_R_IACC_H(1.0),25/06/26 23:00:00,A,PC_HH,BE10,2019,88.97,,
ESTAT:ISOC_R_IACC_H(1.0),25/06/26 23:00:00,A,PC_HH,BE10,2020,89.52,,
ESTAT:ISOC_R_IACC_H(1.0),25/06/26 23:00:00,A,PC_HH,BE10,2021,93.00,,
ESTAT:ISOC_R_IACC_H(1.0),25/06/26 23:00:00,A,PC_HH,BE10,2022,95.76,,
ESTAT:ISOC_R_IACC_H(1.0),25/06/26 23:00:00,A,PC_HH,BE10,2023,95.01,,
ESTAT:ISOC_R_IACC_H(1.0),25/06/26 23:00:00,A,PC_HH,BE10,2024,96.11,,
ESTAT:ISOC_R_IACC_H(1.0),25/06/26 23:00:00,A,PC_HH,BE10,2025,92.03,,
ESTAT:ISOC_R_IACC_H(1.0),25/06/26 23:00:00,A,PC_HH,BE2,2008,68.67,,
ESTAT:ISOC_R_IACC_H(1.0),25/06/26 23:00:00,A,PC_HH,BE2,2009,72.68,,
ESTAT:ISOC_R_IACC_H(1.0),25/06/26 23:00:00,A,PC_HH,BE2,2010,77.47,,
ESTAT:ISOC_R_IACC_H(1.0),25/06/26 23:00:00,A,PC_HH,BE2,2011,78.77,,
ESTAT:ISOC_R_IACC_H(1.0),25/06/26 23:00:00,A,PC_HH,BE2,2012,80.49,,
ESTAT:ISOC_R_IACC_H(1.0),25/06/26 23:00:00,A,PC_HH,BE2,2013,82.78,,
ESTAT:ISOC_R_IACC_H(1.0),25/06/26 23:00:00,A,PC_HH,BE2,2014,86.07,,
ESTAT:ISOC_R_IACC_H(1.0),25/06/26 23:00:00,A,PC_HH,BE2,2015,84.00,,
ESTAT:ISOC_R_IACC_H(1.0),25/06/26 23:00:00,A,PC_HH,BE2,2016,86.41,,
ESTAT:ISOC_R_IACC_H(1.0),25/06/26 23:00:00,A,PC_HH,BE2,2017,88.01,,
ESTAT:ISOC_R_IACC_H(1.0),25/06/26 23:00:00,A,PC_HH,BE2,2018,88.99,,
ESTAT:ISOC_R_IACC_H(1.0),25/06/26 23:00:00,A,PC_HH,BE2,2019,91.70,,
ESTAT:ISOC_R_IACC_H(1.0),25/06/26 23:00:00,A,PC_HH,BE2,2020,92.03,,
ESTAT:ISOC_R_IACC_H(1.0),25/06/26 23:00:00,A,PC_HH,BE2,2021,93.32,,
ESTAT:ISOC_R_IACC_H(1.0),25/06/26 23:00:00,A,PC_HH,BE2,2022,95.30,,
ESTAT:ISOC_R_IACC_H(1.0),25/06/26 23:00:00,A,PC_HH,BE2,2023,95.10,,
ESTAT:ISOC_R_IACC_H(1.0),25/06/26 23:00:00,A,PC_HH,BE2,2024,95.87,,
ESTAT:ISOC_R_IACC_H(1.0),25/06/26 23:00:00,A,PC_HH,BE2,2025,95.52,,
ESTAT:ISOC_R_IACC_H(1.0),25/06/26 23:00:00,A,PC_HH,BE21,2008,68.67,,
ESTAT:ISOC_R_IACC_H(1.0),25/06/26 23:00:00,A,PC_HH,BE21,2009,72.65,,
ESTAT:ISOC_R_IACC_H(1.0),25/06/26 23:00:00,A,PC_HH,BE21,2010,76.95,,
ESTAT:ISOC_R_IACC_H(1.0),25/06/26 23:00:00,A,PC_HH,BE21,2011,78.08,,
ESTAT:ISOC_R_IACC_H(1.0),25/06/26 23:00:00,A,PC_HH,BE21,2012,80.44,,
ESTAT:ISOC_R_IACC_H(1.0),25/06/26 23:00:00,A,PC_HH,BE21,2013,85.77,,
ESTAT:ISOC_R_IACC_H(1.0),25/06/26 23:00:00,A,PC_HH,BE21,2014,85.95,,
ESTAT:ISOC_R_IACC_H(1.0),25/06/26 23:00:00,A,PC_HH,BE21,2015,83.60,,
ESTAT:ISOC_R_IACC_H(1.0),25/06/26 23:00:00,A,PC_HH,BE21,2016,86.40,,
ESTAT:ISOC_R_IACC_H(1.0),25/06/26 23:00:00,A,PC_HH,BE21,2017,88.61,,
ESTAT:ISOC_R_IACC_H(1.0),25/06/26 23:00:00,A,PC_HH,BE21,2018,89.42,,
ESTAT:ISOC_R_IACC_H(1.0),25/06/26 23:00:00,A,PC_HH,BE21,2019,92.85,,
ESTAT:ISOC_R_IACC_H(1.0),25/06/26 23:00:00,A,PC_HH,BE21,2020,90.75,,
ESTAT:ISOC_R_IACC_H(1.0),25/06/26 23:00:00,A,PC_HH,BE21,2021,92.72,,
ESTAT:ISOC_R_IACC_H(1.0),25/06/26 23:00:00,A,PC_HH,BE21,2022,96.79,,
ESTAT:ISOC_R_IACC_H(1.0),25/06/26 23:00:00,A,PC_HH,BE21,2023,96.06,,
ESTAT:ISOC_R_IACC_H(1.0),25/06/26 23:00:00,A,PC_HH,BE21,2024,95.79,,
ESTAT:ISOC_R_IACC_H(1.0),25/06/26 23:00:00,A,PC_HH,BE21,2025,96.70,,
ESTAT:ISOC_R_IACC_H(1.0),25/06/26 23:00:00,A,PC_HH,BE22,2008,70.53,,
ESTAT:ISOC_R_IACC_H(1.0),25/06/26 23:00:00,A,PC_HH,BE22,2009,72.74,,
ESTAT:ISOC_R_IACC_H(1.0),25/06/26 23:00:00,A,PC_HH,BE22,2010,79.47,,
ESTAT:ISOC_R_IACC_H(1.0),25/06/26 23:00:00,A,PC_HH,BE22,2011,82.13,,
ESTAT:ISOC_R_IACC_H(1.0),25/06/26 23:00:00,A,PC_HH,BE22,2012,82.09,,
ESTAT:ISOC_R_IACC_H(1.0),25/06/26 23:00:00,A,PC_HH,BE22,2013,83.23,,
ESTAT:ISOC_R_IACC_H(1.0),25/06/26 23:00:00,A,PC_HH,BE22,2014,88.95,,
ESTAT:ISOC_R_IACC_H(1.0),25/06/26 23:00:00,A,PC_HH,BE22,2015,85.06,,
ESTAT:ISOC_R_IACC_H(1.0),25/06/26 23:00:00,A,PC_HH,BE22,2016,88.02,,
ESTAT:ISOC_R_IACC_H(1.0),25/06/26 23:00:00,A,PC_HH,BE22,2017,89.86,,
ESTAT:ISOC_R_IACC_H(1.0),25/06/26 23:00:00,A,PC_HH,BE22,2018,89.46,,
ESTAT:ISOC_R_IACC_H(1.0),25/06/26 23:00:00,A,PC_HH,BE22,2019,92.94,,
ESTAT:ISOC_R_IACC_H(1.0),25/06/26 23:00:00,A,PC_HH,BE22,2020,91.83,,
ESTAT:ISOC_R_IACC_H(1.0),25/06/26 23:00:00,A,PC_HH,BE22,2021,92.93,,
ESTAT:ISOC_R_IACC_H(1.0),25/06/26 23:00:00,A,PC_HH,BE22,2022,96.34,,
ESTAT:ISOC_R_IACC_H(1.0),25/06/26 23:00:00,A,PC_HH,BE22,2023,94.24,,
ESTAT:ISOC_R_IACC_H(1.0),25/06/26 23:00:00,A,PC_HH,BE22,2024,96.95,,
ESTAT:ISOC_R_IACC_H(1.0),25/06/26 23:00:00,A,PC_HH,BE22,2025,94.97,,
ESTAT:ISOC_R_IACC_H(1.0),25/06/26 23:00:00,A,PC_HH,BE23,2008,70.59,,
ESTAT:ISOC_R_IACC_H(1.0),25/06/26 23:00:00,A,PC_HH,BE23,2009,73.04,,
ESTAT:ISOC_R_IACC_H(1.0),25/06/26 23:00:00,A,PC_HH,BE23,2010,75.77,,
ESTAT:ISOC_R_IACC_H(1.0),25/06/26 23:00:00,A,PC_HH,BE23,2011,77.21,,
ESTAT:ISOC_R_IACC_H(1.0),25/06/26 23:00:00,A,PC_HH,BE23,2012,81.18,,
ESTAT:ISOC_R_IACC_H(1.0),25/06/26 23:00:00,A,PC_HH,BE23,2013,82.61,,
ESTAT:ISOC_R_IACC_H(1.0),25/06/26 23:00:00,A,PC_HH,BE23,2014,86.05,,
ESTAT:ISOC_R_IACC_H(1.0),25/06/26 23:00:00,A,PC_HH,BE23,2015,83.10,,
ESTAT:ISOC_R_IACC_H(1.0),25/06/26 23:00:00,A,PC_HH,BE23,2016,87.16,,
ESTAT:ISOC_R_IACC_H(1.0),25/06/26 23:00:00,A,PC_HH,BE23,2017,86.02,,
ESTAT:ISOC_R_IACC_H(1.0),25/06/26 23:00:00,A,PC_HH,BE23,2018,88.24,,
ESTAT:ISOC_R_IACC_H(1.0),25/06/26 23:00:00,A,PC_HH,BE23,2019,89.20,,
ESTAT:ISOC_R_IACC_H(1.0),25/06/26 23:00:00,A,PC_HH,BE23,2020,93.22,,
ESTAT:ISOC_R_IACC_H(1.0),25/06/26 23:00:00,A,PC_HH,BE23,2021,92.54,,
ESTAT:ISOC_R_IACC_H(1.0),25/06/26 23:00:00,A,PC_HH,BE23,2022,94.27,,
ESTAT:ISOC_R_IACC_H(1.0),25/06/26 23:00:00,A,PC_HH,BE23,2023,93.92,,
ESTAT:ISOC_R_IACC_H(1.0),25/06/26 23:00:00,A,PC_HH,BE23,2024,97.18,,
ESTAT:ISOC_R_IACC_H(1.0),25/06/26 23:00:00,A,PC_HH,BE23,2025,95.69,,
ESTAT:ISOC_R_IACC_H(1.0),25/06/26 23:00:00,A,PC_HH,BE24,2008,71.97,,
ESTAT:ISOC_R_IACC_H(1.0),25/06/26 23:00:00,A,PC_HH,BE24,2009,72.20,,
ESTAT:ISOC_R_IACC_H(1.0),25/06/26 23:00:00,A,PC_HH,BE24,2010,81.48,,
ESTAT:ISOC_R_IACC_H(1.0),25/06/26 23:00:00,A,PC_HH,BE24,2011,82.06,,
ESTAT:ISOC_R_IACC_H(1.0),25/06/26 23:00:00,A,PC_HH,BE24,2012,82.73,,
ESTAT:ISOC_R_IACC_H(1.0),25/06/26 23:00:00,A,PC_HH,BE24,2013,82.59,,
ESTAT:ISOC_R_IACC_H(1.0),25/06/26 23:00:00,A,PC_HH,BE24,2014,87.24,,
ESTAT:ISOC_R_IACC_H(1.0),25/06/26 23:00:00,A,PC_HH,BE24,2015,87.58,,
ESTAT:ISOC_R_IACC_H(1.0),25/06/26 23:00:00,A,PC_HH,BE24,2016,87.32,,
ESTAT:ISOC_R_IACC_H(1.0),25/06/26 23:00:00,A,PC_HH,BE24,2017,88.51,,
ESTAT:ISOC_R_IACC_H(1.0),25/06/26 23:00:00,A,PC_HH,BE24,2018,89.99,,
ESTAT:ISOC_R_IACC_H(1.0),25/06/26 23:00:00,A,PC_HH,BE24,2019,93.53,,
ESTAT:ISOC_R_IACC_H(1.0),25/06/26 23:00:00,A,PC_HH,BE24,2020,94.21,,
ESTAT:ISOC_R_IACC_H(1.0),25/06/26 23:00:00,A,PC_HH,BE24,2021,96.11,,
ESTAT:ISOC_R_IACC_H(1.0),25/06/26 23:00:00,A,PC_HH,BE24,2022,94.48,,
ESTAT:ISOC_R_IACC_H(1.0),25/06/26 23:00:00,A,PC_HH,BE24,2023,98.68,,
ESTAT:ISOC_R_IACC_H(1.0),25/06/26 23:00:00,A,PC_HH,BE24,2024,95.04,,
ESTAT:ISOC_R_IACC_H(1.0),25/06/26 23:00:00,A,PC_HH,BE24,2025,95.64,,
ESTAT:ISOC_R_IACC_H(1.0),25/06/26 23:00:00,A,PC_HH,BE25,2008,61.94,,
ESTAT:ISOC_R_IACC_H(1.0),25/06/26 23:00:00,A,PC_HH,BE25,2009,72.67,,
ESTAT:ISOC_R_IACC_H(1.0),25/06/26 23:00:00,A,PC_HH,BE25,2010,75.32,,
ESTAT:ISOC_R_IACC_H(1.0),25/06/26 23:00:00,A,PC_HH,BE25,2011,76.43,,
ESTAT:ISOC_R_IACC_H(1.0),25/06/26 23:00:00,A,PC_HH,BE25,2012,76.50,,
ESTAT:ISOC_R_IACC_H(1.0),25/06/26 23:00:00,A,PC_HH,BE25,2013,78.28,,
ESTAT:ISOC_R_IACC_H(1.0),25/06/26 23:00:00,A,PC_HH,BE25,2014,83.18,,
ESTAT:ISOC_R_IACC_H(1.0),25/06/26 23:00:00,A,PC_HH,BE25,2015,81.67,,
ESTAT:ISOC_R_IACC_H(1.0),25/06/26 23:00:00,A,PC_HH,BE25,2016,83.47,,
ESTAT:ISOC_R_IACC_H(1.0),25/06/26 23:00:00,A,PC_HH,BE25,2017,87.80,,
ESTAT:ISOC_R_IACC_H(1.0),25/06/26 23:00:00,A,PC_HH,BE25,2018,88.00,,
ESTAT:ISOC_R_IACC_H(1.0),25/06/26 23:00:00,A,PC_HH,BE25,2019,90.49,,
ESTAT:ISOC_R_IACC_H(1.0),25/06/26 23:00:00,A,PC_HH,BE25,2020,90.63,,
ESTAT:ISOC_R_IACC_H(1.0),25/06/26 23:00:00,A,PC_HH,BE25,2021,92.84,,
ESTAT:ISOC_R_IACC_H(1.0),25/06/26 23:00:00,A,PC_HH,BE25,2022,94.54,,
ESTAT:ISOC_R_IACC_H(1.0),25/06/26 23:00:00,A,PC_HH,BE25,2023,92.86,,
ESTAT:ISOC_R_IACC_H(1.0),25/06/26 23:00:00,A,PC_HH,BE25,2024,94.13,,
ESTAT:ISOC_R_IACC_H(1.0),25/06/26 23:00:00,A,PC_HH,BE25,2025,93.71,,
ESTAT:ISOC_R_IACC_H(1.0),25/06/26 23:00:00,A,PC_HH,BE3,2008,56.20,,
ESTAT:ISOC_R_IACC_H(1.0),25/06/26 23:00:00,A,PC_HH,BE3,2009,60.60,,
ESTAT:ISOC_R_IACC_H(1.0),25/06/26 23:00:00,A,PC_HH,BE3,2010,65.99,,
ESTAT:ISOC_R_IACC_H(1.0),25/06/26 23:00:00,A,PC_HH,BE3,2011,73.31,,
ESTAT:ISOC_R_IACC_H(1.0),25/06/26 23:00:00,A,PC_HH,BE3,2012,72.61,,
ESTAT:ISOC_R_IACC_H(1.0),25/06/26 23:00:00,A,PC_HH,BE3,2013,76.06,,
ESTAT:ISOC_R_IACC_H(1.0),25/06/26 23:00:00,A,PC_HH,BE3,2014,78.13,,
ESTAT:ISOC_R_IACC_H(1.0),25/06/26 23:00:00,A,PC_HH,BE3,2015,78.58,,
ESTAT:ISOC_R_IACC_H(1.0),25/06/26 23:00:00,A,PC_HH,BE3,2016,80.79,,
ESTAT:ISOC_R_IACC_H(1.0),25/06/26 23:00:00,A,PC_HH,BE3,2017,82.65,,
ESTAT:ISOC_R_IACC_H(1.0),25/06/26 23:00:00,A,PC_HH,BE3,2018,84.08,,
ESTAT:ISOC_R_IACC_H(1.0),25/06/26 23:00:00,A,PC_HH,BE3,2019,86.60,,
ESTAT:ISOC_R_IACC_H(1.0),25/06/26 23:00:00,A,PC_HH,BE3,2020,89.31,,
ESTAT:ISOC_R_IACC_H(1.0),25/06/26 23:00:00,A,PC_HH,BE3,2021,89.26,,
ESTAT:ISOC_R_IACC_H(1.0),25/06/26 23:00:00,A,PC_HH,BE3,2022,92.45,,
ESTAT:ISOC_R_IACC_H(1.0),25/06/26 23:00:00,A,PC_HH,BE3,2023,93.20,,
ESTAT:ISOC_R_IACC_H(1.0),25/06/26 23:00:00,A,PC_HH,BE3,2024,91.96,,
ESTAT:ISOC_R_IACC_H(1.0),25/06/26 23:00:00,A,PC_HH,BE3,2025,94.18,,
ESTAT:ISOC_R_IACC_H(1.0),25/06/26 23:00:00,A,PC_HH,BE31,2008,66.87,,
ESTAT:ISOC_R_IACC_H(1.0),25/06/26 23:00:00,A,PC_HH,BE31,2009,75.91,,
ESTAT:ISOC_R_IACC_H(1.0),25/06/26 23:00:00,A,PC_HH,BE31,2010,76.60,,
ESTAT:ISOC_R_IACC_H(1.0),25/06/26 23:00:00,A,PC_HH,BE31,2011,82.94,,
ESTAT:ISOC_R_IACC_H(1.0),25/06/26 23:00:00,A,PC_HH,BE31,2012,87.58,,
ESTAT:ISOC_R_IACC_H(1.0),25/06/26 23:00:00,A,PC_HH,BE31,2013,83.83,,
ESTAT:ISOC_R_IACC_H(1.0),25/06/26 23:00:00,A,PC_HH,BE31,2014,86.98,,
ESTAT:ISOC_R_IACC_H(1.0),25/06/26 23:00:00,A,PC_HH,BE31,2015,84.70,,
ESTAT:ISOC_R_IACC_H(1.0),25/06/26 23:00:00,A,PC_HH,BE31,2016,88.10,,
ESTAT:ISOC_R_IACC_H(1.0),25/06/26 23:00:00,A,PC_HH,BE31,2017,88.68,,
ESTAT:ISOC_R_IACC_H(1.0),25/06/26 23:00:00,A,PC_HH,BE31,2018,88.92,,
ESTAT:ISOC_R_IACC_H(1.0),25/06/26 23:00:00,A,PC_HH,BE31,2019,90.96,,
ESTAT:ISOC_R_IACC_H(1.0),25/06/26 23:00:00,A,PC_HH,BE31,2020,95.91,,
ESTAT:ISOC_R_IACC_H(1.0),25/06/26 23:00:00,A,PC_HH,BE31,2021,95.81,,
ESTAT:ISOC_R_IACC_H(1.0),25/06/26 23:00:00,A,PC_HH,BE31,2022,97.68,,
ESTAT:ISOC_R_IACC_H(1.0),25/06/26 23:00:00,A,PC_HH,BE31,2023,94.05,,
ESTAT:ISOC_R_IACC_H(1.0),25/06/26 23:00:00,A,PC_HH,BE31,2024,95.10,,
ESTAT:ISOC_R_IACC_H(1.0),25/06/26 23:00:00,A,PC_HH,BE31,2025,96.37,,
ESTAT:ISOC_R_IACC_H(1.0),25/06/26 23:00:00,A,PC_HH,BE32,2008,51.23,,
ESTAT:ISOC_R_IACC_H(1.0),25/06/26 23:00:00,A,PC_HH,BE32,2009,58.34,,
ESTAT:ISOC_R_IACC_H(1.0),25/06/26 23:00:00,A,PC_HH,BE32,2010,63.66,,
ESTAT:ISOC_R_IACC_H(1.0),25/06/26 23:00:00,A,PC_HH,BE32,2011,74.18,,
ESTAT:ISOC_R_IACC_H(1.0),25/06/26 23:00:00,A,PC_HH,BE32,2012,67.25,,
ESTAT:ISOC_R_IACC_H(1.0),25/06/26 23:00:00,A,PC_HH,BE32,2013,72.14,,
ESTAT:ISOC_R_IACC_H(1.0),25/06/26 23:00:00,A,PC_HH,BE32,2014,74.46,,
ESTAT:ISOC_R_IACC_H(1.0),25/06/26 23:00:00,A,PC_HH,BE32,2015,77.01,,
ESTAT:ISOC_R_IACC_H(1.0),25/06/26 23:00:00,A,PC_HH,BE32,2016,75.42,,
ESTAT:ISOC_R_IACC_H(1.0),25/06/26 23:00:00,A,PC_HH,BE32,2017,78.94,,
ESTAT:ISOC_R_IACC_H(1.0),25/06/26 23:00:00,A,PC_HH,BE32,2018,82.15,,
ESTAT:ISOC_R_IACC_H(1.0),25/06/26 23:00:00,A,PC_HH,BE32,2019,83.46,,
ESTAT:ISOC_R_IACC_H(1.0),25/06/26 23:00:00,A,PC_HH,BE32,2020,87.10,,
ESTAT:ISOC_R_IACC_H(1.0),25/06/26 23:00:00,A,PC_HH,BE32,2021,88.17,,
ESTAT:ISOC_R_IACC_H(1.0),25/06/26 23:00:00,A,PC_HH,BE32,2022,91.74,,
ESTAT:ISOC_R_IACC_H(1.0),25/06/26 23:00:00,A,PC_HH,BE32,2023,93.73,,
ESTAT:ISOC_R_IACC_H(1.0),25/06/26 23:00:00,A,PC_HH,BE32,2024,91.45,,
ESTAT:ISOC_R_IACC_H(1.0),25/06/26 23:00:00,A,PC_HH,BE32,2025,94.94,,
ESTAT:ISOC_R_IACC_H(1.0),25/06/26 23:00:00,A,PC_HH,BE33,2008,57.33,,
ESTAT:ISOC_R_IACC_H(1.0),25/06/26 23:00:00,A,PC_HH,BE33,2009,56.58,,
ESTAT:ISOC_R_IACC_H(1.0),25/06/26 23:00:00,A,PC_HH,BE33,2010,64.75,,
ESTAT:ISOC_R_IACC_H(1.0),25/06/26 23:00:00,A,PC_HH,BE33,2011,66.52,,
ESTAT:ISOC_R_IACC_H(1.0),25/06/26 23:00:00,A,PC_HH,BE33,2012,72.10,,
ESTAT:ISOC_R_IACC_H(1.0),25/06/26 23:00:00,A,PC_HH,BE33,2013,76.93,,
ESTAT:ISOC_R_IACC_H(1.0),25/06/26 23:00:00,A,PC_HH,BE33,2014,77.39,,
ESTAT:ISOC_R_IACC_H(1.0),25/06/26 23:00:00,A,PC_HH,BE33,2015,77.91,,
ESTAT:ISOC_R_IACC_H(1.0),25/06/26 23:00:00,A,PC_HH,BE33,2016,83.60,,
ESTAT:ISOC_R_IACC_H(1.0),25/06/26 23:00:00,A,PC_HH,BE33,2017,84.57,,
ESTAT:ISOC_R_IACC_H(1.0),25/06/26 23:00:00,A,PC_HH,BE33,2018,85.59,,
ESTAT:ISOC_R_IACC_H(1.0),25/06/26 23:00:00,A,PC_HH,BE33,2019,88.66,,
ESTAT:ISOC_R_IACC_H(1.0),25/06/26 23:00:00,A,PC_HH,BE33,2020,92.01,,
ESTAT:ISOC_R_IACC_H(1.0),25/06/26 23:00:00,A,PC_HH,BE33,2021,91.20,,
ESTAT:ISOC_R_IACC_H(1.0),25/06/26 23:00:00,A,PC_HH,BE33,2022,92.91,,
ESTAT:ISOC_R_IACC_H(1.0),25/06/26 23:00:00,A,PC_HH,BE33,2023,94.20,,
ESTAT:ISOC_R_IACC_H(1.0),25/06/26 23:00:00,A,PC_HH,BE33,2024,92.13,,
ESTAT:ISOC_R_IACC_H(1.0),25/06/26 23:00:00,A,PC_HH,BE33,2025,94.10,,
ESTAT:ISOC_R_IACC_H(1.0),25/06/26 23:00:00,A,PC_HH,BE34,2008,58.15,,
ESTAT:ISOC_R_IACC_H(1.0),25/06/26 23:00:00,A,PC_HH,BE34,2009,66.27,,
ESTAT:ISOC_R_IACC_H(1.0),25/06/26 23:00:00,A,PC_HH,BE34,2010,68.80,,
ESTAT:ISOC_R_IACC_H(1.0),25/06/26 23:00:00,A,PC_HH,BE34,2011,73.51,,
ESTAT:ISOC_R_IACC_H(1.0),25/06/26 23:00:00,A,PC_HH,BE34,2012,75.79,,
ESTAT:ISOC_R_IACC_H(1.0),25/06/26 23:00:00,A,PC_HH,BE34,2013,76.42,,
ESTAT:ISOC_R_IACC_H(1.0),25/06/26 23:00:00,A,PC_HH,BE34,2014,81.24,,
ESTAT:ISOC_R_IACC_H(1.0),25/06/26 23:00:00,A,PC_HH,BE34,2015,81.61,,
ESTAT:ISOC_R_IACC_H(1.0),25/06/26 23:00:00,A,PC_HH,BE34,2016,88.39,,
ESTAT:ISOC_R_IACC_H(1.0),25/06/26 23:00:00,A,PC_HH,BE34,2017,84.54,,
ESTAT:ISOC_R_IACC_H(1.0),25/06/26 23:00:00,A,PC_HH,BE34,2018,86.15,,
ESTAT:ISOC_R_IACC_H(1.0),25/06/26 23:00:00,A,PC_HH,BE34,2019,89.98,,
ESTAT:ISOC_R_IACC_H(1.0),25/06/26 23:00:00,A,PC_HH,BE34,2020,86.66,,
ESTAT:ISOC_R_IACC_H(1.0),25/06/26 23:00:00,A,PC_HH,BE34,2021,86.70,,
ESTAT:ISOC_R_IACC_H(1.0),25/06/26 23:00:00,A,PC_HH,BE34,2022,90.48,,
ESTAT:ISOC_R_IACC_H(1.0),25/06/26 23:00:00,A,PC_HH,BE34,2023,91.43,,
ESTAT:ISOC_R_IACC_H(1.0),25/06/26 23:00:00,A,PC_HH,BE34,2024,89.76,,
ESTAT:ISOC_R_IACC_H(1.0),25/06/26 23:00:00,A,PC_HH,BE34,2025,93.69,,
ESTAT:ISOC_R_IACC_H(1.0),25/06/26 23:00:00,A,PC_HH,BE35,2008,58.46,,
ESTAT:ISOC_R_IACC_H(1.0),25/06/26 23:00:00,A,PC_HH,BE35,2009,61.75,,
ESTAT:ISOC_R_IACC_H(1.0),25/06/26 23:00:00,A,PC_HH,BE35,2010,65.73,,
ESTAT:ISOC_R_IACC_H(1.0),25/06/26 23:00:00,A,PC_HH,BE35,2011,79.48,,
ESTAT:ISOC_R_IACC_H(1.0),25/06/26 23:00:00,A,PC_HH,BE35,2012,75.64,,
ESTAT:ISOC_R_IACC_H(1.0),25/06/26 23:00:00,A,PC_HH,BE35,2013,78.82,,
ESTAT:ISOC_R_IACC_H(1.0),25/06/26 23:00:00,A,PC_HH,BE35,2014,81.59,,
ESTAT:ISOC_R_IACC_H(1.0),25/06/26 23:00:00,A,PC_HH,BE35,2015,78.19,,
ESTAT:ISOC_R_IACC_H(1.0),25/06/26 23:00:00,A,PC_HH,BE35,2016,79.18,,
ESTAT:ISOC_R_IACC_H(1.0),25/06/26 23:00:00,A,PC_HH,BE35,2017,82.72,,
ESTAT:ISOC_R_IACC_H(1.0),25/06/26 23:00:00,A,PC_HH,BE35,2018,80.94,,
ESTAT:ISOC_R_IACC_H(1.0),25/06/26 23:00:00,A,PC_HH,BE35,2019,85.27,,
ESTAT:ISOC_R_IACC_H(1.0),25/06/26 23:00:00,A,PC_HH,BE35,2020,85.61,,
ESTAT:ISOC_R_IACC_H(1.0),25/06/26 23:00:00,A,PC_HH,BE35,2021,85.18,,
ESTAT:ISOC_R_IACC_H(1.0),25/06/26 23:00:00,A,PC_HH,BE35,2022,90.58,,
ESTAT:ISOC_R_IACC_H(1.0),25/06/26 23:00:00,A,PC_HH,BE35,2023,90.29,,
ESTAT:ISOC_R_IACC_H(1.0),25/06/26 23:00:00,A,PC_HH,BE35,2024,91.74,,
ESTAT:ISOC_R_IACC_H(1.0),25/06/26 23:00:00,A,PC_HH,BE35,2025,91.07,,
ESTAT:ISOC_R_IACC_H(1.0),25/06/26 23:00:00,A,PC_HH,BG,2006,17.01,,
ESTAT:ISOC_R_IACC_H(1.0),25/06/26 23:00:00,A,PC_HH,BG,2007,18.96,,
ESTAT:ISOC_R_IACC_H(1.0),25/06/26 23:00:00,A,PC_HH,BG,2008,25.29,,
ESTAT:ISOC_R_IACC_H(1.0),25/06/26 23:00:00,A,PC_HH,BG,2009,29.60,,
ESTAT:ISOC_R_IACC_H(1.0),25/06/26 23:00:00,A,PC_HH,BG,2010,33.11,,
ESTAT:ISOC_R_IACC_H(1.0),25/06/26 23:00:00,A,PC_HH,BG,2011,45.00,,
ESTAT:ISOC_R_IACC_H(1.0),25/06/26 23:00:00,A,PC_HH,BG,2012,50.92,,
ESTAT:ISOC_R_IACC_H(1.0),25/06/26 23:00:00,A,PC_HH,BG,2013,53.71,,
ESTAT:ISOC_R_IACC_H(1.0),25/06/26 23:00:00,A,PC_HH,BG,2014,56.65,,
ESTAT:ISOC_R_IACC_H(1.0),25/06/26 23:00:00,A,PC_HH,BG,2015,59.14,,
ESTAT:ISOC_R_IACC_H(1.0),25/06/26 23:00:00,A,PC_HH,BG,2016,63.54,,
ESTAT:ISOC_R_IACC_H(1.0),25/06/26 23:00:00,A,PC_HH,BG,2017,67.33,,
ESTAT:ISOC_R_IACC_H(1.0),25/06/26 23:00:00,A,PC_HH,BG,2018,72.13,,
ESTAT:ISOC_R_IACC_H(1.0),25/06/26 23:00:00,A,PC_HH,BG,2019,75.07,,
ESTAT:ISOC_R_IACC_H(1.0),25/06/26 23:00:00,A,PC_HH,BG,2020,78.85,,
ESTAT:ISOC_R_IACC_H(1.0),25/06/26 23:00:00,A,PC_HH,BG,2021,83.53,,
ESTAT:ISOC_R_IACC_H(1.0),25/06/26 23:00:00,A,PC_HH,BG,2022,87.31,,
ESTAT:ISOC_R_IACC_H(1.0),25/06/26 23:00:00,A,PC_HH,BG,2023,88.50,,
ESTAT:ISOC_R_IACC_H(1.0),25/06/26 23:00:00,A,PC_HH,BG,2024,92.12,,
ESTAT:ISOC_R_IACC_H(1.0),25/06/26 23:00:00,A,PC_HH,BG,2025,92.82,,
ESTAT:ISOC_R_IACC_H(1.0),25/06/26 23:00:00,A,PC_HH,BG3,2008,21.00,,
ESTAT:ISOC_R_IACC_H(1.0),25/06/26 23:00:00,A,PC_HH,BG3,2009,25.54,,
ESTAT:ISOC_R_IACC_H(1.0),25/06/26 23:00:00,A,PC_HH,BG3,2010,29.01,,
ESTAT:ISOC_R_IACC_H(1.0),25/06/26 23:00:00,A,PC_HH,BG3,2011,39.14,,
ESTAT:ISOC_R_IACC_H(1.0),25/06/26 23:00:00,A,PC_HH,BG3,2012,46.12,,
ESTAT:ISOC_R_IACC_H(1.0),25/06/26 23:00:00,A,PC_HH,BG3,2013,47.71,,
ESTAT:ISOC_R_IACC_H(1.0),25/06/26 23:00:00,A,PC_HH,BG3,2014,53.09,,
ESTAT:ISOC_R_IACC_H(1.0),25/06/26 23:00:00,A,PC_HH,BG3,2015,54.90,,
ESTAT:ISOC_R_IACC_H(1.0),25/06/26 23:00:00,A,PC_HH,BG3,2016,62.19,,
ESTAT:ISOC_R_IACC_H(1.0),25/06/26 23:00:00,A,PC_HH,BG3,2017,64.21,,
ESTAT:ISOC_R_IACC_H(1.0),25/06/26 23:00:00,A,PC_HH,BG3,2018,69.61,,
ESTAT:ISOC_R_IACC_H(1.0),25/06/26 23:00:00,A,PC_HH,BG3,2019,73.31,,
ESTAT:ISOC_R_IACC_H(1.0),25/06/26 23:00:00,A,PC_HH,BG3,2020,74.36,,
ESTAT:ISOC_R_IACC_H(1.0),25/06/26 23:00:00,A,PC_HH,BG3,2021,81.08,,
ESTAT:ISOC_R_IACC_H(1.0),25/06/26 23:00:00,A,PC_HH,BG3,2022,84.81,,
ESTAT:ISOC_R_IACC_H(1.0),25/06/26 23:00:00,A,PC_HH,BG3,2023,85.74,,
ESTAT:ISOC_R_IACC_H(1.0),25/06/26 23:00:00,A,PC_HH,BG3,2024,90.02,,
ESTAT:ISOC_R_IACC_H(1.0),25/06/26 23:00:00,A,PC_HH,BG3,2025,90.86,,
ESTAT:ISOC_R_IACC_H(1.0),25/06/26 23:00:00,A,PC_HH,BG31,2008,17.35,,
ESTAT:ISOC_R_IACC_H(1.0),25/06/26 23:00:00,A,PC_HH,BG31,2009,24.68,,
ESTAT:ISOC_R_IACC_H(1.0),25/06/26 23:00:00,A,PC_HH,BG31,2010,26.08,,
ESTAT:ISOC_R_IACC_H(1.0),25/06/26 23:00:00,A,PC_HH,BG31,2011,34.70,,
ESTAT:ISOC_R_IACC_H(1.0),25/06/26 23:00:00,A,PC_HH,BG31,2012,38.23,,
ESTAT:ISOC_R_IACC_H(1.0),25/06/26 23:00:00,A,PC_HH,BG31,2013,42.81,,
ESTAT:ISOC_R_IACC_H(1.0),25/06/26 23:00:00,A,PC_HH,BG31,2014,44.88,,
ESTAT:ISOC_R_IACC_H(1.0),25/06/26 23:00:00,A,PC_HH,BG31,2015,44.86,,
ESTAT:ISOC_R_IACC_H(1.0),25/06/26 23:00:00,A,PC_HH,BG31,2016,58.56,,
ESTAT:ISOC_R_IACC_H(1.0),25/06/26 23:00:00,A,PC_HH,BG31,2017,57.77,,
ESTAT:ISOC_R_IACC_H(1.0),25/06/26 23:00:00,A,PC_HH,BG31,2018,65.22,,
ESTAT:ISOC_R_IACC_H(1.0),25/06/26 23:00:00,A,PC_HH,BG31,2019,70.80,,
ESTAT:ISOC_R_IACC_H(1.0),25/06/26 23:00:00,A,PC_HH,BG31,2020,66.15,,
ESTAT:ISOC_R_IACC_H(1.0),25/06/26 23:00:00,A,PC_HH,BG31,2021,73.50,,
ESTAT:ISOC_R_IACC_H(1.0),25/06/26 23:00:00,A,PC_HH,BG31,2022,83.07,,
ESTAT:ISOC_R_IACC_H(1.0),25/06/26 23:00:00,A,PC_HH,BG31,2023,82.57,,
ESTAT:ISOC_R_IACC_H(1.0),25/06/26 23:00:00,A,PC_HH,BG31,2024,89.17,,
ESTAT:ISOC_R_IACC_H(1.0),25/06/26 23:00:00,A,PC_HH,BG31,2025,87.35,,
ESTAT:ISOC_R_IACC_H(1.0),25/06/26 23:00:00,A,PC_HH,BG32,2008,20.69,,
ESTAT:ISOC_R_IACC_H(1.0),25/06/26 23:00:00,A,PC_HH,BG32,2009,23.61,,
ESTAT:ISOC_R_IACC_H(1.0),25/06/26 23:00:00,A,PC_HH,BG32,2010,30.35,,
ESTAT:ISOC_R_IACC_H(1.0),25/06/26 23:00:00,A,PC_HH,BG32,2011,42.66,,
ESTAT:ISOC_R_IACC_H(1.0),25/06/26 23:00:00,A,PC_HH,BG32,2012,47.53,,
ESTAT:ISOC_R_IACC_H(1.0),25/06/26 23:00:00,A,PC_HH,BG32,2013,49.57,,
ESTAT:ISOC_R_IACC_H(1.0),25/06/26 23:00:00,A,PC_HH,BG32,2014,58.45,,
ESTAT:ISOC_R_IACC_H(1.0),25/06/26 23:00:00,A,PC_HH,BG32,2015,58.21,,
ESTAT:ISOC_R_IACC_H(1.0),25/06/26 23:00:00,A,PC_HH,BG32,2016,61.53,,
ESTAT:ISOC_R_IACC_H(1.0),25/06/26 23:00:00,A,PC_HH,BG32,2017,67.77,,
ESTAT:ISOC_R_IACC_H(1.0),25/06/26 23:00:00,A,PC_HH,BG32,2018,68.53,,
ESTAT:ISOC_R_IACC_H(1.0),25/06/26 23:00:00,A,PC_HH,BG32,2019,73.17,,
ESTAT:ISOC_R_IACC_H(1.0),25/06/26 23:00:00,A,PC_HH,BG32,2020,74.76,,
ESTAT:ISOC_R_IACC_H(1.0),25/06/26 23:00:00,A,PC_HH,BG32,2021,82.67,,
ESTAT:ISOC_R_IACC_H(1.0),25/06/26 23:00:00,A,PC_HH,BG32,2022,85.63,,
ESTAT:ISOC_R_IACC_H(1.0),25/06/26 23:00:00,A,PC_HH,BG32,2023,85.36,,
ESTAT:ISOC_R_IACC_H(1.0),25/06/26 23:00:00,A,PC_HH,BG32,2024,92.85,,
ESTAT:ISOC_R_IACC_H(1.0),25/06/26 23:00:00,A,PC_HH,BG32,2025,90.95,,
ESTAT:ISOC_R_IACC_H(1.0),25/06/26 23:00:00,A,PC_HH,BG33,2008,24.87,,
ESTAT:ISOC_R_IACC_H(1.0),25/06/26 23:00:00,A,PC_HH,BG33,2009,26.84,,
ESTAT:ISOC_R_IACC_H(1.0),25/06/26 23:00:00,A,PC_HH,BG33,2010,25.78,,
ESTAT:ISOC_R_IACC_H(1.0),25/06/26 23:00:00,A,PC_HH,BG33,2011,36.27,,
ESTAT:ISOC_R_IACC_H(1.0),25/06/26 23:00:00,A,PC_HH,BG33,2012,47.89,,
ESTAT:ISOC_R_IACC_H(1.0),25/06/26 23:00:00,A,PC_HH,BG33,2013,51.54,,
ESTAT:ISOC_R_IACC_H(1.0),25/06/26 23:00:00,A,PC_HH,BG33,2014,56.16,,
ESTAT:ISOC_R_IACC_H(1.0),25/06/26 23:00:00,A,PC_HH,BG33,2015,56.48,,
ESTAT:ISOC_R_IACC_H(1.0),25/06/26 23:00:00,A,PC_HH,BG33,2016,67.34,,
ESTAT:ISOC_R_IACC_H(1.0),25/06/26 23:00:00,A,PC_HH,BG33,2017,68.69,,
ESTAT:ISOC_R_IACC_H(1.0),25/06/26 23:00:00,A,PC_HH,BG33,2018,73.89,,
ESTAT:ISOC_R_IACC_H(1.0),25/06/26 23:00:00,A,PC_HH,BG33,2019,74.02,,
ESTAT:ISOC_R_IACC_H(1.0),25/06/26 23:00:00,A,PC_HH,BG33,2020,77.70,,
ESTAT:ISOC_R_IACC_H(1.0),25/06/26 23:00:00,A,PC_HH,BG33,2021,85.23,,
ESTAT:ISOC_R_IACC_H(1.0),25/06/26 23:00:00,A,PC_HH,BG33,2022,85.39,,
ESTAT:ISOC_R_IACC_H(1.0),25/06/26 23:00:00,A,PC_HH,BG33,2023,86.52,,
ESTAT:ISOC_R_IACC_H(1.0),25/06/26 23:00:00,A,PC_HH,BG33,2024,89.88,,
ESTAT:ISOC_R_IACC_H(1.0),25/06/26 23:00:00,A,PC_HH,BG33,2025,92.74,,
ESTAT:ISOC_R_IACC_H(1.0),25/06/26 23:00:00,A,PC_HH,BG34,2008,21.16,,
ESTAT:ISOC_R_IACC_H(1.0),25/06/26 23:00:00,A,PC_HH,BG34,2009,26.81,,
ESTAT:ISOC_R_IACC_H(1.0),25/06/26 23:00:00,A,PC_HH,BG34,2010,33.27,,
ESTAT:ISOC_R_IACC_H(1.0),25/06/26 23:00:00,A,PC_HH,BG34,2011,42.44,,
ESTAT:ISOC_R_IACC_H(1.0),25/06/26 23:00:00,A,PC_HH,BG34,2012,49.64,,
ESTAT:ISOC_R_IACC_H(1.0),25/06/26 23:00:00,A,PC_HH,BG34,2013,46.54,,
ESTAT:ISOC_R_IACC_H(1.0),25/06/26 23:00:00,A,PC_HH,BG34,2014,52.30,,
ESTAT:ISOC_R_IACC_H(1.0),25/06/26 23:00:00,A,PC_HH,BG34,2015,58.64,,
ESTAT:ISOC_R_IACC_H(1.0),25/06/26 23:00:00,A,PC_HH,BG34,2016,60.85,,
ESTAT:ISOC_R_IACC_H(1.0),25/06/26 23:00:00,A,PC_HH,BG34,2017,62.12,,
ESTAT:ISOC_R_IACC_H(1.0),25/06/26 23:00:00,A,PC_HH,BG34,2018,69.97,,
ESTAT:ISOC_R_IACC_H(1.0),25/06/26 23:00:00,A,PC_HH,BG34,2019,74.73,,
ESTAT:ISOC_R_IACC_H(1.0),25/06/26 23:00:00,A,PC_HH,BG34,2020,77.24,,
ESTAT:ISOC_R_IACC_H(1.0),25/06/26 23:00:00,A,PC_HH,BG34,2021,81.73,,
ESTAT:ISOC_R_IACC_H(1.0),25/06/26 23:00:00,A,PC_HH,BG34,2022,84.92,,
ESTAT:ISOC_R_IACC_H(1.0),25/06/26 23:00:00,A,PC_HH,BG34,2023,87.49,,
ESTAT:ISOC_R_IACC_H(1.0),25/06/26 23:00:00,A,PC_HH,BG34,2024,88.62,,
ESTAT:ISOC_R_IACC_H(1.0),25/06/26 23:00:00,A,PC_HH,BG34,2025,91.57,,
ESTAT:ISOC_R_IACC_H(1.0),25/06/26 23:00:00,A,PC_HH,BG4,2008,30.16,,
ESTAT:ISOC_R_IACC_H(1.0),25/06/26 23:00:00,A,PC_HH,BG4,2009,34.21,,
ESTAT:ISOC_R_IACC_H(1.0),25/06/26 23:00:00,A,PC_HH,BG4,2010,37.76,,
ESTAT:ISOC_R_IACC_H(1.0),25/06/26 23:00:00,A,PC_HH,BG4,2011,51.17,,
ESTAT:ISOC_R_IACC_H(1.0),25/06/26 23:00:00,A,PC_HH,BG4,2012,55.84,,
ESTAT:ISOC_R_IACC_H(1.0),25/06/26 23:00:00,A,PC_HH,BG4,2013,59.85,,
ESTAT:ISOC_R_IACC_H(1.0),25/06/26 23:00:00,A,PC_HH,BG4,2014,60.29,,
ESTAT:ISOC_R_IACC_H(1.0),25/06/26 23:00:00,A,PC_HH,BG4,2015,63.48,,
ESTAT:ISOC_R_IACC_H(1.0),25/06/26 23:00:00,A,PC_HH,BG4,2016,64.91,,
ESTAT:ISOC_R_IACC_H(1.0),25/06/26 23:00:00,A,PC_HH,BG4,2017,70.48,,
ESTAT:ISOC_R_IACC_H(1.0),25/06/26 23:00:00,A,PC_HH,BG4,2018,74.67,,
ESTAT:ISOC_R_IACC_H(1.0),25/06/26 23:00:00,A,PC_HH,BG4,2019,76.84,,
ESTAT:ISOC_R_IACC_H(1.0),25/06/26 23:00:00,A,PC_HH,BG4,2020,83.34,,
ESTAT:ISOC_R_IACC_H(1.0),25/06/26 23:00:00,A,PC_HH,BG4,2021,85.97,,
ESTAT:ISOC_R_IACC_H(1.0),25/06/26 23:00:00,A,PC_HH,BG4,2022,89.77,,
ESTAT:ISOC_R_IACC_H(1.0),25/06/26 23:00:00,A,PC_HH,BG4,2023,91.00,,
ESTAT:ISOC_R_IACC_H(1.0),25/06/26 23:00:00,A,PC_HH,BG4,2024,94.08,,
ESTAT:ISOC_R_IACC_H(1.0),25/06/26 23:00:00,A,PC_HH,BG4,2025,94.60,,
ESTAT:ISOC_R_IACC_H(1.0),25/06/26 23:00:00,A,PC_HH,BG41,2008,36.09,,
ESTAT:ISOC_R_IACC_H(1.0),25/06/26 23:00:00,A,PC_HH,BG41,2009,40.32,,
ESTAT:ISOC_R_IACC_H(1.0),25/06/26 23:00:00,A,PC_HH,BG41,2010,43.65,,
ESTAT:ISOC_R_IACC_H(1.0),25/06/26 23:00:00,A,PC_HH,BG41,2011,57.35,,
ESTAT:ISOC_R_IACC_H(1.0),25/06/26 23:00:00,A,PC_HH,BG41,2012,59.31,,
ESTAT:ISOC_R_IACC_H(1.0),25/06/26 23:00:00,A,PC_HH,BG41,2013,64.28,,
ESTAT:ISOC_R_IACC_H(1.0),25/06/26 23:00:00,A,PC_HH,BG41,2014,63.68,,
ESTAT:ISOC_R_IACC_H(1.0),25/06/26 23:00:00,A,PC_HH,BG41,2015,67.75,,
ESTAT:ISOC_R_IACC_H(1.0),25/06/26 23:00:00,A,PC_HH,BG41,2016,64.89,,
ESTAT:ISOC_R_IACC_H(1.0),25/06/26 23:00:00,A,PC_HH,BG41,2017,70.51,,
ESTAT:ISOC_R_IACC_H(1.0),25/06/26 23:00:00,A,PC_HH,BG41,2018,75.27,,
ESTAT:ISOC_R_IACC_H(1.0),25/06/26 23:00:00,A,PC_HH,BG41,2019,77.80,,
ESTAT:ISOC_R_IACC_H(1.0),25/06/26 23:00:00,A,PC_HH,BG41,2020,85.86,,
ESTAT:ISOC_R_IACC_H(1.0),25/06/26 23:00:00,A,PC_HH,BG41,2021,86.23,,
ESTAT:ISOC_R_IACC_H(1.0),25/06/26 23:00:00,A,PC_HH,BG41,2022,90.48,,
ESTAT:ISOC_R_IACC_H(1.0),25/06/26 23:00:00,A,PC_HH,BG41,2023,92.82,,
ESTAT:ISOC_R_IACC_H(1.0),25/06/26 23:00:00,A,PC_HH,BG41,2024,95.53,,
ESTAT:ISOC_R_IACC_H(1.0),25/06/26 23:00:00,A,PC_HH,BG41,2025,95.94,,
ESTAT:ISOC_R_IACC_H(1.0),25/06/26 23:00:00,A,PC_HH,BG42,2008,21.83,,
ESTAT:ISOC_R_IACC_H(1.0),25/06/26 23:00:00,A,PC_HH,BG42,2009,25.60,,
ESTAT:ISOC_R_IACC_H(1.0),25/06/26 23:00:00,A,PC_HH,BG42,2010,29.48,,
ESTAT:ISOC_R_IACC_H(1.0),25/06/26 23:00:00,A,PC_HH,BG42,2011,41.69,,
ESTAT:ISOC_R_IACC_H(1.0),25/06/26 23:00:00,A,PC_HH,BG42,2012,50.25,,
ESTAT:ISOC_R_IACC_H(1.0),25/06/26 23:00:00,A,PC_HH,BG42,2013,52.68,,
ESTAT:ISOC_R_IACC_H(1.0),25/06/26 23:00:00,A,PC_HH,BG42,2014,54.83,,
ESTAT:ISOC_R_IACC_H(1.0),25/06/26 23:00:00,A,PC_HH,BG42,2015,56.59,,
ESTAT:ISOC_R_IACC_H(1.0),25/06/26 23:00:00,A,PC_HH,BG42,2016,64.94,,
ESTAT:ISOC_R_IACC_H(1.0),25/06/26 23:00:00,A,PC_HH,BG42,2017,70.42,,
ESTAT:ISOC_R_IACC_H(1.0),25/06/26 23:00:00,A,PC_HH,BG42,2018,73.70,,
ESTAT:ISOC_R_IACC_H(1.0),25/06/26 23:00:00,A,PC_HH,BG42,2019,75.27,,
ESTAT:ISOC_R_IACC_H(1.0),25/06/26 23:00:00,A,PC_HH,BG42,2020,79.19,,
ESTAT:ISOC_R_IACC_H(1.0),25/06/26 23:00:00,A,PC_HH,BG42,2021,85.53,,
ESTAT:ISOC_R_IACC_H(1.0),25/06/26 23:00:00,A,PC_HH,BG42,2022,88.61,,
ESTAT:ISOC_R_IACC_H(1.0),25/06/26 23:00:00,A,PC_HH,BG42,2023,87.82,,
ESTAT:ISOC_R_IACC_H(1.0),25/06/26 23:00:00,A,PC_HH,BG42,2024,91.67,,
ESTAT:ISOC_R_IACC_H(1.0),25/06/26 23:00:00,A,PC_HH,BG42,2025,92.31,,
ESTAT:ISOC_R_IACC_H(1.0),25/06/26 23:00:00,A,PC_HH,CH,2014,90.63,,
ESTAT:ISOC_R_IACC_H(1.0),25/06/26 23:00:00,A,PC_HH,CH,2017,93.06,b,
ESTAT:ISOC_R_IACC_H(1.0),25/06/26 23:00:00,A,PC_HH,CH,2019,95.51,,
ESTAT:ISOC_R_IACC_H(1.0),25/06/26 23:00:00,A,PC_HH,CH,2021,98.67,,
ESTAT:ISOC_R_IACC_H(1.0),25/06/26 23:00:00,A,PC_HH,CH,2023,99.66,,
ESTAT:ISOC_R_IACC_H(1.0),25/06/26 23:00:00,A,PC_HH,CH,2025,98.99,,
ESTAT:ISOC_R_IACC_H(1.0),25/06/26 23:00:00,A,PC_HH,CH0,2014,90.63,,
ESTAT:ISOC_R_IACC_H(1.0),25/06/26 23:00:00,A,PC_HH,CH0,2017,93.06,b,
ESTAT:ISOC_R_IACC_H(1.0),25/06/26 23:00:00,A,PC_HH,CH0,2019,95.51,,
ESTAT:ISOC_R_IACC_H(1.0),25/06/26 23:00:00,A,PC_HH,CH0,2021,98.67,,
ESTAT:ISOC_R_IACC_H(1.0),25/06/26 23:00:00,A,PC_HH,CH0,2023,99.66,,
ESTAT:ISOC_R_IACC_H(1.0),25/06/26 23:00:00,A,PC_HH,CH0,2025,98.99,,
ESTAT:ISOC_R_IACC_H(1.0),25/06/26 23:00:00,A,PC_HH,CH01,2014,90.76,,
ESTAT:ISOC_R_IACC_H(1.0),25/06/26 23:00:00,A,PC_HH,CH01,2017,90.99,b,
ESTAT:ISOC_R_IACC_H(1.0),25/06/26 23:00:00,A,PC_HH,CH01,2019,96.48,,
ESTAT:ISOC_R_IACC_H(1.0),25/06/26 23:00:00,A,PC_HH,CH01,2021,99.07,,
ESTAT:ISOC_R_IACC_H(1.0),25/06/26 23:00:00,A,PC_HH,CH01,2023,99.84,,
ESTAT:ISOC_R_IACC_H(1.0),25/06/26 23:00:00,A,PC_HH,CH01,2025,99.33,,
ESTAT:ISOC_R_IACC_H(1.0),25/06/26 23:00:00,A,PC_HH,CH02,2014,85.22,,
ESTAT:ISOC_R_IACC_H(1.0),25/06/26 23:00:00,A,PC_HH,CH02,2017,93.89,b,
ESTAT:ISOC_R_IACC_H(1.0),25/06/26 23:00:00,A,PC_HH,CH02,2019,92.81,,
ESTAT:ISOC_R_IACC_H(1.0),25/06/26 23:00:00,A,PC_HH,CH02,2021,97.52,,
ESTAT:ISOC_R_IACC_H(1.0),25/06/26 23:00:00,A,PC_HH,CH02,2023,99.82,,
ESTAT:ISOC_R_IACC_H(1.0),25/06/26 23:00:00,A,PC_HH,CH02,2025,99.03,,
ESTAT:ISOC_R_IACC_H(1.0),25/06/26 23:00:00,A,PC_HH,CH03,2014,91.68,,
ESTAT:ISOC_R_IACC_H(1.0),25/06/26 23:00:00,A,PC_HH,CH03,2017,94.62,b,
ESTAT:ISOC_R_IACC_H(1.0),25/06/26 23:00:00,A,PC_HH,CH03,2019,96.76,,
ESTAT:ISOC_R_IACC_H(1.0),25/06/26 23:00:00,A,PC_HH,CH03,2021,97.92,,
ESTAT:ISOC_R_IACC_H(1.0),25/06/26 23:00:00,A,PC_HH,CH03,2023,99.85,,
ESTAT:ISOC_R_IACC_H(1.0),25/06/26 23:00:00,A,PC_HH,CH03,2025,98.41,,
ESTAT:ISOC_R_IACC_H(1.0),25/06/26 23:00:00,A,PC_HH,CH04,2014,95.23,,
ESTAT:ISOC_R_IACC_H(1.0),25/06/26 23:00:00,A,PC_HH,CH04,2017,94.08,b,
ESTAT:ISOC_R_IACC_H(1.0),25/06/26 23:00:00,A,PC_HH,CH04,2019,95.75,,
ESTAT:ISOC_R_IACC_H(1.0),25/06/26 23:00:00,A,PC_HH,CH04,2021,99.63,,
ESTAT:ISOC_R_IACC_H(1.0),25/06/26 23:00:00,A,PC_HH,CH04,2023,100.00,,
ESTAT:ISOC_R_IACC_H(1.0),25/06/26 23:00:00,A,PC_HH,CH04,2025,99.19,,
ESTAT:ISOC_R_IACC_H(1.0),25/06/26 23:00:00,A,PC_HH,CH05,2014,92.41,,
ESTAT:ISOC_R_IACC_H(1.0),25/06/26 23:00:00,A,PC_HH,CH05,2017,93.74,b,
ESTAT:ISOC_R_IACC_H(1.0),25/06/26 23:00:00,A,PC_HH,CH05,2019,97.26,,
ESTAT:ISOC_R_IACC_H(1.0),25/06/26 23:00:00,A,PC_HH,CH05,2021,99.24,,
ESTAT:ISOC_R_IACC_H(1.0),25/06/26 23:00:00,A,PC_HH,CH05,2023,99.03,,
ESTAT:ISOC_R_IACC_H(1.0),25/06/26 23:00:00,A,PC_HH,CH05,2025,100.00,,
ESTAT:ISOC_R_IACC_H(1.0),25/06/26 23:00:00,A,PC_HH,CH06,2014,93.35,,
ESTAT:ISOC_R_IACC_H(1.0),25/06/26 23:00:00,A,PC_HH,CH06,2017,93.50,b,
ESTAT:ISOC_R_IACC_H(1.0),25/06/26 23:00:00,A,PC_HH,CH06,2019,96.41,,
ESTAT:ISOC_R_IACC_H(1.0),25/06/26 23:00:00,A,PC_HH,CH06,2021,99.02,,
ESTAT:ISOC_R_IACC_H(1.0),25/06/26 23:00:00,A,PC_HH,CH06,2023,99.14,,
ESTAT:ISOC_R_IACC_H(1.0),25/06/26 23:00:00,A,PC_HH,CH06,2025,97.88,,
ESTAT:ISOC_R_IACC_H(1.0),25/06/26 23:00:00,A,PC_HH,CH07,2014,85.03,,
ESTAT:ISOC_R_IACC_H(1.0),25/06/26 23:00:00,A,PC_HH,CH07,2017,85.70,b,
ESTAT:ISOC_R_IACC_H(1.0),25/06/26 23:00:00,A,PC_HH,CH07,2019,92.47,,
ESTAT:ISOC_R_IACC_H(1.0),25/06/26 23:00:00,A,PC_HH,CH07,2021,98.66,,
ESTAT:ISOC_R_IACC_H(1.0),25/06/26 23:00:00,A,PC_HH,CH07,2023,99.24,,
ESTAT:ISOC_R_IACC_H(1.0),25/06/26 23:00:00,A,PC_HH,CH07,2025,97.96,,
ESTAT:ISOC_R_IACC_H(1.0),25/06/26 23:00:00,A,PC_HH,CY,2006,36.67,,
ESTAT:ISOC_R_IACC_H(1.0),25/06/26 23:00:00,A,PC_HH,CY,2007,38.90,,
ESTAT:ISOC_R_IACC_H(1.0),25/06/26 23:00:00,A,PC_HH,CY,2008,42.92,,
ESTAT:ISOC_R_IACC_H(1.0),25/06/26 23:00:00,A,PC_HH,CY,2009,52.76,,
ESTAT:ISOC_R_IACC_H(1.0),25/06/26 23:00:00,A,PC_HH,CY,2010,53.71,,
ESTAT:ISOC_R_IACC_H(1.0),25/06/26 23:00:00,A,PC_HH,CY,2011,57.35,,
ESTAT:ISOC_R_IACC_H(1.0),25/06/26 23:00:00,A,PC_HH,CY,2012,61.82,,
ESTAT:ISOC_R_IACC_H(1.0),25/06/26 23:00:00,A,PC_HH,CY,2013,64.71,,
ESTAT:ISOC_R_IACC_H(1.0),25/06/26 23:00:00,A,PC_HH,CY,2014,68.64,,
ESTAT:ISOC_R_IACC_H(1.0),25/06/26 23:00:00,A,PC_HH,CY,2015,71.21,,
ESTAT:ISOC_R_IACC_H(1.0),25/06/26 23:00:00,A,PC_HH,CY,2016,74.35,,
ESTAT:ISOC_R_IACC_H(1.0),25/06/26 23:00:00,A,PC_HH,CY,2017,79.41,,
ESTAT:ISOC_R_IACC_H(1.0),25/06/26 23:00:00,A,PC_HH,CY,2018,86.17,,
ESTAT:ISOC_R_IACC_H(1.0),25/06/26 23:00:00,A,PC_HH,CY,2019,89.61,,
ESTAT:ISOC_R_IACC_H(1.0),25/06/26 23:00:00,A,PC_HH,CY,2020,92.78,,
ESTAT:ISOC_R_IACC_H(1.0),25/06/26 23:00:00,A,PC_HH,CY,2021,93.41,,
ESTAT:ISOC_R_IACC_H(1.0),25/06/26 23:00:00,A,PC_HH,CY,2022,94.00,,
ESTAT:ISOC_R_IACC_H(1.0),25/06/26 23:00:00,A,PC_HH,CY,2023,92.30,,
ESTAT:ISOC_R_IACC_H(1.0),25/06/26 23:00:00,A,PC_HH,CY,2024,94.92,,
ESTAT:ISOC_R_IACC_H(1.0),25/06/26 23:00:00,A,PC_HH,CY,2025,97.48,,
ESTAT:ISOC_R_IACC_H(1.0),25/06/26 23:00:00,A,PC_HH,CY0,2008,42.92,,
ESTAT:ISOC_R_IACC_H(1.0),25/06/26 23:00:00,A,PC_HH,CY0,2009,52.76,,
ESTAT:ISOC_R_IACC_H(1.0),25/06/26 23:00:00,A,PC_HH,CY0,2010,53.71,,
ESTAT:ISOC_R_IACC_H(1.0),25/06/26 23:00:00,A,PC_HH,CY0,2011,57.35,,
ESTAT:ISOC_R_IACC_H(1.0),25/06/26 23:00:00,A,PC_HH,CY0,2012,61.82,,
ESTAT:ISOC_R_IACC_H(1.0),25/06/26 23:00:00,A,PC_HH,CY0,2013,64.71,,
ESTAT:ISOC_R_IACC_H(1.0),25/06/26 23:00:00,A,PC_HH,CY0,2014,68.64,,
ESTAT:ISOC_R_IACC_H(1.0),25/06/26 23:00:00,A,PC_HH,CY0,2015,71.21,,
ESTAT:ISOC_R_IACC_H(1.0),25/06/26 23:00:00,A,PC_HH,CY0,2016,74.35,,
ESTAT:ISOC_R_IACC_H(1.0),25/06/26 23:00:00,A,PC_HH,CY0,2017,79.41,,
ESTAT:ISOC_R_IACC_H(1.0),25/06/26 23:00:00,A,PC_HH,CY0,2018,86.17,,
ESTAT:ISOC_R_IACC_H(1.0),25/06/26 23:00:00,A,PC_HH,CY0,2019,89.61,,
ESTAT:ISOC_R_IACC_H(1.0),25/06/26 23:00:00,A,PC_HH,CY0,2020,92.78,,
ESTAT:ISOC_R_IACC_H(1.0),25/06/26 23:00:00,A,PC_HH,CY0,2021,93.41,,
ESTAT:ISOC_R_IACC_H(1.0),25/06/26 23:00:00,A,PC_HH,CY0,2022,94.00,,
ESTAT:ISOC_R_IACC_H(1.0),25/06/26 23:00:00,A,PC_HH,CY0,2023,92.30,,
ESTAT:ISOC_R_IACC_H(1.0),25/06/26 23:00:00,A,PC_HH,CY0,2024,94.92,,
ESTAT:ISOC_R_IACC_H(1.0),25/06/26 23:00:00,A,PC_HH,CY0,2025,97.48,,
ESTAT:ISOC_R_IACC_H(1.0),25/06/26 23:00:00,A,PC_HH,CY00,2008,42.92,,
ESTAT:ISOC_R_IACC_H(1.0),25/06/26 23:00:00,A,PC_HH,CY00,2009,52.76,,
ESTAT:ISOC_R_IACC_H(1.0),25/06/26 23:00:00,A,PC_HH,CY00,2010,53.71,,
ESTAT:ISOC_R_IACC_H(1.0),25/06/26 23:00:00,A,PC_HH,CY00,2011,57.35,,
ESTAT:ISOC_R_IACC_H(1.0),25/06/26 23:00:00,A,PC_HH,CY00,2012,61.82,,
ESTAT:ISOC_R_IACC_H(1.0),25/06/26 23:00:00,A,PC_HH,CY00,2013,64.71,,
ESTAT:ISOC_R_IACC_H(1.0),25/06/26 23:00:00,A,PC_HH,CY00,2014,68.64,,
ESTAT:ISOC_R_IACC_H(1.0),25/06/26 23:00:00,A,PC_HH,CY00,2015,71.21,,
ESTAT:ISOC_R_IACC_H(1.0),25/06/26 23:00:00,A,PC_HH,CY00,2016,74.35,,
ESTAT:ISOC_R_IACC_H(1.0),25/06/26 23:00:00,A,PC_HH,CY00,2017,79.41,,
ESTAT:ISOC_R_IACC_H(1.0),25/06/26 23:00:00,A,PC_HH,CY00,2018,86.17,,
ESTAT:ISOC_R_IACC_H(1.0),25/06/26 23:00:00,A,PC_HH,CY00,2019,89.61,,
ESTAT:ISOC_R_IACC_H(1.0),25/06/26 23:00:00,A,PC_HH,CY00,2020,92.78,,
ESTAT:ISOC_R_IACC_H(1.0),25/06/26 23:00:00,A,PC_HH,CY00,2021,93.41,,
ESTAT:ISOC_R_IACC_H(1.0),25/06/26 23:00:00,A,PC_HH,CY00,2022,94.00,,
ESTAT:ISOC_R_IACC_H(1.0),25/06/26 23:00:00,A,PC_HH,CY00,2023,92.30,,
ESTAT:ISOC_R_IACC_H(1.0),25/06/26 23:00:00,A,PC_HH,CY00,2024,94.92,,
ESTAT:ISOC_R_IACC_H(1.0),25/06/26 23:00:00,A,PC_HH,CY00,2025,97.48,,
ESTAT:ISOC_R_IACC_H(1.0),25/06/26 23:00:00,A,PC_HH,CZ,2006,29.25,,
ESTAT:ISOC_R_IACC_H(1.0),25/06/26 23:00:00,A,PC_HH,CZ,2007,35.12,,
ESTAT:ISOC_R_IACC_H(1.0),25/06/26 23:00:00,A,PC_HH,CZ,2008,45.86,,
ESTAT:ISOC_R_IACC_H(1.0),25/06/26 23:00:00,A,PC_HH,CZ,2009,54.18,,
ESTAT:ISOC_R_IACC_H(1.0),25/06/26 23:00:00,A,PC_HH,CZ,2010,60.52,,
ESTAT:ISOC_R_IACC_H(1.0),25/06/26 23:00:00,A,PC_HH,CZ,2011,66.63,,
ESTAT:ISOC_R_IACC_H(1.0),25/06/26 23:00:00,A,PC_HH,CZ,2012,72.55,,
ESTAT:ISOC_R_IACC_H(1.0),25/06/26 23:00:00,A,PC_HH,CZ,2013,72.62,,
ESTAT:ISOC_R_IACC_H(1.0),25/06/26 23:00:00,A,PC_HH,CZ,2014,77.99,,
ESTAT:ISOC_R_IACC_H(1.0),25/06/26 23:00:00,A,PC_HH,CZ,2015,78.98,,
ESTAT:ISOC_R_IACC_H(1.0),25/06/26 23:00:00,A,PC_HH,CZ,2016,81.65,,
ESTAT:ISOC_R_IACC_H(1.0),25/06/26 23:00:00,A,PC_HH,CZ,2017,83.24,,
ESTAT:ISOC_R_IACC_H(1.0),25/06/26 23:00:00,A,PC_HH,CZ,2018,86.36,,
ESTAT:ISOC_R_IACC_H(1.0),25/06/26 23:00:00,A,PC_HH,CZ,2019,87.00,,
ESTAT:ISOC_R_IACC_H(1.0),25/06/26 23:00:00,A,PC_HH,CZ,2020,88.02,,
ESTAT:ISOC_R_IACC_H(1.0),25/06/26 23:00:00,A,PC_HH,CZ,2021,89.31,,
ESTAT:ISOC_R_IACC_H(1.0),25/06/26 23:00:00,A,PC_HH,CZ,2022,91.48,,
ESTAT:ISOC_R_IACC_H(1.0),25/06/26 23:00:00,A,PC_HH,CZ,2023,92.80,,
ESTAT:ISOC_R_IACC_H(1.0),25/06/26 23:00:00,A,PC_HH,CZ,2024,94.56,,
ESTAT:ISOC_R_IACC_H(1.0),25/06/26 23:00:00,A,PC_HH,CZ,2025,95.47,,
ESTAT:ISOC_R_IACC_H(1.0),25/06/26 23:00:00,A,PC_HH,CZ0,2009,54.18,,
ESTAT:ISOC_R_IACC_H(1.0),25/06/26 23:00:00,A,PC_HH,CZ0,2010,60.52,,
ESTAT:ISOC_R_IACC_H(1.0),25/06/26 23:00:00,A,PC_HH,CZ0,2011,66.63,,
ESTAT:ISOC_R_IACC_H(1.0),25/06/26 23:00:00,A,PC_HH,CZ0,2012,72.55,,
ESTAT:ISOC_R_IACC_H(1.0),25/06/26 23:00:00,A,PC_HH,CZ0,2013,72.62,,
ESTAT:ISOC_R_IACC_H(1.0),25/06/26 23:00:00,A,PC_HH,CZ0,2014,77.99,,
ESTAT:ISOC_R_IACC_H(1.0),25/06/26 23:00:00,A,PC_HH,CZ0,2015,78.98,,
ESTAT:ISOC_R_IACC_H(1.0),25/06/26 23:00:00,A,PC_HH,CZ0,2016,81.65,,
ESTAT:ISOC_R_IACC_H(1.0),25/06/26 23:00:00,A,PC_HH,CZ0,2017,83.24,,
ESTAT:ISOC_R_IACC_H(1.0),25/06/26 23:00:00,A,PC_HH,CZ0,2018,86.36,,
ESTAT:ISOC_R_IACC_H(1.0),25/06/26 23:00:00,A,PC_HH,CZ0,2019,87.00,,
ESTAT:ISOC_R_IACC_H(1.0),25/06/26 23:00:00,A,PC_HH,CZ0,2020,88.02,,
ESTAT:ISOC_R_IACC_H(1.0),25/06/26 23:00:00,A,PC_HH,CZ0,2021,89.31,,
ESTAT:ISOC_R_IACC_H(1.0),25/06/26 23:00:00,A,PC_HH,CZ0,2022,91.48,,
ESTAT:ISOC_R_IACC_H(1.0),25/06/26 23:00:00,A,PC_HH,CZ0,2023,92.80,,
ESTAT:ISOC_R_IACC_H(1.0),25/06/26 23:00:00,A,PC_HH,CZ0,2024,94.56,,
ESTAT:ISOC_R_IACC_H(1.0),25/06/26 23:00:00,A,PC_HH,CZ0,2025,95.47,,
ESTAT:ISOC_R_IACC_H(1.0),25/06/26 23:00:00,A,PC_HH,CZ01,2007,50.79,,
ESTAT:ISOC_R_IACC_H(1.0),25/06/26 23:00:00,A,PC_HH,CZ01,2008,61.87,,
ESTAT:ISOC_R_IACC_H(1.0),25/06/26 23:00:00,A,PC_HH,CZ01,2010,68.53,,
ESTAT:ISOC_R_IACC_H(1.0),25/06/26 23:00:00,A,PC_HH,CZ01,2011,70.45,,
ESTAT:ISOC_R_IACC_H(1.0),25/06/26 23:00:00,A,PC_HH,CZ01,2012,80.67,,
ESTAT:ISOC_R_IACC_H(1.0),25/06/26 23:00:00,A,PC_HH,CZ01,2013,80.30,,
ESTAT:ISOC_R_IACC_H(1.0),25/06/26 23:00:00,A,PC_HH,CZ01,2014,87.99,,
ESTAT:ISOC_R_IACC_H(1.0),25/06/26 23:00:00,A,PC_HH,CZ01,2015,88.47,,
ESTAT:ISOC_R_IACC_H(1.0),25/06/26 23:00:00,A,PC_HH,CZ01,2016,90.68,,
ESTAT:ISOC_R_IACC_H(1.0),25/06/26 23:00:00,A,PC_HH,CZ01,2017,89.31,,
ESTAT:ISOC_R_IACC_H(1.0),25/06/26 23:00:00,A,PC_HH,CZ01,2018,93.17,,
ESTAT:ISOC_R_IACC_H(1.0),25/06/26 23:00:00,A,PC_HH,CZ01,2019,93.23,,
ESTAT:ISOC_R_IACC_H(1.0),25/06/26 23:00:00,A,PC_HH,CZ01,2020,94.74,,
ESTAT:ISOC_R_IACC_H(1.0),25/06/26 23:00:00,A,PC_HH,CZ01,2021,94.16,,
ESTAT:ISOC_R_IACC_H(1.0),25/06/26 23:00:00,A,PC_HH,CZ01,2022,96.30,,
ESTAT:ISOC_R_IACC_H(1.0),25/06/26 23:00:00,A,PC_HH,CZ01,2023,95.95,,
ESTAT:ISOC_R_IACC_H(1.0),25/06/26 23:00:00,A,PC_HH,CZ01,2024,96.77,,
ESTAT:ISOC_R_IACC_H(1.0),25/06/26 23:00:00,A,PC_HH,CZ01,2025,98.12,,
ESTAT:ISOC_R_IACC_H(1.0),25/06/26 23:00:00,A,PC_HH,CZ02,2007,35.15,,
ESTAT:ISOC_R_IACC_H(1.0),25/06/26 23:00:00,A,PC_HH,CZ02,2008,47.83,,
ESTAT:ISOC_R_IACC_H(1.0),25/06/26 23:00:00,A,PC_HH,CZ02,2010,62.73,,
ESTAT:ISOC_R_IACC_H(1.0),25/06/26 23:00:00,A,PC_HH,CZ02,2011,68.20,,
ESTAT:ISOC_R_IACC_H(1.0),25/06/26 23:00:00,A,PC_HH,CZ02,2012,74.10,,
ESTAT:ISOC_R_IACC_H(1.0),25/06/26 23:00:00,A,PC_HH,CZ02,2013,78.91,,
ESTAT:ISOC_R_IACC_H(1.0),25/06/26 23:00:00,A,PC_HH,CZ02,2014,81.16,,
ESTAT:ISOC_R_IACC_H(1.0),25/06/26 23:00:00,A,PC_HH,CZ02,2015,82.61,,
ESTAT:ISOC_R_IACC_H(1.0),25/06/26 23:00:00,A,PC_HH,CZ02,2016,85.21,,
ESTAT:ISOC_R_IACC_H(1.0),25/06/26 23:00:00,A,PC_HH,CZ02,2017,86.68,,
ESTAT:ISOC_R_IACC_H(1.0),25/06/26 23:00:00,A,PC_HH,CZ02,2018,86.66,,
ESTAT:ISOC_R_IACC_H(1.0),25/06/26 23:00:00,A,PC_HH,CZ02,2019,87.86,,
ESTAT:ISOC_R_IACC_H(1.0),25/06/26 23:00:00,A,PC_HH,CZ02,2020,87.79,,
ESTAT:ISOC_R_IACC_H(1.0),25/06/26 23:00:00,A,PC_HH,CZ02,2021,89.31,,
ESTAT:ISOC_R_IACC_H(1.0),25/06/26 23:00:00,A,PC_HH,CZ02,2022,92.38,,
ESTAT:ISOC_R_IACC_H(1.0),25/06/26 23:00:00,A,PC_HH,CZ02,2023,91.93,,
ESTAT:ISOC_R_IACC_H(1.0),25/06/26 23:00:00,A,PC_HH,CZ02,2024,94.77,,
ESTAT:ISOC_R_IACC_H(1.0),25/06/26 23:00:00,A,PC_HH,CZ02,2025,94.73,,
ESTAT:ISOC_R_IACC_H(1.0),25/06/26 23:00:00,A,PC_HH,CZ03,2007,32.10,,
ESTAT:ISOC_R_IACC_H(1.0),25/06/26 23:00:00,A,PC_HH,CZ03,2008,42.25,,
ESTAT:ISOC_R_IACC_H(1.0),25/06/26 23:00:00,A,PC_HH,CZ03,2010,57.85,,
ESTAT:ISOC_R_IACC_H(1.0),25/06/26 23:00:00,A,PC_HH,CZ03,2011,65.82,,
ESTAT:ISOC_R_IACC_H(1.0),25/06/26 23:00:00,A,PC_HH,CZ03,2012,72.37,,
ESTAT:ISOC_R_IACC_H(1.0),25/06/26 23:00:00,A,PC_HH,CZ03,2013,71.05,,
ESTAT:ISOC_R_IACC_H(1.0),25/06/26 23:00:00,A,PC_HH,CZ03,2014,76.84,,
ESTAT:ISOC_R_IACC_H(1.0),25/06/26 23:00:00,A,PC_HH,CZ03,2015,80.92,,
ESTAT:ISOC_R_IACC_H(1.0),25/06/26 23:00:00,A,PC_HH,CZ03,2016,81.97,,
ESTAT:ISOC_R_IACC_H(1.0),25/06/26 23:00:00,A,PC_HH,CZ03,2017,82.50,,
ESTAT:ISOC_R_IACC_H(1.0),25/06/26 23:00:00,A,PC_HH,CZ03,2018,86.17,,
ESTAT:ISOC_R_IACC_H(1.0),25/06/26 23:00:00,A,PC_HH,CZ03,2019,86.42,,
ESTAT:ISOC_R_IACC_H(1.0),25/06/26 23:00:00,A,PC_HH,CZ03,2020,87.68,,
ESTAT:ISOC_R_IACC_H(1.0),25/06/26 23:00:00,A,PC_HH,CZ03,2021,92.22,,
ESTAT:ISOC_R_IACC_H(1.0),25/06/26 23:00:00,A,PC_HH,CZ03,2022,92.32,,
ESTAT:ISOC_R_IACC_H(1.0),25/06/26 23:00:00,A,PC_HH,CZ03,2023,93.46,,
ESTAT:ISOC_R_IACC_H(1.0),25/06/26 23:00:00,A,PC_HH,CZ03,2024,95.61,,
ESTAT:ISOC_R_IACC_H(1.0),25/06/26 23:00:00,A,PC_HH,CZ03,2025,96.95,,
ESTAT:ISOC_R_IACC_H(1.0),25/06/26 23:00:00,A,PC_HH,CZ04,2007,28.94,,
ESTAT:ISOC_R_IACC_H(1.0),25/06/26 23:00:00,A,PC_HH,CZ04,2008,39.06,,
ESTAT:ISOC_R_IACC_H(1.0),25/06/26 23:00:00,A,PC_HH,CZ04,2010,58.53,,
ESTAT:ISOC_R_IACC_H(1.0),25/06/26 23:00:00,A,PC_HH,CZ04,2011,63.26,,
ESTAT:ISOC_R_IACC_H(1.0),25/06/26 23:00:00,A,PC_HH,CZ04,2012,66.01,,
ESTAT:ISOC_R_IACC_H(1.0),25/06/26 23:00:00,A,PC_HH,CZ04,2013,66.71,,
ESTAT:ISOC_R_IACC_H(1.0),25/06/26 23:00:00,A,PC_HH,CZ04,2014,69.33,,
ESTAT:ISOC_R_IACC_H(1.0),25/06/26 23:00:00,A,PC_HH,CZ04,2015,71.18,,
ESTAT:ISOC_R_IACC_H(1.0),25/06/26 23:00:00,A,PC_HH,CZ04,2016,75.50,,
ESTAT:ISOC_R_IACC_H(1.0),25/06/26 23:00:00,A,PC_HH,CZ04,2017,78.40,,
ESTAT:ISOC_R_IACC_H(1.0),25/06/26 23:00:00,A,PC_HH,CZ04,2018,81.66,,
ESTAT:ISOC_R_IACC_H(1.0),25/06/26 23:00:00,A,PC_HH,CZ04,2019,79.30,,
ESTAT:ISOC_R_IACC_H(1.0),25/06/26 23:00:00,A,PC_HH,CZ04,2020,82.28,,
ESTAT:ISOC_R_IACC_H(1.0),25/06/26 23:00:00,A,PC_HH,CZ04,2021,86.03,,
ESTAT:ISOC_R_IACC_H(1.0),25/06/26 23:00:00,A,PC_HH,CZ04,2022,87.57,,
ESTAT:ISOC_R_IACC_H(1.0),25/06/26 23:00:00,A,PC_HH,CZ04,2023,92.11,,
ESTAT:ISOC_R_IACC_H(1.0),25/06/26 23:00:00,A,PC_HH,CZ04,2024,95.82,,
ESTAT:ISOC_R_IACC_H(1.0),25/06/26 23:00:00,A,PC_HH,CZ04,2025,95.07,,
ESTAT:ISOC_R_IACC_H(1.0),25/06/26 23:00:00,A,PC_HH,CZ05,2007,33.39,,
ESTAT:ISOC_R_IACC_H(1.0),25/06/26 23:00:00,A,PC_HH,CZ05,2008,44.29,,
ESTAT:ISOC_R_IACC_H(1.0),25/06/26 23:00:00,A,PC_HH,CZ05,2010,57.75,,
ESTAT:ISOC_R_IACC_H(1.0),25/06/26 23:00:00,A,PC_HH,CZ05,2011,69.48,,
ESTAT:ISOC_R_IACC_H(1.0),25/06/26 23:00:00,A,PC_HH,CZ05,2012,71.81,,
ESTAT:ISOC_R_IACC_H(1.0),25/06/26 23:00:00,A,PC_HH,CZ05,2013,72.79,,
ESTAT:ISOC_R_IACC_H(1.0),25/06/26 23:00:00,A,PC_HH,CZ05,2014,74.95,,
ESTAT:ISOC_R_IACC_H(1.0),25/06/26 23:00:00,A,PC_HH,CZ05,2015,81.60,,
ESTAT:ISOC_R_IACC_H(1.0),25/06/26 23:00:00,A,PC_HH,CZ05,2016,79.82,,
ESTAT:ISOC_R_IACC_H(1.0),25/06/26 23:00:00,A,PC_HH,CZ05,2017,80.01,,
ESTAT:ISOC_R_IACC_H(1.0),25/06/26 23:00:00,A,PC_HH,CZ05,2018,83.68,,
ESTAT:ISOC_R_IACC_H(1.0),25/06/26 23:00:00,A,PC_HH,CZ05,2019,86.36,,
ESTAT:ISOC_R_IACC_H(1.0),25/06/26 23:00:00,A,PC_HH,CZ05,2020,86.88,,
ESTAT:ISOC_R_IACC_H(1.0),25/06/26 23:00:00,A,PC_HH,CZ05,2021,87.32,,
ESTAT:ISOC_R_IACC_H(1.0),25/06/26 23:00:00,A,PC_HH,CZ05,2022,90.27,,
ESTAT:ISOC_R_IACC_H(1.0),25/06/26 23:00:00,A,PC_HH,CZ05,2023,91.87,,
ESTAT:ISOC_R_IACC_H(1.0),25/06/26 23:00:00,A,PC_HH,CZ05,2024,94.95,,
ESTAT:ISOC_R_IACC_H(1.0),25/06/26 23:00:00,A,PC_HH,CZ05,2025,94.47,,
ESTAT:ISOC_R_IACC_H(1.0),25/06/26 23:00:00,A,PC_HH,CZ06,2007,37.55,,
ESTAT:ISOC_R_IACC_H(1.0),25/06/26 23:00:00,A,PC_HH,CZ06,2008,44.47,,
ESTAT:ISOC_R_IACC_H(1.0),25/06/26 23:00:00,A,PC_HH,CZ06,2010,62.88,,
ESTAT:ISOC_R_IACC_H(1.0),25/06/26 23:00:00,A,PC_HH,CZ06,2011,67.89,,
ESTAT:ISOC_R_IACC_H(1.0),25/06/26 23:00:00,A,PC_HH,CZ06,2012,73.76,,
ESTAT:ISOC_R_IACC_H(1.0),25/06/26 23:00:00,A,PC_HH,CZ06,2013,73.23,,
ESTAT:ISOC_R_IACC_H(1.0),25/06/26 23:00:00,A,PC_HH,CZ06,2014,78.92,,
ESTAT:ISOC_R_IACC_H(1.0),25/06/26 23:00:00,A,PC_HH,CZ06,2015,76.23,,
ESTAT:ISOC_R_IACC_H(1.0),25/06/26 23:00:00,A,PC_HH,CZ06,2016,81.15,,
ESTAT:ISOC_R_IACC_H(1.0),25/06/26 23:00:00,A,PC_HH,CZ06,2017,84.64,,
ESTAT:ISOC_R_IACC_H(1.0),25/06/26 23:00:00,A,PC_HH,CZ06,2018,86.83,,
ESTAT:ISOC_R_IACC_H(1.0),25/06/26 23:00:00,A,PC_HH,CZ06,2019,87.93,,
ESTAT:ISOC_R_IACC_H(1.0),25/06/26 23:00:00,A,PC_HH,CZ06,2020,90.08,,
ESTAT:ISOC_R_IACC_H(1.0),25/06/26 23:00:00,A,PC_HH,CZ06,2021,88.11,,
ESTAT:ISOC_R_IACC_H(1.0),25/06/26 23:00:00,A,PC_HH,CZ06,2022,89.84,,
ESTAT:ISOC_R_IACC_H(1.0),25/06/26 23:00:00,A,PC_HH,CZ06,2023,92.37,,
ESTAT:ISOC_R_IACC_H(1.0),25/06/26 23:00:00,A,PC_HH,CZ06,2024,91.97,,
ESTAT:ISOC_R_IACC_H(1.0),25/06/26 23:00:00,A,PC_HH,CZ06,2025,95.68,,
ESTAT:ISOC_R_IACC_H(1.0),25/06/26 23:00:00,A,PC_HH,CZ07,2007,28.12,,
ESTAT:ISOC_R_IACC_H(1.0),25/06/26 23:00:00,A,PC_HH,CZ07,2008,40.40,,
ESTAT:ISOC_R_IACC_H(1.0),25/06/26 23:00:00,A,PC_HH,CZ07,2010,60.98,,
ESTAT:ISOC_R_IACC_H(1.0),25/06/26 23:00:00,A,PC_HH,CZ07,2011,60.24,,
ESTAT:ISOC_R_IACC_H(1.0),25/06/26 23:00:00,A,PC_HH,CZ07,2012,67.78,,
ESTAT:ISOC_R_IACC_H(1.0),25/06/26 23:00:00,A,PC_HH,CZ07,2013,68.31,,
ESTAT:ISOC_R_IACC_H(1.0),25/06/26 23:00:00,A,PC_HH,CZ07,2014,77.57,,
ESTAT:ISOC_R_IACC_H(1.0),25/06/26 23:00:00,A,PC_HH,CZ07,2015,74.50,,
ESTAT:ISOC_R_IACC_H(1.0),25/06/26 23:00:00,A,PC_HH,CZ07,2016,77.17,,
ESTAT:ISOC_R_IACC_H(1.0),25/06/26 23:00:00,A,PC_HH,CZ07,2017,81.56,,
ESTAT:ISOC_R_IACC_H(1.0),25/06/26 23:00:00,A,PC_HH,CZ07,2018,83.38,,
ESTAT:ISOC_R_IACC_H(1.0),25/06/26 23:00:00,A,PC_HH,CZ07,2019,84.02,,
ESTAT:ISOC_R_IACC_H(1.0),25/06/26 23:00:00,A,PC_HH,CZ07,2020,88.11,,
ESTAT:ISOC_R_IACC_H(1.0),25/06/26 23:00:00,A,PC_HH,CZ07,2021,87.94,,
ESTAT:ISOC_R_IACC_H(1.0),25/06/26 23:00:00,A,PC_HH,CZ07,2022,87.91,,
ESTAT:ISOC_R_IACC_H(1.0),25/06/26 23:00:00,A,PC_HH,CZ07,2023,92.11,,
ESTAT:ISOC_R_IACC_H(1.0),25/06/26 23:00:00,A,PC_HH,CZ07,2024,92.61,,
ESTAT:ISOC_R_IACC_H(1.0),25/06/26 23:00:00,A,PC_HH,CZ07,2025,92.61,,
ESTAT:ISOC_R_IACC_H(1.0),25/06/26 23:00:00,A,PC_HH,CZ08,2007,32.91,,
ESTAT:ISOC_R_IACC_H(1.0),25/06/26 23:00:00,A,PC_HH,CZ08,2008,45.10,,
ESTAT:ISOC_R_IACC_H(1.0),25/06/26 23:00:00,A,PC_HH,CZ08,2010,53.74,,
ESTAT:ISOC_R_IACC_H(1.0),25/06/26 23:00:00,A,PC_HH,CZ08,2011,65.65,,
ESTAT:ISOC_R_IACC_H(1.0),25/06/26 23:00:00,A,PC_HH,CZ08,2012,71.70,,
ESTAT:ISOC_R_IACC_H(1.0),25/06/26 23:00:00,A,PC_HH,CZ08,2013,68.18,,
ESTAT:ISOC_R_IACC_H(1.0),25/06/26 23:00:00,A,PC_HH,CZ08,2014,75.88,,
ESTAT:ISOC_R_IACC_H(1.0),25/06/26 23:00:00,A,PC_HH,CZ08,2015,75.41,,
ESTAT:ISOC_R_IACC_H(1.0),25/06/26 23:00:00,A,PC_HH,CZ08,2016,80.36,,
ESTAT:ISOC_R_IACC_H(1.0),25/06/26 23:00:00,A,PC_HH,CZ08,2017,81.44,,
ESTAT:ISOC_R_IACC_H(1.0),25/06/26 23:00:00,A,PC_HH,CZ08,2018,88.43,,
ESTAT:ISOC_R_IACC_H(1.0),25/06/26 23:00:00,A,PC_HH,CZ08,2019,89.54,,
ESTAT:ISOC_R_IACC_H(1.0),25/06/26 23:00:00,A,PC_HH,CZ08,2020,85.67,,
ESTAT:ISOC_R_IACC_H(1.0),25/06/26 23:00:00,A,PC_HH,CZ08,2021,88.80,,
ESTAT:ISOC_R_IACC_H(1.0),25/06/26 23:00:00,A,PC_HH,CZ08,2022,94.82,,
ESTAT:ISOC_R_IACC_H(1.0),25/06/26 23:00:00,A,PC_HH,CZ08,2023,92.20,,
ESTAT:ISOC_R_IACC_H(1.0),25/06/26 23:00:00,A,PC_HH,CZ08,2024,94.69,,
ESTAT:ISOC_R_IACC_H(1.0),25/06/26 23:00:00,A,PC_HH,CZ08,2025,96.25,,
ESTAT:ISOC_R_IACC_H(1.0),25/06/26 23:00:00,A,PC_HH,DE,2006,67.11,,
ESTAT:ISOC_R_IACC_H(1.0),25/06/26 23:00:00,A,PC_HH,DE,2007,70.67,,
ESTAT:ISOC_R_IACC_H(1.0),25/06/26 23:00:00,A,PC_HH,DE,2008,74.88,,
ESTAT:ISOC_R_IACC_H(1.0),25/06/26 23:00:00,A,PC_HH,DE,2009,79.07,,
ESTAT:ISOC_R_IACC_H(1.0),25/06/26 23:00:00,A,PC_HH,DE,2010,82.49,,
ESTAT:ISOC_R_IACC_H(1.0),25/06/26 23:00:00,A,PC_HH,DE,2011,83.25,,
ESTAT:ISOC_R_IACC_H(1.0),25/06/26 23:00:00,A,PC_HH,DE,2012,85.50,,
ESTAT:ISOC_R_IACC_H(1.0),25/06/26 23:00:00,A,PC_HH,DE,2013,87.75,,
ESTAT:ISOC_R_IACC_H(1.0),25/06/26 23:00:00,A,PC_HH,DE,2014,89.47,,
ESTAT:ISOC_R_IACC_H(1.0),25/06/26 23:00:00,A,PC_HH,DE,2015,90.29,,
ESTAT:ISOC_R_IACC_H(1.0),25/06/26 23:00:00,A,PC_HH,DE,2016,92.14,,
ESTAT:ISOC_R_IACC_H(1.0),25/06/26 23:00:00,A,PC_HH,DE,2017,92.86,,
ESTAT:ISOC_R_IACC_H(1.0),25/06/26 23:00:00,A,PC_HH,DE,2018,94.39,,
ESTAT:ISOC_R_IACC_H(1.0),25/06/26 23:00:00,A,PC_HH,DE,2019,94.83,,
ESTAT:ISOC_R_IACC_H(1.0),25/06/26 23:00:00,A,PC_HH,DE,2020,95.80,,
ESTAT:ISOC_R_IACC_H(1.0),25/06/26 23:00:00,A,PC_HH,DE,2021,91.88,b,
ESTAT:ISOC_R_IACC_H(1.0),25/06/26 23:00:00,A,PC_HH,DE,2022,91.41,,
ESTAT:ISOC_R_IACC_H(1.0),25/06/26 23:00:00,A,PC_HH,DE,2023,91.66,,
ESTAT:ISOC_R_IACC_H(1.0),25/06/26 23:00:00,A,PC_HH,DE,2024,92.65,,
ESTAT:ISOC_R_IACC_H(1.0),25/06/26 23:00:00,A,PC_HH,DE,2025,93.63,,
ESTAT:ISOC_R_IACC_H(1.0),25/06/26 23:00:00,A,PC_HH,DE1,2006,69.13,,
ESTAT:ISOC_R_IACC_H(1.0),25/06/26 23:00:00,A,PC_HH,DE1,2007,70.42,,
ESTAT:ISOC_R_IACC_H(1.0),25/06/26 23:00:00,A,PC_HH,DE1,2008,74.54,,
ESTAT:ISOC_R_IACC_H(1.0),25/06/26 23:00:00,A,PC_HH,DE1,2009,78.37,,
ESTAT:ISOC_R_IACC_H(1.0),25/06/26 23:00:00,A,PC_HH,DE1,2010,82.45,,
ESTAT:ISOC_R_IACC_H(1.0),25/06/26 23:00:00,A,PC_HH,DE1,2011,81.49,,
ESTAT:ISOC_R_IACC_H(1.0),25/06/26 23:00:00,A,PC_HH,DE1,2012,84.45,,
ESTAT:ISOC_R_IACC_H(1.0),25/06/26 23:00:00,A,PC_HH,DE1,2013,87.28,,
ESTAT:ISOC_R_IACC_H(1.0),25/06/26 23:00:00,A,PC_HH,DE1,2014,88.16,,
ESTAT:ISOC_R_IACC_H(1.0),25/06/26 23:00:00,A,PC_HH,DE1,2015,90.56,,
ESTAT:ISOC_R_IACC_H(1.0),25/06/26 23:00:00,A,PC_HH,DE1,2016,91.42,,
ESTAT:ISOC_R_IACC_H(1.0),25/06/26 23:00:00,A,PC_HH,DE1,2017,92.69,,
ESTAT:ISOC_R_IACC_H(1.0),25/06/26 23:00:00,A,PC_HH,DE1,2018,93.65,,
ESTAT:ISOC_R_IACC_H(1.0),25/06/26 23:00:00,A,PC_HH,DE1,2019,94.88,,
ESTAT:ISOC_R_IACC_H(1.0),25/06/26 23:00:00,A,PC_HH,DE1,2020,95.62,,
ESTAT:ISOC_R_IACC_H(1.0),25/06/26 23:00:00,A,PC_HH,DE1,2021,91.55,b,
ESTAT:ISOC_R_IACC_H(1.0),25/06/26 23:00:00,A,PC_HH,DE1,2022,91.26,,
ESTAT:ISOC_R_IACC_H(1.0),25/06/26 23:00:00,A,PC_HH,DE1,2023,92.29,,
ESTAT:ISOC_R_IACC_H(1.0),25/06/26 23:00:00,A,PC_HH,DE1,2024,93.78,,
ESTAT:ISOC_R_IACC_H(1.0),25/06/26 23:00:00,A,PC_HH,DE1,2025,95.59,,
ESTAT:ISOC_R_IACC_H(1.0),25/06/26 23:00:00,A,PC_HH,DE2,2006,69.39,,
ESTAT:ISOC_R_IACC_H(1.0),25/06/26 23:00:00,A,PC_HH,DE2,2007,72.89,,
ESTAT:ISOC_R_IACC_H(1.0),25/06/26 23:00:00,A,PC_HH,DE2,2008,77.18,,
ESTAT:ISOC_R_IACC_H(1.0),25/06/26 23:00:00,A,PC_HH,DE2,2009,79.94,,
ESTAT:ISOC_R_IACC_H(1.0),25/06/26 23:00:00,A,PC_HH,DE2,2010,82.08,,
ESTAT:ISOC_R_IACC_H(1.0),25/06/26 23:00:00,A,PC_HH,DE2,2011,85.02,,
ESTAT:ISOC_R_IACC_H(1.0),25/06/26 23:00:00,A,PC_HH,DE2,2012,86.63,,
ESTAT:ISOC_R_IACC_H(1.0),25/06/26 23:00:00,A,PC_HH,DE2,2013,87.91,,
ESTAT:ISOC_R_IACC_H(1.0),25/06/26 23:00:00,A,PC_HH,DE2,2014,89.48,,
ESTAT:ISOC_R_IACC_H(1.0),25/06/26 23:00:00,A,PC_HH,DE2,2015,90.68,,
ESTAT:ISOC_R_IACC_H(1.0),25/06/26 23:00:00,A,PC_HH,DE2,2016,91.82,,
ESTAT:ISOC_R_IACC_H(1.0),25/06/26 23:00:00,A,PC_HH,DE2,2017,92.33,,
ESTAT:ISOC_R_IACC_H(1.0),25/06/26 23:00:00,A,PC_HH,DE2,2018,93.52,,
ESTAT:ISOC_R_IACC_H(1.0),25/06/26 23:00:00,A,PC_HH,DE2,2019,95.16,,
ESTAT:ISOC_R_IACC_H(1.0),25/06/26 23:00:00,A,PC_HH,DE2,2020,95.85,,
ESTAT:ISOC_R_IACC_H(1.0),25/06/26 23:00:00,A,PC_HH,DE2,2021,91.03,b,
ESTAT:ISOC_R_IACC_H(1.0),25/06/26 23:00:00,A,PC_HH,DE2,2022,90.66,,
ESTAT:ISOC_R_IACC_H(1.0),25/06/26 23:00:00,A,PC_HH,DE2,2023,91.52,,
ESTAT:ISOC_R_IACC_H(1.0),25/06/26 23:00:00,A,PC_HH,DE2,2024,94.63,,
ESTAT:ISOC_R_IACC_H(1.0),25/06/26 23:00:00,A,PC_HH,DE2,2025,93.60,,
ESTAT:ISOC_R_IACC_H(1.0),25/06/26 23:00:00,A,PC_HH,DE3,2006,69.52,,
ESTAT:ISOC_R_IACC_H(1.0),25/06/26 23:00:00,A,PC_HH,DE3,2007,75.28,,
ESTAT:ISOC_R_IACC_H(1.0),25/06/26 23:00:00,A,PC_HH,DE3,2008,76.69,,
ESTAT:ISOC_R_IACC_H(1.0),25/06/26 23:00:00,A,PC_HH,DE3,2009,78.33,,
ESTAT:ISOC_R_IACC_H(1.0),25/06/26 23:00:00,A,PC_HH,DE3,2010,84.05,,
ESTAT:ISOC_R_IACC_H(1.0),25/06/26 23:00:00,A,PC_HH,DE3,2011,83.61,,
ESTAT:ISOC_R_IACC_H(1.0),25/06/26 23:00:00,A,PC_HH,DE3,2012,85.48,,
ESTAT:ISOC_R_IACC_H(1.0),25/06/26 23:00:00,A,PC_HH,DE3,2013,89.26,,
ESTAT:ISOC_R_IACC_H(1.0),25/06/26 23:00:00,A,PC_HH,DE3,2014,91.90,,
ESTAT:ISOC_R_IACC_H(1.0),25/06/26 23:00:00,A,PC_HH,DE3,2015,91.65,,
ESTAT:ISOC_R_IACC_H(1.0),25/06/26 23:00:00,A,PC_HH,DE3,2016,93.33,,
ESTAT:ISOC_R_IACC_H(1.0),25/06/26 23:00:00,A,PC_HH,DE3,2017,95.48,,
ESTAT:ISOC_R_IACC_H(1.0),25/06/26 23:00:00,A,PC_HH,DE3,2018,95.20,,
ESTAT:ISOC_R_IACC_H(1.0),25/06/26 23:00:00,A,PC_HH,DE3,2019,95.59,,
ESTAT:ISOC_R_IACC_H(1.0),25/06/26 23:00:00,A,PC_HH,DE3,2020,96.99,,
ESTAT:ISOC_R_IACC_H(1.0),25/06/26 23:00:00,A,PC_HH,DE3,2021,94.67,b,
ESTAT:ISOC_R_IACC_H(1.0),25/06/26 23:00:00,A,PC_HH,DE3,2022,92.75,,
ESTAT:ISOC_R_IACC_H(1.0),25/06/26 23:00:00,A,PC_HH,DE3,2023,91.54,,
ESTAT:ISOC_R_IACC_H(1.0),25/06/26 23:00:00,A,PC_HH,DE3,2024,94.25,,
ESTAT:ISOC_R_IACC_H(1.0),25/06/26 23:00:00,A,PC_HH,DE3,2025,92.85,,
ESTAT:ISOC_R_IACC_H(1.0),25/06/26 23:00:00,A,PC_HH,DE4,2006,,u,
ESTAT:ISOC_R_IACC_H(1.0),25/06/26 23:00:00,A,PC_HH,DE4,2007,,u,
ESTAT:ISOC_R_IACC_H(1.0),25/06/26 23:00:00,A,PC_HH,DE4,2008,64.60,,
ESTAT:ISOC_R_IACC_H(1.0),25/06/26 23:00:00,A,PC_HH,DE4,2009,61.89,,
ESTAT:ISOC_R_IACC_H(1.0),25/06/26 23:00:00,A,PC_HH,DE4,2010,74.47,,
ESTAT:ISOC_R_IACC_H(1.0),25/06/26 23:00:00,A,PC_HH,DE4,2011,70.98,,
ESTAT:ISOC_R_IACC_H(1.0),25/06/26 23:00:00,A,PC_HH,DE4,2012,76.91,,
ESTAT:ISOC_R_IACC_H(1.0),25/06/26 23:00:00,A,PC_HH,DE4,2013,76.39,,
ESTAT:ISOC_R_IACC_H(1.0),25/06/26 23:00:00,A,PC_HH,DE4,2014,81.58,,
ESTAT:ISOC_R_IACC_H(1.0),25/06/26 23:00:00,A,PC_HH,DE4,2015,83.22,,
ESTAT:ISOC_R_IACC_H(1.0),25/06/26 23:00:00,A,PC_HH,DE4,2016,86.54,,
ESTAT:ISOC_R_IACC_H(1.0),25/06/26 23:00:00,A,PC_HH,DE4,2017,84.83,,
ESTAT:ISOC_R_IACC_H(1.0),25/06/26 23:00:00,A,PC_HH,DE4,2018,89.35,,
ESTAT:ISOC_R_IACC_H(1.0),25/06/26 23:00:00,A,PC_HH,DE4,2019,89.52,,
ESTAT:ISOC_R_IACC_H(1.0),25/06/26 23:00:00,A,PC_HH,DE4,2020,92.02,,
ESTAT:ISOC_R_IACC_H(1.0),25/06/26 23:00:00,A,PC_HH,DE4,2021,89.56,b,
ESTAT:ISOC_R_IACC_H(1.0),25/06/26 23:00:00,A,PC_HH,DE4,2022,87.67,,
ESTAT:ISOC_R_IACC_H(1.0),25/06/26 23:00:00,A,PC_HH,DE4,2023,91.65,,
ESTAT:ISOC_R_IACC_H(1.0),25/06/26 23:00:00,A,PC_HH,DE4,2024,90.12,,
ESTAT:ISOC_R_IACC_H(1.0),25/06/26 23:00:00,A,PC_HH,DE4,2025,88.13,,
ESTAT:ISOC_R_IACC_H(1.0),25/06/26 23:00:00,A,PC_HH,DE5,2006,,u,
ESTAT:ISOC_R_IACC_H(1.0),25/06/26 23:00:00,A,PC_HH,DE5,2007,,u,
ESTAT:ISOC_R_IACC_H(1.0),25/06/26 23:00:00,A,PC_HH,DE5,2008,,u,
ESTAT:ISOC_R_IACC_H(1.0),25/06/26 23:00:00,A,PC_HH,DE5,2009,,u,
ESTAT:ISOC_R_IACC_H(1.0),25/06/26 23:00:00,A,PC_HH,DE5,2010,,u,
ESTAT:ISOC_R_IACC_H(1.0),25/06/26 23:00:00,A,PC_HH,DE5,2011,88.12,,
ESTAT:ISOC_R_IACC_H(1.0),25/06/26 23:00:00,A,PC_HH,DE5,2012,84.75,,
ESTAT:ISOC_R_IACC_H(1.0),25/06/26 23:00:00,A,PC_HH,DE5,2013,91.30,,
ESTAT:ISOC_R_IACC_H(1.0),25/06/26 23:00:00,A,PC_HH,DE5,2014,90.81,,
ESTAT:ISOC_R_IACC_H(1.0),25/06/26 23:00:00,A,PC_HH,DE5,2015,95.41,,
ESTAT:ISOC_R_IACC_H(1.0),25/06/26 23:00:00,A,PC_HH,DE5,2016,93.59,,
ESTAT:ISOC_R_IACC_H(1.0),25/06/26 23:00:00,A,PC_HH,DE5,2017,95.05,,
ESTAT:ISOC_R_IACC_H(1.0),25/06/26 23:00:00,A,PC_HH,DE5,2018,94.10,,
ESTAT:ISOC_R_IACC_H(1.0),25/06/26 23:00:00,A,PC_HH,DE5,2019,97.96,,
ESTAT:ISOC_R_IACC_H(1.0),25/06/26 23:00:00,A,PC_HH,DE5,2020,97.79,,
ESTAT:ISOC_R_IACC_H(1.0),25/06/26 23:00:00,A,PC_HH,DE5,2021,79.75,b,
ESTAT:ISOC_R_IACC_H(1.0),25/06/26 23:00:00,A,PC_HH,DE5,2022,86.31,,
ESTAT:ISOC_R_IACC_H(1.0),25/06/26 23:00:00,A,PC_HH,DE5,2023,84.38,,
ESTAT:ISOC_R_IACC_H(1.0),25/06/26 23:00:00,A,PC_HH,DE5,2024,88.72,,
ESTAT:ISOC_R_IACC_H(1.0),25/06/26 23:00:00,A,PC_HH,DE5,2025,94.76,,
ESTAT:ISOC_R_IACC_H(1.0),25/06/26 23:00:00,A,PC_HH,DE6,2006,72.82,,
ESTAT:ISOC_R_IACC_H(1.0),25/06/26 23:00:00,A,PC_HH,DE6,2007,76.80,,
ESTAT:ISOC_R_IACC_H(1.0),25/06/26 23:00:00,A,PC_HH,DE6,2008,75.28,,
ESTAT:ISOC_R_IACC_H(1.0),25/06/26 23:00:00,A,PC_HH,DE6,2009,81.39,,
ESTAT:ISOC_R_IACC_H(1.0),25/06/26 23:00:00,A,PC_HH,DE6,2010,81.77,,
ESTAT:ISOC_R_IACC_H(1.0),25/06/26 23:00:00,A,PC_HH,DE6,2011,85.53,,
ESTAT:ISOC_R_IACC_H(1.0),25/06/26 23:00:00,A,PC_HH,DE6,2012,84.57,,
ESTAT:ISOC_R_IACC_H(1.0),25/06/26 23:00:00,A,PC_HH,DE6,2013,89.73,,
ESTAT:ISOC_R_IACC_H(1.0),25/06/26 23:00:00,A,PC_HH,DE6,2014,93.43,,
ESTAT:ISOC_R_IACC_H(1.0),25/06/26 23:00:00,A,PC_HH,DE6,2015,90.59,,
ESTAT:ISOC_R_IACC_H(1.0),25/06/26 23:00:00,A,PC_HH,DE6,2016,94.98,,
ESTAT:ISOC_R_IACC_H(1.0),25/06/26 23:00:00,A,PC_HH,DE6,2017,96.42,,
ESTAT:ISOC_R_IACC_H(1.0),25/06/26 23:00:00,A,PC_HH,DE6,2018,96.63,,
ESTAT:ISOC_R_IACC_H(1.0),25/06/26 23:00:00,A,PC_HH,DE6,2019,96.04,,
ESTAT:ISOC_R_IACC_H(1.0),25/06/26 23:00:00,A,PC_HH,DE6,2020,96.45,,
ESTAT:ISOC_R_IACC_H(1.0),25/06/26 23:00:00,A,PC_HH,DE6,2021,92.96,b,
ESTAT:ISOC_R_IACC_H(1.0),25/06/26 23:00:00,A,PC_HH,DE6,2022,92.15,,
ESTAT:ISOC_R_IACC_H(1.0),25/06/26 23:00:00,A,PC_HH,DE6,2023,94.38,,
ESTAT:ISOC_R_IACC_H(1.0),25/06/26 23:00:00,A,PC_HH,DE6,2024,94.71,,
ESTAT:ISOC_R_IACC_H(1.0),25/06/26 23:00:00,A,PC_HH,DE6,2025,96.14,,
ESTAT:ISOC_R_IACC_H(1.0),25/06/26 23:00:00,A,PC_HH,DE7,2006,71.63,,
ESTAT:ISOC_R_IACC_H(1.0),25/06/26 23:00:00,A,PC_HH,DE7,2007,72.81,,
ESTAT:ISOC_R_IACC_H(1.0),25/06/26 23:00:00,A,PC_HH,DE7,2008,77.18,,
ESTAT:ISOC_R_IACC_H(1.0),25/06/26 23:00:00,A,PC_HH,DE7,2009,82.49,,
ESTAT:ISOC_R_IACC_H(1.0),25/06/26 23:00:00,A,PC_HH,DE7,2010,85.13,,
ESTAT:ISOC_R_IACC_H(1.0),25/06/26 23:00:00,A,PC_HH,DE7,2011,86.16,,
ESTAT:ISOC_R_IACC_H(1.0),25/06/26 23:00:00,A,PC_HH,DE7,2012,87.44,,
ESTAT:ISOC_R_IACC_H(1.0),25/06/26 23:00:00,A,PC_HH,DE7,2013,87.86,,
ESTAT:ISOC_R_IACC_H(1.0),25/06/26 23:00:00,A,PC_HH,DE7,2014,90.74,,
ESTAT:ISOC_R_IACC_H(1.0),25/06/26 23:00:00,A,PC_HH,DE7,2015,92.49,,
ESTAT:ISOC_R_IACC_H(1.0),25/06/26 23:00:00,A,PC_HH,DE7,2016,93.29,,
ESTAT:ISOC_R_IACC_H(1.0),25/06/26 23:00:00,A,PC_HH,DE7,2017,93.88,,
ESTAT:ISOC_R_IACC_H(1.0),25/06/26 23:00:00,A,PC_HH,DE7,2018,94.61,,
ESTAT:ISOC_R_IACC_H(1.0),25/06/26 23:00:00,A,PC_HH,DE7,2019,95.23,,
ESTAT:ISOC_R_IACC_H(1.0),25/06/26 23:00:00,A,PC_HH,DE7,2020,96.81,,
ESTAT:ISOC_R_IACC_H(1.0),25/06/26 23:00:00,A,PC_HH,DE7,2021,95.19,b,
ESTAT:ISOC_R_IACC_H(1.0),25/06/26 23:00:00,A,PC_HH,DE7,2022,93.34,,
ESTAT:ISOC_R_IACC_H(1.0),25/06/26 23:00:00,A,PC_HH,DE7,2023,93.69,,
ESTAT:ISOC_R_IACC_H(1.0),25/06/26 23:00:00,A,PC_HH,DE7,2024,92.63,,
ESTAT:ISOC_R_IACC_H(1.0),25/06/26 23:00:00,A,PC_HH,DE7,2025,95.66,,
ESTAT:ISOC_R_IACC_H(1.0),25/06/26 23:00:00,A,PC_HH,DE8,2006,,u,
ESTAT:ISOC_R_IACC_H(1.0),25/06/26 23:00:00,A,PC_HH,DE8,2007,,u,
ESTAT:ISOC_R_IACC_H(1.0),25/06/26 23:00:00,A,PC_HH,DE8,2008,66.06,,
ESTAT:ISOC_R_IACC_H(1.0),25/06/26 23:00:00,A,PC_HH,DE8,2009,68.08,,
ESTAT:ISOC_R_IACC_H(1.0),25/06/26 23:00:00,A,PC_HH,DE8,2010,67.31,,
ESTAT:ISOC_R_IACC_H(1.0),25/06/26 23:00:00,A,PC_HH,DE8,2011,72.96,,
ESTAT:ISOC_R_IACC_H(1.0),25/06/26 23:00:00,A,PC_HH,DE8,2012,75.40,,
ESTAT:ISOC_R_IACC_H(1.0),25/06/26 23:00:00,A,PC_HH,DE8,2013,78.15,,
ESTAT:ISOC_R_IACC_H(1.0),25/06/26 23:00:00,A,PC_HH,DE8,2014,83.16,,
ESTAT:ISOC_R_IACC_H(1.0),25/06/26 23:00:00,A,PC_HH,DE8,2015,86.68,,
ESTAT:ISOC_R_IACC_H(1.0),25/06/26 23:00:00,A,PC_HH,DE8,2016,90.67,,
ESTAT:ISOC_R_IACC_H(1.0),25/06/26 23:00:00,A,PC_HH,DE8,2017,87.67,,
ESTAT:ISOC_R_IACC_H(1.0),25/06/26 23:00:00,A,PC_HH,DE8,2018,89.80,,
ESTAT:ISOC_R_IACC_H(1.0),25/06/26 23:00:00,A,PC_HH,DE8,2019,92.35,,
ESTAT:ISOC_R_IACC_H(1.0),25/06/26 23:00:00,A,PC_HH,DE8,2020,94.92,,
ESTAT:ISOC_R_IACC_H(1.0),25/06/26 23:00:00,A,PC_HH,DE8,2021,87.26,b,
ESTAT:ISOC_R_IACC_H(1.0),25/06/26 23:00:00,A,PC_HH,DE8,2022,89.70,,
ESTAT:ISOC_R_IACC_H(1.0),25/06/26 23:00:00,A,PC_HH,DE8,2023,90.44,,
ESTAT:ISOC_R_IACC_H(1.0),25/06/26 23:00:00,A,PC_HH,DE8,2024,90.38,,
ESTAT:ISOC_R_IACC_H(1.0),25/06/26 23:00:00,A,PC_HH,DE8,2025,91.09,,
ESTAT:ISOC_R_IACC_H(1.0),25/06/26 23:00:00,A,PC_HH,DE9,2006,66.40,,
ESTAT:ISOC_R_IACC_H(1.0),25/06/26 23:00:00,A,PC_HH,DE9,2007,71.08,,
ESTAT:ISOC_R_IACC_H(1.0),25/06/26 23:00:00,A,PC_HH,DE9,2008,76.35,,
ESTAT:ISOC_R_IACC_H(1.0),25/06/26 23:00:00,A,PC_HH,DE9,2009,80.38,,
ESTAT:ISOC_R_IACC_H(1.0),25/06/26 23:00:00,A,PC_HH,DE9,2010,86.63,,
ESTAT:ISOC_R_IACC_H(1.0),25/06/26 23:00:00,A,PC_HH,DE9,2011,86.12,,
ESTAT:ISOC_R_IACC_H(1.0),25/06/26 23:00:00,A,PC_HH,DE9,2012,89.78,,
ESTAT:ISOC_R_IACC_H(1.0),25/06/26 23:00:00,A,PC_HH,DE9,2013,91.75,,
ESTAT:ISOC_R_IACC_H(1.0),25/06/26 23:00:00,A,PC_HH,DE9,2014,91.41,,
ESTAT:ISOC_R_IACC_H(1.0),25/06/26 23:00:00,A,PC_HH,DE9,2015,92.01,,
ESTAT:ISOC_R_IACC_H(1.0),25/06/26 23:00:00,A,PC_HH,DE9,2016,93.83,,
ESTAT:ISOC_R_IACC_H(1.0),25/06/26 23:00:00,A,PC_HH,DE9,2017,96.19,,
ESTAT:ISOC_R_IACC_H(1.0),25/06/26 23:00:00,A,PC_HH,DE9,2018,95.69,,
ESTAT:ISOC_R_IACC_H(1.0),25/06/26 23:00:00,A,PC_HH,DE9,2019,95.72,,
ESTAT:ISOC_R_IACC_H(1.0),25/06/26 23:00:00,A,PC_HH,DE9,2020,97.33,,
ESTAT:ISOC_R_IACC_H(1.0),25/06/26 23:00:00,A,PC_HH,DE9,2021,91.04,b,
ESTAT:ISOC_R_IACC_H(1.0),25/06/26 23:00:00,A,PC_HH,DE9,2022,90.96,,
ESTAT:ISOC_R_IACC_H(1.0),25/06/26 23:00:00,A,PC_HH,DE9,2023,90.65,,
ESTAT:ISOC_R_IACC_H(1.0),25/06/26 23:00:00,A,PC_HH,DE9,2024,91.10,,
ESTAT:ISOC_R_IACC_H(1.0),25/06/26 23:00:00,A,PC_HH,DE9,2025,92.88,,
ESTAT:ISOC_R_IACC_H(1.0),25/06/26 23:00:00,A,PC_HH,DEA,2006,67.91,,
ESTAT:ISOC_R_IACC_H(1.0),25/06/26 23:00:00,A,PC_HH,DEA,2007,70.11,,
ESTAT:ISOC_R_IACC_H(1.0),25/06/26 23:00:00,A,PC_HH,DEA,2008,78.48,,
ESTAT:ISOC_R_IACC_H(1.0),25/06/26 23:00:00,A,PC_HH,DEA,2009,83.74,,
ESTAT:ISOC_R_IACC_H(1.0),25/06/26 23:00:00,A,PC_HH,DEA,2010,84.77,,
ESTAT:ISOC_R_IACC_H(1.0),25/06/26 23:00:00,A,PC_HH,DEA,2011,85.94,,
ESTAT:ISOC_R_IACC_H(1.0),25/06/26 23:00:00,A,PC_HH,DEA,2012,87.79,,
ESTAT:ISOC_R_IACC_H(1.0),25/06/26 23:00:00,A,PC_HH,DEA,2013,89.25,,
ESTAT:ISOC_R_IACC_H(1.0),25/06/26 23:00:00,A,PC_HH,DEA,2014,90.52,,
ESTAT:ISOC_R_IACC_H(1.0),25/06/26 23:00:00,A,PC_HH,DEA,2015,90.63,,
ESTAT:ISOC_R_IACC_H(1.0),25/06/26 23:00:00,A,PC_HH,DEA,2016,92.44,,
ESTAT:ISOC_R_IACC_H(1.0),25/06/26 23:00:00,A,PC_HH,DEA,2017,93.69,,
ESTAT:ISOC_R_IACC_H(1.0),25/06/26 23:00:00,A,PC_HH,DEA,2018,95.91,,
ESTAT:ISOC_R_IACC_H(1.0),25/06/26 23:00:00,A,PC_HH,DEA,2019,94.87,,
ESTAT:ISOC_R_IACC_H(1.0),25/06/26 23:00:00,A,PC_HH,DEA,2020,95.07,,
ESTAT:ISOC_R_IACC_H(1.0),25/06/26 23:00:00,A,PC_HH,DEA,2021,93.39,b,
ESTAT:ISOC_R_IACC_H(1.0),25/06/26 23:00:00,A,PC_HH,DEA,2022,92.11,,
ESTAT:ISOC_R_IACC_H(1.0),25/06/26 23:00:00,A,PC_HH,DEA,2023,92.59,,
ESTAT:ISOC_R_IACC_H(1.0),25/06/26 23:00:00,A,PC_HH,DEA,2024,91.93,,
ESTAT:ISOC_R_IACC_H(1.0),25/06/26 23:00:00,A,PC_HH,DEA,2025,94.94,,
ESTAT:ISOC_R_IACC_H(1.0),25/06/26 23:00:00,A,PC_HH,DEB,2006,65.62,,
ESTAT:ISOC_R_IACC_H(1.0),25/06/26 23:00:00,A,PC_HH,DEB,2007,73.15,,
ESTAT:ISOC_R_IACC_H(1.0),25/06/26 23:00:00,A,PC_HH,DEB,2008,77.95,,
ESTAT:ISOC_R_IACC_H(1.0),25/06/26 23:00:00,A,PC_HH,DEB,2009,80.54,,
ESTAT:ISOC_R_IACC_H(1.0),25/06/26 23:00:00,A,PC_HH,DEB,2010,80.89,,
ESTAT:ISOC_R_IACC_H(1.0),25/06/26 23:00:00,A,PC_HH,DEB,2011,83.92,,
ESTAT:ISOC_R_IACC_H(1.0),25/06/26 23:00:00,A,PC_HH,DEB,2012,85.78,,
ESTAT:ISOC_R_IACC_H(1.0),25/06/26 23:00:00,A,PC_HH,DEB,2013,88.41,,
ESTAT:ISOC_R_IACC_H(1.0),25/06/26 23:00:00,A,PC_HH,DEB,2014,90.44,,
ESTAT:ISOC_R_IACC_H(1.0),25/06/26 23:00:00,A,PC_HH,DEB,2015,91.32,,
ESTAT:ISOC_R_IACC_H(1.0),25/06/26 23:00:00,A,PC_HH,DEB,2016,92.69,,
ESTAT:ISOC_R_IACC_H(1.0),25/06/26 23:00:00,A,PC_HH,DEB,2017,94.14,,
ESTAT:ISOC_R_IACC_H(1.0),25/06/26 23:00:00,A,PC_HH,DEB,2018,94.72,,
ESTAT:ISOC_R_IACC_H(1.0),25/06/26 23:00:00,A,PC_HH,DEB,2019,94.97,,
ESTAT:ISOC_R_IACC_H(1.0),25/06/26 23:00:00,A,PC_HH,DEB,2020,96.42,,
ESTAT:ISOC_R_IACC_H(1.0),25/06/26 23:00:00,A,PC_HH,DEB,2021,93.12,b,
ESTAT:ISOC_R_IACC_H(1.0),25/06/26 23:00:00,A,PC_HH,DEB,2022,93.79,,
ESTAT:ISOC_R_IACC_H(1.0),25/06/26 23:00:00,A,PC_HH,DEB,2023,93.38,,
ESTAT:ISOC_R_IACC_H(1.0),25/06/26 23:00:00,A,PC_HH,DEB,2024,94.84,,
ESTAT:ISOC_R_IACC_H(1.0),25/06/26 23:00:00,A,PC_HH,DEB,2025,92.61,,
ESTAT:ISOC_R_IACC_H(1.0),25/06/26 23:00:00,A,PC_HH,DEC,2006,67.46,,
ESTAT:ISOC_R_IACC_H(1.0),25/06/26 23:00:00,A,PC_HH,DEC,2007,77.17,,
ESTAT:ISOC_R_IACC_H(1.0),25/06/26 23:00:00,A,PC_HH,DEC,2008,74.87,,
ESTAT:ISOC_R_IACC_H(1.0),25/06/26 23:00:00,A,PC_HH,DEC,2009,77.44,,
ESTAT:ISOC_R_IACC_H(1.0),25/06/26 23:00:00,A,PC_HH,DEC,2010,79.20,,
ESTAT:ISOC_R_IACC_H(1.0),25/06/26 23:00:00,A,PC_HH,DEC,2011,76.40,,
ESTAT:ISOC_R_IACC_H(1.0),25/06/26 23:00:00,A,PC_HH,DEC,2012,78.32,,
ESTAT:ISOC_R_IACC_H(1.0),25/06/26 23:00:00,A,PC_HH,DEC,2013,84.68,,
ESTAT:ISOC_R_IACC_H(1.0),25/06/26 23:00:00,A,PC_HH,DEC,2014,90.33,,
ESTAT:ISOC_R_IACC_H(1.0),25/06/26 23:00:00,A,PC_HH,DEC,2015,92.42,,
ESTAT:ISOC_R_IACC_H(1.0),25/06/26 23:00:00,A,PC_HH,DEC,2016,90.34,,
ESTAT:ISOC_R_IACC_H(1.0),25/06/26 23:00:00,A,PC_HH,DEC,2017,89.36,,
ESTAT:ISOC_R_IACC_H(1.0),25/06/26 23:00:00,A,PC_HH,DEC,2018,94.52,,
ESTAT:ISOC_R_IACC_H(1.0),25/06/26 23:00:00,A,PC_HH,DEC,2019,95.68,,
ESTAT:ISOC_R_IACC_H(1.0),25/06/26 23:00:00,A,PC_HH,DEC,2020,96.53,,
ESTAT:ISOC_R_IACC_H(1.0),25/06/26 23:00:00,A,PC_HH,DEC,2021,91.93,b,
ESTAT:ISOC_R_IACC_H(1.0),25/06/26 23:00:00,A,PC_HH,DEC,2022,91.71,,
ESTAT:ISOC_R_IACC_H(1.0),25/06/26 23:00:00,A,PC_HH,DEC,2023,87.61,,
ESTAT:ISOC_R_IACC_H(1.0),25/06/26 23:00:00,A,PC_HH,DEC,2024,95.13,,
ESTAT:ISOC_R_IACC_H(1.0),25/06/26 23:00:00,A,PC_HH,DEC,2025,93.99,,
ESTAT:ISOC_R_IACC_H(1.0),25/06/26 23:00:00,A,PC_HH,DED,2006,,u,
ESTAT:ISOC_R_IACC_H(1.0),25/06/26 23:00:00,A,PC_HH,DED,2007,,u,
ESTAT:ISOC_R_IACC_H(1.0),25/06/26 23:00:00,A,PC_HH,DED,2008,64.24,,
ESTAT:ISOC_R_IACC_H(1.0),25/06/26 23:00:00,A,PC_HH,DED,2009,64.52,,
ESTAT:ISOC_R_IACC_H(1.0),25/06/26 23:00:00,A,PC_HH,DED,2010,77.18,,
ESTAT:ISOC_R_IACC_H(1.0),25/06/26 23:00:00,A,PC_HH,DED,2011,75.74,,
ESTAT:ISOC_R_IACC_H(1.0),25/06/26 23:00:00,A,PC_HH,DED,2012,78.40,,
ESTAT:ISOC_R_IACC_H(1.0),25/06/26 23:00:00,A,PC_HH,DED,2013,82.09,,
ESTAT:ISOC_R_IACC_H(1.0),25/06/26 23:00:00,A,PC_HH,DED,2014,85.83,,
ESTAT:ISOC_R_IACC_H(1.0),25/06/26 23:00:00,A,PC_HH,DED,2015,83.23,,
ESTAT:ISOC_R_IACC_H(1.0),25/06/26 23:00:00,A,PC_HH,DED,2016,91.69,,
ESTAT:ISOC_R_IACC_H(1.0),25/06/26 23:00:00,A,PC_HH,DED,2017,87.61,,
ESTAT:ISOC_R_IACC_H(1.0),25/06/26 23:00:00,A,PC_HH,DED,2018,92.15,,
ESTAT:ISOC_R_IACC_H(1.0),25/06/26 23:00:00,A,PC_HH,DED,2019,92.41,,
ESTAT:ISOC_R_IACC_H(1.0),25/06/26 23:00:00,A,PC_HH,DED,2020,94.23,,
ESTAT:ISOC_R_IACC_H(1.0),25/06/26 23:00:00,A,PC_HH,DED,2021,91.92,b,
ESTAT:ISOC_R_IACC_H(1.0),25/06/26 23:00:00,A,PC_HH,DED,2022,90.87,,
ESTAT:ISOC_R_IACC_H(1.0),25/06/26 23:00:00,A,PC_HH,DED,2023,92.33,,
ESTAT:ISOC_R_IACC_H(1.0),25/06/26 23:00:00,A,PC_HH,DED,2024,91.19,,
ESTAT:ISOC_R_IACC_H(1.0),25/06/26 23:00:00,A,PC_HH,DED,2025,91.84,,
ESTAT:ISOC_R_IACC_H(1.0),25/06/26 23:00:00,A,PC_HH,DEE,2006,,u,
ESTAT:ISOC_R_IACC_H(1.0),25/06/26 23:00:00,A,PC_HH,DEE,2007,,u,
ESTAT:ISOC_R_IACC_H(1.0),25/06/26 23:00:00,A,PC_HH,DEE,2008,65.91,,
ESTAT:ISOC_R_IACC_H(1.0),25/06/26 23:00:00,A,PC_HH,DEE,2009,76.09,,
ESTAT:ISOC_R_IACC_H(1.0),25/06/26 23:00:00,A,PC_HH,DEE,2010,75.76,,
ESTAT:ISOC_R_IACC_H(1.0),25/06/26 23:00:00,A,PC_HH,DEE,2011,78.52,,
ESTAT:ISOC_R_IACC_H(1.0),25/06/26 23:00:00,A,PC_HH,DEE,2012,81.29,,
ESTAT:ISOC_R_IACC_H(1.0),25/06/26 23:00:00,A,PC_HH,DEE,2013,85.07,,
ESTAT:ISOC_R_IACC_H(1.0),25/06/26 23:00:00,A,PC_HH,DEE,2014,86.35,,
ESTAT:ISOC_R_IACC_H(1.0),25/06/26 23:00:00,A,PC_HH,DEE,2015,87.60,,
ESTAT:ISOC_R_IACC_H(1.0),25/06/26 23:00:00,A,PC_HH,DEE,2016,89.13,,
ESTAT:ISOC_R_IACC_H(1.0),25/06/26 23:00:00,A,PC_HH,DEE,2017,91.33,,
ESTAT:ISOC_R_IACC_H(1.0),25/06/26 23:00:00,A,PC_HH,DEE,2018,91.79,,
ESTAT:ISOC_R_IACC_H(1.0),25/06/26 23:00:00,A,PC_HH,DEE,2019,95.27,,
ESTAT:ISOC_R_IACC_H(1.0),25/06/26 23:00:00,A,PC_HH,DEE,2020,97.69,,
ESTAT:ISOC_R_IACC_H(1.0),25/06/26 23:00:00,A,PC_HH,DEE,2021,84.19,b,
ESTAT:ISOC_R_IACC_H(1.0),25/06/26 23:00:00,A,PC_HH,DEE,2022,89.03,,
ESTAT:ISOC_R_IACC_H(1.0),25/06/26 23:00:00,A,PC_HH,DEE,2023,87.83,,
ESTAT:ISOC_R_IACC_H(1.0),25/06/26 23:00:00,A,PC_HH,DEE,2024,88.85,,
ESTAT:ISOC_R_IACC_H(1.0),25/06/26 23:00:00,A,PC_HH,DEE,2025,87.82,,
ESTAT:ISOC_R_IACC_H(1.0),25/06/26 23:00:00,A,PC_HH,DEF,2006,71.06,,
ESTAT:ISOC_R_IACC_H(1.0),25/06/26 23:00:00,A,PC_HH,DEF,2007,73.57,,
ESTAT:ISOC_R_IACC_H(1.0),25/06/26 23:00:00,A,PC_HH,DEF,2008,72.53,,
ESTAT:ISOC_R_IACC_H(1.0),25/06/26 23:00:00,A,PC_HH,DEF,2009,84.42,,
ESTAT:ISOC_R_IACC_H(1.0),25/06/26 23:00:00,A,PC_HH,DEF,2010,85.64,,
ESTAT:ISOC_R_IACC_H(1.0),25/06/26 23:00:00,A,PC_HH,DEF,2011,84.43,,
ESTAT:ISOC_R_IACC_H(1.0),25/06/26 23:00:00,A,PC_HH,DEF,2012,84.80,,
ESTAT:ISOC_R_IACC_H(1.0),25/06/26 23:00:00,A,PC_HH,DEF,2013,90.07,,
ESTAT:ISOC_R_IACC_H(1.0),25/06/26 23:00:00,A,PC_HH,DEF,2014,91.50,,
ESTAT:ISOC_R_IACC_H(1.0),25/06/26 23:00:00,A,PC_HH,DEF,2015,91.72,,
ESTAT:ISOC_R_IACC_H(1.0),25/06/26 23:00:00,A,PC_HH,DEF,2016,93.06,,
ESTAT:ISOC_R_IACC_H(1.0),25/06/26 23:00:00,A,PC_HH,DEF,2017,91.46,,
ESTAT:ISOC_R_IACC_H(1.0),25/06/26 23:00:00,A,PC_HH,DEF,2018,96.26,,
ESTAT:ISOC_R_IACC_H(1.0),25/06/26 23:00:00,A,PC_HH,DEF,2019,96.05,,
ESTAT:ISOC_R_IACC_H(1.0),25/06/26 23:00:00,A,PC_HH,DEF,2020,96.01,,
ESTAT:ISOC_R_IACC_H(1.0),25/06/26 23:00:00,A,PC_HH,DEF,2021,94.07,b,
ESTAT:ISOC_R_IACC_H(1.0),25/06/26 23:00:00,A,PC_HH,DEF,2022,93.96,,
ESTAT:ISOC_R_IACC_H(1.0),25/06/26 23:00:00,A,PC_HH,DEF,2023,85.90,,
ESTAT:ISOC_R_IACC_H(1.0),25/06/26 23:00:00,A,PC_HH,DEF,2024,92.51,,
ESTAT:ISOC_R_IACC_H(1.0),25/06/26 23:00:00,A,PC_HH,DEF,2025,92.88,,
ESTAT:ISOC_R_IACC_H(1.0),25/06/26 23:00:00,A,PC_HH,DEG,2006,,u,
ESTAT:ISOC_R_IACC_H(1.0),25/06/26 23:00:00,A,PC_HH,DEG,2007,,u,
ESTAT:ISOC_R_IACC_H(1.0),25/06/26 23:00:00,A,PC_HH,DEG,2008,70.91,,
ESTAT:ISOC_R_IACC_H(1.0),25/06/26 23:00:00,A,PC_HH,DEG,2009,79.06,,
ESTAT:ISOC_R_IACC_H(1.0),25/06/26 23:00:00,A,PC_HH,DEG,2010,83.61,,
ESTAT:ISOC_R_IACC_H(1.0),25/06/26 23:00:00,A,PC_HH,DEG,2011,82.32,,
ESTAT:ISOC_R_IACC_H(1.0),25/06/26 23:00:00,A,PC_HH,DEG,2012,87.72,,
ESTAT:ISOC_R_IACC_H(1.0),25/06/26 23:00:00,A,PC_HH,DEG,2013,89.15,,
ESTAT:ISOC_R_IACC_H(1.0),25/06/26 23:00:00,A,PC_HH,DEG,2014,88.05,,
ESTAT:ISOC_R_IACC_H(1.0),25/06/26 23:00:00,A,PC_HH,DEG,2015,90.51,,
ESTAT:ISOC_R_IACC_H(1.0),25/06/26 23:00:00,A,PC_HH,DEG,2016,90.79,,
ESTAT:ISOC_R_IACC_H(1.0),25/06/26 23:00:00,A,PC_HH,DEG,2017,92.76,,
ESTAT:ISOC_R_IACC_H(1.0),25/06/26 23:00:00,A,PC_HH,DEG,2018,95.75,,
ESTAT:ISOC_R_IACC_H(1.0),25/06/26 23:00:00,A,PC_HH,DEG,2019,94.16,,
ESTAT:ISOC_R_IACC_H(1.0),25/06/26 23:00:00,A,PC_HH,DEG,2020,94.90,,
ESTAT:ISOC_R_IACC_H(1.0),25/06/26 23:00:00,A,PC_HH,DEG,2021,88.52,b,
ESTAT:ISOC_R_IACC_H(1.0),25/06/26 23:00:00,A,PC_HH,DEG,2022,86.55,,
ESTAT:ISOC_R_IACC_H(1.0),25/06/26 23:00:00,A,PC_HH,DEG,2023,89.47,,
ESTAT:ISOC_R_IACC_H(1.0),25/06/26 23:00:00,A,PC_HH,DEG,2024,89.02,,
ESTAT:ISOC_R_IACC_H(1.0),25/06/26 23:00:00,A,PC_HH,DEG,2025,89.02,,
ESTAT:ISOC_R_IACC_H(1.0),25/06/26 23:00:00,A,PC_HH,DK,2006,78.73,,
ESTAT:ISOC_R_IACC_H(1.0),25/06/26 23:00:00,A,PC_HH,DK,2007,78.05,,
ESTAT:ISOC_R_IACC_H(1.0),25/06/26 23:00:00,A,PC_HH,DK,2008,81.88,,
ESTAT:ISOC_R_IACC_H(1.0),25/06/26 23:00:00,A,PC_HH,DK,2009,82.53,,
ESTAT:ISOC_R_IACC_H(1.0),25/06/26 23:00:00,A,PC_HH,DK,2010,86.10,,
ESTAT:ISOC_R_IACC_H(1.0),25/06/26 23:00:00,A,PC_HH,DK,2011,90.08,,
ESTAT:ISOC_R_IACC_H(1.0),25/06/26 23:00:00,A,PC_HH,DK,2012,92.00,,
ESTAT:ISOC_R_IACC_H(1.0),25/06/26 23:00:00,A,PC_HH,DK,2013,92.71,,
ESTAT:ISOC_R_IACC_H(1.0),25/06/26 23:00:00,A,PC_HH,DK,2014,93.12,,
ESTAT:ISOC_R_IACC_H(1.0),25/06/26 23:00:00,A,PC_HH,DK,2015,91.74,,
ESTAT:ISOC_R_IACC_H(1.0),25/06/26 23:00:00,A,PC_HH,DK,2016,94.34,,
ESTAT:ISOC_R_IACC_H(1.0),25/06/26 23:00:00,A,PC_HH,DK,2017,97.00,,
ESTAT:ISOC_R_IACC_H(1.0),25/06/26 23:00:00,A,PC_HH,DK,2018,92.66,,
ESTAT:ISOC_R_IACC_H(1.0),25/06/26 23:00:00,A,PC_HH,DK,2019,95.43,,
ESTAT:ISOC_R_IACC_H(1.0),25/06/26 23:00:00,A,PC_HH,DK,2020,95.27,,
ESTAT:ISOC_R_IACC_H(1.0),25/06/26 23:00:00,A,PC_HH,DK,2021,96.14,,
ESTAT:ISOC_R_IACC_H(1.0),25/06/26 23:00:00,A,PC_HH,DK,2022,95.16,,
ESTAT:ISOC_R_IACC_H(1.0),25/06/26 23:00:00,A,PC_HH,DK,2023,96.09,,
ESTAT:ISOC_R_IACC_H(1.0),25/06/26 23:00:00,A,PC_HH,DK,2024,96.92,,
ESTAT:ISOC_R_IACC_H(1.0),25/06/26 23:00:00,A,PC_HH,DK,2025,97.42,,
ESTAT:ISOC_R_IACC_H(1.0),25/06/26 23:00:00,A,PC_HH,DK0,2008,81.88,,
ESTAT:ISOC_R_IACC_H(1.0),25/06/26 23:00:00,A,PC_HH,DK0,2009,82.53,,
ESTAT:ISOC_R_IACC_H(1.0),25/06/26 23:00:00,A,PC_HH,DK0,2010,86.10,,
ESTAT:ISOC_R_IACC_H(1.0),25/06/26 23:00:00,A,PC_HH,DK0,2011,90.08,,
ESTAT:ISOC_R_IACC_H(1.0),25/06/26 23:00:00,A,PC_HH,DK0,2012,92.00,,
ESTAT:ISOC_R_IACC_H(1.0),25/06/26 23:00:00,A,PC_HH,DK0,2013,92.71,,
ESTAT:ISOC_R_IACC_H(1.0),25/06/26 23:00:00,A,PC_HH,DK0,2014,93.12,,
ESTAT:ISOC_R_IACC_H(1.0),25/06/26 23:00:00,A,PC_HH,DK0,2015,91.74,,
ESTAT:ISOC_R_IACC_H(1.0),25/06/26 23:00:00,A,PC_HH,DK0,2016,94.34,,
ESTAT:ISOC_R_IACC_H(1.0),25/06/26 23:00:00,A,PC_HH,DK0,2017,97.00,,
ESTAT:ISOC_R_IACC_H(1.0),25/06/26 23:00:00,A,PC_HH,DK0,2018,92.66,,
ESTAT:ISOC_R_IACC_H(1.0),25/06/26 23:00:00,A,PC_HH,DK0,2019,95.43,,
ESTAT:ISOC_R_IACC_H(1.0),25/06/26 23:00:00,A,PC_HH,DK0,2020,95.27,,
ESTAT:ISOC_R_IACC_H(1.0),25/06/26 23:00:00,A,PC_HH,DK0,2021,96.14,,
ESTAT:ISOC_R_IACC_H(1.0),25/06/26 23:00:00,A,PC_HH,DK0,2022,95.16,,
ESTAT:ISOC_R_IACC_H(1.0),25/06/26 23:00:00,A,PC_HH,DK0,2023,96.09,,
ESTAT:ISOC_R_IACC_H(1.0),25/06/26 23:00:00,A,PC_HH,DK0,2024,96.92,,
ESTAT:ISOC_R_IACC_H(1.0),25/06/26 23:00:00,A,PC_HH,DK0,2025,97.42,,
ESTAT:ISOC_R_IACC_H(1.0),25/06/26 23:00:00,A,PC_HH,DK01,2008,85.52,,
ESTAT:ISOC_R_IACC_H(1.0),25/06/26 23:00:00,A,PC_HH,DK01,2009,85.68,,
ESTAT:ISOC_R_IACC_H(1.0),25/06/26 23:00:00,A,PC_HH,DK01,2010,89.10,,
ESTAT:ISOC_R_IACC_H(1.0),25/06/26 23:00:00,A,PC_HH,DK01,2011,92.62,,
ESTAT:ISOC_R_IACC_H(1.0),25/06/26 23:00:00,A,PC_HH,DK01,2012,94.34,,
ESTAT:ISOC_R_IACC_H(1.0),25/06/26 23:00:00,A,PC_HH,DK01,2013,94.10,,
ESTAT:ISOC_R_IACC_H(1.0),25/06/26 23:00:00,A,PC_HH,DK01,2014,95.11,,
ESTAT:ISOC_R_IACC_H(1.0),25/06/26 23:00:00,A,PC_HH,DK01,2015,91.19,,
ESTAT:ISOC_R_IACC_H(1.0),25/06/26 23:00:00,A,PC_HH,DK01,2016,95.08,,
ESTAT:ISOC_R_IACC_H(1.0),25/06/26 23:00:00,A,PC_HH,DK01,2017,98.08,,
ESTAT:ISOC_R_IACC_H(1.0),25/06/26 23:00:00,A,PC_HH,DK01,2018,92.69,,
ESTAT:ISOC_R_IACC_H(1.0),25/06/26 23:00:00,A,PC_HH,DK01,2019,95.33,,
ESTAT:ISOC_R_IACC_H(1.0),25/06/26 23:00:00,A,PC_HH,DK01,2020,95.67,,
ESTAT:ISOC_R_IACC_H(1.0),25/06/26 23:00:00,A,PC_HH,DK01,2021,97.07,,
ESTAT:ISOC_R_IACC_H(1.0),25/06/26 23:00:00,A,PC_HH,DK01,2022,95.95,,
ESTAT:ISOC_R_IACC_H(1.0),25/06/26 23:00:00,A,PC_HH,DK01,2023,98.00,,
ESTAT:ISOC_R_IACC_H(1.0),25/06/26 23:00:00,A,PC_HH,DK01,2024,96.92,,
ESTAT:ISOC_R_IACC_H(1.0),25/06/26 23:00:00,A,PC_HH,DK01,2025,97.75,,
ESTAT:ISOC_R_IACC_H(1.0),25/06/26 23:00:00,A,PC_HH,DK02,2008,79.77,,
ESTAT:ISOC_R_IACC_H(1.0),25/06/26 23:00:00,A,PC_HH,DK02,2009,78.54,,
ESTAT:ISOC_R_IACC_H(1.0),25/06/26 23:00:00,A,PC_HH,DK02,2010,82.42,,
ESTAT:ISOC_R_IACC_H(1.0),25/06/26 23:00:00,A,PC_HH,DK02,2011,89.12,,
ESTAT:ISOC_R_IACC_H(1.0),25/06/26 23:00:00,A,PC_HH,DK02,2012,90.20,,
ESTAT:ISOC_R_IACC_H(1.0),25/06/26 23:00:00,A,PC_HH,DK02,2013,89.40,,
ESTAT:ISOC_R_IACC_H(1.0),25/06/26 23:00:00,A,PC_HH,DK02,2014,92.69,,
ESTAT:ISOC_R_IACC_H(1.0),25/06/26 23:00:00,A,PC_HH,DK02,2015,93.21,,
ESTAT:ISOC_R_IACC_H(1.0),25/06/26 23:00:00,A,PC_HH,DK02,2016,94.62,,
ESTAT:ISOC_R_IACC_H(1.0),25/06/26 23:00:00,A,PC_HH,DK02,2017,96.09,,
ESTAT:ISOC_R_IACC_H(1.0),25/06/26 23:00:00,A,PC_HH,DK02,2018,91.13,,
ESTAT:ISOC_R_IACC_H(1.0),25/06/26 23:00:00,A,PC_HH,DK02,2019,94.74,,
ESTAT:ISOC_R_IACC_H(1.0),25/06/26 23:00:00,A,PC_HH,DK02,2020,94.48,,
ESTAT:ISOC_R_IACC_H(1.0),25/06/26 23:00:00,A,PC_HH,DK02,2021,94.64,,
ESTAT:ISOC_R_IACC_H(1.0),25/06/26 23:00:00,A,PC_HH,DK02,2022,95.49,,
ESTAT:ISOC_R_IACC_H(1.0),25/06/26 23:00:00,A,PC_HH,DK02,2023,92.78,,
ESTAT:ISOC_R_IACC_H(1.0),25/06/26 23:00:00,A,PC_HH,DK02,2024,97.15,,
ESTAT:ISOC_R_IACC_H(1.0),25/06/26 23:00:00,A,PC_HH,DK02,2025,97.06,,
ESTAT:ISOC_R_IACC_H(1.0),25/06/26 23:00:00,A,PC_HH,DK03,2008,80.16,,
ESTAT:ISOC_R_IACC_H(1.0),25/06/26 23:00:00,A,PC_HH,DK03,2009,79.28,,
ESTAT:ISOC_R_IACC_H(1.0),25/06/26 23:00:00,A,PC_HH,DK03,2010,86.06,,
ESTAT:ISOC_R_IACC_H(1.0),25/06/26 23:00:00,A,PC_HH,DK03,2011,85.96,,
ESTAT:ISOC_R_IACC_H(1.0),25/06/26 23:00:00,A,PC_HH,DK03,2012,88.92,,
ESTAT:ISOC_R_IACC_H(1.0),25/06/26 23:00:00,A,PC_HH,DK03,2013,91.33,,
ESTAT:ISOC_R_IACC_H(1.0),25/06/26 23:00:00,A,PC_HH,DK03,2014,90.29,,
ESTAT:ISOC_R_IACC_H(1.0),25/06/26 23:00:00,A,PC_HH,DK03,2015,93.53,,
ESTAT:ISOC_R_IACC_H(1.0),25/06/26 23:00:00,A,PC_HH,DK03,2016,91.73,,
ESTAT:ISOC_R_IACC_H(1.0),25/06/26 23:00:00,A,PC_HH,DK03,2017,97.34,,
ESTAT:ISOC_R_IACC_H(1.0),25/06/26 23:00:00,A,PC_HH,DK03,2018,91.79,,
ESTAT:ISOC_R_IACC_H(1.0),25/06/26 23:00:00,A,PC_HH,DK03,2019,95.32,,
ESTAT:ISOC_R_IACC_H(1.0),25/06/26 23:00:00,A,PC_HH,DK03,2020,95.63,,
ESTAT:ISOC_R_IACC_H(1.0),25/06/26 23:00:00,A,PC_HH,DK03,2021,95.57,,
ESTAT:ISOC_R_IACC_H(1.0),25/06/26 23:00:00,A,PC_HH,DK03,2022,94.54,,
ESTAT:ISOC_R_IACC_H(1.0),25/06/26 23:00:00,A,PC_HH,DK03,2023,95.71,,
ESTAT:ISOC_R_IACC_H(1.0),25/06/26 23:00:00,A,PC_HH,DK03,2024,95.56,,
ESTAT:ISOC_R_IACC_H(1.0),25/06/26 23:00:00,A,PC_HH,DK03,2025,97.52,,
ESTAT:ISOC_R_IACC_H(1.0),25/06/26 23:00:00,A,PC_HH,DK04,2008,82.88,,
ESTAT:ISOC_R_IACC_H(1.0),25/06/26 23:00:00,A,PC_HH,DK04,2009,83.47,,
ESTAT:ISOC_R_IACC_H(1.0),25/06/26 23:00:00,A,PC_HH,DK04,2010,85.81,,
ESTAT:ISOC_R_IACC_H(1.0),25/06/26 23:00:00,A,PC_HH,DK04,2011,91.15,,
ESTAT:ISOC_R_IACC_H(1.0),25/06/26 23:00:00,A,PC_HH,DK04,2012,94.39,,
ESTAT:ISOC_R_IACC_H(1.0),25/06/26 23:00:00,A,PC_HH,DK04,2013,93.79,,
ESTAT:ISOC_R_IACC_H(1.0),25/06/26 23:00:00,A,PC_HH,DK04,2014,94.23,,
ESTAT:ISOC_R_IACC_H(1.0),25/06/26 23:00:00,A,PC_HH,DK04,2015,90.89,,
ESTAT:ISOC_R_IACC_H(1.0),25/06/26 23:00:00,A,PC_HH,DK04,2016,95.15,,
ESTAT:ISOC_R_IACC_H(1.0),25/06/26 23:00:00,A,PC_HH,DK04,2017,96.35,,
ESTAT:ISOC_R_IACC_H(1.0),25/06/26 23:00:00,A,PC_HH,DK04,2018,93.90,,
ESTAT:ISOC_R_IACC_H(1.0),25/06/26 23:00:00,A,PC_HH,DK04,2019,96.24,,
ESTAT:ISOC_R_IACC_H(1.0),25/06/26 23:00:00,A,PC_HH,DK04,2020,95.83,,
ESTAT:ISOC_R_IACC_H(1.0),25/06/26 23:00:00,A,PC_HH,DK04,2021,97.12,,
ESTAT:ISOC_R_IACC_H(1.0),25/06/26 23:00:00,A,PC_HH,DK04,2022,94.43,,
ESTAT:ISOC_R_IACC_H(1.0),25/06/26 23:00:00,A,PC_HH,DK04,2023,96.45,,
ESTAT:ISOC_R_IACC_H(1.0),25/06/26 23:00:00,A,PC_HH,DK04,2024,97.94,,
ESTAT:ISOC_R_IACC_H(1.0),25/06/26 23:00:00,A,PC_HH,DK04,2025,97.55,,
ESTAT:ISOC_R_IACC_H(1.0),25/06/26 23:00:00,A,PC_HH,DK05,2008,75.22,,
ESTAT:ISOC_R_IACC_H(1.0),25/06/26 23:00:00,A,PC_HH,DK05,2009,82.75,,
ESTAT:ISOC_R_IACC_H(1.0),25/06/26 23:00:00,A,PC_HH,DK05,2010,82.12,,
ESTAT:ISOC_R_IACC_H(1.0),25/06/26 23:00:00,A,PC_HH,DK05,2011,89.90,,
ESTAT:ISOC_R_IACC_H(1.0),25/06/26 23:00:00,A,PC_HH,DK05,2012,89.54,,
ESTAT:ISOC_R_IACC_H(1.0),25/06/26 23:00:00,A,PC_HH,DK05,2013,93.44,,
ESTAT:ISOC_R_IACC_H(1.0),25/06/26 23:00:00,A,PC_HH,DK05,2014,90.76,,
ESTAT:ISOC_R_IACC_H(1.0),25/06/26 23:00:00,A,PC_HH,DK05,2015,89.73,,
ESTAT:ISOC_R_IACC_H(1.0),25/06/26 23:00:00,A,PC_HH,DK05,2016,95.15,,
ESTAT:ISOC_R_IACC_H(1.0),25/06/26 23:00:00,A,PC_HH,DK05,2017,95.40,,
ESTAT:ISOC_R_IACC_H(1.0),25/06/26 23:00:00,A,PC_HH,DK05,2018,93.95,,
ESTAT:ISOC_R_IACC_H(1.0),25/06/26 23:00:00,A,PC_HH,DK05,2019,95.17,,
ESTAT:ISOC_R_IACC_H(1.0),25/06/26 23:00:00,A,PC_HH,DK05,2020,93.18,,
ESTAT:ISOC_R_IACC_H(1.0),25/06/26 23:00:00,A,PC_HH,DK05,2021,93.93,,
ESTAT:ISOC_R_IACC_H(1.0),25/06/26 23:00:00,A,PC_HH,DK05,2022,95.11,,
ESTAT:ISOC_R_IACC_H(1.0),25/06/26 23:00:00,A,PC_HH,DK05,2023,94.67,,
ESTAT:ISOC_R_IACC_H(1.0),25/06/26 23:00:00,A,PC_HH,DK05,2024,97.10,,
ESTAT:ISOC_R_IACC_H(1.0),25/06/26 23:00:00,A,PC_HH,DK05,2025,96.12,,
ESTAT:ISOC_R_IACC_H(1.0),25/06/26 23:00:00,A,PC_HH,EE,2006,45.18,,
ESTAT:ISOC_R_IACC_H(1.0),25/06/26 23:00:00,A,PC_HH,EE,2007,52.20,,
ESTAT:ISOC_R_IACC_H(1.0),25/06/26 23:00:00,A,PC_HH,EE,2008,57.35,,
ESTAT:ISOC_R_IACC_H(1.0),25/06/26 23:00:00,A,PC_HH,EE,2009,61.85,,
ESTAT:ISOC_R_IACC_H(1.0),25/06/26 23:00:00,A,PC_HH,EE,2010,66.89,,
ESTAT:ISOC_R_IACC_H(1.0),25/06/26 23:00:00,A,PC_HH,EE,2011,69.39,,
ESTAT:ISOC_R_IACC_H(1.0),25/06/26 23:00:00,A,PC_HH,EE,2012,73.82,,
ESTAT:ISOC_R_IACC_H(1.0),25/06/26 23:00:00,A,PC_HH,EE,2013,79.31,,
ESTAT:ISOC_R_IACC_H(1.0),25/06/26 23:00:00,A,PC_HH,EE,2014,82.90,b,
ESTAT:ISOC_R_IACC_H(1.0),25/06/26 23:00:00,A,PC_HH,EE,2015,87.73,,
ESTAT:ISOC_R_IACC_H(1.0),25/06/26 23:00:00,A,PC_HH,EE,2016,86.19,,
ESTAT:ISOC_R_IACC_H(1.0),25/06/26 23:00:00,A,PC_HH,EE,2017,88.27,,
ESTAT:ISOC_R_IACC_H(1.0),25/06/26 23:00:00,A,PC_HH,EE,2018,90.47,,
ESTAT:ISOC_R_IACC_H(1.0),25/06/26 23:00:00,A,PC_HH,EE,2019,90.43,,
ESTAT:ISOC_R_IACC_H(1.0),25/06/26 23:00:00,A,PC_HH,EE,2020,89.98,,
ESTAT:ISOC_R_IACC_H(1.0),25/06/26 23:00:00,A,PC_HH,EE,2021,91.82,,
ESTAT:ISOC_R_IACC_H(1.0),25/06/26 23:00:00,A,PC_HH,EE,2022,92.41,,
ESTAT:ISOC_R_IACC_H(1.0),25/06/26 23:00:00,A,PC_HH,EE,2023,93.22,,
ESTAT:ISOC_R_IACC_H(1.0),25/06/26 23:00:00,A,PC_HH,EE,2024,92.89,,
ESTAT:ISOC_R_IACC_H(1.0),25/06/26 23:00:00,A,PC_HH,EE,2025,95.40,,
ESTAT:ISOC_R_IACC_H(1.0),25/06/26 23:00:00,A,PC_HH,EE0,2008,57.35,,
ESTAT:ISOC_R_IACC_H(1.0),25/06/26 23:00:00,A,PC_HH,EE0,2009,61.85,,
ESTAT:ISOC_R_IACC_H(1.0),25/06/26 23:00:00,A,PC_HH,EE0,2010,66.89,,
ESTAT:ISOC_R_IACC_H(1.0),25/06/26 23:00:00,A,PC_HH,EE0,2011,69.39,,
ESTAT:ISOC_R_IACC_H(1.0),25/06/26 23:00:00,A,PC_HH,EE0,2012,73.82,,
ESTAT:ISOC_R_IACC_H(1.0),25/06/26 23:00:00,A,PC_HH,EE0,2013,79.31,,
ESTAT:ISOC_R_IACC_H(1.0),25/06/26 23:00:00,A,PC_HH,EE0,2014,82.90,b,
ESTAT:ISOC_R_IACC_H(1.0),25/06/26 23:00:00,A,PC_HH,EE0,2015,87.73,,
ESTAT:ISOC_R_IACC_H(1.0),25/06/26 23:00:00,A,PC_HH,EE0,2016,86.19,,
ESTAT:ISOC_R_IACC_H(1.0),25/06/26 23:00:00,A,PC_HH,EE0,2017,88.27,,
ESTAT:ISOC_R_IACC_H(1.0),25/06/26 23:00:00,A,PC_HH,EE0,2018,90.47,,
ESTAT:ISOC_R_IACC_H(1.0),25/06/26 23:00:00,A,PC_HH,EE0,2019,90.43,,
ESTAT:ISOC_R_IACC_H(1.0),25/06/26 23:00:00,A,PC_HH,EE0,2020,89.98,,
ESTAT:ISOC_R_IACC_H(1.0),25/06/26 23:00:00,A,PC_HH,EE0,2021,91.82,,
ESTAT:ISOC_R_IACC_H(1.0),25/06/26 23:00:00,A,PC_HH,EE0,2022,92.41,,
ESTAT:ISOC_R_IACC_H(1.0),25/06/26 23:00:00,A,PC_HH,EE0,2023,93.22,,
ESTAT:ISOC_R_IACC_H(1.0),25/06/26 23:00:00,A,PC_HH,EE0,2024,92.89,,
ESTAT:ISOC_R_IACC_H(1.0),25/06/26 23:00:00,A,PC_HH,EE0,2025,95.40,,
ESTAT:ISOC_R_IACC_H(1.0),25/06/26 23:00:00,A,PC_HH,EE00,2008,57.35,,
ESTAT:ISOC_R_IACC_H(1.0),25/06/26 23:00:00,A,PC_HH,EE00,2009,61.85,,
ESTAT:ISOC_R_IACC_H(1.0),25/06/26 23:00:00,A,PC_HH,EE00,2010,66.89,,
ESTAT:ISOC_R_IACC_H(1.0),25/06/26 23:00:00,A,PC_HH,EE00,2011,69.39,,
ESTAT:ISOC_R_IACC_H(1.0),25/06/26 23:00:00,A,PC_HH,EE00,2012,73.82,,
ESTAT:ISOC_R_IACC_H(1.0),25/06/26 23:00:00,A,PC_HH,EE00,2013,79.31,,
ESTAT:ISOC_R_IACC_H(1.0),25/06/26 23:00:00,A,PC_HH,EE00,2014,82.90,b,
ESTAT:ISOC_R_IACC_H(1.0),25/06/26 23:00:00,A,PC_HH,EE00,2015,87.73,,
ESTAT:ISOC_R_IACC_H(1.0),25/06/26 23:00:00,A,PC_HH,EE00,2016,86.19,,
ESTAT:ISOC_R_IACC_H(1.0),25/06/26 23:00:00,A,PC_HH,EE00,2017,88.27,,
ESTAT:ISOC_R_IACC_H(1.0),25/06/26 23:00:00,A,PC_HH,EE00,2018,90.47,,
ESTAT:ISOC_R_IACC_H(1.0),25/06/26 23:00:00,A,PC_HH,EE00,2019,90.43,,
ESTAT:ISOC_R_IACC_H(1.0),25/06/26 23:00:00,A,PC_HH,EE00,2020,89.98,,
ESTAT:ISOC_R_IACC_H(1.0),25/06/26 23:00:00,A,PC_HH,EE00,2021,91.82,,
ESTAT:ISOC_R_IACC_H(1.0),25/06/26 23:00:00,A,PC_HH,EE00,2022,92.41,,
ESTAT:ISOC_R_IACC_H(1.0),25/06/26 23:00:00,A,PC_HH,EE00,2023,93.22,,
ESTAT:ISOC_R_IACC_H(1.0),25/06/26 23:00:00,A,PC_HH,EE00,2024,92.89,,
ESTAT:ISOC_R_IACC_H(1.0),25/06/26 23:00:00,A,PC_HH,EE00,2025,95.40,,
ESTAT:ISOC_R_IACC_H(1.0),25/06/26 23:00:00,A,PC_HH,EL,2006,23.12,,
ESTAT:ISOC_R_IACC_H(1.0),25/06/26 23:00:00,A,PC_HH,EL,2007,25.40,,
ESTAT:ISOC_R_IACC_H(1.0),25/06/26 23:00:00,A,PC_HH,EL,2008,30.96,,
ESTAT:ISOC_R_IACC_H(1.0),25/06/26 23:00:00,A,PC_HH,EL,2009,38.06,,
ESTAT:ISOC_R_IACC_H(1.0),25/06/26 23:00:00,A,PC_HH,EL,2010,46.35,,
ESTAT:ISOC_R_IACC_H(1.0),25/06/26 23:00:00,A,PC_HH,EL,2011,50.17,,
ESTAT:ISOC_R_IACC_H(1.0),25/06/26 23:00:00,A,PC_HH,EL,2012,53.58,,
ESTAT:ISOC_R_IACC_H(1.0),25/06/26 23:00:00,A,PC_HH,EL,2013,56.31,,
ESTAT:ISOC_R_IACC_H(1.0),25/06/26 23:00:00,A,PC_HH,EL,2014,65.55,,
ESTAT:ISOC_R_IACC_H(1.0),25/06/26 23:00:00,A,PC_HH,EL,2015,68.09,,
ESTAT:ISOC_R_IACC_H(1.0),25/06/26 23:00:00,A,PC_HH,EL,2016,69.13,,
ESTAT:ISOC_R_IACC_H(1.0),25/06/26 23:00:00,A,PC_HH,EL,2017,70.96,,
ESTAT:ISOC_R_IACC_H(1.0),25/06/26 23:00:00,A,PC_HH,EL,2018,76.49,,
ESTAT:ISOC_R_IACC_H(1.0),25/06/26 23:00:00,A,PC_HH,EL,2019,78.54,,
ESTAT:ISOC_R_IACC_H(1.0),25/06/26 23:00:00,A,PC_HH,EL,2020,80.38,,
ESTAT:ISOC_R_IACC_H(1.0),25/06/26 23:00:00,A,PC_HH,EL,2021,85.07,,
ESTAT:ISOC_R_IACC_H(1.0),25/06/26 23:00:00,A,PC_HH,EL,2022,85.49,,
ESTAT:ISOC_R_IACC_H(1.0),25/06/26 23:00:00,A,PC_HH,EL,2023,86.90,,
ESTAT:ISOC_R_IACC_H(1.0),25/06/26 23:00:00,A,PC_HH,EL,2024,86.89,,
ESTAT:ISOC_R_IACC_H(1.0),25/06/26 23:00:00,A,PC_HH,EL,2025,88.73,,
ESTAT:ISOC_R_IACC_H(1.0),25/06/26 23:00:00,A,PC_HH,EL1,2006,19.71,,
ESTAT:ISOC_R_IACC_H(1.0),25/06/26 23:00:00,A,PC_HH,EL1,2007,21.61,,
ESTAT:ISOC_R_IACC_H(1.0),25/06/26 23:00:00,A,PC_HH,EL1,2008,23.02,,
ESTAT:ISOC_R_IACC_H(1.0),25/06/26 23:00:00,A,PC_HH,EL1,2009,31.78,,
ESTAT:ISOC_R_IACC_H(1.0),25/06/26 23:00:00,A,PC_HH,EL1,2010,36.58,,
ESTAT:ISOC_R_IACC_H(1.0),25/06/26 23:00:00,A,PC_HH,EL1,2011,46.23,,
ESTAT:ISOC_R_IACC_H(1.0),25/06/26 23:00:00,A,PC_HH,EL2,2006,14.77,,
ESTAT:ISOC_R_IACC_H(1.0),25/06/26 23:00:00,A,PC_HH,EL2,2007,16.76,,
ESTAT:ISOC_R_IACC_H(1.0),25/06/26 23:00:00,A,PC_HH,EL2,2008,19.20,,
ESTAT:ISOC_R_IACC_H(1.0),25/06/26 23:00:00,A,PC_HH,EL2,2009,25.25,,
ESTAT:ISOC_R_IACC_H(1.0),25/06/26 23:00:00,A,PC_HH,EL2,2010,37.92,,
ESTAT:ISOC_R_IACC_H(1.0),25/06/26 23:00:00,A,PC_HH,EL2,2011,37.38,,
ESTAT:ISOC_R_IACC_H(1.0),25/06/26 23:00:00,A,PC_HH,EL3,2006,30.34,,
ESTAT:ISOC_R_IACC_H(1.0),25/06/26 23:00:00,A,PC_HH,EL3,2007,33.18,,
ESTAT:ISOC_R_IACC_H(1.0),25/06/26 23:00:00,A,PC_HH,EL3,2008,45.01,,
ESTAT:ISOC_R_IACC_H(1.0),25/06/26 23:00:00,A,PC_HH,EL3,2009,50.86,,
ESTAT:ISOC_R_IACC_H(1.0),25/06/26 23:00:00,A,PC_HH,EL3,2010,57.18,,
ESTAT:ISOC_R_IACC_H(1.0),25/06/26 23:00:00,A,PC_HH,EL3,2011,58.49,,
ESTAT:ISOC_R_IACC_H(1.0),25/06/26 23:00:00,A,PC_HH,EL3,2012,64.52,,
ESTAT:ISOC_R_IACC_H(1.0),25/06/26 23:00:00,A,PC_HH,EL3,2013,68.94,,
ESTAT:ISOC_R_IACC_H(1.0),25/06/26 23:00:00,A,PC_HH,EL3,2014,71.05,,
ESTAT:ISOC_R_IACC_H(1.0),25/06/26 23:00:00,A,PC_HH,EL3,2015,74.89,,
ESTAT:ISOC_R_IACC_H(1.0),25/06/26 23:00:00,A,PC_HH,EL3,2016,78.31,,
ESTAT:ISOC_R_IACC_H(1.0),25/06/26 23:00:00,A,PC_HH,EL3,2017,80.51,,
ESTAT:ISOC_R_IACC_H(1.0),25/06/26 23:00:00,A,PC_HH,EL3,2018,85.26,,
ESTAT:ISOC_R_IACC_H(1.0),25/06/26 23:00:00,A,PC_HH,EL3,2019,83.54,,
ESTAT:ISOC_R_IACC_H(1.0),25/06/26 23:00:00,A,PC_HH,EL3,2020,83.61,,
ESTAT:ISOC_R_IACC_H(1.0),25/06/26 23:00:00,A,PC_HH,EL3,2021,90.92,,
ESTAT:ISOC_R_IACC_H(1.0),25/06/26 23:00:00,A,PC_HH,EL3,2022,91.35,,
ESTAT:ISOC_R_IACC_H(1.0),25/06/26 23:00:00,A,PC_HH,EL3,2023,91.07,,
ESTAT:ISOC_R_IACC_H(1.0),25/06/26 23:00:00,A,PC_HH,EL3,2024,90.47,,
ESTAT:ISOC_R_IACC_H(1.0),25/06/26 23:00:00,A,PC_HH,EL3,2025,93.61,,
ESTAT:ISOC_R_IACC_H(1.0),25/06/26 23:00:00,A,PC_HH,EL4,2006,21.14,,
ESTAT:ISOC_R_IACC_H(1.0),25/06/26 23:00:00,A,PC_HH,EL4,2007,22.64,,
ESTAT:ISOC_R_IACC_H(1.0),25/06/26 23:00:00,A,PC_HH,EL4,2008,22.28,,
ESTAT:ISOC_R_IACC_H(1.0),25/06/26 23:00:00,A,PC_HH,EL4,2009,30.99,,
ESTAT:ISOC_R_IACC_H(1.0),25/06/26 23:00:00,A,PC_HH,EL4,2010,43.07,,
ESTAT:ISOC_R_IACC_H(1.0),25/06/26 23:00:00,A,PC_HH,EL4,2011,46.78,,
ESTAT:ISOC_R_IACC_H(1.0),25/06/26 23:00:00,A,PC_HH,EL4,2012,46.66,,
ESTAT:ISOC_R_IACC_H(1.0),25/06/26 23:00:00,A,PC_HH,EL4,2013,47.62,,
ESTAT:ISOC_R_IACC_H(1.0),25/06/26 23:00:00,A,PC_HH,EL4,2014,67.78,,
ESTAT:ISOC_R_IACC_H(1.0),25/06/26 23:00:00,A,PC_HH,EL4,2015,64.62,,
ESTAT:ISOC_R_IACC_H(1.0),25/06/26 23:00:00,A,PC_HH,EL4,2016,69.56,,
ESTAT:ISOC_R_IACC_H(1.0),25/06/26 23:00:00,A,PC_HH,EL4,2017,69.03,,
ESTAT:ISOC_R_IACC_H(1.0),25/06/26 23:00:00,A,PC_HH,EL4,2018,69.24,,
ESTAT:ISOC_R_IACC_H(1.0),25/06/26 23:00:00,A,PC_HH,EL4,2019,68.76,,
ESTAT:ISOC_R_IACC_H(1.0),25/06/26 23:00:00,A,PC_HH,EL4,2020,78.51,,
ESTAT:ISOC_R_IACC_H(1.0),25/06/26 23:00:00,A,PC_HH,EL4,2021,82.50,,
ESTAT:ISOC_R_IACC_H(1.0),25/06/26 23:00:00,A,PC_HH,EL4,2022,82.02,,
ESTAT:ISOC_R_IACC_H(1.0),25/06/26 23:00:00,A,PC_HH,EL4,2023,85.92,,
ESTAT:ISOC_R_IACC_H(1.0),25/06/26 23:00:00,A,PC_HH,EL4,2024,91.71,,
ESTAT:ISOC_R_IACC_H(1.0),25/06/26 23:00:00,A,PC_HH,EL4,2025,86.63,,
ESTAT:ISOC_R_IACC_H(1.0),25/06/26 23:00:00,A,PC_HH,EL5,2012,50.12,,
ESTAT:ISOC_R_IACC_H(1.0),25/06/26 23:00:00,A,PC_HH,EL5,2013,51.36,,
ESTAT:ISOC_R_IACC_H(1.0),25/06/26 23:00:00,A,PC_HH,EL5,2014,62.07,,
ESTAT:ISOC_R_IACC_H(1.0),25/06/26 23:00:00,A,PC_HH,EL5,2015,66.80,,
ESTAT:ISOC_R_IACC_H(1.0),25/06/26 23:00:00,A,PC_HH,EL5,2016,66.89,,
ESTAT:ISOC_R_IACC_H(1.0),25/06/26 23:00:00,A,PC_HH,EL5,2017,65.67,,
ESTAT:ISOC_R_IACC_H(1.0),25/06/26 23:00:00,A,PC_HH,EL5,2018,73.43,,
ESTAT:ISOC_R_IACC_H(1.0),25/06/26 23:00:00,A,PC_HH,EL5,2019,78.92,,
ESTAT:ISOC_R_IACC_H(1.0),25/06/26 23:00:00,A,PC_HH,EL5,2020,82.41,,
ESTAT:ISOC_R_IACC_H(1.0),25/06/26 23:00:00,A,PC_HH,EL5,2021,81.18,,
ESTAT:ISOC_R_IACC_H(1.0),25/06/26 23:00:00,A,PC_HH,EL5,2022,82.96,,
ESTAT:ISOC_R_IACC_H(1.0),25/06/26 23:00:00,A,PC_HH,EL5,2023,84.14,,
ESTAT:ISOC_R_IACC_H(1.0),25/06/26 23:00:00,A,PC_HH,EL5,2024,85.49,,
ESTAT:ISOC_R_IACC_H(1.0),25/06/26 23:00:00,A,PC_HH,EL5,2025,88.23,,
ESTAT:ISOC_R_IACC_H(1.0),25/06/26 23:00:00,A,PC_HH,EL6,2012,41.21,,
ESTAT:ISOC_R_IACC_H(1.0),25/06/26 23:00:00,A,PC_HH,EL6,2013,43.60,,
ESTAT:ISOC_R_IACC_H(1.0),25/06/26 23:00:00,A,PC_HH,EL6,2014,60.09,,
ESTAT:ISOC_R_IACC_H(1.0),25/06/26 23:00:00,A,PC_HH,EL6,2015,60.49,,
ESTAT:ISOC_R_IACC_H(1.0),25/06/26 23:00:00,A,PC_HH,EL6,2016,57.16,,
ESTAT:ISOC_R_IACC_H(1.0),25/06/26 23:00:00,A,PC_HH,EL6,2017,63.69,,
ESTAT:ISOC_R_IACC_H(1.0),25/06/26 23:00:00,A,PC_HH,EL6,2018,70.38,,
ESTAT:ISOC_R_IACC_H(1.0),25/06/26 23:00:00,A,PC_HH,EL6,2019,75.25,,
ESTAT:ISOC_R_IACC_H(1.0),25/06/26 23:00:00,A,PC_HH,EL6,2020,74.15,,
ESTAT:ISOC_R_IACC_H(1.0),25/06/26 23:00:00,A,PC_HH,EL6,2021,82.06,,
ESTAT:ISOC_R_IACC_H(1.0),25/06/26 23:00:00,A,PC_HH,EL6,2022,81.17,,
ESTAT:ISOC_R_IACC_H(1.0),25/06/26 23:00:00,A,PC_HH,EL6,2023,83.77,,
ESTAT:ISOC_R_IACC_H(1.0),25/06/26 23:00:00,A,PC_HH,EL6,2024,80.51,,
ESTAT:ISOC_R_IACC_H(1.0),25/06/26 23:00:00,A,PC_HH,EL6,2025,82.32,,
ESTAT:ISOC_R_IACC_H(1.0),25/06/26 23:00:00,A,PC_HH,ES,2006,38.04,,
ESTAT:ISOC_R_IACC_H(1.0),25/06/26 23:00:00,A,PC_HH,ES,2007,43.48,,
ESTAT:ISOC_R_IACC_H(1.0),25/06/26 23:00:00,A,PC_HH,ES,2008,49.86,,
ESTAT:ISOC_R_IACC_H(1.0),25/06/26 23:00:00,A,PC_HH,ES,2009,52.93,,
ESTAT:ISOC_R_IACC_H(1.0),25/06/26 23:00:00,A,PC_HH,ES,2010,57.82,,
ESTAT:ISOC_R_IACC_H(1.0),25/06/26 23:00:00,A,PC_HH,ES,2011,62.71,,
ESTAT:ISOC_R_IACC_H(1.0),25/06/26 23:00:00,A,PC_HH,ES,2012,66.59,,
ESTAT:ISOC_R_IACC_H(1.0),25/06/26 23:00:00,A,PC_HH,ES,2013,69.73,,
ESTAT:ISOC_R_IACC_H(1.0),25/06/26 23:00:00,A,PC_HH,ES,2014,74.35,,
ESTAT:ISOC_R_IACC_H(1.0),25/06/26 23:00:00,A,PC_HH,ES,2015,78.75,,
ESTAT:ISOC_R_IACC_H(1.0),25/06/26 23:00:00,A,PC_HH,ES,2016,81.93,,
ESTAT:ISOC_R_IACC_H(1.0),25/06/26 23:00:00,A,PC_HH,ES,2017,83.39,,
ESTAT:ISOC_R_IACC_H(1.0),25/06/26 23:00:00,A,PC_HH,ES,2018,86.36,,
ESTAT:ISOC_R_IACC_H(1.0),25/06/26 23:00:00,A,PC_HH,ES,2019,91.44,,
ESTAT:ISOC_R_IACC_H(1.0),25/06/26 23:00:00,A,PC_HH,ES,2020,95.38,,
ESTAT:ISOC_R_IACC_H(1.0),25/06/26 23:00:00,A,PC_HH,ES,2021,95.92,,
ESTAT:ISOC_R_IACC_H(1.0),25/06/26 23:00:00,A,PC_HH,ES,2022,96.08,,
ESTAT:ISOC_R_IACC_H(1.0),25/06/26 23:00:00,A,PC_HH,ES,2023,96.45,,
ESTAT:ISOC_R_IACC_H(1.0),25/06/26 23:00:00,A,PC_HH,ES,2024,96.83,,
ESTAT:ISOC_R_IACC_H(1.0),25/06/26 23:00:00,A,PC_HH,ES,2025,97.43,,
ESTAT:ISOC_R_IACC_H(1.0),25/06/26 23:00:00,A,PC_HH,ES1,2007,35.90,,
ESTAT:ISOC_R_IACC_H(1.0),25/06/26 23:00:00,A,PC_HH,ES1,2008,43.51,,
ESTAT:ISOC_R_IACC_H(1.0),25/06/26 23:00:00,A,PC_HH,ES1,2009,46.16,,
ESTAT:ISOC_R_IACC_H(1.0),25/06/26 23:00:00,A,PC_HH,ES1,2010,51.64,,
ESTAT:ISOC_R_IACC_H(1.0),25/06/26 23:00:00,A,PC_HH,ES1,2011,56.40,,
ESTAT:ISOC_R_IACC_H(1.0),25/06/26 23:00:00,A,PC_HH,ES1,2012,63.77,,
ESTAT:ISOC_R_IACC_H(1.0),25/06/26 23:00:00,A,PC_HH,ES1,2013,67.53,,
ESTAT:ISOC_R_IACC_H(1.0),25/06/26 23:00:00,A,PC_HH,ES1,2014,71.04,,
ESTAT:ISOC_R_IACC_H(1.0),25/06/26 23:00:00,A,PC_HH,ES1,2015,76.96,,
ESTAT:ISOC_R_IACC_H(1.0),25/06/26 23:00:00,A,PC_HH,ES1,2016,79.08,,
ESTAT:ISOC_R_IACC_H(1.0),25/06/26 23:00:00,A,PC_HH,ES1,2017,80.06,,
ESTAT:ISOC_R_IACC_H(1.0),25/06/26 23:00:00,A,PC_HH,ES1,2018,83.44,,
ESTAT:ISOC_R_IACC_H(1.0),25/06/26 23:00:00,A,PC_HH,ES1,2019,89.63,,
ESTAT:ISOC_R_IACC_H(1.0),25/06/26 23:00:00,A,PC_HH,ES1,2020,92.84,,
ESTAT:ISOC_R_IACC_H(1.0),25/06/26 23:00:00,A,PC_HH,ES1,2021,93.78,,
ESTAT:ISOC_R_IACC_H(1.0),25/06/26 23:00:00,A,PC_HH,ES1,2022,93.76,,
ESTAT:ISOC_R_IACC_H(1.0),25/06/26 23:00:00,A,PC_HH,ES1,2023,94.91,,
ESTAT:ISOC_R_IACC_H(1.0),25/06/26 23:00:00,A,PC_HH,ES1,2024,94.93,,
ESTAT:ISOC_R_IACC_H(1.0),25/06/26 23:00:00,A,PC_HH,ES1,2025,96.12,,
ESTAT:ISOC_R_IACC_H(1.0),25/06/26 23:00:00,A,PC_HH,ES11,2007,31.96,,
ESTAT:ISOC_R_IACC_H(1.0),25/06/26 23:00:00,A,PC_HH,ES11,2008,38.87,,
ESTAT:ISOC_R_IACC_H(1.0),25/06/26 23:00:00,A,PC_HH,ES11,2009,41.84,,
ESTAT:ISOC_R_IACC_H(1.0),25/06/26 23:00:00,A,PC_HH,ES11,2010,48.29,,
ESTAT:ISOC_R_IACC_H(1.0),25/06/26 23:00:00,A,PC_HH,ES11,2011,52.72,,
ESTAT:ISOC_R_IACC_H(1.0),25/06/26 23:00:00,A,PC_HH,ES11,2012,62.32,,
ESTAT:ISOC_R_IACC_H(1.0),25/06/26 23:00:00,A,PC_HH,ES11,2013,64.58,,
ESTAT:ISOC_R_IACC_H(1.0),25/06/26 23:00:00,A,PC_HH,ES11,2014,69.62,,
ESTAT:ISOC_R_IACC_H(1.0),25/06/26 23:00:00,A,PC_HH,ES11,2015,75.56,,
ESTAT:ISOC_R_IACC_H(1.0),25/06/26 23:00:00,A,PC_HH,ES11,2016,78.68,,
ESTAT:ISOC_R_IACC_H(1.0),25/06/26 23:00:00,A,PC_HH,ES11,2017,78.78,,
ESTAT:ISOC_R_IACC_H(1.0),25/06/26 23:00:00,A,PC_HH,ES11,2018,82.56,,
ESTAT:ISOC_R_IACC_H(1.0),25/06/26 23:00:00,A,PC_HH,ES11,2019,88.76,,
ESTAT:ISOC_R_IACC_H(1.0),25/06/26 23:00:00,A,PC_HH,ES11,2020,92.40,,
ESTAT:ISOC_R_IACC_H(1.0),25/06/26 23:00:00,A,PC_HH,ES11,2021,93.29,,
ESTAT:ISOC_R_IACC_H(1.0),25/06/26 23:00:00,A,PC_HH,ES11,2022,93.35,,
ESTAT:ISOC_R_IACC_H(1.0),25/06/26 23:00:00,A,PC_HH,ES11,2023,94.24,,
ESTAT:ISOC_R_IACC_H(1.0),25/06/26 23:00:00,A,PC_HH,ES11,2024,95.12,,
ESTAT:ISOC_R_IACC_H(1.0),25/06/26 23:00:00,A,PC_HH,ES11,2025,96.48,,
ESTAT:ISOC_R_IACC_H(1.0),25/06/26 23:00:00,A,PC_HH,ES12,2007,40.60,,
ESTAT:ISOC_R_IACC_H(1.0),25/06/26 23:00:00,A,PC_HH,ES12,2008,50.86,,
ESTAT:ISOC_R_IACC_H(1.0),25/06/26 23:00:00,A,PC_HH,ES12,2009,52.40,,
ESTAT:ISOC_R_IACC_H(1.0),25/06/26 23:00:00,A,PC_HH,ES12,2010,57.32,,
ESTAT:ISOC_R_IACC_H(1.0),25/06/26 23:00:00,A,PC_HH,ES12,2011,60.88,,
ESTAT:ISOC_R_IACC_H(1.0),25/06/26 23:00:00,A,PC_HH,ES12,2012,65.51,,
ESTAT:ISOC_R_IACC_H(1.0),25/06/26 23:00:00,A,PC_HH,ES12,2013,70.68,,
ESTAT:ISOC_R_IACC_H(1.0),25/06/26 23:00:00,A,PC_HH,ES12,2014,72.83,,
ESTAT:ISOC_R_IACC_H(1.0),25/06/26 23:00:00,A,PC_HH,ES12,2015,78.81,,
ESTAT:ISOC_R_IACC_H(1.0),25/06/26 23:00:00,A,PC_HH,ES12,2016,79.70,,
ESTAT:ISOC_R_IACC_H(1.0),25/06/26 23:00:00,A,PC_HH,ES12,2017,81.26,,
ESTAT:ISOC_R_IACC_H(1.0),25/06/26 23:00:00,A,PC_HH,ES12,2018,85.86,,
ESTAT:ISOC_R_IACC_H(1.0),25/06/26 23:00:00,A,PC_HH,ES12,2019,91.14,,
ESTAT:ISOC_R_IACC_H(1.0),25/06/26 23:00:00,A,PC_HH,ES12,2020,93.37,,
ESTAT:ISOC_R_IACC_H(1.0),25/06/26 23:00:00,A,PC_HH,ES12,2021,94.31,,
ESTAT:ISOC_R_IACC_H(1.0),25/06/26 23:00:00,A,PC_HH,ES12,2022,94.26,,
ESTAT:ISOC_R_IACC_H(1.0),25/06/26 23:00:00,A,PC_HH,ES12,2023,96.25,,
ESTAT:ISOC_R_IACC_H(1.0),25/06/26 23:00:00,A,PC_HH,ES12,2024,93.85,,
ESTAT:ISOC_R_IACC_H(1.0),25/06/26 23:00:00,A,PC_HH,ES12,2025,94.97,,
ESTAT:ISOC_R_IACC_H(1.0),25/06/26 23:00:00,A,PC_HH,ES13,2007,45.21,,
ESTAT:ISOC_R_IACC_H(1.0),25/06/26 23:00:00,A,PC_HH,ES13,2008,51.23,,
ESTAT:ISOC_R_IACC_H(1.0),25/06/26 23:00:00,A,PC_HH,ES13,2009,54.19,,
ESTAT:ISOC_R_IACC_H(1.0),25/06/26 23:00:00,A,PC_HH,ES13,2010,56.32,,
ESTAT:ISOC_R_IACC_H(1.0),25/06/26 23:00:00,A,PC_HH,ES13,2011,64.62,,
ESTAT:ISOC_R_IACC_H(1.0),25/06/26 23:00:00,A,PC_HH,ES13,2012,66.92,,
ESTAT:ISOC_R_IACC_H(1.0),25/06/26 23:00:00,A,PC_HH,ES13,2013,74.62,,
ESTAT:ISOC_R_IACC_H(1.0),25/06/26 23:00:00,A,PC_HH,ES13,2014,73.91,,
ESTAT:ISOC_R_IACC_H(1.0),25/06/26 23:00:00,A,PC_HH,ES13,2015,79.60,,
ESTAT:ISOC_R_IACC_H(1.0),25/06/26 23:00:00,A,PC_HH,ES13,2016,79.64,,
ESTAT:ISOC_R_IACC_H(1.0),25/06/26 23:00:00,A,PC_HH,ES13,2017,83.51,,
ESTAT:ISOC_R_IACC_H(1.0),25/06/26 23:00:00,A,PC_HH,ES13,2018,83.00,,
ESTAT:ISOC_R_IACC_H(1.0),25/06/26 23:00:00,A,PC_HH,ES13,2019,90.81,,
ESTAT:ISOC_R_IACC_H(1.0),25/06/26 23:00:00,A,PC_HH,ES13,2020,93.87,,
ESTAT:ISOC_R_IACC_H(1.0),25/06/26 23:00:00,A,PC_HH,ES13,2021,95.01,,
ESTAT:ISOC_R_IACC_H(1.0),25/06/26 23:00:00,A,PC_HH,ES13,2022,94.68,,
ESTAT:ISOC_R_IACC_H(1.0),25/06/26 23:00:00,A,PC_HH,ES13,2023,95.48,,
ESTAT:ISOC_R_IACC_H(1.0),25/06/26 23:00:00,A,PC_HH,ES13,2024,95.97,,
ESTAT:ISOC_R_IACC_H(1.0),25/06/26 23:00:00,A,PC_HH,ES13,2025,96.56,,
ESTAT:ISOC_R_IACC_H(1.0),25/06/26 23:00:00,A,PC_HH,ES2,2007,48.05,,
ESTAT:ISOC_R_IACC_H(1.0),25/06/26 23:00:00,A,PC_HH,ES2,2008,54.39,,
ESTAT:ISOC_R_IACC_H(1.0),25/06/26 23:00:00,A,PC_HH,ES2,2009,56.44,,
ESTAT:ISOC_R_IACC_H(1.0),25/06/26 23:00:00,A,PC_HH,ES2,2010,61.39,,
ESTAT:ISOC_R_IACC_H(1.0),25/06/26 23:00:00,A,PC_HH,ES2,2011,64.66,,
ESTAT:ISOC_R_IACC_H(1.0),25/06/26 23:00:00,A,PC_HH,ES2,2012,68.67,,
ESTAT:ISOC_R_IACC_H(1.0),25/06/26 23:00:00,A,PC_HH,ES2,2013,70.84,,
ESTAT:ISOC_R_IACC_H(1.0),25/06/26 23:00:00,A,PC_HH,ES2,2014,74.86,,
ESTAT:ISOC_R_IACC_H(1.0),25/06/26 23:00:00,A,PC_HH,ES2,2015,80.33,,
ESTAT:ISOC_R_IACC_H(1.0),25/06/26 23:00:00,A,PC_HH,ES2,2016,82.08,,
ESTAT:ISOC_R_IACC_H(1.0),25/06/26 23:00:00,A,PC_HH,ES2,2017,86.04,,
ESTAT:ISOC_R_IACC_H(1.0),25/06/26 23:00:00,A,PC_HH,ES2,2018,88.25,,
ESTAT:ISOC_R_IACC_H(1.0),25/06/26 23:00:00,A,PC_HH,ES2,2019,92.14,,
ESTAT:ISOC_R_IACC_H(1.0),25/06/26 23:00:00,A,PC_HH,ES2,2020,95.72,,
ESTAT:ISOC_R_IACC_H(1.0),25/06/26 23:00:00,A,PC_HH,ES2,2021,95.81,,
ESTAT:ISOC_R_IACC_H(1.0),25/06/26 23:00:00,A,PC_HH,ES2,2022,96.75,,
ESTAT:ISOC_R_IACC_H(1.0),25/06/26 23:00:00,A,PC_HH,ES2,2023,96.85,,
ESTAT:ISOC_R_IACC_H(1.0),25/06/26 23:00:00,A,PC_HH,ES2,2024,96.64,,
ESTAT:ISOC_R_IACC_H(1.0),25/06/26 23:00:00,A,PC_HH,ES2,2025,97.45,,
ESTAT:ISOC_R_IACC_H(1.0),25/06/26 23:00:00,A,PC_HH,ES21,2007,49.76,,
ESTAT:ISOC_R_IACC_H(1.0),25/06/26 23:00:00,A,PC_HH,ES21,2008,56.95,,
ESTAT:ISOC_R_IACC_H(1.0),25/06/26 23:00:00,A,PC_HH,ES21,2009,59.59,,
ESTAT:ISOC_R_IACC_H(1.0),25/06/26 23:00:00,A,PC_HH,ES21,2010,63.90,,
ESTAT:ISOC_R_IACC_H(1.0),25/06/26 23:00:00,A,PC_HH,ES21,2011,66.77,,
ESTAT:ISOC_R_IACC_H(1.0),25/06/26 23:00:00,A,PC_HH,ES21,2012,70.68,,
ESTAT:ISOC_R_IACC_H(1.0),25/06/26 23:00:00,A,PC_HH,ES21,2013,73.38,,
ESTAT:ISOC_R_IACC_H(1.0),25/06/26 23:00:00,A,PC_HH,ES21,2014,77.78,,
ESTAT:ISOC_R_IACC_H(1.0),25/06/26 23:00:00,A,PC_HH,ES21,2015,82.78,,
ESTAT:ISOC_R_IACC_H(1.0),25/06/26 23:00:00,A,PC_HH,ES21,2016,82.64,,
ESTAT:ISOC_R_IACC_H(1.0),25/06/26 23:00:00,A,PC_HH,ES21,2017,86.78,,
ESTAT:ISOC_R_IACC_H(1.0),25/06/26 23:00:00,A,PC_HH,ES21,2018,89.11,,
ESTAT:ISOC_R_IACC_H(1.0),25/06/26 23:00:00,A,PC_HH,ES21,2019,91.54,,
ESTAT:ISOC_R_IACC_H(1.0),25/06/26 23:00:00,A,PC_HH,ES21,2020,95.46,,
ESTAT:ISOC_R_IACC_H(1.0),25/06/26 23:00:00,A,PC_HH,ES21,2021,95.53,,
ESTAT:ISOC_R_IACC_H(1.0),25/06/26 23:00:00,A,PC_HH,ES21,2022,96.35,,
ESTAT:ISOC_R_IACC_H(1.0),25/06/26 23:00:00,A,PC_HH,ES21,2023,96.64,,
ESTAT:ISOC_R_IACC_H(1.0),25/06/26 23:00:00,A,PC_HH,ES21,2024,96.17,,
ESTAT:ISOC_R_IACC_H(1.0),25/06/26 23:00:00,A,PC_HH,ES21,2025,97.53,,
ESTAT:ISOC_R_IACC_H(1.0),25/06/26 23:00:00,A,PC_HH,ES22,2007,48.40,,
ESTAT:ISOC_R_IACC_H(1.0),25/06/26 23:00:00,A,PC_HH,ES22,2008,55.49,,
ESTAT:ISOC_R_IACC_H(1.0),25/06/26 23:00:00,A,PC_HH,ES22,2009,56.50,,
ESTAT:ISOC_R_IACC_H(1.0),25/06/26 23:00:00,A,PC_HH,ES22,2010,61.12,,
ESTAT:ISOC_R_IACC_H(1.0),25/06/26 23:00:00,A,PC_HH,ES22,2011,65.67,,
ESTAT:ISOC_R_IACC_H(1.0),25/06/26 23:00:00,A,PC_HH,ES22,2012,68.19,,
ESTAT:ISOC_R_IACC_H(1.0),25/06/26 23:00:00,A,PC_HH,ES22,2013,71.53,,
ESTAT:ISOC_R_IACC_H(1.0),25/06/26 23:00:00,A,PC_HH,ES22,2014,75.98,,
ESTAT:ISOC_R_IACC_H(1.0),25/06/26 23:00:00,A,PC_HH,ES22,2015,80.83,,
ESTAT:ISOC_R_IACC_H(1.0),25/06/26 23:00:00,A,PC_HH,ES22,2016,82.50,,
ESTAT:ISOC_R_IACC_H(1.0),25/06/26 23:00:00,A,PC_HH,ES22,2017,88.35,,
ESTAT:ISOC_R_IACC_H(1.0),25/06/26 23:00:00,A,PC_HH,ES22,2018,87.19,,
ESTAT:ISOC_R_IACC_H(1.0),25/06/26 23:00:00,A,PC_HH,ES22,2019,95.03,,
ESTAT:ISOC_R_IACC_H(1.0),25/06/26 23:00:00,A,PC_HH,ES22,2020,96.49,,
ESTAT:ISOC_R_IACC_H(1.0),25/06/26 23:00:00,A,PC_HH,ES22,2021,96.19,,
ESTAT:ISOC_R_IACC_H(1.0),25/06/26 23:00:00,A,PC_HH,ES22,2022,96.43,,
ESTAT:ISOC_R_IACC_H(1.0),25/06/26 23:00:00,A,PC_HH,ES22,2023,96.33,,
ESTAT:ISOC_R_IACC_H(1.0),25/06/26 23:00:00,A,PC_HH,ES22,2024,96.96,,
ESTAT:ISOC_R_IACC_H(1.0),25/06/26 23:00:00,A,PC_HH,ES22,2025,97.02,,
ESTAT:ISOC_R_IACC_H(1.0),25/06/26 23:00:00,A,PC_HH,ES23,2007,41.25,,
ESTAT:ISOC_R_IACC_H(1.0),25/06/26 23:00:00,A,PC_HH,ES23,2008,48.72,,
ESTAT:ISOC_R_IACC_H(1.0),25/06/26 23:00:00,A,PC_HH,ES23,2009,48.66,,
ESTAT:ISOC_R_IACC_H(1.0),25/06/26 23:00:00,A,PC_HH,ES23,2010,53.90,,
ESTAT:ISOC_R_IACC_H(1.0),25/06/26 23:00:00,A,PC_HH,ES23,2011,59.35,,
ESTAT:ISOC_R_IACC_H(1.0),25/06/26 23:00:00,A,PC_HH,ES23,2012,64.35,,
ESTAT:ISOC_R_IACC_H(1.0),25/06/26 23:00:00,A,PC_HH,ES23,2013,64.75,,
ESTAT:ISOC_R_IACC_H(1.0),25/06/26 23:00:00,A,PC_HH,ES23,2014,69.99,,
ESTAT:ISOC_R_IACC_H(1.0),25/06/26 23:00:00,A,PC_HH,ES23,2015,75.22,,
ESTAT:ISOC_R_IACC_H(1.0),25/06/26 23:00:00,A,PC_HH,ES23,2016,79.25,,
ESTAT:ISOC_R_IACC_H(1.0),25/06/26 23:00:00,A,PC_HH,ES23,2017,81.00,,
ESTAT:ISOC_R_IACC_H(1.0),25/06/26 23:00:00,A,PC_HH,ES23,2018,82.50,,
ESTAT:ISOC_R_IACC_H(1.0),25/06/26 23:00:00,A,PC_HH,ES23,2019,90.62,,
ESTAT:ISOC_R_IACC_H(1.0),25/06/26 23:00:00,A,PC_HH,ES23,2020,93.63,,
ESTAT:ISOC_R_IACC_H(1.0),25/06/26 23:00:00,A,PC_HH,ES23,2021,94.95,,
ESTAT:ISOC_R_IACC_H(1.0),25/06/26 23:00:00,A,PC_HH,ES23,2022,94.33,,
ESTAT:ISOC_R_IACC_H(1.0),25/06/26 23:00:00,A,PC_HH,ES23,2023,96.06,,
ESTAT:ISOC_R_IACC_H(1.0),25/06/26 23:00:00,A,PC_HH,ES23,2024,96.14,,
ESTAT:ISOC_R_IACC_H(1.0),25/06/26 23:00:00,A,PC_HH,ES23,2025,97.09,,
ESTAT:ISOC_R_IACC_H(1.0),25/06/26 23:00:00,A,PC_HH,ES24,2007,46.64,,
ESTAT:ISOC_R_IACC_H(1.0),25/06/26 23:00:00,A,PC_HH,ES24,2008,50.89,,
ESTAT:ISOC_R_IACC_H(1.0),25/06/26 23:00:00,A,PC_HH,ES24,2009,52.93,,
ESTAT:ISOC_R_IACC_H(1.0),25/06/26 23:00:00,A,PC_HH,ES24,2010,59.03,,
ESTAT:ISOC_R_IACC_H(1.0),25/06/26 23:00:00,A,PC_HH,ES24,2011,61.85,,
ESTAT:ISOC_R_IACC_H(1.0),25/06/26 23:00:00,A,PC_HH,ES24,2012,66.52,,
ESTAT:ISOC_R_IACC_H(1.0),25/06/26 23:00:00,A,PC_HH,ES24,2013,67.65,,
ESTAT:ISOC_R_IACC_H(1.0),25/06/26 23:00:00,A,PC_HH,ES24,2014,70.54,,
ESTAT:ISOC_R_IACC_H(1.0),25/06/26 23:00:00,A,PC_HH,ES24,2015,77.15,,
ESTAT:ISOC_R_IACC_H(1.0),25/06/26 23:00:00,A,PC_HH,ES24,2016,81.59,,
ESTAT:ISOC_R_IACC_H(1.0),25/06/26 23:00:00,A,PC_HH,ES24,2017,84.92,,
ESTAT:ISOC_R_IACC_H(1.0),25/06/26 23:00:00,A,PC_HH,ES24,2018,88.68,,
ESTAT:ISOC_R_IACC_H(1.0),25/06/26 23:00:00,A,PC_HH,ES24,2019,92.15,,
ESTAT:ISOC_R_IACC_H(1.0),25/06/26 23:00:00,A,PC_HH,ES24,2020,96.28,,
ESTAT:ISOC_R_IACC_H(1.0),25/06/26 23:00:00,A,PC_HH,ES24,2021,96.30,,
ESTAT:ISOC_R_IACC_H(1.0),25/06/26 23:00:00,A,PC_HH,ES24,2022,98.15,,
ESTAT:ISOC_R_IACC_H(1.0),25/06/26 23:00:00,A,PC_HH,ES24,2023,97.66,,
ESTAT:ISOC_R_IACC_H(1.0),25/06/26 23:00:00,A,PC_HH,ES24,2024,97.41,,
ESTAT:ISOC_R_IACC_H(1.0),25/06/26 23:00:00,A,PC_HH,ES24,2025,97.60,,
ESTAT:ISOC_R_IACC_H(1.0),25/06/26 23:00:00,A,PC_HH,ES3,2007,55.83,,
ESTAT:ISOC_R_IACC_H(1.0),25/06/26 23:00:00,A,PC_HH,ES3,2008,61.22,,
ESTAT:ISOC_R_IACC_H(1.0),25/06/26 23:00:00,A,PC_HH,ES3,2009,63.46,,
ESTAT:ISOC_R_IACC_H(1.0),25/06/26 23:00:00,A,PC_HH,ES3,2010,66.00,,
ESTAT:ISOC_R_IACC_H(1.0),25/06/26 23:00:00,A,PC_HH,ES3,2011,71.40,,
ESTAT:ISOC_R_IACC_H(1.0),25/06/26 23:00:00,A,PC_HH,ES3,2012,77.27,,
ESTAT:ISOC_R_IACC_H(1.0),25/06/26 23:00:00,A,PC_HH,ES3,2013,79.79,,
ESTAT:ISOC_R_IACC_H(1.0),25/06/26 23:00:00,A,PC_HH,ES3,2014,83.14,,
ESTAT:ISOC_R_IACC_H(1.0),25/06/26 23:00:00,A,PC_HH,ES3,2015,86.37,,
ESTAT:ISOC_R_IACC_H(1.0),25/06/26 23:00:00,A,PC_HH,ES3,2016,88.31,,
ESTAT:ISOC_R_IACC_H(1.0),25/06/26 23:00:00,A,PC_HH,ES3,2017,88.92,,
ESTAT:ISOC_R_IACC_H(1.0),25/06/26 23:00:00,A,PC_HH,ES3,2018,91.48,,
ESTAT:ISOC_R_IACC_H(1.0),25/06/26 23:00:00,A,PC_HH,ES3,2019,94.51,,
ESTAT:ISOC_R_IACC_H(1.0),25/06/26 23:00:00,A,PC_HH,ES3,2020,97.07,,
ESTAT:ISOC_R_IACC_H(1.0),25/06/26 23:00:00,A,PC_HH,ES3,2021,97.54,,
ESTAT:ISOC_R_IACC_H(1.0),25/06/26 23:00:00,A,PC_HH,ES3,2022,97.78,,
ESTAT:ISOC_R_IACC_H(1.0),25/06/26 23:00:00,A,PC_HH,ES3,2023,97.73,,
ESTAT:ISOC_R_IACC_H(1.0),25/06/26 23:00:00,A,PC_HH,ES3,2024,97.95,,
ESTAT:ISOC_R_IACC_H(1.0),25/06/26 23:00:00,A,PC_HH,ES3,2025,98.64,,
ESTAT:ISOC_R_IACC_H(1.0),25/06/26 23:00:00,A,PC_HH,ES30,2007,55.83,,
ESTAT:ISOC_R_IACC_H(1.0),25/06/26 23:00:00,A,PC_HH,ES30,2008,61.22,,
ESTAT:ISOC_R_IACC_H(1.0),25/06/26 23:00:00,A,PC_HH,ES30,2009,63.46,,
ESTAT:ISOC_R_IACC_H(1.0),25/06/26 23:00:00,A,PC_HH,ES30,2010,66.00,,
ESTAT:ISOC_R_IACC_H(1.0),25/06/26 23:00:00,A,PC_HH,ES30,2011,71.40,,
ESTAT:ISOC_R_IACC_H(1.0),25/06/26 23:00:00,A,PC_HH,ES30,2012,77.27,,
ESTAT:ISOC_R_IACC_H(1.0),25/06/26 23:00:00,A,PC_HH,ES30,2013,79.79,,
ESTAT:ISOC_R_IACC_H(1.0),25/06/26 23:00:00,A,PC_HH,ES30,2014,83.14,,
ESTAT:ISOC_R_IACC_H(1.0),25/06/26 23:00:00,A,PC_HH,ES30,2015,86.37,,
ESTAT:ISOC_R_IACC_H(1.0),25/06/26 23:00:00,A,PC_HH,ES30,2016,88.31,,
ESTAT:ISOC_R_IACC_H(1.0),25/06/26 23:00:00,A,PC_HH,ES30,2017,88.92,,
ESTAT:ISOC_R_IACC_H(1.0),25/06/26 23:00:00,A,PC_HH,ES30,2018,91.48,,
ESTAT:ISOC_R_IACC_H(1.0),25/06/26 23:00:00,A,PC_HH,ES30,2019,94.51,,
ESTAT:ISOC_R_IACC_H(1.0),25/06/26 23:00:00,A,PC_HH,ES30,2020,97.07,,
ESTAT:ISOC_R_IACC_H(1.0),25/06/26 23:00:00,A,PC_HH,ES30,2021,97.54,,
ESTAT:ISOC_R_IACC_H(1.0),25/06/26 23:00:00,A,PC_HH,ES30,2022,97.78,,
ESTAT:ISOC_R_IACC_H(1.0),25/06/26 23:00:00,A,PC_HH,ES30,2023,97.73,,
ESTAT:ISOC_R_IACC_H(1.0),25/06/26 23:00:00,A,PC_HH,ES30,2024,97.95,,
ESTAT:ISOC_R_IACC_H(1.0),25/06/26 23:00:00,A,PC_HH,ES30,2025,98.64,,
ESTAT:ISOC_R_IACC_H(1.0),25/06/26 23:00:00,A,PC_HH,ES4,2007,33.91,,
ESTAT:ISOC_R_IACC_H(1.0),25/06/26 23:00:00,A,PC_HH,ES4,2008,40.16,,
ESTAT:ISOC_R_IACC_H(1.0),25/06/26 23:00:00,A,PC_HH,ES4,2009,43.43,,
ESTAT:ISOC_R_IACC_H(1.0),25/06/26 23:00:00,A,PC_HH,ES4,2010,49.54,,
ESTAT:ISOC_R_IACC_H(1.0),25/06/26 23:00:00,A,PC_HH,ES4,2011,56.30,,
ESTAT:ISOC_R_IACC_H(1.0),25/06/26 23:00:00,A,PC_HH,ES4,2012,61.26,,
ESTAT:ISOC_R_IACC_H(1.0),25/06/26 23:00:00,A,PC_HH,ES4,2013,65.00,,
ESTAT:ISOC_R_IACC_H(1.0),25/06/26 23:00:00,A,PC_HH,ES4,2014,67.92,,
ESTAT:ISOC_R_IACC_H(1.0),25/06/26 23:00:00,A,PC_HH,ES4,2015,73.46,,
ESTAT:ISOC_R_IACC_H(1.0),25/06/26 23:00:00,A,PC_HH,ES4,2016,78.19,,
ESTAT:ISOC_R_IACC_H(1.0),25/06/26 23:00:00,A,PC_HH,ES4,2017,79.72,,
ESTAT:ISOC_R_IACC_H(1.0),25/06/26 23:00:00,A,PC_HH,ES4,2018,81.06,,
ESTAT:ISOC_R_IACC_H(1.0),25/06/26 23:00:00,A,PC_HH,ES4,2019,88.26,,
ESTAT:ISOC_R_IACC_H(1.0),25/06/26 23:00:00,A,PC_HH,ES4,2020,93.71,,
ESTAT:ISOC_R_IACC_H(1.0),25/06/26 23:00:00,A,PC_HH,ES4,2021,94.97,,
ESTAT:ISOC_R_IACC_H(1.0),25/06/26 23:00:00,A,PC_HH,ES4,2022,94.86,,
ESTAT:ISOC_R_IACC_H(1.0),25/06/26 23:00:00,A,PC_HH,ES4,2023,94.46,,
ESTAT:ISOC_R_IACC_H(1.0),25/06/26 23:00:00,A,PC_HH,ES4,2024,95.56,,
ESTAT:ISOC_R_IACC_H(1.0),25/06/26 23:00:00,A,PC_HH,ES4,2025,96.17,,
ESTAT:ISOC_R_IACC_H(1.0),25/06/26 23:00:00,A,PC_HH,ES41,2007,38.05,,
ESTAT:ISOC_R_IACC_H(1.0),25/06/26 23:00:00,A,PC_HH,ES41,2008,40.68,,
ESTAT:ISOC_R_IACC_H(1.0),25/06/26 23:00:00,A,PC_HH,ES41,2009,44.29,,
ESTAT:ISOC_R_IACC_H(1.0),25/06/26 23:00:00,A,PC_HH,ES41,2010,49.11,,
ESTAT:ISOC_R_IACC_H(1.0),25/06/26 23:00:00,A,PC_HH,ES41,2011,56.09,,
ESTAT:ISOC_R_IACC_H(1.0),25/06/26 23:00:00,A,PC_HH,ES41,2012,62.93,,
ESTAT:ISOC_R_IACC_H(1.0),25/06/26 23:00:00,A,PC_HH,ES41,2013,67.04,,
ESTAT:ISOC_R_IACC_H(1.0),25/06/26 23:00:00,A,PC_HH,ES41,2014,68.74,,
ESTAT:ISOC_R_IACC_H(1.0),25/06/26 23:00:00,A,PC_HH,ES41,2015,73.93,,
ESTAT:ISOC_R_IACC_H(1.0),25/06/26 23:00:00,A,PC_HH,ES41,2016,77.55,,
ESTAT:ISOC_R_IACC_H(1.0),25/06/26 23:00:00,A,PC_HH,ES41,2017,79.15,,
ESTAT:ISOC_R_IACC_H(1.0),25/06/26 23:00:00,A,PC_HH,ES41,2018,82.27,,
ESTAT:ISOC_R_IACC_H(1.0),25/06/26 23:00:00,A,PC_HH,ES41,2019,88.97,,
ESTAT:ISOC_R_IACC_H(1.0),25/06/26 23:00:00,A,PC_HH,ES41,2020,93.89,,
ESTAT:ISOC_R_IACC_H(1.0),25/06/26 23:00:00,A,PC_HH,ES41,2021,95.60,,
ESTAT:ISOC_R_IACC_H(1.0),25/06/26 23:00:00,A,PC_HH,ES41,2022,94.85,,
ESTAT:ISOC_R_IACC_H(1.0),25/06/26 23:00:00,A,PC_HH,ES41,2023,93.62,,
ESTAT:ISOC_R_IACC_H(1.0),25/06/26 23:00:00,A,PC_HH,ES41,2024,95.45,,
ESTAT:ISOC_R_IACC_H(1.0),25/06/26 23:00:00,A,PC_HH,ES41,2025,95.95,,
ESTAT:ISOC_R_IACC_H(1.0),25/06/26 23:00:00,A,PC_HH,ES42,2007,31.24,,
ESTAT:ISOC_R_IACC_H(1.0),25/06/26 23:00:00,A,PC_HH,ES42,2008,38.63,,
ESTAT:ISOC_R_IACC_H(1.0),25/06/26 23:00:00,A,PC_HH,ES42,2009,43.94,,
ESTAT:ISOC_R_IACC_H(1.0),25/06/26 23:00:00,A,PC_HH,ES42,2010,52.00,,
ESTAT:ISOC_R_IACC_H(1.0),25/06/26 23:00:00,A,PC_HH,ES42,2011,58.38,,
ESTAT:ISOC_R_IACC_H(1.0),25/06/26 23:00:00,A,PC_HH,ES42,2012,60.63,,
ESTAT:ISOC_R_IACC_H(1.0),25/06/26 23:00:00,A,PC_HH,ES42,2013,63.41,,
ESTAT:ISOC_R_IACC_H(1.0),25/06/26 23:00:00,A,PC_HH,ES42,2014,66.84,,
ESTAT:ISOC_R_IACC_H(1.0),25/06/26 23:00:00,A,PC_HH,ES42,2015,73.88,,
ESTAT:ISOC_R_IACC_H(1.0),25/06/26 23:00:00,A,PC_HH,ES42,2016,78.25,,
ESTAT:ISOC_R_IACC_H(1.0),25/06/26 23:00:00,A,PC_HH,ES42,2017,80.59,,
ESTAT:ISOC_R_IACC_H(1.0),25/06/26 23:00:00,A,PC_HH,ES42,2018,80.93,,
ESTAT:ISOC_R_IACC_H(1.0),25/06/26 23:00:00,A,PC_HH,ES42,2019,86.81,,
ESTAT:ISOC_R_IACC_H(1.0),25/06/26 23:00:00,A,PC_HH,ES42,2020,93.23,,
ESTAT:ISOC_R_IACC_H(1.0),25/06/26 23:00:00,A,PC_HH,ES42,2021,94.43,,
ESTAT:ISOC_R_IACC_H(1.0),25/06/26 23:00:00,A,PC_HH,ES42,2022,95.02,,
ESTAT:ISOC_R_IACC_H(1.0),25/06/26 23:00:00,A,PC_HH,ES42,2023,95.96,,
ESTAT:ISOC_R_IACC_H(1.0),25/06/26 23:00:00,A,PC_HH,ES42,2024,96.01,,
ESTAT:ISOC_R_IACC_H(1.0),25/06/26 23:00:00,A,PC_HH,ES42,2025,96.27,,
ESTAT:ISOC_R_IACC_H(1.0),25/06/26 23:00:00,A,PC_HH,ES43,2007,28.90,,
ESTAT:ISOC_R_IACC_H(1.0),25/06/26 23:00:00,A,PC_HH,ES43,2008,41.69,,
ESTAT:ISOC_R_IACC_H(1.0),25/06/26 23:00:00,A,PC_HH,ES43,2009,40.43,,
ESTAT:ISOC_R_IACC_H(1.0),25/06/26 23:00:00,A,PC_HH,ES43,2010,45.96,,
ESTAT:ISOC_R_IACC_H(1.0),25/06/26 23:00:00,A,PC_HH,ES43,2011,52.96,,
ESTAT:ISOC_R_IACC_H(1.0),25/06/26 23:00:00,A,PC_HH,ES43,2012,58.39,,
ESTAT:ISOC_R_IACC_H(1.0),25/06/26 23:00:00,A,PC_HH,ES43,2013,63.04,,
ESTAT:ISOC_R_IACC_H(1.0),25/06/26 23:00:00,A,PC_HH,ES43,2014,68.01,,
ESTAT:ISOC_R_IACC_H(1.0),25/06/26 23:00:00,A,PC_HH,ES43,2015,71.62,,
ESTAT:ISOC_R_IACC_H(1.0),25/06/26 23:00:00,A,PC_HH,ES43,2016,79.56,,
ESTAT:ISOC_R_IACC_H(1.0),25/06/26 23:00:00,A,PC_HH,ES43,2017,79.40,,
ESTAT:ISOC_R_IACC_H(1.0),25/06/26 23:00:00,A,PC_HH,ES43,2018,78.58,,
ESTAT:ISOC_R_IACC_H(1.0),25/06/26 23:00:00,A,PC_HH,ES43,2019,89.30,,
ESTAT:ISOC_R_IACC_H(1.0),25/06/26 23:00:00,A,PC_HH,ES43,2020,94.20,,
ESTAT:ISOC_R_IACC_H(1.0),25/06/26 23:00:00,A,PC_HH,ES43,2021,94.55,,
ESTAT:ISOC_R_IACC_H(1.0),25/06/26 23:00:00,A,PC_HH,ES43,2022,94.61,,
ESTAT:ISOC_R_IACC_H(1.0),25/06/26 23:00:00,A,PC_HH,ES43,2023,93.53,,
ESTAT:ISOC_R_IACC_H(1.0),25/06/26 23:00:00,A,PC_HH,ES43,2024,94.97,,
ESTAT:ISOC_R_IACC_H(1.0),25/06/26 23:00:00,A,PC_HH,ES43,2025,96.51,,
ESTAT:ISOC_R_IACC_H(1.0),25/06/26 23:00:00,A,PC_HH,ES5,2007,46.78,,
ESTAT:ISOC_R_IACC_H(1.0),25/06/26 23:00:00,A,PC_HH,ES5,2008,54.27,,
ESTAT:ISOC_R_IACC_H(1.0),25/06/26 23:00:00,A,PC_HH,ES5,2009,56.74,,
ESTAT:ISOC_R_IACC_H(1.0),25/06/26 23:00:00,A,PC_HH,ES5,2010,61.51,,
ESTAT:ISOC_R_IACC_H(1.0),25/06/26 23:00:00,A,PC_HH,ES5,2011,65.89,,
ESTAT:ISOC_R_IACC_H(1.0),25/06/26 23:00:00,A,PC_HH,ES5,2012,66.65,,
ESTAT:ISOC_R_IACC_H(1.0),25/06/26 23:00:00,A,PC_HH,ES5,2013,69.98,,
ESTAT:ISOC_R_IACC_H(1.0),25/06/26 23:00:00,A,PC_HH,ES5,2014,75.07,,
ESTAT:ISOC_R_IACC_H(1.0),25/06/26 23:00:00,A,PC_HH,ES5,2015,78.66,,
ESTAT:ISOC_R_IACC_H(1.0),25/06/26 23:00:00,A,PC_HH,ES5,2016,82.01,,
ESTAT:ISOC_R_IACC_H(1.0),25/06/26 23:00:00,A,PC_HH,ES5,2017,83.52,,
ESTAT:ISOC_R_IACC_H(1.0),25/06/26 23:00:00,A,PC_HH,ES5,2018,87.60,,
ESTAT:ISOC_R_IACC_H(1.0),25/06/26 23:00:00,A,PC_HH,ES5,2019,92.68,,
ESTAT:ISOC_R_IACC_H(1.0),25/06/26 23:00:00,A,PC_HH,ES5,2020,96.26,,
ESTAT:ISOC_R_IACC_H(1.0),25/06/26 23:00:00,A,PC_HH,ES5,2021,96.89,,
ESTAT:ISOC_R_IACC_H(1.0),25/06/26 23:00:00,A,PC_HH,ES5,2022,96.99,,
ESTAT:ISOC_R_IACC_H(1.0),25/06/26 23:00:00,A,PC_HH,ES5,2023,97.20,,
ESTAT:ISOC_R_IACC_H(1.0),25/06/26 23:00:00,A,PC_HH,ES5,2024,97.73,,
ESTAT:ISOC_R_IACC_H(1.0),25/06/26 23:00:00,A,PC_HH,ES5,2025,98.25,,
ESTAT:ISOC_R_IACC_H(1.0),25/06/26 23:00:00,A,PC_HH,ES51,2007,50.25,,
ESTAT:ISOC_R_IACC_H(1.0),25/06/26 23:00:00,A,PC_HH,ES51,2008,59.25,,
ESTAT:ISOC_R_IACC_H(1.0),25/06/26 23:00:00,A,PC_HH,ES51,2009,61.79,,
ESTAT:ISOC_R_IACC_H(1.0),25/06/26 23:00:00,A,PC_HH,ES51,2010,66.88,,
ESTAT:ISOC_R_IACC_H(1.0),25/06/26 23:00:00,A,PC_HH,ES51,2011,70.14,,
ESTAT:ISOC_R_IACC_H(1.0),25/06/26 23:00:00,A,PC_HH,ES51,2012,70.26,,
ESTAT:ISOC_R_IACC_H(1.0),25/06/26 23:00:00,A,PC_HH,ES51,2013,72.13,,
ESTAT:ISOC_R_IACC_H(1.0),25/06/26 23:00:00,A,PC_HH,ES51,2014,77.62,,
ESTAT:ISOC_R_IACC_H(1.0),25/06/26 23:00:00,A,PC_HH,ES51,2015,80.73,,
ESTAT:ISOC_R_IACC_H(1.0),25/06/26 23:00:00,A,PC_HH,ES51,2016,82.87,,
ESTAT:ISOC_R_IACC_H(1.0),25/06/26 23:00:00,A,PC_HH,ES51,2017,83.70,,
ESTAT:ISOC_R_IACC_H(1.0),25/06/26 23:00:00,A,PC_HH,ES51,2018,87.66,,
ESTAT:ISOC_R_IACC_H(1.0),25/06/26 23:00:00,A,PC_HH,ES51,2019,94.00,,
ESTAT:ISOC_R_IACC_H(1.0),25/06/26 23:00:00,A,PC_HH,ES51,2020,96.66,,
ESTAT:ISOC_R_IACC_H(1.0),25/06/26 23:00:00,A,PC_HH,ES51,2021,96.87,,
ESTAT:ISOC_R_IACC_H(1.0),25/06/26 23:00:00,A,PC_HH,ES51,2022,97.40,,
ESTAT:ISOC_R_IACC_H(1.0),25/06/26 23:00:00,A,PC_HH,ES51,2023,97.22,,
ESTAT:ISOC_R_IACC_H(1.0),25/06/26 23:00:00,A,PC_HH,ES51,2024,97.70,,
ESTAT:ISOC_R_IACC_H(1.0),25/06/26 23:00:00,A,PC_HH,ES51,2025,98.52,,
ESTAT:ISOC_R_IACC_H(1.0),25/06/26 23:00:00,A,PC_HH,ES52,2007,41.44,,
ESTAT:ISOC_R_IACC_H(1.0),25/06/26 23:00:00,A,PC_HH,ES52,2008,47.24,,
ESTAT:ISOC_R_IACC_H(1.0),25/06/26 23:00:00,A,PC_HH,ES52,2009,48.94,,
ESTAT:ISOC_R_IACC_H(1.0),25/06/26 23:00:00,A,PC_HH,ES52,2010,52.84,,
ESTAT:ISOC_R_IACC_H(1.0),25/06/26 23:00:00,A,PC_HH,ES52,2011,59.05,,
ESTAT:ISOC_R_IACC_H(1.0),25/06/26 23:00:00,A,PC_HH,ES52,2012,60.11,,
ESTAT:ISOC_R_IACC_H(1.0),25/06/26 23:00:00,A,PC_HH,ES52,2013,67.10,,
ESTAT:ISOC_R_IACC_H(1.0),25/06/26 23:00:00,A,PC_HH,ES52,2014,70.64,,
ESTAT:ISOC_R_IACC_H(1.0),25/06/26 23:00:00,A,PC_HH,ES52,2015,75.36,,
ESTAT:ISOC_R_IACC_H(1.0),25/06/26 23:00:00,A,PC_HH,ES52,2016,80.73,,
ESTAT:ISOC_R_IACC_H(1.0),25/06/26 23:00:00,A,PC_HH,ES52,2017,81.96,,
ESTAT:ISOC_R_IACC_H(1.0),25/06/26 23:00:00,A,PC_HH,ES52,2018,86.80,,
ESTAT:ISOC_R_IACC_H(1.0),25/06/26 23:00:00,A,PC_HH,ES52,2019,90.60,,
ESTAT:ISOC_R_IACC_H(1.0),25/06/26 23:00:00,A,PC_HH,ES52,2020,95.81,,
ESTAT:ISOC_R_IACC_H(1.0),25/06/26 23:00:00,A,PC_HH,ES52,2021,96.82,,
ESTAT:ISOC_R_IACC_H(1.0),25/06/26 23:00:00,A,PC_HH,ES52,2022,96.25,,
ESTAT:ISOC_R_IACC_H(1.0),25/06/26 23:00:00,A,PC_HH,ES52,2023,97.15,,
ESTAT:ISOC_R_IACC_H(1.0),25/06/26 23:00:00,A,PC_HH,ES52,2024,97.78,,
ESTAT:ISOC_R_IACC_H(1.0),25/06/26 23:00:00,A,PC_HH,ES52,2025,97.95,,
ESTAT:ISOC_R_IACC_H(1.0),25/06/26 23:00:00,A,PC_HH,ES53,2007,48.08,,
ESTAT:ISOC_R_IACC_H(1.0),25/06/26 23:00:00,A,PC_HH,ES53,2008,53.35,,
ESTAT:ISOC_R_IACC_H(1.0),25/06/26 23:00:00,A,PC_HH,ES53,2009,59.03,,
ESTAT:ISOC_R_IACC_H(1.0),25/06/26 23:00:00,A,PC_HH,ES53,2010,65.09,,
ESTAT:ISOC_R_IACC_H(1.0),25/06/26 23:00:00,A,PC_HH,ES53,2011,68.74,,
ESTAT:ISOC_R_IACC_H(1.0),25/06/26 23:00:00,A,PC_HH,ES53,2012,72.78,,
ESTAT:ISOC_R_IACC_H(1.0),25/06/26 23:00:00,A,PC_HH,ES53,2013,68.92,,
ESTAT:ISOC_R_IACC_H(1.0),25/06/26 23:00:00,A,PC_HH,ES53,2014,78.39,,
ESTAT:ISOC_R_IACC_H(1.0),25/06/26 23:00:00,A,PC_HH,ES53,2015,80.04,,
ESTAT:ISOC_R_IACC_H(1.0),25/06/26 23:00:00,A,PC_HH,ES53,2016,82.02,,
ESTAT:ISOC_R_IACC_H(1.0),25/06/26 23:00:00,A,PC_HH,ES53,2017,89.32,,
ESTAT:ISOC_R_IACC_H(1.0),25/06/26 23:00:00,A,PC_HH,ES53,2018,90.75,,
ESTAT:ISOC_R_IACC_H(1.0),25/06/26 23:00:00,A,PC_HH,ES53,2019,93.13,,
ESTAT:ISOC_R_IACC_H(1.0),25/06/26 23:00:00,A,PC_HH,ES53,2020,95.61,,
ESTAT:ISOC_R_IACC_H(1.0),25/06/26 23:00:00,A,PC_HH,ES53,2021,97.27,,
ESTAT:ISOC_R_IACC_H(1.0),25/06/26 23:00:00,A,PC_HH,ES53,2022,97.51,,
ESTAT:ISOC_R_IACC_H(1.0),25/06/26 23:00:00,A,PC_HH,ES53,2023,97.27,,
ESTAT:ISOC_R_IACC_H(1.0),25/06/26 23:00:00,A,PC_HH,ES53,2024,97.74,,
ESTAT:ISOC_R_IACC_H(1.0),25/06/26 23:00:00,A,PC_HH,ES53,2025,97.93,,
ESTAT:ISOC_R_IACC_H(1.0),25/06/26 23:00:00,A,PC_HH,ES6,2007,37.31,,
ESTAT:ISOC_R_IACC_H(1.0),25/06/26 23:00:00,A,PC_HH,ES6,2008,42.21,,
ESTAT:ISOC_R_IACC_H(1.0),25/06/26 23:00:00,A,PC_HH,ES6,2009,47.22,,
ESTAT:ISOC_R_IACC_H(1.0),25/06/26 23:00:00,A,PC_HH,ES6,2010,53.24,,
ESTAT:ISOC_R_IACC_H(1.0),25/06/26 23:00:00,A,PC_HH,ES6,2011,58.43,,
ESTAT:ISOC_R_IACC_H(1.0),25/06/26 23:00:00,A,PC_HH,ES6,2012,63.31,,
ESTAT:ISOC_R_IACC_H(1.0),25/06/26 23:00:00,A,PC_HH,ES6,2013,66.43,,
ESTAT:ISOC_R_IACC_H(1.0),25/06/26 23:00:00,A,PC_HH,ES6,2014,72.83,,
ESTAT:ISOC_R_IACC_H(1.0),25/06/26 23:00:00,A,PC_HH,ES6,2015,76.78,,
ESTAT:ISOC_R_IACC_H(1.0),25/06/26 23:00:00,A,PC_HH,ES6,2016,80.80,,
ESTAT:ISOC_R_IACC_H(1.0),25/06/26 23:00:00,A,PC_HH,ES6,2017,82.32,,
ESTAT:ISOC_R_IACC_H(1.0),25/06/26 23:00:00,A,PC_HH,ES6,2018,84.30,,
ESTAT:ISOC_R_IACC_H(1.0),25/06/26 23:00:00,A,PC_HH,ES6,2019,89.94,,
ESTAT:ISOC_R_IACC_H(1.0),25/06/26 23:00:00,A,PC_HH,ES6,2020,94.73,,
ESTAT:ISOC_R_IACC_H(1.0),25/06/26 23:00:00,A,PC_HH,ES6,2021,94.84,,
ESTAT:ISOC_R_IACC_H(1.0),25/06/26 23:00:00,A,PC_HH,ES6,2022,94.91,,
ESTAT:ISOC_R_IACC_H(1.0),25/06/26 23:00:00,A,PC_HH,ES6,2023,95.99,,
ESTAT:ISOC_R_IACC_H(1.0),25/06/26 23:00:00,A,PC_HH,ES6,2024,96.46,,
ESTAT:ISOC_R_IACC_H(1.0),25/06/26 23:00:00,A,PC_HH,ES6,2025,96.76,,
ESTAT:ISOC_R_IACC_H(1.0),25/06/26 23:00:00,A,PC_HH,ES61,2007,37.47,,
ESTAT:ISOC_R_IACC_H(1.0),25/06/26 23:00:00,A,PC_HH,ES61,2008,42.24,,
ESTAT:ISOC_R_IACC_H(1.0),25/06/26 23:00:00,A,PC_HH,ES61,2009,47.35,,
ESTAT:ISOC_R_IACC_H(1.0),25/06/26 23:00:00,A,PC_HH,ES61,2010,53.15,,
ESTAT:ISOC_R_IACC_H(1.0),25/06/26 23:00:00,A,PC_HH,ES61,2011,58.25,,
ESTAT:ISOC_R_IACC_H(1.0),25/06/26 23:00:00,A,PC_HH,ES61,2012,63.31,,
ESTAT:ISOC_R_IACC_H(1.0),25/06/26 23:00:00,A,PC_HH,ES61,2013,66.33,,
ESTAT:ISOC_R_IACC_H(1.0),25/06/26 23:00:00,A,PC_HH,ES61,2014,72.68,,
ESTAT:ISOC_R_IACC_H(1.0),25/06/26 23:00:00,A,PC_HH,ES61,2015,76.36,,
ESTAT:ISOC_R_IACC_H(1.0),25/06/26 23:00:00,A,PC_HH,ES61,2016,80.62,,
ESTAT:ISOC_R_IACC_H(1.0),25/06/26 23:00:00,A,PC_HH,ES61,2017,81.67,,
ESTAT:ISOC_R_IACC_H(1.0),25/06/26 23:00:00,A,PC_HH,ES61,2018,83.69,,
ESTAT:ISOC_R_IACC_H(1.0),25/06/26 23:00:00,A,PC_HH,ES61,2019,89.68,,
ESTAT:ISOC_R_IACC_H(1.0),25/06/26 23:00:00,A,PC_HH,ES61,2020,94.74,,
ESTAT:ISOC_R_IACC_H(1.0),25/06/26 23:00:00,A,PC_HH,ES61,2021,94.47,,
ESTAT:ISOC_R_IACC_H(1.0),25/06/26 23:00:00,A,PC_HH,ES61,2022,94.50,,
ESTAT:ISOC_R_IACC_H(1.0),25/06/26 23:00:00,A,PC_HH,ES61,2023,95.80,,
ESTAT:ISOC_R_IACC_H(1.0),25/06/26 23:00:00,A,PC_HH,ES61,2024,96.31,,
ESTAT:ISOC_R_IACC_H(1.0),25/06/26 23:00:00,A,PC_HH,ES61,2025,96.47,,
ESTAT:ISOC_R_IACC_H(1.0),25/06/26 23:00:00,A,PC_HH,ES62,2007,35.43,,
ESTAT:ISOC_R_IACC_H(1.0),25/06/26 23:00:00,A,PC_HH,ES62,2008,41.32,,
ESTAT:ISOC_R_IACC_H(1.0),25/06/26 23:00:00,A,PC_HH,ES62,2009,46.29,,
ESTAT:ISOC_R_IACC_H(1.0),25/06/26 23:00:00,A,PC_HH,ES62,2010,52.60,,
ESTAT:ISOC_R_IACC_H(1.0),25/06/26 23:00:00,A,PC_HH,ES62,2011,58.84,,
ESTAT:ISOC_R_IACC_H(1.0),25/06/26 23:00:00,A,PC_HH,ES62,2012,62.88,,
ESTAT:ISOC_R_IACC_H(1.0),25/06/26 23:00:00,A,PC_HH,ES62,2013,66.28,,
ESTAT:ISOC_R_IACC_H(1.0),25/06/26 23:00:00,A,PC_HH,ES62,2014,72.77,,
ESTAT:ISOC_R_IACC_H(1.0),25/06/26 23:00:00,A,PC_HH,ES62,2015,78.89,,
ESTAT:ISOC_R_IACC_H(1.0),25/06/26 23:00:00,A,PC_HH,ES62,2016,81.39,,
ESTAT:ISOC_R_IACC_H(1.0),25/06/26 23:00:00,A,PC_HH,ES62,2017,86.02,,
ESTAT:ISOC_R_IACC_H(1.0),25/06/26 23:00:00,A,PC_HH,ES62,2018,87.36,,
ESTAT:ISOC_R_IACC_H(1.0),25/06/26 23:00:00,A,PC_HH,ES62,2019,91.29,,
ESTAT:ISOC_R_IACC_H(1.0),25/06/26 23:00:00,A,PC_HH,ES62,2020,94.38,,
ESTAT:ISOC_R_IACC_H(1.0),25/06/26 23:00:00,A,PC_HH,ES62,2021,96.93,,
ESTAT:ISOC_R_IACC_H(1.0),25/06/26 23:00:00,A,PC_HH,ES62,2022,96.94,,
ESTAT:ISOC_R_IACC_H(1.0),25/06/26 23:00:00,A,PC_HH,ES62,2023,97.05,,
ESTAT:ISOC_R_IACC_H(1.0),25/06/26 23:00:00,A,PC_HH,ES62,2024,97.19,,
ESTAT:ISOC_R_IACC_H(1.0),25/06/26 23:00:00,A,PC_HH,ES62,2025,98.37,,
ESTAT:ISOC_R_IACC_H(1.0),25/06/26 23:00:00,A,PC_HH,ES63,2007,45.85,,
ESTAT:ISOC_R_IACC_H(1.0),25/06/26 23:00:00,A,PC_HH,ES63,2008,49.28,,
ESTAT:ISOC_R_IACC_H(1.0),25/06/26 23:00:00,A,PC_HH,ES63,2009,47.90,,
ESTAT:ISOC_R_IACC_H(1.0),25/06/26 23:00:00,A,PC_HH,ES63,2010,63.38,,
ESTAT:ISOC_R_IACC_H(1.0),25/06/26 23:00:00,A,PC_HH,ES63,2011,67.89,,
ESTAT:ISOC_R_IACC_H(1.0),25/06/26 23:00:00,A,PC_HH,ES63,2012,71.25,,
ESTAT:ISOC_R_IACC_H(1.0),25/06/26 23:00:00,A,PC_HH,ES63,2013,81.44,,
ESTAT:ISOC_R_IACC_H(1.0),25/06/26 23:00:00,A,PC_HH,ES63,2014,81.35,,
ESTAT:ISOC_R_IACC_H(1.0),25/06/26 23:00:00,A,PC_HH,ES63,2015,82.22,,
ESTAT:ISOC_R_IACC_H(1.0),25/06/26 23:00:00,A,PC_HH,ES63,2016,83.93,,
ESTAT:ISOC_R_IACC_H(1.0),25/06/26 23:00:00,A,PC_HH,ES63,2017,88.42,,
ESTAT:ISOC_R_IACC_H(1.0),25/06/26 23:00:00,A,PC_HH,ES63,2018,91.69,,
ESTAT:ISOC_R_IACC_H(1.0),25/06/26 23:00:00,A,PC_HH,ES63,2019,91.68,u,
ESTAT:ISOC_R_IACC_H(1.0),25/06/26 23:00:00,A,PC_HH,ES63,2020,96.01,,
ESTAT:ISOC_R_IACC_H(1.0),25/06/26 23:00:00,A,PC_HH,ES63,2021,92.51,,
ESTAT:ISOC_R_IACC_H(1.0),25/06/26 23:00:00,A,PC_HH,ES63,2022,97.27,,
ESTAT:ISOC_R_IACC_H(1.0),25/06/26 23:00:00,A,PC_HH,ES63,2023,95.54,,
ESTAT:ISOC_R_IACC_H(1.0),25/06/26 23:00:00,A,PC_HH,ES63,2024,98.80,,
ESTAT:ISOC_R_IACC_H(1.0),25/06/26 23:00:00,A,PC_HH,ES63,2025,97.20,,
ESTAT:ISOC_R_IACC_H(1.0),25/06/26 23:00:00,A,PC_HH,ES64,2007,49.02,,
ESTAT:ISOC_R_IACC_H(1.0),25/06/26 23:00:00,A,PC_HH,ES64,2008,51.11,,
ESTAT:ISOC_R_IACC_H(1.0),25/06/26 23:00:00,A,PC_HH,ES64,2009,51.00,,
ESTAT:ISOC_R_IACC_H(1.0),25/06/26 23:00:00,A,PC_HH,ES64,2010,69.35,,
ESTAT:ISOC_R_IACC_H(1.0),25/06/26 23:00:00,A,PC_HH,ES64,2011,63.27,,
ESTAT:ISOC_R_IACC_H(1.0),25/06/26 23:00:00,A,PC_HH,ES64,2012,64.46,,
ESTAT:ISOC_R_IACC_H(1.0),25/06/26 23:00:00,A,PC_HH,ES64,2013,66.62,,
ESTAT:ISOC_R_IACC_H(1.0),25/06/26 23:00:00,A,PC_HH,ES64,2014,83.24,,
ESTAT:ISOC_R_IACC_H(1.0),25/06/26 23:00:00,A,PC_HH,ES64,2015,78.46,,
ESTAT:ISOC_R_IACC_H(1.0),25/06/26 23:00:00,A,PC_HH,ES64,2016,86.22,,
ESTAT:ISOC_R_IACC_H(1.0),25/06/26 23:00:00,A,PC_HH,ES64,2017,80.83,,
ESTAT:ISOC_R_IACC_H(1.0),25/06/26 23:00:00,A,PC_HH,ES64,2018,88.86,,
ESTAT:ISOC_R_IACC_H(1.0),25/06/26 23:00:00,A,PC_HH,ES64,2019,91.24,,
ESTAT:ISOC_R_IACC_H(1.0),25/06/26 23:00:00,A,PC_HH,ES64,2020,98.86,,
ESTAT:ISOC_R_IACC_H(1.0),25/06/26 23:00:00,A,PC_HH,ES64,2021,98.62,,
ESTAT:ISOC_R_IACC_H(1.0),25/06/26 23:00:00,A,PC_HH,ES64,2022,100.00,,
ESTAT:ISOC_R_IACC_H(1.0),25/06/26 23:00:00,A,PC_HH,ES64,2023,98.55,,
ESTAT:ISOC_R_IACC_H(1.0),25/06/26 23:00:00,A,PC_HH,ES64,2024,96.73,,
ESTAT:ISOC_R_IACC_H(1.0),25/06/26 23:00:00,A,PC_HH,ES64,2025,97.55,,
ESTAT:ISOC_R_IACC_H(1.0),25/06/26 23:00:00,A,PC_HH,ES7,2007,43.55,,
ESTAT:ISOC_R_IACC_H(1.0),25/06/26 23:00:00,A,PC_HH,ES7,2008,50.53,,
ESTAT:ISOC_R_IACC_H(1.0),25/06/26 23:00:00,A,PC_HH,ES7,2009,52.64,,
ESTAT:ISOC_R_IACC_H(1.0),25/06/26 23:00:00,A,PC_HH,ES7,2010,56.68,,
ESTAT:ISOC_R_IACC_H(1.0),25/06/26 23:00:00,A,PC_HH,ES7,2011,60.42,,
ESTAT:ISOC_R_IACC_H(1.0),25/06/26 23:00:00,A,PC_HH,ES7,2012,63.94,,
ESTAT:ISOC_R_IACC_H(1.0),25/06/26 23:00:00,A,PC_HH,ES7,2013,66.99,,
ESTAT:ISOC_R_IACC_H(1.0),25/06/26 23:00:00,A,PC_HH,ES7,2014,72.61,,
ESTAT:ISOC_R_IACC_H(1.0),25/06/26 23:00:00,A,PC_HH,ES7,2015,78.60,,
ESTAT:ISOC_R_IACC_H(1.0),25/06/26 23:00:00,A,PC_HH,ES7,2016,82.12,,
ESTAT:ISOC_R_IACC_H(1.0),25/06/26 23:00:00,A,PC_HH,ES7,2017,80.89,,
ESTAT:ISOC_R_IACC_H(1.0),25/06/26 23:00:00,A,PC_HH,ES7,2018,87.35,,
ESTAT:ISOC_R_IACC_H(1.0),25/06/26 23:00:00,A,PC_HH,ES7,2019,91.10,,
ESTAT:ISOC_R_IACC_H(1.0),25/06/26 23:00:00,A,PC_HH,ES7,2020,96.18,,
ESTAT:ISOC_R_IACC_H(1.0),25/06/26 23:00:00,A,PC_HH,ES7,2021,96.70,,
ESTAT:ISOC_R_IACC_H(1.0),25/06/26 23:00:00,A,PC_HH,ES7,2022,96.94,,
ESTAT:ISOC_R_IACC_H(1.0),25/06/26 23:00:00,A,PC_HH,ES7,2023,97.11,,
ESTAT:ISOC_R_IACC_H(1.0),25/06/26 23:00:00,A,PC_HH,ES7,2024,96.83,,
ESTAT:ISOC_R_IACC_H(1.0),25/06/26 23:00:00,A,PC_HH,ES7,2025,97.34,,
ESTAT:ISOC_R_IACC_H(1.0),25/06/26 23:00:00,A,PC_HH,ES70,2007,43.55,,
ESTAT:ISOC_R_IACC_H(1.0),25/06/26 23:00:00,A,PC_HH,ES70,2008,50.53,,
ESTAT:ISOC_R_IACC_H(1.0),25/06/26 23:00:00,A,PC_HH,ES70,2009,52.64,,
ESTAT:ISOC_R_IACC_H(1.0),25/06/26 23:00:00,A,PC_HH,ES70,2010,56.68,,
ESTAT:ISOC_R_IACC_H(1.0),25/06/26 23:00:00,A,PC_HH,ES70,2011,60.42,,
ESTAT:ISOC_R_IACC_H(1.0),25/06/26 23:00:00,A,PC_HH,ES70,2012,63.94,,
ESTAT:ISOC_R_IACC_H(1.0),25/06/26 23:00:00,A,PC_HH,ES70,2013,66.99,,
ESTAT:ISOC_R_IACC_H(1.0),25/06/26 23:00:00,A,PC_HH,ES70,2014,72.61,,
ESTAT:ISOC_R_IACC_H(1.0),25/06/26 23:00:00,A,PC_HH,ES70,2015,78.60,,
ESTAT:ISOC_R_IACC_H(1.0),25/06/26 23:00:00,A,PC_HH,ES70,2016,82.12,,
ESTAT:ISOC_R_IACC_H(1.0),25/06/26 23:00:00,A,PC_HH,ES70,2017,80.89,,
ESTAT:ISOC_R_IACC_H(1.0),25/06/26 23:00:00,A,PC_HH,ES70,2018,87.35,,
ESTAT:ISOC_R_IACC_H(1.0),25/06/26 23:00:00,A,PC_HH,ES70,2019,91.10,,
ESTAT:ISOC_R_IACC_H(1.0),25/06/26 23:00:00,A,PC_HH,ES70,2020,96.18,,
ESTAT:ISOC_R_IACC_H(1.0),25/06/26 23:00:00,A,PC_HH,ES70,2021,96.70,,
ESTAT:ISOC_R_IACC_H(1.0),25/06/26 23:00:00,A,PC_HH,ES70,2022,96.94,,
ESTAT:ISOC_R_IACC_H(1.0),25/06/26 23:00:00,A,PC_HH,ES70,2023,97.11,,
ESTAT:ISOC_R_IACC_H(1.0),25/06/26 23:00:00,A,PC_HH,ES70,2024,96.83,,
ESTAT:ISOC_R_IACC_H(1.0),25/06/26 23:00:00,A,PC_HH,ES70,2025,97.34,,
ESTAT:ISOC_R_IACC_H(1.0),25/06/26 23:00:00,A,PC_HH,FI,2006,64.73,,
ESTAT:ISOC_R_IACC_H(1.0),25/06/26 23:00:00,A,PC_HH,FI,2007,68.78,,
ESTAT:ISOC_R_IACC_H(1.0),25/06/26 23:00:00,A,PC_HH,FI,2008,72.38,,
ESTAT:ISOC_R_IACC_H(1.0),25/06/26 23:00:00,A,PC_HH,FI,2009,77.78,,
ESTAT:ISOC_R_IACC_H(1.0),25/06/26 23:00:00,A,PC_HH,FI,2010,80.54,,
ESTAT:ISOC_R_IACC_H(1.0),25/06/26 23:00:00,A,PC_HH,FI,2011,84.16,,
ESTAT:ISOC_R_IACC_H(1.0),25/06/26 23:00:00,A,PC_HH,FI,2012,86.80,,
ESTAT:ISOC_R_IACC_H(1.0),25/06/26 23:00:00,A,PC_HH,FI,2013,89.24,,
ESTAT:ISOC_R_IACC_H(1.0),25/06/26 23:00:00,A,PC_HH,FI,2014,89.83,,
ESTAT:ISOC_R_IACC_H(1.0),25/06/26 23:00:00,A,PC_HH,FI,2015,89.93,,
ESTAT:ISOC_R_IACC_H(1.0),25/06/26 23:00:00,A,PC_HH,FI,2016,91.95,,
ESTAT:ISOC_R_IACC_H(1.0),25/06/26 23:00:00,A,PC_HH,FI,2017,94.42,,
ESTAT:ISOC_R_IACC_H(1.0),25/06/26 23:00:00,A,PC_HH,FI,2018,94.28,,
ESTAT:ISOC_R_IACC_H(1.0),25/06/26 23:00:00,A,PC_HH,FI,2019,94.36,,
ESTAT:ISOC_R_IACC_H(1.0),25/06/26 23:00:00,A,PC_HH,FI,2020,96.00,,
ESTAT:ISOC_R_IACC_H(1.0),25/06/26 23:00:00,A,PC_HH,FI,2021,96.56,,
ESTAT:ISOC_R_IACC_H(1.0),25/06/26 23:00:00,A,PC_HH,FI,2022,97.59,,
ESTAT:ISOC_R_IACC_H(1.0),25/06/26 23:00:00,A,PC_HH,FI,2023,96.78,,
ESTAT:ISOC_R_IACC_H(1.0),25/06/26 23:00:00,A,PC_HH,FI,2024,97.35,,
ESTAT:ISOC_R_IACC_H(1.0),25/06/26 23:00:00,A,PC_HH,FI,2025,97.62,,
ESTAT:ISOC_R_IACC_H(1.0),25/06/26 23:00:00,A,PC_HH,FI1,2006,64.68,,
ESTAT:ISOC_R_IACC_H(1.0),25/06/26 23:00:00,A,PC_HH,FI1,2007,68.81,,
ESTAT:ISOC_R_IACC_H(1.0),25/06/26 23:00:00,A,PC_HH,FI1,2008,72.38,,
ESTAT:ISOC_R_IACC_H(1.0),25/06/26 23:00:00,A,PC_HH,FI1,2009,77.78,,
ESTAT:ISOC_R_IACC_H(1.0),25/06/26 23:00:00,A,PC_HH,FI1,2010,80.54,,
ESTAT:ISOC_R_IACC_H(1.0),25/06/26 23:00:00,A,PC_HH,FI1,2011,84.16,,
ESTAT:ISOC_R_IACC_H(1.0),25/06/26 23:00:00,A,PC_HH,FI1,2012,86.80,,
ESTAT:ISOC_R_IACC_H(1.0),25/06/26 23:00:00,A,PC_HH,FI1,2013,89.24,,
ESTAT:ISOC_R_IACC_H(1.0),25/06/26 23:00:00,A,PC_HH,FI1,2014,89.83,,
ESTAT:ISOC_R_IACC_H(1.0),25/06/26 23:00:00,A,PC_HH,FI1,2015,89.93,,
ESTAT:ISOC_R_IACC_H(1.0),25/06/26 23:00:00,A,PC_HH,FI1,2016,91.95,,
ESTAT:ISOC_R_IACC_H(1.0),25/06/26 23:00:00,A,PC_HH,FI1,2017,94.42,,
ESTAT:ISOC_R_IACC_H(1.0),25/06/26 23:00:00,A,PC_HH,FI1,2018,94.28,,
ESTAT:ISOC_R_IACC_H(1.0),25/06/26 23:00:00,A,PC_HH,FI1,2019,94.36,,
ESTAT:ISOC_R_IACC_H(1.0),25/06/26 23:00:00,A,PC_HH,FI1,2020,96.00,,
ESTAT:ISOC_R_IACC_H(1.0),25/06/26 23:00:00,A,PC_HH,FI1,2021,96.56,,
ESTAT:ISOC_R_IACC_H(1.0),25/06/26 23:00:00,A,PC_HH,FI1,2022,97.59,,
ESTAT:ISOC_R_IACC_H(1.0),25/06/26 23:00:00,A,PC_HH,FI1,2023,96.78,,
ESTAT:ISOC_R_IACC_H(1.0),25/06/26 23:00:00,A,PC_HH,FI1,2024,97.35,,
ESTAT:ISOC_R_IACC_H(1.0),25/06/26 23:00:00,A,PC_HH,FI1,2025,97.62,,
ESTAT:ISOC_R_IACC_H(1.0),25/06/26 23:00:00,A,PC_HH,FI19,2006,67.38,,
ESTAT:ISOC_R_IACC_H(1.0),25/06/26 23:00:00,A,PC_HH,FI19,2007,68.17,,
ESTAT:ISOC_R_IACC_H(1.0),25/06/26 23:00:00,A,PC_HH,FI19,2008,73.77,,
ESTAT:ISOC_R_IACC_H(1.0),25/06/26 23:00:00,A,PC_HH,FI19,2009,73.73,,
ESTAT:ISOC_R_IACC_H(1.0),25/06/26 23:00:00,A,PC_HH,FI19,2010,76.95,,
ESTAT:ISOC_R_IACC_H(1.0),25/06/26 23:00:00,A,PC_HH,FI19,2011,83.25,,
ESTAT:ISOC_R_IACC_H(1.0),25/06/26 23:00:00,A,PC_HH,FI19,2012,85.91,,
ESTAT:ISOC_R_IACC_H(1.0),25/06/26 23:00:00,A,PC_HH,FI19,2013,86.66,,
ESTAT:ISOC_R_IACC_H(1.0),25/06/26 23:00:00,A,PC_HH,FI19,2014,89.00,,
ESTAT:ISOC_R_IACC_H(1.0),25/06/26 23:00:00,A,PC_HH,FI19,2015,87.98,,
ESTAT:ISOC_R_IACC_H(1.0),25/06/26 23:00:00,A,PC_HH,FI19,2016,88.89,,
ESTAT:ISOC_R_IACC_H(1.0),25/06/26 23:00:00,A,PC_HH,FI19,2017,93.24,,
ESTAT:ISOC_R_IACC_H(1.0),25/06/26 23:00:00,A,PC_HH,FI19,2018,94.52,,
ESTAT:ISOC_R_IACC_H(1.0),25/06/26 23:00:00,A,PC_HH,FI19,2019,93.36,,
ESTAT:ISOC_R_IACC_H(1.0),25/06/26 23:00:00,A,PC_HH,FI19,2020,97.12,,
ESTAT:ISOC_R_IACC_H(1.0),25/06/26 23:00:00,A,PC_HH,FI19,2021,96.55,,
ESTAT:ISOC_R_IACC_H(1.0),25/06/26 23:00:00,A,PC_HH,FI19,2022,96.96,,
ESTAT:ISOC_R_IACC_H(1.0),25/06/26 23:00:00,A,PC_HH,FI19,2023,96.79,,
ESTAT:ISOC_R_IACC_H(1.0),25/06/26 23:00:00,A,PC_HH,FI19,2024,96.32,,
ESTAT:ISOC_R_IACC_H(1.0),25/06/26 23:00:00,A,PC_HH,FI19,2025,96.94,,
ESTAT:ISOC_R_IACC_H(1.0),25/06/26 23:00:00,A,PC_HH,FI1B,2012,92.05,,
ESTAT:ISOC_R_IACC_H(1.0),25/06/26 23:00:00,A,PC_HH,FI1B,2013,93.00,,
ESTAT:ISOC_R_IACC_H(1.0),25/06/26 23:00:00,A,PC_HH,FI1B,2014,94.01,,
ESTAT:ISOC_R_IACC_H(1.0),25/06/26 23:00:00,A,PC_HH,FI1B,2015,95.26,,
ESTAT:ISOC_R_IACC_H(1.0),25/06/26 23:00:00,A,PC_HH,FI1B,2016,94.65,,
ESTAT:ISOC_R_IACC_H(1.0),25/06/26 23:00:00,A,PC_HH,FI1B,2017,98.10,,
ESTAT:ISOC_R_IACC_H(1.0),25/06/26 23:00:00,A,PC_HH,FI1B,2018,96.91,,
ESTAT:ISOC_R_IACC_H(1.0),25/06/26 23:00:00,A,PC_HH,FI1B,2019,96.60,,
ESTAT:ISOC_R_IACC_H(1.0),25/06/26 23:00:00,A,PC_HH,FI1B,2020,97.86,,
ESTAT:ISOC_R_IACC_H(1.0),25/06/26 23:00:00,A,PC_HH,FI1B,2021,99.07,,
ESTAT:ISOC_R_IACC_H(1.0),25/06/26 23:00:00,A,PC_HH,FI1B,2022,98.23,,
ESTAT:ISOC_R_IACC_H(1.0),25/06/26 23:00:00,A,PC_HH,FI1B,2023,98.37,,
ESTAT:ISOC_R_IACC_H(1.0),25/06/26 23:00:00,A,PC_HH,FI1B,2024,97.57,,
ESTAT:ISOC_R_IACC_H(1.0),25/06/26 23:00:00,A,PC_HH,FI1B,2025,99.01,,
ESTAT:ISOC_R_IACC_H(1.0),25/06/26 23:00:00,A,PC_HH,FI1C,2012,84.88,,
ESTAT:ISOC_R_IACC_H(1.0),25/06/26 23:00:00,A,PC_HH,FI1C,2013,90.13,,
ESTAT:ISOC_R_IACC_H(1.0),25/06/26 23:00:00,A,PC_HH,FI1C,2014,88.88,,
ESTAT:ISOC_R_IACC_H(1.0),25/06/26 23:00:00,A,PC_HH,FI1C,2015,87.12,,
ESTAT:ISOC_R_IACC_H(1.0),25/06/26 23:00:00,A,PC_HH,FI1C,2016,93.76,,
ESTAT:ISOC_R_IACC_H(1.0),25/06/26 23:00:00,A,PC_HH,FI1C,2017,92.70,,
ESTAT:ISOC_R_IACC_H(1.0),25/06/26 23:00:00,A,PC_HH,FI1C,2018,92.01,,
ESTAT:ISOC_R_IACC_H(1.0),25/06/26 23:00:00,A,PC_HH,FI1C,2019,95.04,,
ESTAT:ISOC_R_IACC_H(1.0),25/06/26 23:00:00,A,PC_HH,FI1C,2020,95.99,,
ESTAT:ISOC_R_IACC_H(1.0),25/06/26 23:00:00,A,PC_HH,FI1C,2021,95.80,,
ESTAT:ISOC_R_IACC_H(1.0),25/06/26 23:00:00,A,PC_HH,FI1C,2022,98.11,,
ESTAT:ISOC_R_IACC_H(1.0),25/06/26 23:00:00,A,PC_HH,FI1C,2023,96.78,,
ESTAT:ISOC_R_IACC_H(1.0),25/06/26 23:00:00,A,PC_HH,FI1C,2024,97.15,,
ESTAT:ISOC_R_IACC_H(1.0),25/06/26 23:00:00,A,PC_HH,FI1C,2025,96.62,,
ESTAT:ISOC_R_IACC_H(1.0),25/06/26 23:00:00,A,PC_HH,FI1D,2006,60.50,,
ESTAT:ISOC_R_IACC_H(1.0),25/06/26 23:00:00,A,PC_HH,FI1D,2007,63.89,,
ESTAT:ISOC_R_IACC_H(1.0),25/06/26 23:00:00,A,PC_HH,FI1D,2008,69.14,,
ESTAT:ISOC_R_IACC_H(1.0),25/06/26 23:00:00,A,PC_HH,FI1D,2009,74.38,,
ESTAT:ISOC_R_IACC_H(1.0),25/06/26 23:00:00,A,PC_HH,FI1D,2010,79.04,,
ESTAT:ISOC_R_IACC_H(1.0),25/06/26 23:00:00,A,PC_HH,FI1D,2011,81.91,,
ESTAT:ISOC_R_IACC_H(1.0),25/06/26 23:00:00,A,PC_HH,FI1D,2012,83.30,,
ESTAT:ISOC_R_IACC_H(1.0),25/06/26 23:00:00,A,PC_HH,FI1D,2013,86.59,,
ESTAT:ISOC_R_IACC_H(1.0),25/06/26 23:00:00,A,PC_HH,FI1D,2014,86.55,,
ESTAT:ISOC_R_IACC_H(1.0),25/06/26 23:00:00,A,PC_HH,FI1D,2015,88.25,,
ESTAT:ISOC_R_IACC_H(1.0),25/06/26 23:00:00,A,PC_HH,FI1D,2016,90.15,,
ESTAT:ISOC_R_IACC_H(1.0),25/06/26 23:00:00,A,PC_HH,FI1D,2017,92.70,,
ESTAT:ISOC_R_IACC_H(1.0),25/06/26 23:00:00,A,PC_HH,FI1D,2018,92.88,,
ESTAT:ISOC_R_IACC_H(1.0),25/06/26 23:00:00,A,PC_HH,FI1D,2019,91.97,,
ESTAT:ISOC_R_IACC_H(1.0),25/06/26 23:00:00,A,PC_HH,FI1D,2020,92.45,,
ESTAT:ISOC_R_IACC_H(1.0),25/06/26 23:00:00,A,PC_HH,FI1D,2021,94.11,,
ESTAT:ISOC_R_IACC_H(1.0),25/06/26 23:00:00,A,PC_HH,FI1D,2022,96.91,,
ESTAT:ISOC_R_IACC_H(1.0),25/06/26 23:00:00,A,PC_HH,FI1D,2023,94.67,,
ESTAT:ISOC_R_IACC_H(1.0),25/06/26 23:00:00,A,PC_HH,FI1D,2024,98.34,,
ESTAT:ISOC_R_IACC_H(1.0),25/06/26 23:00:00,A,PC_HH,FI1D,2025,97.38,,
ESTAT:ISOC_R_IACC_H(1.0),25/06/26 23:00:00,A,PC_HH,FI2,2007,64.20,,
ESTAT:ISOC_R_IACC_H(1.0),25/06/26 23:00:00,A,PC_HH,FI20,2007,64.20,,
ESTAT:ISOC_R_IACC_H(1.0),25/06/26 23:00:00,A,PC_HH,FR,2006,40.93,,
ESTAT:ISOC_R_IACC_H(1.0),25/06/26 23:00:00,A,PC_HH,FR,2007,55.05,,
ESTAT:ISOC_R_IACC_H(1.0),25/06/26 23:00:00,A,PC_HH,FR,2008,62.32,,
ESTAT:ISOC_R_IACC_H(1.0),25/06/26 23:00:00,A,PC_HH,FR,2009,68.87,,
ESTAT:ISOC_R_IACC_H(1.0),25/06/26 23:00:00,A,PC_HH,FR,2010,73.61,,
ESTAT:ISOC_R_IACC_H(1.0),25/06/26 23:00:00,A,PC_HH,FR,2011,75.92,,
ESTAT:ISOC_R_IACC_H(1.0),25/06/26 23:00:00,A,PC_HH,FR,2012,80.00,,
ESTAT:ISOC_R_IACC_H(1.0),25/06/26 23:00:00,A,PC_HH,FR,2013,81.72,,
ESTAT:ISOC_R_IACC_H(1.0),25/06/26 23:00:00,A,PC_HH,FR,2014,82.96,,
ESTAT:ISOC_R_IACC_H(1.0),25/06/26 23:00:00,A,PC_HH,FR,2015,82.62,,
ESTAT:ISOC_R_IACC_H(1.0),25/06/26 23:00:00,A,PC_HH,FR,2016,85.87,,
ESTAT:ISOC_R_IACC_H(1.0),25/06/26 23:00:00,A,PC_HH,FR,2017,86.41,,
ESTAT:ISOC_R_IACC_H(1.0),25/06/26 23:00:00,A,PC_HH,FR,2018,88.56,,
ESTAT:ISOC_R_IACC_H(1.0),25/06/26 23:00:00,A,PC_HH,FR,2019,90.17,,
ESTAT:ISOC_R_IACC_H(1.0),25/06/26 23:00:00,A,PC_HH,FR,2021,93.33,,
ESTAT:ISOC_R_IACC_H(1.0),25/06/26 23:00:00,A,PC_HH,FR,2022,92.25,,
ESTAT:ISOC_R_IACC_H(1.0),25/06/26 23:00:00,A,PC_HH,FR,2023,93.34,,
ESTAT:ISOC_R_IACC_H(1.0),25/06/26 23:00:00,A,PC_HH,FR,2024,94.44,,
ESTAT:ISOC_R_IACC_H(1.0),25/06/26 23:00:00,A,PC_HH,FR,2025,94.43,,
ESTAT:ISOC_R_IACC_H(1.0),25/06/26 23:00:00,A,PC_HH,FR1,2008,67.86,,
ESTAT:ISOC_R_IACC_H(1.0),25/06/26 23:00:00,A,PC_HH,FR1,2009,76.04,,
ESTAT:ISOC_R_IACC_H(1.0),25/06/26 23:00:00,A,PC_HH,FR1,2010,86.26,,
ESTAT:ISOC_R_IACC_H(1.0),25/06/26 23:00:00,A,PC_HH,FR1,2011,84.35,,
ESTAT:ISOC_R_IACC_H(1.0),25/06/26 23:00:00,A,PC_HH,FR1,2012,84.48,,
ESTAT:ISOC_R_IACC_H(1.0),25/06/26 23:00:00,A,PC_HH,FR1,2013,87.08,,
ESTAT:ISOC_R_IACC_H(1.0),25/06/26 23:00:00,A,PC_HH,FR1,2014,88.92,,
ESTAT:ISOC_R_IACC_H(1.0),25/06/26 23:00:00,A,PC_HH,FR1,2015,87.08,,
ESTAT:ISOC_R_IACC_H(1.0),25/06/26 23:00:00,A,PC_HH,FR1,2016,89.70,,
ESTAT:ISOC_R_IACC_H(1.0),25/06/26 23:00:00,A,PC_HH,FR1,2017,90.79,,
ESTAT:ISOC_R_IACC_H(1.0),25/06/26 23:00:00,A,PC_HH,FR1,2018,91.79,,
ESTAT:ISOC_R_IACC_H(1.0),25/06/26 23:00:00,A,PC_HH,FR1,2019,93.16,,
ESTAT:ISOC_R_IACC_H(1.0),25/06/26 23:00:00,A,PC_HH,FR1,2021,96.11,,
ESTAT:ISOC_R_IACC_H(1.0),25/06/26 23:00:00,A,PC_HH,FR1,2022,94.12,,
ESTAT:ISOC_R_IACC_H(1.0),25/06/26 23:00:00,A,PC_HH,FR1,2023,95.07,,
ESTAT:ISOC_R_IACC_H(1.0),25/06/26 23:00:00,A,PC_HH,FR1,2024,95.61,,
ESTAT:ISOC_R_IACC_H(1.0),25/06/26 23:00:00,A,PC_HH,FR1,2025,96.15,u,
ESTAT:ISOC_R_IACC_H(1.0),25/06/26 23:00:00,A,PC_HH,FR10,2014,88.92,,
ESTAT:ISOC_R_IACC_H(1.0),25/06/26 23:00:00,A,PC_HH,FR10,2015,87.08,,
ESTAT:ISOC_R_IACC_H(1.0),25/06/26 23:00:00,A,PC_HH,FR10,2016,89.70,,
ESTAT:ISOC_R_IACC_H(1.0),25/06/26 23:00:00,A,PC_HH,FR10,2017,90.79,,
ESTAT:ISOC_R_IACC_H(1.0),25/06/26 23:00:00,A,PC_HH,FR10,2018,91.79,,
ESTAT:ISOC_R_IACC_H(1.0),25/06/26 23:00:00,A,PC_HH,FR10,2019,93.16,,
ESTAT:ISOC_R_IACC_H(1.0),25/06/26 23:00:00,A,PC_HH,FR10,2021,96.11,,
ESTAT:ISOC_R_IACC_H(1.0),25/06/26 23:00:00,A,PC_HH,FR10,2022,94.12,,
ESTAT:ISOC_R_IACC_H(1.0),25/06/26 23:00:00,A,PC_HH,FR10,2023,95.07,,
ESTAT:ISOC_R_IACC_H(1.0),25/06/26 23:00:00,A,PC_HH,FR10,2024,95.61,,
ESTAT:ISOC_R_IACC_H(1.0),25/06/26 23:00:00,A,PC_HH,FR10,2025,96.15,u,
ESTAT:ISOC_R_IACC_H(1.0),25/06/26 23:00:00,A,PC_HH,FRB,2014,83.01,,
ESTAT:ISOC_R_IACC_H(1.0),25/06/26 23:00:00,A,PC_HH,FRB,2015,82.23,,
ESTAT:ISOC_R_IACC_H(1.0),25/06/26 23:00:00,A,PC_HH,FRB,2016,85.64,,
ESTAT:ISOC_R_IACC_H(1.0),25/06/26 23:00:00,A,PC_HH,FRB,2017,83.86,,
ESTAT:ISOC_R_IACC_H(1.0),25/06/26 23:00:00,A,PC_HH,FRB,2018,89.45,,
ESTAT:ISOC_R_IACC_H(1.0),25/06/26 23:00:00,A,PC_HH,FRB,2019,90.26,,
ESTAT:ISOC_R_IACC_H(1.0),25/06/26 23:00:00,A,PC_HH,FRB,2021,94.07,,
ESTAT:ISOC_R_IACC_H(1.0),25/06/26 23:00:00,A,PC_HH,FRB,2022,90.04,,
ESTAT:ISOC_R_IACC_H(1.0),25/06/26 23:00:00,A,PC_HH,FRB,2023,90.98,,
ESTAT:ISOC_R_IACC_H(1.0),25/06/26 23:00:00,A,PC_HH,FRB,2024,93.37,,
ESTAT:ISOC_R_IACC_H(1.0),25/06/26 23:00:00,A,PC_HH,FRB,2025,94.31,u,
ESTAT:ISOC_R_IACC_H(1.0),25/06/26 23:00:00,A,PC_HH,FRB0,2014,83.01,,
ESTAT:ISOC_R_IACC_H(1.0),25/06/26 23:00:00,A,PC_HH,FRB0,2015,82.23,,
ESTAT:ISOC_R_IACC_H(1.0),25/06/26 23:00:00,A,PC_HH,FRB0,2016,85.64,,
ESTAT:ISOC_R_IACC_H(1.0),25/06/26 23:00:00,A,PC_HH,FRB0,2017,83.86,,
ESTAT:ISOC_R_IACC_H(1.0),25/06/26 23:00:00,A,PC_HH,FRB0,2018,89.45,,
ESTAT:ISOC_R_IACC_H(1.0),25/06/26 23:00:00,A,PC_HH,FRB0,2019,90.26,,
ESTAT:ISOC_R_IACC_H(1.0),25/06/26 23:00:00,A,PC_HH,FRB0,2021,94.07,,
ESTAT:ISOC_R_IACC_H(1.0),25/06/26 23:00:00,A,PC_HH,FRB0,2022,90.04,,
ESTAT:ISOC_R_IACC_H(1.0),25/06/26 23:00:00,A,PC_HH,FRB0,2023,90.98,,
ESTAT:ISOC_R_IACC_H(1.0),25/06/26 23:00:00,A,PC_HH,FRB0,2024,93.37,,
ESTAT:ISOC_R_IACC_H(1.0),25/06/26 23:00:00,A,PC_HH,FRB0,2025,94.31,u,
ESTAT:ISOC_R_IACC_H(1.0),25/06/26 23:00:00,A,PC_HH,FRC,2014,81.55,,
ESTAT:ISOC_R_IACC_H(1.0),25/06/26 23:00:00,A,PC_HH,FRC,2015,77.88,,
ESTAT:ISOC_R_IACC_H(1.0),25/06/26 23:00:00,A,PC_HH,FRC,2016,82.92,,
ESTAT:ISOC_R_IACC_H(1.0),25/06/26 23:00:00,A,PC_HH,FRC,2017,85.03,,
ESTAT:ISOC_R_IACC_H(1.0),25/06/26 23:00:00,A,PC_HH,FRC,2018,83.62,,
ESTAT:ISOC_R_IACC_H(1.0),25/06/26 23:00:00,A,PC_HH,FRC,2019,88.06,,
ESTAT:ISOC_R_IACC_H(1.0),25/06/26 23:00:00,A,PC_HH,FRC,2021,91.80,,
ESTAT:ISOC_R_IACC_H(1.0),25/06/26 23:00:00,A,PC_HH,FRC,2022,90.10,,
ESTAT:ISOC_R_IACC_H(1.0),25/06/26 23:00:00,A,PC_HH,FRC,2023,94.23,,
ESTAT:ISOC_R_IACC_H(1.0),25/06/26 23:00:00,A,PC_HH,FRC,2024,92.65,,
ESTAT:ISOC_R_IACC_H(1.0),25/06/26 23:00:00,A,PC_HH,FRC,2025,93.64,u,
ESTAT:ISOC_R_IACC_H(1.0),25/06/26 23:00:00,A,PC_HH,FRC1,2014,77.47,,
ESTAT:ISOC_R_IACC_H(1.0),25/06/26 23:00:00,A,PC_HH,FRC1,2015,75.14,,
ESTAT:ISOC_R_IACC_H(1.0),25/06/26 23:00:00,A,PC_HH,FRC1,2016,84.33,,
ESTAT:ISOC_R_IACC_H(1.0),25/06/26 23:00:00,A,PC_HH,FRC1,2017,88.51,,
ESTAT:ISOC_R_IACC_H(1.0),25/06/26 23:00:00,A,PC_HH,FRC1,2018,83.18,,
ESTAT:ISOC_R_IACC_H(1.0),25/06/26 23:00:00,A,PC_HH,FRC1,2019,87.56,,
ESTAT:ISOC_R_IACC_H(1.0),25/06/26 23:00:00,A,PC_HH,FRC1,2021,89.60,,
ESTAT:ISOC_R_IACC_H(1.0),25/06/26 23:00:00,A,PC_HH,FRC1,2022,88.36,,
ESTAT:ISOC_R_IACC_H(1.0),25/06/26 23:00:00,A,PC_HH,FRC1,2023,93.08,,
ESTAT:ISOC_R_IACC_H(1.0),25/06/26 23:00:00,A,PC_HH,FRC1,2024,92.33,,
ESTAT:ISOC_R_IACC_H(1.0),25/06/26 23:00:00,A,PC_HH,FRC1,2025,92.27,u,
ESTAT:ISOC_R_IACC_H(1.0),25/06/26 23:00:00,A,PC_HH,FRC2,2014,87.36,,
ESTAT:ISOC_R_IACC_H(1.0),25/06/26 23:00:00,A,PC_HH,FRC2,2015,82.29,,
ESTAT:ISOC_R_IACC_H(1.0),25/06/26 23:00:00,A,PC_HH,FRC2,2016,80.87,,
ESTAT:ISOC_R_IACC_H(1.0),25/06/26 23:00:00,A,PC_HH,FRC2,2017,80.69,,
ESTAT:ISOC_R_IACC_H(1.0),25/06/26 23:00:00,A,PC_HH,FRC2,2018,84.34,,
ESTAT:ISOC_R_IACC_H(1.0),25/06/26 23:00:00,A,PC_HH,FRC2,2019,88.79,,
ESTAT:ISOC_R_IACC_H(1.0),25/06/26 23:00:00,A,PC_HH,FRC2,2021,94.36,,
ESTAT:ISOC_R_IACC_H(1.0),25/06/26 23:00:00,A,PC_HH,FRC2,2022,92.43,,
ESTAT:ISOC_R_IACC_H(1.0),25/06/26 23:00:00,A,PC_HH,FRC2,2023,95.68,,
ESTAT:ISOC_R_IACC_H(1.0),25/06/26 23:00:00,A,PC_HH,FRC2,2024,93.16,,
ESTAT:ISOC_R_IACC_H(1.0),25/06/26 23:00:00,A,PC_HH,FRC2,2025,95.56,u,
ESTAT:ISOC_R_IACC_H(1.0),25/06/26 23:00:00,A,PC_HH,FRD,2014,77.99,,
ESTAT:ISOC_R_IACC_H(1.0),25/06/26 23:00:00,A,PC_HH,FRD,2015,81.95,,
ESTAT:ISOC_R_IACC_H(1.0),25/06/26 23:00:00,A,PC_HH,FRD,2016,87.03,,
ESTAT:ISOC_R_IACC_H(1.0),25/06/26 23:00:00,A,PC_HH,FRD,2017,83.11,,
ESTAT:ISOC_R_IACC_H(1.0),25/06/26 23:00:00,A,PC_HH,FRD,2018,87.05,,
ESTAT:ISOC_R_IACC_H(1.0),25/06/26 23:00:00,A,PC_HH,FRD,2019,87.57,,
ESTAT:ISOC_R_IACC_H(1.0),25/06/26 23:00:00,A,PC_HH,FRD,2021,92.03,,
ESTAT:ISOC_R_IACC_H(1.0),25/06/26 23:00:00,A,PC_HH,FRD,2022,91.39,,
ESTAT:ISOC_R_IACC_H(1.0),25/06/26 23:00:00,A,PC_HH,FRD,2023,90.31,,
ESTAT:ISOC_R_IACC_H(1.0),25/06/26 23:00:00,A,PC_HH,FRD,2024,95.55,,
ESTAT:ISOC_R_IACC_H(1.0),25/06/26 23:00:00,A,PC_HH,FRD,2025,92.55,u,
ESTAT:ISOC_R_IACC_H(1.0),25/06/26 23:00:00,A,PC_HH,FRD1,2014,69.67,,
ESTAT:ISOC_R_IACC_H(1.0),25/06/26 23:00:00,A,PC_HH,FRD1,2015,82.32,,
ESTAT:ISOC_R_IACC_H(1.0),25/06/26 23:00:00,A,PC_HH,FRD1,2016,86.37,,
ESTAT:ISOC_R_IACC_H(1.0),25/06/26 23:00:00,A,PC_HH,FRD1,2017,80.52,,
ESTAT:ISOC_R_IACC_H(1.0),25/06/26 23:00:00,A,PC_HH,FRD1,2018,85.74,,
ESTAT:ISOC_R_IACC_H(1.0),25/06/26 23:00:00,A,PC_HH,FRD1,2019,87.21,,
ESTAT:ISOC_R_IACC_H(1.0),25/06/26 23:00:00,A,PC_HH,FRD1,2021,93.02,,
ESTAT:ISOC_R_IACC_H(1.0),25/06/26 23:00:00,A,PC_HH,FRD1,2022,90.20,,
ESTAT:ISOC_R_IACC_H(1.0),25/06/26 23:00:00,A,PC_HH,FRD1,2023,91.11,,
ESTAT:ISOC_R_IACC_H(1.0),25/06/26 23:00:00,A,PC_HH,FRD1,2024,95.25,,
ESTAT:ISOC_R_IACC_H(1.0),25/06/26 23:00:00,A,PC_HH,FRD1,2025,90.71,u,
ESTAT:ISOC_R_IACC_H(1.0),25/06/26 23:00:00,A,PC_HH,FRD2,2014,85.33,,
ESTAT:ISOC_R_IACC_H(1.0),25/06/26 23:00:00,A,PC_HH,FRD2,2015,81.69,,
ESTAT:ISOC_R_IACC_H(1.0),25/06/26 23:00:00,A,PC_HH,FRD2,2016,87.60,,
ESTAT:ISOC_R_IACC_H(1.0),25/06/26 23:00:00,A,PC_HH,FRD2,2017,85.00,,
ESTAT:ISOC_R_IACC_H(1.0),25/06/26 23:00:00,A,PC_HH,FRD2,2018,87.99,,
ESTAT:ISOC_R_IACC_H(1.0),25/06/26 23:00:00,A,PC_HH,FRD2,2019,87.92,,
ESTAT:ISOC_R_IACC_H(1.0),25/06/26 23:00:00,A,PC_HH,FRD2,2021,91.34,,
ESTAT:ISOC_R_IACC_H(1.0),25/06/26 23:00:00,A,PC_HH,FRD2,2022,92.34,,
ESTAT:ISOC_R_IACC_H(1.0),25/06/26 23:00:00,A,PC_HH,FRD2,2023,89.66,,
ESTAT:ISOC_R_IACC_H(1.0),25/06/26 23:00:00,A,PC_HH,FRD2,2024,95.80,,
ESTAT:ISOC_R_IACC_H(1.0),25/06/26 23:00:00,A,PC_HH,FRD2,2025,94.10,u,
ESTAT:ISOC_R_IACC_H(1.0),25/06/26 23:00:00,A,PC_HH,FRE,2014,82.88,,
ESTAT:ISOC_R_IACC_H(1.0),25/06/26 23:00:00,A,PC_HH,FRE,2015,79.28,,
ESTAT:ISOC_R_IACC_H(1.0),25/06/26 23:00:00,A,PC_HH,FRE,2016,82.90,,
ESTAT:ISOC_R_IACC_H(1.0),25/06/26 23:00:00,A,PC_HH,FRE,2017,84.28,,
ESTAT:ISOC_R_IACC_H(1.0),25/06/26 23:00:00,A,PC_HH,FRE,2018,87.55,,
ESTAT:ISOC_R_IACC_H(1.0),25/06/26 23:00:00,A,PC_HH,FRE,2019,87.91,,
ESTAT:ISOC_R_IACC_H(1.0),25/06/26 23:00:00,A,PC_HH,FRE,2021,90.75,,
ESTAT:ISOC_R_IACC_H(1.0),25/06/26 23:00:00,A,PC_HH,FRE,2022,91.58,,
ESTAT:ISOC_R_IACC_H(1.0),25/06/26 23:00:00,A,PC_HH,FRE,2023,94.02,,
ESTAT:ISOC_R_IACC_H(1.0),25/06/26 23:00:00,A,PC_HH,FRE,2024,93.83,,
ESTAT:ISOC_R_IACC_H(1.0),25/06/26 23:00:00,A,PC_HH,FRE,2025,92.80,u,
ESTAT:ISOC_R_IACC_H(1.0),25/06/26 23:00:00,A,PC_HH,FRE1,2014,83.18,,
ESTAT:ISOC_R_IACC_H(1.0),25/06/26 23:00:00,A,PC_HH,FRE1,2015,77.97,,
ESTAT:ISOC_R_IACC_H(1.0),25/06/26 23:00:00,A,PC_HH,FRE1,2016,82.67,,
ESTAT:ISOC_R_IACC_H(1.0),25/06/26 23:00:00,A,PC_HH,FRE1,2017,82.65,,
ESTAT:ISOC_R_IACC_H(1.0),25/06/26 23:00:00,A,PC_HH,FRE1,2018,87.30,,
ESTAT:ISOC_R_IACC_H(1.0),25/06/26 23:00:00,A,PC_HH,FRE1,2019,89.27,,
ESTAT:ISOC_R_IACC_H(1.0),25/06/26 23:00:00,A,PC_HH,FRE1,2021,91.36,,
ESTAT:ISOC_R_IACC_H(1.0),25/06/26 23:00:00,A,PC_HH,FRE1,2022,92.06,,
ESTAT:ISOC_R_IACC_H(1.0),25/06/26 23:00:00,A,PC_HH,FRE1,2023,93.87,,
ESTAT:ISOC_R_IACC_H(1.0),25/06/26 23:00:00,A,PC_HH,FRE1,2024,93.00,,
ESTAT:ISOC_R_IACC_H(1.0),25/06/26 23:00:00,A,PC_HH,FRE1,2025,92.77,u,
ESTAT:ISOC_R_IACC_H(1.0),25/06/26 23:00:00,A,PC_HH,FRE2,2014,82.24,,
ESTAT:ISOC_R_IACC_H(1.0),25/06/26 23:00:00,A,PC_HH,FRE2,2015,82.21,,
ESTAT:ISOC_R_IACC_H(1.0),25/06/26 23:00:00,A,PC_HH,FRE2,2016,83.32,,
ESTAT:ISOC_R_IACC_H(1.0),25/06/26 23:00:00,A,PC_HH,FRE2,2017,87.32,,
ESTAT:ISOC_R_IACC_H(1.0),25/06/26 23:00:00,A,PC_HH,FRE2,2018,88.09,,
ESTAT:ISOC_R_IACC_H(1.0),25/06/26 23:00:00,A,PC_HH,FRE2,2019,85.14,,
ESTAT:ISOC_R_IACC_H(1.0),25/06/26 23:00:00,A,PC_HH,FRE2,2021,89.55,,
ESTAT:ISOC_R_IACC_H(1.0),25/06/26 23:00:00,A,PC_HH,FRE2,2022,90.62,,
ESTAT:ISOC_R_IACC_H(1.0),25/06/26 23:00:00,A,PC_HH,FRE2,2023,94.35,,
ESTAT:ISOC_R_IACC_H(1.0),25/06/26 23:00:00,A,PC_HH,FRE2,2024,95.70,,
ESTAT:ISOC_R_IACC_H(1.0),25/06/26 23:00:00,A,PC_HH,FRE2,2025,92.84,u,
ESTAT:ISOC_R_IACC_H(1.0),25/06/26 23:00:00,A,PC_HH,FRF,2014,81.68,,
ESTAT:ISOC_R_IACC_H(1.0),25/06/26 23:00:00,A,PC_HH,FRF,2015,82.74,,
ESTAT:ISOC_R_IACC_H(1.0),25/06/26 23:00:00,A,PC_HH,FRF,2016,86.24,,
ESTAT:ISOC_R_IACC_H(1.0),25/06/26 23:00:00,A,PC_HH,FRF,2017,86.72,,
ESTAT:ISOC_R_IACC_H(1.0),25/06/26 23:00:00,A,PC_HH,FRF,2018,89.25,,
ESTAT:ISOC_R_IACC_H(1.0),25/06/26 23:00:00,A,PC_HH,FRF,2019,89.03,,
ESTAT:ISOC_R_IACC_H(1.0),25/06/26 23:00:00,A,PC_HH,FRF,2021,93.41,,
ESTAT:ISOC_R_IACC_H(1.0),25/06/26 23:00:00,A,PC_HH,FRF,2022,90.34,,
ESTAT:ISOC_R_IACC_H(1.0),25/06/26 23:00:00,A,PC_HH,FRF,2023,93.94,,
ESTAT:ISOC_R_IACC_H(1.0),25/06/26 23:00:00,A,PC_HH,FRF,2024,94.68,,
ESTAT:ISOC_R_IACC_H(1.0),25/06/26 23:00:00,A,PC_HH,FRF,2025,94.58,u,
ESTAT:ISOC_R_IACC_H(1.0),25/06/26 23:00:00,A,PC_HH,FRF1,2014,83.46,,
ESTAT:ISOC_R_IACC_H(1.0),25/06/26 23:00:00,A,PC_HH,FRF1,2015,82.26,,
ESTAT:ISOC_R_IACC_H(1.0),25/06/26 23:00:00,A,PC_HH,FRF1,2016,84.49,,
ESTAT:ISOC_R_IACC_H(1.0),25/06/26 23:00:00,A,PC_HH,FRF1,2017,86.50,,
ESTAT:ISOC_R_IACC_H(1.0),25/06/26 23:00:00,A,PC_HH,FRF1,2018,90.81,,
ESTAT:ISOC_R_IACC_H(1.0),25/06/26 23:00:00,A,PC_HH,FRF1,2019,88.00,,
ESTAT:ISOC_R_IACC_H(1.0),25/06/26 23:00:00,A,PC_HH,FRF1,2021,93.20,,
ESTAT:ISOC_R_IACC_H(1.0),25/06/26 23:00:00,A,PC_HH,FRF1,2022,92.84,,
ESTAT:ISOC_R_IACC_H(1.0),25/06/26 23:00:00,A,PC_HH,FRF1,2023,93.77,,
ESTAT:ISOC_R_IACC_H(1.0),25/06/26 23:00:00,A,PC_HH,FRF1,2024,95.38,,
ESTAT:ISOC_R_IACC_H(1.0),25/06/26 23:00:00,A,PC_HH,FRF1,2025,95.72,u,
ESTAT:ISOC_R_IACC_H(1.0),25/06/26 23:00:00,A,PC_HH,FRF2,2014,78.70,,
ESTAT:ISOC_R_IACC_H(1.0),25/06/26 23:00:00,A,PC_HH,FRF2,2015,81.78,,
ESTAT:ISOC_R_IACC_H(1.0),25/06/26 23:00:00,A,PC_HH,FRF2,2016,83.98,,
ESTAT:ISOC_R_IACC_H(1.0),25/06/26 23:00:00,A,PC_HH,FRF2,2017,85.77,,
ESTAT:ISOC_R_IACC_H(1.0),25/06/26 23:00:00,A,PC_HH,FRF2,2018,86.15,,
ESTAT:ISOC_R_IACC_H(1.0),25/06/26 23:00:00,A,PC_HH,FRF2,2019,87.40,,
ESTAT:ISOC_R_IACC_H(1.0),25/06/26 23:00:00,A,PC_HH,FRF2,2021,92.26,,
ESTAT:ISOC_R_IACC_H(1.0),25/06/26 23:00:00,A,PC_HH,FRF2,2022,91.27,,
ESTAT:ISOC_R_IACC_H(1.0),25/06/26 23:00:00,A,PC_HH,FRF2,2023,93.01,,
ESTAT:ISOC_R_IACC_H(1.0),25/06/26 23:00:00,A,PC_HH,FRF2,2024,91.01,,
ESTAT:ISOC_R_IACC_H(1.0),25/06/26 23:00:00,A,PC_HH,FRF2,2025,94.33,u,
ESTAT:ISOC_R_IACC_H(1.0),25/06/26 23:00:00,A,PC_HH,FRF3,2014,81.83,,
ESTAT:ISOC_R_IACC_H(1.0),25/06/26 23:00:00,A,PC_HH,FRF3,2015,83.60,,
ESTAT:ISOC_R_IACC_H(1.0),25/06/26 23:00:00,A,PC_HH,FRF3,2016,88.90,,
ESTAT:ISOC_R_IACC_H(1.0),25/06/26 23:00:00,A,PC_HH,FRF3,2017,87.31,,
ESTAT:ISOC_R_IACC_H(1.0),25/06/26 23:00:00,A,PC_HH,FRF3,2018,90.02,,
ESTAT:ISOC_R_IACC_H(1.0),25/06/26 23:00:00,A,PC_HH,FRF3,2019,90.95,,
ESTAT:ISOC_R_IACC_H(1.0),25/06/26 23:00:00,A,PC_HH,FRF3,2021,94.24,,
ESTAT:ISOC_R_IACC_H(1.0),25/06/26 23:00:00,A,PC_HH,FRF3,2022,88.18,,
ESTAT:ISOC_R_IACC_H(1.0),25/06/26 23:00:00,A,PC_HH,FRF3,2023,94.63,,
ESTAT:ISOC_R_IACC_H(1.0),25/06/26 23:00:00,A,PC_HH,FRF3,2024,96.01,,
ESTAT:ISOC_R_IACC_H(1.0),25/06/26 23:00:00,A,PC_HH,FRF3,2025,93.65,u,
ESTAT:ISOC_R_IACC_H(1.0),25/06/26 23:00:00,A,PC_HH,FRG,2014,83.59,,
ESTAT:ISOC_R_IACC_H(1.0),25/06/26 23:00:00,A,PC_HH,FRG,2015,85.59,,
ESTAT:ISOC_R_IACC_H(1.0),25/06/26 23:00:00,A,PC_HH,FRG,2016,85.32,,
ESTAT:ISOC_R_IACC_H(1.0),25/06/26 23:00:00,A,PC_HH,FRG,2017,86.80,,
ESTAT:ISOC_R_IACC_H(1.0),25/06/26 23:00:00,A,PC_HH,FRG,2018,90.20,,
ESTAT:ISOC_R_IACC_H(1.0),25/06/26 23:00:00,A,PC_HH,FRG,2019,92.95,,
ESTAT:ISOC_R_IACC_H(1.0),25/06/26 23:00:00,A,PC_HH,FRG,2021,94.62,,
ESTAT:ISOC_R_IACC_H(1.0),25/06/26 23:00:00,A,PC_HH,FRG,2022,94.13,,
ESTAT:ISOC_R_IACC_H(1.0),25/06/26 23:00:00,A,PC_HH,FRG,2023,94.29,,
ESTAT:ISOC_R_IACC_H(1.0),25/06/26 23:00:00,A,PC_HH,FRG,2024,95.60,,
ESTAT:ISOC_R_IACC_H(1.0),25/06/26 23:00:00,A,PC_HH,FRG,2025,94.35,u,
ESTAT:ISOC_R_IACC_H(1.0),25/06/26 23:00:00,A,PC_HH,FRG0,2014,83.59,,
ESTAT:ISOC_R_IACC_H(1.0),25/06/26 23:00:00,A,PC_HH,FRG0,2015,85.59,,
ESTAT:ISOC_R_IACC_H(1.0),25/06/26 23:00:00,A,PC_HH,FRG0,2016,85.32,,
ESTAT:ISOC_R_IACC_H(1.0),25/06/26 23:00:00,A,PC_HH,FRG0,2017,86.80,,
ESTAT:ISOC_R_IACC_H(1.0),25/06/26 23:00:00,A,PC_HH,FRG0,2018,90.20,,
ESTAT:ISOC_R_IACC_H(1.0),25/06/26 23:00:00,A,PC_HH,FRG0,2019,92.95,,
ESTAT:ISOC_R_IACC_H(1.0),25/06/26 23:00:00,A,PC_HH,FRG0,2021,94.62,,
ESTAT:ISOC_R_IACC_H(1.0),25/06/26 23:00:00,A,PC_HH,FRG0,2022,94.13,,
ESTAT:ISOC_R_IACC_H(1.0),25/06/26 23:00:00,A,PC_HH,FRG0,2023,94.29,,
ESTAT:ISOC_R_IACC_H(1.0),25/06/26 23:00:00,A,PC_HH,FRG0,2024,95.60,,
ESTAT:ISOC_R_IACC_H(1.0),25/06/26 23:00:00,A,PC_HH,FRG0,2025,94.35,u,
ESTAT:ISOC_R_IACC_H(1.0),25/06/26 23:00:00,A,PC_HH,FRH,2014,78.18,,
ESTAT:ISOC_R_IACC_H(1.0),25/06/26 23:00:00,A,PC_HH,FRH,2015,80.69,,
ESTAT:ISOC_R_IACC_H(1.0),25/06/26 23:00:00,A,PC_HH,FRH,2016,82.85,,
ESTAT:ISOC_R_IACC_H(1.0),25/06/26 23:00:00,A,PC_HH,FRH,2017,85.68,,
ESTAT:ISOC_R_IACC_H(1.0),25/06/26 23:00:00,A,PC_HH,FRH,2018,89.18,,
ESTAT:ISOC_R_IACC_H(1.0),25/06/26 23:00:00,A,PC_HH,FRH,2019,92.80,,
ESTAT:ISOC_R_IACC_H(1.0),25/06/26 23:00:00,A,PC_HH,FRH,2021,91.78,,
ESTAT:ISOC_R_IACC_H(1.0),25/06/26 23:00:00,A,PC_HH,FRH,2022,93.42,,
ESTAT:ISOC_R_IACC_H(1.0),25/06/26 23:00:00,A,PC_HH,FRH,2023,91.58,,
ESTAT:ISOC_R_IACC_H(1.0),25/06/26 23:00:00,A,PC_HH,FRH,2024,93.75,,
ESTAT:ISOC_R_IACC_H(1.0),25/06/26 23:00:00,A,PC_HH,FRH,2025,93.64,u,
ESTAT:ISOC_R_IACC_H(1.0),25/06/26 23:00:00,A,PC_HH,FRH0,2014,78.18,,
ESTAT:ISOC_R_IACC_H(1.0),25/06/26 23:00:00,A,PC_HH,FRH0,2015,80.69,,
ESTAT:ISOC_R_IACC_H(1.0),25/06/26 23:00:00,A,PC_HH,FRH0,2016,82.85,,
ESTAT:ISOC_R_IACC_H(1.0),25/06/26 23:00:00,A,PC_HH,FRH0,2017,85.68,,
ESTAT:ISOC_R_IACC_H(1.0),25/06/26 23:00:00,A,PC_HH,FRH0,2018,89.18,,
ESTAT:ISOC_R_IACC_H(1.0),25/06/26 23:00:00,A,PC_HH,FRH0,2019,92.80,,
ESTAT:ISOC_R_IACC_H(1.0),25/06/26 23:00:00,A,PC_HH,FRH0,2021,91.78,,
ESTAT:ISOC_R_IACC_H(1.0),25/06/26 23:00:00,A,PC_HH,FRH0,2022,93.42,,
ESTAT:ISOC_R_IACC_H(1.0),25/06/26 23:00:00,A,PC_HH,FRH0,2023,91.58,,
ESTAT:ISOC_R_IACC_H(1.0),25/06/26 23:00:00,A,PC_HH,FRH0,2024,93.75,,
ESTAT:ISOC_R_IACC_H(1.0),25/06/26 23:00:00,A,PC_HH,FRH0,2025,93.64,u,
ESTAT:ISOC_R_IACC_H(1.0),25/06/26 23:00:00,A,PC_HH,FRI,2014,83.37,,
ESTAT:ISOC_R_IACC_H(1.0),25/06/26 23:00:00,A,PC_HH,FRI,2015,82.78,,
ESTAT:ISOC_R_IACC_H(1.0),25/06/26 23:00:00,A,PC_HH,FRI,2016,86.36,,
ESTAT:ISOC_R_IACC_H(1.0),25/06/26 23:00:00,A,PC_HH,FRI,2017,84.48,,
ESTAT:ISOC_R_IACC_H(1.0),25/06/26 23:00:00,A,PC_HH,FRI,2018,87.33,,
ESTAT:ISOC_R_IACC_H(1.0),25/06/26 23:00:00,A,PC_HH,FRI,2019,91.35,,
ESTAT:ISOC_R_IACC_H(1.0),25/06/26 23:00:00,A,PC_HH,FRI,2021,92.85,,
ESTAT:ISOC_R_IACC_H(1.0),25/06/26 23:00:00,A,PC_HH,FRI,2022,92.23,,
ESTAT:ISOC_R_IACC_H(1.0),25/06/26 23:00:00,A,PC_HH,FRI,2023,92.24,,
ESTAT:ISOC_R_IACC_H(1.0),25/06/26 23:00:00,A,PC_HH,FRI,2024,94.94,,
ESTAT:ISOC_R_IACC_H(1.0),25/06/26 23:00:00,A,PC_HH,FRI,2025,95.99,u,
ESTAT:ISOC_R_IACC_H(1.0),25/06/26 23:00:00,A,PC_HH,FRI1,2014,83.87,,
ESTAT:ISOC_R_IACC_H(1.0),25/06/26 23:00:00,A,PC_HH,FRI1,2015,85.28,,
ESTAT:ISOC_R_IACC_H(1.0),25/06/26 23:00:00,A,PC_HH,FRI1,2016,88.60,,
ESTAT:ISOC_R_IACC_H(1.0),25/06/26 23:00:00,A,PC_HH,FRI1,2017,87.61,,
ESTAT:ISOC_R_IACC_H(1.0),25/06/26 23:00:00,A,PC_HH,FRI1,2018,90.64,,
ESTAT:ISOC_R_IACC_H(1.0),25/06/26 23:00:00,A,PC_HH,FRI1,2019,91.24,,
ESTAT:ISOC_R_IACC_H(1.0),25/06/26 23:00:00,A,PC_HH,FRI1,2021,94.20,,
ESTAT:ISOC_R_IACC_H(1.0),25/06/26 23:00:00,A,PC_HH,FRI1,2022,92.28,,
ESTAT:ISOC_R_IACC_H(1.0),25/06/26 23:00:00,A,PC_HH,FRI1,2023,93.87,,
ESTAT:ISOC_R_IACC_H(1.0),25/06/26 23:00:00,A,PC_HH,FRI1,2024,95.15,,
ESTAT:ISOC_R_IACC_H(1.0),25/06/26 23:00:00,A,PC_HH,FRI1,2025,96.61,u,
ESTAT:ISOC_R_IACC_H(1.0),25/06/26 23:00:00,A,PC_HH,FRI2,2014,79.46,,
ESTAT:ISOC_R_IACC_H(1.0),25/06/26 23:00:00,A,PC_HH,FRI2,2015,77.99,,
ESTAT:ISOC_R_IACC_H(1.0),25/06/26 23:00:00,A,PC_HH,FRI2,2016,80.54,,
ESTAT:ISOC_R_IACC_H(1.0),25/06/26 23:00:00,A,PC_HH,FRI2,2017,81.50,,
ESTAT:ISOC_R_IACC_H(1.0),25/06/26 23:00:00,A,PC_HH,FRI2,2018,74.36,,
ESTAT:ISOC_R_IACC_H(1.0),25/06/26 23:00:00,A,PC_HH,FRI2,2019,90.43,,
ESTAT:ISOC_R_IACC_H(1.0),25/06/26 23:00:00,A,PC_HH,FRI2,2021,87.40,,
ESTAT:ISOC_R_IACC_H(1.0),25/06/26 23:00:00,A,PC_HH,FRI2,2022,86.86,,
ESTAT:ISOC_R_IACC_H(1.0),25/06/26 23:00:00,A,PC_HH,FRI2,2023,87.71,,
ESTAT:ISOC_R_IACC_H(1.0),25/06/26 23:00:00,A,PC_HH,FRI2,2024,93.64,,
ESTAT:ISOC_R_IACC_H(1.0),25/06/26 23:00:00,A,PC_HH,FRI2,2025,94.91,u,
ESTAT:ISOC_R_IACC_H(1.0),25/06/26 23:00:00,A,PC_HH,FRI3,2014,84.12,,
ESTAT:ISOC_R_IACC_H(1.0),25/06/26 23:00:00,A,PC_HH,FRI3,2015,79.96,,
ESTAT:ISOC_R_IACC_H(1.0),25/06/26 23:00:00,A,PC_HH,FRI3,2016,84.70,,
ESTAT:ISOC_R_IACC_H(1.0),25/06/26 23:00:00,A,PC_HH,FRI3,2017,79.74,,
ESTAT:ISOC_R_IACC_H(1.0),25/06/26 23:00:00,A,PC_HH,FRI3,2018,87.73,,
ESTAT:ISOC_R_IACC_H(1.0),25/06/26 23:00:00,A,PC_HH,FRI3,2019,91.94,,
ESTAT:ISOC_R_IACC_H(1.0),25/06/26 23:00:00,A,PC_HH,FRI3,2021,92.82,,
ESTAT:ISOC_R_IACC_H(1.0),25/06/26 23:00:00,A,PC_HH,FRI3,2022,94.63,,
ESTAT:ISOC_R_IACC_H(1.0),25/06/26 23:00:00,A,PC_HH,FRI3,2023,91.33,,
ESTAT:ISOC_R_IACC_H(1.0),25/06/26 23:00:00,A,PC_HH,FRI3,2024,95.01,,
ESTAT:ISOC_R_IACC_H(1.0),25/06/26 23:00:00,A,PC_HH,FRI3,2025,95.28,u,
ESTAT:ISOC_R_IACC_H(1.0),25/06/26 23:00:00,A,PC_HH,FRJ,2014,84.76,,
ESTAT:ISOC_R_IACC_H(1.0),25/06/26 23:00:00,A,PC_HH,FRJ,2015,80.66,,
ESTAT:ISOC_R_IACC_H(1.0),25/06/26 23:00:00,A,PC_HH,FRJ,2016,85.76,,
ESTAT:ISOC_R_IACC_H(1.0),25/06/26 23:00:00,A,PC_HH,FRJ,2017,86.12,,
ESTAT:ISOC_R_IACC_H(1.0),25/06/26 23:00:00,A,PC_HH,FRJ,2018,89.38,,
ESTAT:ISOC_R_IACC_H(1.0),25/06/26 23:00:00,A,PC_HH,FRJ,2019,88.32,,
ESTAT:ISOC_R_IACC_H(1.0),25/06/26 23:00:00,A,PC_HH,FRJ,2021,92.62,,
ESTAT:ISOC_R_IACC_H(1.0),25/06/26 23:00:00,A,PC_HH,FRJ,2022,90.44,,
ESTAT:ISOC_R_IACC_H(1.0),25/06/26 23:00:00,A,PC_HH,FRJ,2023,93.02,,
ESTAT:ISOC_R_IACC_H(1.0),25/06/26 23:00:00,A,PC_HH,FRJ,2024,94.44,,
ESTAT:ISOC_R_IACC_H(1.0),25/06/26 23:00:00,A,PC_HH,FRJ,2025,94.23,u,
ESTAT:ISOC_R_IACC_H(1.0),25/06/26 23:00:00,A,PC_HH,FRJ1,2014,85.91,,
ESTAT:ISOC_R_IACC_H(1.0),25/06/26 23:00:00,A,PC_HH,FRJ1,2015,77.24,,
ESTAT:ISOC_R_IACC_H(1.0),25/06/26 23:00:00,A,PC_HH,FRJ1,2016,81.68,,
ESTAT:ISOC_R_IACC_H(1.0),25/06/26 23:00:00,A,PC_HH,FRJ1,2017,84.33,,
ESTAT:ISOC_R_IACC_H(1.0),25/06/26 23:00:00,A,PC_HH,FRJ1,2018,89.89,,
ESTAT:ISOC_R_IACC_H(1.0),25/06/26 23:00:00,A,PC_HH,FRJ1,2019,87.73,,
ESTAT:ISOC_R_IACC_H(1.0),25/06/26 23:00:00,A,PC_HH,FRJ1,2021,94.29,,
ESTAT:ISOC_R_IACC_H(1.0),25/06/26 23:00:00,A,PC_HH,FRJ1,2022,92.61,,
ESTAT:ISOC_R_IACC_H(1.0),25/06/26 23:00:00,A,PC_HH,FRJ1,2023,92.61,,
ESTAT:ISOC_R_IACC_H(1.0),25/06/26 23:00:00,A,PC_HH,FRJ1,2024,94.64,,
ESTAT:ISOC_R_IACC_H(1.0),25/06/26 23:00:00,A,PC_HH,FRJ1,2025,92.97,u,
ESTAT:ISOC_R_IACC_H(1.0),25/06/26 23:00:00,A,PC_HH,FRJ2,2014,83.66,,
ESTAT:ISOC_R_IACC_H(1.0),25/06/26 23:00:00,A,PC_HH,FRJ2,2015,83.80,,
ESTAT:ISOC_R_IACC_H(1.0),25/06/26 23:00:00,A,PC_HH,FRJ2,2016,89.86,,
ESTAT:ISOC_R_IACC_H(1.0),25/06/26 23:00:00,A,PC_HH,FRJ2,2017,87.79,,
ESTAT:ISOC_R_IACC_H(1.0),25/06/26 23:00:00,A,PC_HH,FRJ2,2018,88.90,,
ESTAT:ISOC_R_IACC_H(1.0),25/06/26 23:00:00,A,PC_HH,FRJ2,2019,88.88,,
ESTAT:ISOC_R_IACC_H(1.0),25/06/26 23:00:00,A,PC_HH,FRJ2,2021,90.94,,
ESTAT:ISOC_R_IACC_H(1.0),25/06/26 23:00:00,A,PC_HH,FRJ2,2022,88.70,,
ESTAT:ISOC_R_IACC_H(1.0),25/06/26 23:00:00,A,PC_HH,FRJ2,2023,93.38,,
ESTAT:ISOC_R_IACC_H(1.0),25/06/26 23:00:00,A,PC_HH,FRJ2,2024,94.24,,
ESTAT:ISOC_R_IACC_H(1.0),25/06/26 23:00:00,A,PC_HH,FRJ2,2025,95.38,u,
ESTAT:ISOC_R_IACC_H(1.0),25/06/26 23:00:00,A,PC_HH,FRK,2008,59.05,,
ESTAT:ISOC_R_IACC_H(1.0),25/06/26 23:00:00,A,PC_HH,FRK,2009,67.34,,
ESTAT:ISOC_R_IACC_H(1.0),25/06/26 23:00:00,A,PC_HH,FRK,2010,72.05,,
ESTAT:ISOC_R_IACC_H(1.0),25/06/26 23:00:00,A,PC_HH,FRK,2011,71.14,,
ESTAT:ISOC_R_IACC_H(1.0),25/06/26 23:00:00,A,PC_HH,FRK,2012,79.99,,
ESTAT:ISOC_R_IACC_H(1.0),25/06/26 23:00:00,A,PC_HH,FRK,2013,81.25,,
ESTAT:ISOC_R_IACC_H(1.0),25/06/26 23:00:00,A,PC_HH,FRK,2014,83.06,,
ESTAT:ISOC_R_IACC_H(1.0),25/06/26 23:00:00,A,PC_HH,FRK,2015,83.54,,
ESTAT:ISOC_R_IACC_H(1.0),25/06/26 23:00:00,A,PC_HH,FRK,2016,87.16,,
ESTAT:ISOC_R_IACC_H(1.0),25/06/26 23:00:00,A,PC_HH,FRK,2017,88.34,,
ESTAT:ISOC_R_IACC_H(1.0),25/06/26 23:00:00,A,PC_HH,FRK,2018,88.22,,
ESTAT:ISOC_R_IACC_H(1.0),25/06/26 23:00:00,A,PC_HH,FRK,2019,91.23,,
ESTAT:ISOC_R_IACC_H(1.0),25/06/26 23:00:00,A,PC_HH,FRK,2021,93.61,,
ESTAT:ISOC_R_IACC_H(1.0),25/06/26 23:00:00,A,PC_HH,FRK,2022,93.66,,
ESTAT:ISOC_R_IACC_H(1.0),25/06/26 23:00:00,A,PC_HH,FRK,2023,92.77,,
ESTAT:ISOC_R_IACC_H(1.0),25/06/26 23:00:00,A,PC_HH,FRK,2024,94.39,,
ESTAT:ISOC_R_IACC_H(1.0),25/06/26 23:00:00,A,PC_HH,FRK,2025,95.33,u,
ESTAT:ISOC_R_IACC_H(1.0),25/06/26 23:00:00,A,PC_HH,FRK1,2014,81.05,,
ESTAT:ISOC_R_IACC_H(1.0),25/06/26 23:00:00,A,PC_HH,FRK1,2015,75.66,,
ESTAT:ISOC_R_IACC_H(1.0),25/06/26 23:00:00,A,PC_HH,FRK1,2016,87.25,,
ESTAT:ISOC_R_IACC_H(1.0),25/06/26 23:00:00,A,PC_HH,FRK1,2017,86.60,,
ESTAT:ISOC_R_IACC_H(1.0),25/06/26 23:00:00,A,PC_HH,FRK1,2018,88.72,,
ESTAT:ISOC_R_IACC_H(1.0),25/06/26 23:00:00,A,PC_HH,FRK1,2019,86.04,,
ESTAT:ISOC_R_IACC_H(1.0),25/06/26 23:00:00,A,PC_HH,FRK1,2021,91.39,,
ESTAT:ISOC_R_IACC_H(1.0),25/06/26 23:00:00,A,PC_HH,FRK1,2022,91.69,,
ESTAT:ISOC_R_IACC_H(1.0),25/06/26 23:00:00,A,PC_HH,FRK1,2023,89.90,,
ESTAT:ISOC_R_IACC_H(1.0),25/06/26 23:00:00,A,PC_HH,FRK1,2024,92.19,,
ESTAT:ISOC_R_IACC_H(1.0),25/06/26 23:00:00,A,PC_HH,FRK1,2025,93.86,u,
ESTAT:ISOC_R_IACC_H(1.0),25/06/26 23:00:00,A,PC_HH,FRK2,2014,83.47,,
ESTAT:ISOC_R_IACC_H(1.0),25/06/26 23:00:00,A,PC_HH,FRK2,2015,85.24,,
ESTAT:ISOC_R_IACC_H(1.0),25/06/26 23:00:00,A,PC_HH,FRK2,2016,87.14,,
ESTAT:ISOC_R_IACC_H(1.0),25/06/26 23:00:00,A,PC_HH,FRK2,2017,88.73,,
ESTAT:ISOC_R_IACC_H(1.0),25/06/26 23:00:00,A,PC_HH,FRK2,2018,88.11,,
ESTAT:ISOC_R_IACC_H(1.0),25/06/26 23:00:00,A,PC_HH,FRK2,2019,92.31,,
ESTAT:ISOC_R_IACC_H(1.0),25/06/26 23:00:00,A,PC_HH,FRK2,2021,94.05,,
ESTAT:ISOC_R_IACC_H(1.0),25/06/26 23:00:00,A,PC_HH,FRK2,2022,94.10,,
ESTAT:ISOC_R_IACC_H(1.0),25/06/26 23:00:00,A,PC_HH,FRK2,2023,93.41,,
ESTAT:ISOC_R_IACC_H(1.0),25/06/26 23:00:00,A,PC_HH,FRK2,2024,94.85,,
ESTAT:ISOC_R_IACC_H(1.0),25/06/26 23:00:00,A,PC_HH,FRK2,2025,95.64,u,
ESTAT:ISOC_R_IACC_H(1.0),25/06/26 23:00:00,A,PC_HH,FRL,2014,80.38,,
ESTAT:ISOC_R_IACC_H(1.0),25/06/26 23:00:00,A,PC_HH,FRL,2015,84.03,,
ESTAT:ISOC_R_IACC_H(1.0),25/06/26 23:00:00,A,PC_HH,FRL,2016,86.04,,
ESTAT:ISOC_R_IACC_H(1.0),25/06/26 23:00:00,A,PC_HH,FRL,2017,89.24,,
ESTAT:ISOC_R_IACC_H(1.0),25/06/26 23:00:00,A,PC_HH,FRL,2018,89.19,,
ESTAT:ISOC_R_IACC_H(1.0),25/06/26 23:00:00,A,PC_HH,FRL,2019,89.27,,
ESTAT:ISOC_R_IACC_H(1.0),25/06/26 23:00:00,A,PC_HH,FRL,2021,93.70,,
ESTAT:ISOC_R_IACC_H(1.0),25/06/26 23:00:00,A,PC_HH,FRL,2022,93.30,,
ESTAT:ISOC_R_IACC_H(1.0),25/06/26 23:00:00,A,PC_HH,FRL,2023,94.97,,
ESTAT:ISOC_R_IACC_H(1.0),25/06/26 23:00:00,A,PC_HH,FRL,2024,93.36,,
ESTAT:ISOC_R_IACC_H(1.0),25/06/26 23:00:00,A,PC_HH,FRL,2025,94.11,u,
ESTAT:ISOC_R_IACC_H(1.0),25/06/26 23:00:00,A,PC_HH,FRL0,2014,80.38,,
ESTAT:ISOC_R_IACC_H(1.0),25/06/26 23:00:00,A,PC_HH,FRL0,2015,84.03,,
ESTAT:ISOC_R_IACC_H(1.0),25/06/26 23:00:00,A,PC_HH,FRL0,2016,86.04,,
ESTAT:ISOC_R_IACC_H(1.0),25/06/26 23:00:00,A,PC_HH,FRL0,2017,89.24,,
ESTAT:ISOC_R_IACC_H(1.0),25/06/26 23:00:00,A,PC_HH,FRL0,2018,89.19,,
ESTAT:ISOC_R_IACC_H(1.0),25/06/26 23:00:00,A,PC_HH,FRL0,2019,89.27,,
ESTAT:ISOC_R_IACC_H(1.0),25/06/26 23:00:00,A,PC_HH,FRL0,2021,93.70,,
ESTAT:ISOC_R_IACC_H(1.0),25/06/26 23:00:00,A,PC_HH,FRL0,2022,93.30,,
ESTAT:ISOC_R_IACC_H(1.0),25/06/26 23:00:00,A,PC_HH,FRL0,2023,94.97,,
ESTAT:ISOC_R_IACC_H(1.0),25/06/26 23:00:00,A,PC_HH,FRL0,2024,93.36,,
ESTAT:ISOC_R_IACC_H(1.0),25/06/26 23:00:00,A,PC_HH,FRL0,2025,94.11,u,
ESTAT:ISOC_R_IACC_H(1.0),25/06/26 23:00:00,A,PC_HH,FRM,2014,73.20,u,
ESTAT:ISOC_R_IACC_H(1.0),25/06/26 23:00:00,A,PC_HH,FRM,2015,58.45,u,
ESTAT:ISOC_R_IACC_H(1.0),25/06/26 23:00:00,A,PC_HH,FRM,2016,75.81,u,
ESTAT:ISOC_R_IACC_H(1.0),25/06/26 23:00:00,A,PC_HH,FRM,2017,69.91,u,
ESTAT:ISOC_R_IACC_H(1.0),25/06/26 23:00:00,A,PC_HH,FRM,2018,90.00,u,
ESTAT:ISOC_R_IACC_H(1.0),25/06/26 23:00:00,A,PC_HH,FRM,2019,89.64,u,
ESTAT:ISOC_R_IACC_H(1.0),25/06/26 23:00:00,A,PC_HH,FRM,2021,86.51,u,
ESTAT:ISOC_R_IACC_H(1.0),25/06/26 23:00:00,A,PC_HH,FRM,2022,89.42,u,
ESTAT:ISOC_R_IACC_H(1.0),25/06/26 23:00:00,A,PC_HH,FRM,2023,85.41,u,
ESTAT:ISOC_R_IACC_H(1.0),25/06/26 23:00:00,A,PC_HH,FRM,2024,93.90,u,
ESTAT:ISOC_R_IACC_H(1.0),25/06/26 23:00:00,A,PC_HH,FRM,2025,83.43,u,
ESTAT:ISOC_R_IACC_H(1.0),25/06/26 23:00:00,A,PC_HH,FRM0,2014,73.20,u,
ESTAT:ISOC_R_IACC_H(1.0),25/06/26 23:00:00,A,PC_HH,FRM0,2015,58.45,u,
ESTAT:ISOC_R_IACC_H(1.0),25/06/26 23:00:00,A,PC_HH,FRM0,2016,75.81,u,
ESTAT:ISOC_R_IACC_H(1.0),25/06/26 23:00:00,A,PC_HH,FRM0,2017,69.91,u,
ESTAT:ISOC_R_IACC_H(1.0),25/06/26 23:00:00,A,PC_HH,FRM0,2018,90.00,u,
ESTAT:ISOC_R_IACC_H(1.0),25/06/26 23:00:00,A,PC_HH,FRM0,2019,89.64,u,
ESTAT:ISOC_R_IACC_H(1.0),25/06/26 23:00:00,A,PC_HH,FRM0,2021,86.51,u,
ESTAT:ISOC_R_IACC_H(1.0),25/06/26 23:00:00,A,PC_HH,FRM0,2022,89.42,u,
ESTAT:ISOC_R_IACC_H(1.0),25/06/26 23:00:00,A,PC_HH,FRM0,2023,85.41,u,
ESTAT:ISOC_R_IACC_H(1.0),25/06/26 23:00:00,A,PC_HH,FRM0,2024,93.90,u,
ESTAT:ISOC_R_IACC_H(1.0),25/06/26 23:00:00,A,PC_HH,FRM0,2025,83.43,u,
ESTAT:ISOC_R_IACC_H(1.0),25/06/26 23:00:00,A,PC_HH,FRY,2015,70.41,,
ESTAT:ISOC_R_IACC_H(1.0),25/06/26 23:00:00,A,PC_HH,FRY,2016,72.20,,
ESTAT:ISOC_R_IACC_H(1.0),25/06/26 23:00:00,A,PC_HH,FRY,2017,70.60,,
ESTAT:ISOC_R_IACC_H(1.0),25/06/26 23:00:00,A,PC_HH,FRY,2018,74.14,,
ESTAT:ISOC_R_IACC_H(1.0),25/06/26 23:00:00,A,PC_HH,FRY,2019,78.62,,
ESTAT:ISOC_R_IACC_H(1.0),25/06/26 23:00:00,A,PC_HH,FRY,2021,89.10,,
ESTAT:ISOC_R_IACC_H(1.0),25/06/26 23:00:00,A,PC_HH,FRY,2022,86.07,,
ESTAT:ISOC_R_IACC_H(1.0),25/06/26 23:00:00,A,PC_HH,FRY,2023,89.91,,
ESTAT:ISOC_R_IACC_H(1.0),25/06/26 23:00:00,A,PC_HH,FRY,2024,90.67,,
ESTAT:ISOC_R_IACC_H(1.0),25/06/26 23:00:00,A,PC_HH,FRY,2025,87.63,u,
ESTAT:ISOC_R_IACC_H(1.0),25/06/26 23:00:00,A,PC_HH,FRY1,2015,69.25,,
ESTAT:ISOC_R_IACC_H(1.0),25/06/26 23:00:00,A,PC_HH,FRY1,2016,70.97,,
ESTAT:ISOC_R_IACC_H(1.0),25/06/26 23:00:00,A,PC_HH,FRY1,2017,75.05,,
ESTAT:ISOC_R_IACC_H(1.0),25/06/26 23:00:00,A,PC_HH,FRY1,2018,65.74,,
ESTAT:ISOC_R_IACC_H(1.0),25/06/26 23:00:00,A,PC_HH,FRY1,2019,77.25,,
ESTAT:ISOC_R_IACC_H(1.0),25/06/26 23:00:00,A,PC_HH,FRY1,2021,83.09,,
ESTAT:ISOC_R_IACC_H(1.0),25/06/26 23:00:00,A,PC_HH,FRY1,2022,89.98,,
ESTAT:ISOC_R_IACC_H(1.0),25/06/26 23:00:00,A,PC_HH,FRY1,2023,88.31,,
ESTAT:ISOC_R_IACC_H(1.0),25/06/26 23:00:00,A,PC_HH,FRY1,2024,89.15,,
ESTAT:ISOC_R_IACC_H(1.0),25/06/26 23:00:00,A,PC_HH,FRY1,2025,85.05,u,
ESTAT:ISOC_R_IACC_H(1.0),25/06/26 23:00:00,A,PC_HH,FRY2,2015,67.60,,
ESTAT:ISOC_R_IACC_H(1.0),25/06/26 23:00:00,A,PC_HH,FRY2,2016,74.94,,
ESTAT:ISOC_R_IACC_H(1.0),25/06/26 23:00:00,A,PC_HH,FRY2,2017,74.72,,
ESTAT:ISOC_R_IACC_H(1.0),25/06/26 23:00:00,A,PC_HH,FRY2,2018,76.31,,
ESTAT:ISOC_R_IACC_H(1.0),25/06/26 23:00:00,A,PC_HH,FRY2,2019,84.33,,
ESTAT:ISOC_R_IACC_H(1.0),25/06/26 23:00:00,A,PC_HH,FRY2,2021,89.60,,
ESTAT:ISOC_R_IACC_H(1.0),25/06/26 23:00:00,A,PC_HH,FRY2,2022,84.10,,
ESTAT:ISOC_R_IACC_H(1.0),25/06/26 23:00:00,A,PC_HH,FRY2,2023,92.93,,
ESTAT:ISOC_R_IACC_H(1.0),25/06/26 23:00:00,A,PC_HH,FRY2,2024,88.31,,
ESTAT:ISOC_R_IACC_H(1.0),25/06/26 23:00:00,A,PC_HH,FRY2,2025,91.33,u,
ESTAT:ISOC_R_IACC_H(1.0),25/06/26 23:00:00,A,PC_HH,FRY3,2015,72.16,,
ESTAT:ISOC_R_IACC_H(1.0),25/06/26 23:00:00,A,PC_HH,FRY3,2016,56.94,,
ESTAT:ISOC_R_IACC_H(1.0),25/06/26 23:00:00,A,PC_HH,FRY3,2017,73.75,,
ESTAT:ISOC_R_IACC_H(1.0),25/06/26 23:00:00,A,PC_HH,FRY3,2018,64.29,,
ESTAT:ISOC_R_IACC_H(1.0),25/06/26 23:00:00,A,PC_HH,FRY3,2019,85.22,,
ESTAT:ISOC_R_IACC_H(1.0),25/06/26 23:00:00,A,PC_HH,FRY3,2021,86.72,,
ESTAT:ISOC_R_IACC_H(1.0),25/06/26 23:00:00,A,PC_HH,FRY3,2022,80.52,,
ESTAT:ISOC_R_IACC_H(1.0),25/06/26 23:00:00,A,PC_HH,FRY3,2023,77.05,,
ESTAT:ISOC_R_IACC_H(1.0),25/06/26 23:00:00,A,PC_HH,FRY3,2024,90.78,,
ESTAT:ISOC_R_IACC_H(1.0),25/06/26 23:00:00,A,PC_HH,FRY3,2025,87.93,u,
ESTAT:ISOC_R_IACC_H(1.0),25/06/26 23:00:00,A,PC_HH,FRY4,2015,72.32,,
ESTAT:ISOC_R_IACC_H(1.0),25/06/26 23:00:00,A,PC_HH,FRY4,2016,74.91,,
ESTAT:ISOC_R_IACC_H(1.0),25/06/26 23:00:00,A,PC_HH,FRY4,2017,65.40,,
ESTAT:ISOC_R_IACC_H(1.0),25/06/26 23:00:00,A,PC_HH,FRY4,2018,80.50,,
ESTAT:ISOC_R_IACC_H(1.0),25/06/26 23:00:00,A,PC_HH,FRY4,2019,75.11,,
ESTAT:ISOC_R_IACC_H(1.0),25/06/26 23:00:00,A,PC_HH,FRY4,2021,92.27,,
ESTAT:ISOC_R_IACC_H(1.0),25/06/26 23:00:00,A,PC_HH,FRY4,2022,86.83,,
ESTAT:ISOC_R_IACC_H(1.0),25/06/26 23:00:00,A,PC_HH,FRY4,2023,92.28,,
ESTAT:ISOC_R_IACC_H(1.0),25/06/26 23:00:00,A,PC_HH,FRY4,2024,92.40,,
ESTAT:ISOC_R_IACC_H(1.0),25/06/26 23:00:00,A,PC_HH,FRY4,2025,87.26,u,
ESTAT:ISOC_R_IACC_H(1.0),25/06/26 23:00:00,A,PC_HH,HR,2007,40.59,,
ESTAT:ISOC_R_IACC_H(1.0),25/06/26 23:00:00,A,PC_HH,HR,2008,45.26,,
ESTAT:ISOC_R_IACC_H(1.0),25/06/26 23:00:00,A,PC_HH,HR,2009,50.04,,
ESTAT:ISOC_R_IACC_H(1.0),25/06/26 23:00:00,A,PC_HH,HR,2010,56.50,,
ESTAT:ISOC_R_IACC_H(1.0),25/06/26 23:00:00,A,PC_HH,HR,2011,61.41,,
ESTAT:ISOC_R_IACC_H(1.0),25/06/26 23:00:00,A,PC_HH,HR,2012,66.41,,
ESTAT:ISOC_R_IACC_H(1.0),25/06/26 23:00:00,A,PC_HH,HR,2013,64.58,,
ESTAT:ISOC_R_IACC_H(1.0),25/06/26 23:00:00,A,PC_HH,HR,2014,68.37,,
ESTAT:ISOC_R_IACC_H(1.0),25/06/26 23:00:00,A,PC_HH,HR,2015,76.71,,
ESTAT:ISOC_R_IACC_H(1.0),25/06/26 23:00:00,A,PC_HH,HR,2016,77.34,,
ESTAT:ISOC_R_IACC_H(1.0),25/06/26 23:00:00,A,PC_HH,HR,2017,76.45,,
ESTAT:ISOC_R_IACC_H(1.0),25/06/26 23:00:00,A,PC_HH,HR,2018,81.52,,
ESTAT:ISOC_R_IACC_H(1.0),25/06/26 23:00:00,A,PC_HH,HR,2019,80.52,,
ESTAT:ISOC_R_IACC_H(1.0),25/06/26 23:00:00,A,PC_HH,HR,2020,85.00,,
ESTAT:ISOC_R_IACC_H(1.0),25/06/26 23:00:00,A,PC_HH,HR,2021,86.09,,
ESTAT:ISOC_R_IACC_H(1.0),25/06/26 23:00:00,A,PC_HH,HR,2022,85.52,,
ESTAT:ISOC_R_IACC_H(1.0),25/06/26 23:00:00,A,PC_HH,HR,2023,89.56,,
ESTAT:ISOC_R_IACC_H(1.0),25/06/26 23:00:00,A,PC_HH,HR,2024,88.37,,
ESTAT:ISOC_R_IACC_H(1.0),25/06/26 23:00:00,A,PC_HH,HR,2025,87.91,,
ESTAT:ISOC_R_IACC_H(1.0),25/06/26 23:00:00,A,PC_HH,HR0,2008,45.26,,
ESTAT:ISOC_R_IACC_H(1.0),25/06/26 23:00:00,A,PC_HH,HR0,2009,50.04,,
ESTAT:ISOC_R_IACC_H(1.0),25/06/26 23:00:00,A,PC_HH,HR0,2010,56.50,,
ESTAT:ISOC_R_IACC_H(1.0),25/06/26 23:00:00,A,PC_HH,HR0,2011,61.41,,
ESTAT:ISOC_R_IACC_H(1.0),25/06/26 23:00:00,A,PC_HH,HR0,2012,66.41,,
ESTAT:ISOC_R_IACC_H(1.0),25/06/26 23:00:00,A,PC_HH,HR0,2013,64.58,,
ESTAT:ISOC_R_IACC_H(1.0),25/06/26 23:00:00,A,PC_HH,HR0,2014,68.37,,
ESTAT:ISOC_R_IACC_H(1.0),25/06/26 23:00:00,A,PC_HH,HR0,2015,76.71,,
ESTAT:ISOC_R_IACC_H(1.0),25/06/26 23:00:00,A,PC_HH,HR0,2016,77.34,,
ESTAT:ISOC_R_IACC_H(1.0),25/06/26 23:00:00,A,PC_HH,HR0,2017,76.45,,
ESTAT:ISOC_R_IACC_H(1.0),25/06/26 23:00:00,A,PC_HH,HR0,2018,81.52,,
ESTAT:ISOC_R_IACC_H(1.0),25/06/26 23:00:00,A,PC_HH,HR0,2019,80.52,,
ESTAT:ISOC_R_IACC_H(1.0),25/06/26 23:00:00,A,PC_HH,HR0,2020,85.00,,
ESTAT:ISOC_R_IACC_H(1.0),25/06/26 23:00:00,A,PC_HH,HR0,2021,86.09,,
ESTAT:ISOC_R_IACC_H(1.0),25/06/26 23:00:00,A,PC_HH,HR0,2022,85.52,,
ESTAT:ISOC_R_IACC_H(1.0),25/06/26 23:00:00,A,PC_HH,HR0,2023,89.56,,
ESTAT:ISOC_R_IACC_H(1.0),25/06/26 23:00:00,A,PC_HH,HR0,2024,88.37,,
ESTAT:ISOC_R_IACC_H(1.0),25/06/26 23:00:00,A,PC_HH,HR0,2025,87.91,,
ESTAT:ISOC_R_IACC_H(1.0),25/06/26 23:00:00,A,PC_HH,HR03,2008,48.61,,
ESTAT:ISOC_R_IACC_H(1.0),25/06/26 23:00:00,A,PC_HH,HR03,2009,52.29,,
ESTAT:ISOC_R_IACC_H(1.0),25/06/26 23:00:00,A,PC_HH,HR03,2010,58.55,,
ESTAT:ISOC_R_IACC_H(1.0),25/06/26 23:00:00,A,PC_HH,HR03,2011,62.92,,
ESTAT:ISOC_R_IACC_H(1.0),25/06/26 23:00:00,A,PC_HH,HR03,2012,66.42,,
ESTAT:ISOC_R_IACC_H(1.0),25/06/26 23:00:00,A,PC_HH,HR03,2013,64.69,,
ESTAT:ISOC_R_IACC_H(1.0),25/06/26 23:00:00,A,PC_HH,HR03,2014,71.86,,
ESTAT:ISOC_R_IACC_H(1.0),25/06/26 23:00:00,A,PC_HH,HR03,2015,81.40,,
ESTAT:ISOC_R_IACC_H(1.0),25/06/26 23:00:00,A,PC_HH,HR03,2016,77.83,,
ESTAT:ISOC_R_IACC_H(1.0),25/06/26 23:00:00,A,PC_HH,HR03,2017,73.49,,
ESTAT:ISOC_R_IACC_H(1.0),25/06/26 23:00:00,A,PC_HH,HR03,2018,83.76,,
ESTAT:ISOC_R_IACC_H(1.0),25/06/26 23:00:00,A,PC_HH,HR03,2019,83.84,,
ESTAT:ISOC_R_IACC_H(1.0),25/06/26 23:00:00,A,PC_HH,HR03,2020,88.28,,
ESTAT:ISOC_R_IACC_H(1.0),25/06/26 23:00:00,A,PC_HH,HR03,2021,87.38,,
ESTAT:ISOC_R_IACC_H(1.0),25/06/26 23:00:00,A,PC_HH,HR03,2022,85.32,,
ESTAT:ISOC_R_IACC_H(1.0),25/06/26 23:00:00,A,PC_HH,HR03,2023,87.84,,
ESTAT:ISOC_R_IACC_H(1.0),25/06/26 23:00:00,A,PC_HH,HR03,2024,88.79,,
ESTAT:ISOC_R_IACC_H(1.0),25/06/26 23:00:00,A,PC_HH,HR03,2025,87.11,,
ESTAT:ISOC_R_IACC_H(1.0),25/06/26 23:00:00,A,PC_HH,HR04,2008,43.66,,
ESTAT:ISOC_R_IACC_H(1.0),25/06/26 23:00:00,A,PC_HH,HR04,2009,48.95,,
ESTAT:ISOC_R_IACC_H(1.0),25/06/26 23:00:00,A,PC_HH,HR04,2010,55.52,,
ESTAT:ISOC_R_IACC_H(1.0),25/06/26 23:00:00,A,PC_HH,HR04,2011,60.69,,
ESTAT:ISOC_R_IACC_H(1.0),25/06/26 23:00:00,A,PC_HH,HR04,2012,66.41,,
ESTAT:ISOC_R_IACC_H(1.0),25/06/26 23:00:00,A,PC_HH,HR04,2013,64.52,,
ESTAT:ISOC_R_IACC_H(1.0),25/06/26 23:00:00,A,PC_HH,HR04,2014,66.66,,
ESTAT:ISOC_R_IACC_H(1.0),25/06/26 23:00:00,A,PC_HH,HR04,2015,74.46,,
ESTAT:ISOC_R_IACC_H(1.0),25/06/26 23:00:00,A,PC_HH,HR04,2016,77.10,,
ESTAT:ISOC_R_IACC_H(1.0),25/06/26 23:00:00,A,PC_HH,HR04,2017,77.89,,
ESTAT:ISOC_R_IACC_H(1.0),25/06/26 23:00:00,A,PC_HH,HR04,2018,80.42,,
ESTAT:ISOC_R_IACC_H(1.0),25/06/26 23:00:00,A,PC_HH,HR04,2019,78.81,,
ESTAT:ISOC_R_IACC_H(1.0),25/06/26 23:00:00,A,PC_HH,HR04,2020,83.36,,
ESTAT:ISOC_R_IACC_H(1.0),25/06/26 23:00:00,A,PC_HH,HR05,2021,94.43,,
ESTAT:ISOC_R_IACC_H(1.0),25/06/26 23:00:00,A,PC_HH,HR05,2022,92.89,,
ESTAT:ISOC_R_IACC_H(1.0),25/06/26 23:00:00,A,PC_HH,HR05,2023,95.88,,
ESTAT:ISOC_R_IACC_H(1.0),25/06/26 23:00:00,A,PC_HH,HR05,2024,92.42,,
ESTAT:ISOC_R_IACC_H(1.0),25/06/26 23:00:00,A,PC_HH,HR05,2025,92.03,,
ESTAT:ISOC_R_IACC_H(1.0),25/06/26 23:00:00,A,PC_HH,HR06,2021,81.97,,
ESTAT:ISOC_R_IACC_H(1.0),25/06/26 23:00:00,A,PC_HH,HR06,2022,83.43,,
ESTAT:ISOC_R_IACC_H(1.0),25/06/26 23:00:00,A,PC_HH,HR06,2023,90.06,,
ESTAT:ISOC_R_IACC_H(1.0),25/06/26 23:00:00,A,PC_HH,HR06,2024,86.65,,
ESTAT:ISOC_R_IACC_H(1.0),25/06/26 23:00:00,A,PC_HH,HR06,2025,87.40,,
ESTAT:ISOC_R_IACC_H(1.0),25/06/26 23:00:00,A,PC_HH,HU,2006,31.65,,
ESTAT:ISOC_R_IACC_H(1.0),25/06/26 23:00:00,A,PC_HH,HU,2007,37.72,,
ESTAT:ISOC_R_IACC_H(1.0),25/06/26 23:00:00,A,PC_HH,HU,2008,46.63,,
ESTAT:ISOC_R_IACC_H(1.0),25/06/26 23:00:00,A,PC_HH,HU,2009,53.42,,
ESTAT:ISOC_R_IACC_H(1.0),25/06/26 23:00:00,A,PC_HH,HU,2010,58.41,,
ESTAT:ISOC_R_IACC_H(1.0),25/06/26 23:00:00,A,PC_HH,HU,2011,63.22,,
ESTAT:ISOC_R_IACC_H(1.0),25/06/26 23:00:00,A,PC_HH,HU,2012,66.81,,
ESTAT:ISOC_R_IACC_H(1.0),25/06/26 23:00:00,A,PC_HH,HU,2013,69.66,,
ESTAT:ISOC_R_IACC_H(1.0),25/06/26 23:00:00,A,PC_HH,HU,2014,73.06,,
ESTAT:ISOC_R_IACC_H(1.0),25/06/26 23:00:00,A,PC_HH,HU,2015,75.64,,
ESTAT:ISOC_R_IACC_H(1.0),25/06/26 23:00:00,A,PC_HH,HU,2016,79.18,,
ESTAT:ISOC_R_IACC_H(1.0),25/06/26 23:00:00,A,PC_HH,HU,2017,82.35,,
ESTAT:ISOC_R_IACC_H(1.0),25/06/26 23:00:00,A,PC_HH,HU,2018,83.31,,
ESTAT:ISOC_R_IACC_H(1.0),25/06/26 23:00:00,A,PC_HH,HU,2019,86.20,,
ESTAT:ISOC_R_IACC_H(1.0),25/06/26 23:00:00,A,PC_HH,HU,2020,87.63,,
ESTAT:ISOC_R_IACC_H(1.0),25/06/26 23:00:00,A,PC_HH,HU,2021,90.78,,
ESTAT:ISOC_R_IACC_H(1.0),25/06/26 23:00:00,A,PC_HH,HU,2022,91.44,,
ESTAT:ISOC_R_IACC_H(1.0),25/06/26 23:00:00,A,PC_HH,HU,2023,92.73,,
ESTAT:ISOC_R_IACC_H(1.0),25/06/26 23:00:00,A,PC_HH,HU,2024,94.78,,
ESTAT:ISOC_R_IACC_H(1.0),25/06/26 23:00:00,A,PC_HH,HU,2025,93.90,,
ESTAT:ISOC_R_IACC_H(1.0),25/06/26 23:00:00,A,PC_HH,HU1,2008,54.90,,
ESTAT:ISOC_R_IACC_H(1.0),25/06/26 23:00:00,A,PC_HH,HU1,2010,68.55,,
ESTAT:ISOC_R_IACC_H(1.0),25/06/26 23:00:00,A,PC_HH,HU1,2011,73.02,,
ESTAT:ISOC_R_IACC_H(1.0),25/06/26 23:00:00,A,PC_HH,HU1,2012,76.06,,
ESTAT:ISOC_R_IACC_H(1.0),25/06/26 23:00:00,A,PC_HH,HU1,2013,78.24,,
ESTAT:ISOC_R_IACC_H(1.0),25/06/26 23:00:00,A,PC_HH,HU1,2014,80.63,,
ESTAT:ISOC_R_IACC_H(1.0),25/06/26 23:00:00,A,PC_HH,HU1,2015,83.47,,
ESTAT:ISOC_R_IACC_H(1.0),25/06/26 23:00:00,A,PC_HH,HU1,2016,86.45,,
ESTAT:ISOC_R_IACC_H(1.0),25/06/26 23:00:00,A,PC_HH,HU1,2017,88.99,,
ESTAT:ISOC_R_IACC_H(1.0),25/06/26 23:00:00,A,PC_HH,HU1,2018,89.04,,
ESTAT:ISOC_R_IACC_H(1.0),25/06/26 23:00:00,A,PC_HH,HU1,2019,90.81,,
ESTAT:ISOC_R_IACC_H(1.0),25/06/26 23:00:00,A,PC_HH,HU1,2020,91.43,,
ESTAT:ISOC_R_IACC_H(1.0),25/06/26 23:00:00,A,PC_HH,HU1,2021,94.80,,
ESTAT:ISOC_R_IACC_H(1.0),25/06/26 23:00:00,A,PC_HH,HU1,2022,95.17,,
ESTAT:ISOC_R_IACC_H(1.0),25/06/26 23:00:00,A,PC_HH,HU1,2023,96.90,,
ESTAT:ISOC_R_IACC_H(1.0),25/06/26 23:00:00,A,PC_HH,HU1,2024,97.40,,
ESTAT:ISOC_R_IACC_H(1.0),25/06/26 23:00:00,A,PC_HH,HU1,2025,96.04,,
ESTAT:ISOC_R_IACC_H(1.0),25/06/26 23:00:00,A,PC_HH,HU10,2008,54.90,,
ESTAT:ISOC_R_IACC_H(1.0),25/06/26 23:00:00,A,PC_HH,HU10,2010,68.55,,
ESTAT:ISOC_R_IACC_H(1.0),25/06/26 23:00:00,A,PC_HH,HU10,2011,73.02,,
ESTAT:ISOC_R_IACC_H(1.0),25/06/26 23:00:00,A,PC_HH,HU10,2012,76.06,,
ESTAT:ISOC_R_IACC_H(1.0),25/06/26 23:00:00,A,PC_HH,HU10,2013,78.24,,
ESTAT:ISOC_R_IACC_H(1.0),25/06/26 23:00:00,A,PC_HH,HU10,2014,80.63,,
ESTAT:ISOC_R_IACC_H(1.0),25/06/26 23:00:00,A,PC_HH,HU10,2015,83.47,,
ESTAT:ISOC_R_IACC_H(1.0),25/06/26 23:00:00,A,PC_HH,HU10,2016,86.45,,
ESTAT:ISOC_R_IACC_H(1.0),25/06/26 23:00:00,A,PC_HH,HU10,2017,88.99,,
ESTAT:ISOC_R_IACC_H(1.0),25/06/26 23:00:00,A,PC_HH,HU11,2018,89.75,,
ESTAT:ISOC_R_IACC_H(1.0),25/06/26 23:00:00,A,PC_HH,HU11,2019,92.11,,
ESTAT:ISOC_R_IACC_H(1.0),25/06/26 23:00:00,A,PC_HH,HU11,2020,94.21,,
ESTAT:ISOC_R_IACC_H(1.0),25/06/26 23:00:00,A,PC_HH,HU11,2021,95.62,,
ESTAT:ISOC_R_IACC_H(1.0),25/06/26 23:00:00,A,PC_HH,HU11,2022,95.62,,
ESTAT:ISOC_R_IACC_H(1.0),25/06/26 23:00:00,A,PC_HH,HU11,2023,98.11,,
ESTAT:ISOC_R_IACC_H(1.0),25/06/26 23:00:00,A,PC_HH,HU11,2024,98.45,,
ESTAT:ISOC_R_IACC_H(1.0),25/06/26 23:00:00,A,PC_HH,HU11,2025,96.55,,
ESTAT:ISOC_R_IACC_H(1.0),25/06/26 23:00:00,A,PC_HH,HU12,2018,87.96,,
ESTAT:ISOC_R_IACC_H(1.0),25/06/26 23:00:00,A,PC_HH,HU12,2019,88.80,,
ESTAT:ISOC_R_IACC_H(1.0),25/06/26 23:00:00,A,PC_HH,HU12,2020,87.21,,
ESTAT:ISOC_R_IACC_H(1.0),25/06/26 23:00:00,A,PC_HH,HU12,2021,93.62,,
ESTAT:ISOC_R_IACC_H(1.0),25/06/26 23:00:00,A,PC_HH,HU12,2022,94.52,,
ESTAT:ISOC_R_IACC_H(1.0),25/06/26 23:00:00,A,PC_HH,HU12,2023,95.12,,
ESTAT:ISOC_R_IACC_H(1.0),25/06/26 23:00:00,A,PC_HH,HU12,2024,95.86,,
ESTAT:ISOC_R_IACC_H(1.0),25/06/26 23:00:00,A,PC_HH,HU12,2025,95.26,,
ESTAT:ISOC_R_IACC_H(1.0),25/06/26 23:00:00,A,PC_HH,HU2,2008,46.27,,
ESTAT:ISOC_R_IACC_H(1.0),25/06/26 23:00:00,A,PC_HH,HU2,2010,56.65,,
ESTAT:ISOC_R_IACC_H(1.0),25/06/26 23:00:00,A,PC_HH,HU2,2011,61.89,,
ESTAT:ISOC_R_IACC_H(1.0),25/06/26 23:00:00,A,PC_HH,HU2,2012,66.27,,
ESTAT:ISOC_R_IACC_H(1.0),25/06/26 23:00:00,A,PC_HH,HU2,2013,69.20,,
ESTAT:ISOC_R_IACC_H(1.0),25/06/26 23:00:00,A,PC_HH,HU2,2014,74.30,,
ESTAT:ISOC_R_IACC_H(1.0),25/06/26 23:00:00,A,PC_HH,HU2,2015,77.16,,
ESTAT:ISOC_R_IACC_H(1.0),25/06/26 23:00:00,A,PC_HH,HU2,2016,80.16,,
ESTAT:ISOC_R_IACC_H(1.0),25/06/26 23:00:00,A,PC_HH,HU2,2017,83.27,,
ESTAT:ISOC_R_IACC_H(1.0),25/06/26 23:00:00,A,PC_HH,HU2,2018,84.30,,
ESTAT:ISOC_R_IACC_H(1.0),25/06/26 23:00:00,A,PC_HH,HU2,2019,86.29,,
ESTAT:ISOC_R_IACC_H(1.0),25/06/26 23:00:00,A,PC_HH,HU2,2020,88.06,,
ESTAT:ISOC_R_IACC_H(1.0),25/06/26 23:00:00,A,PC_HH,HU2,2021,91.12,,
ESTAT:ISOC_R_IACC_H(1.0),25/06/26 23:00:00,A,PC_HH,HU2,2022,92.45,,
ESTAT:ISOC_R_IACC_H(1.0),25/06/26 23:00:00,A,PC_HH,HU2,2023,92.50,,
ESTAT:ISOC_R_IACC_H(1.0),25/06/26 23:00:00,A,PC_HH,HU2,2024,94.64,,
ESTAT:ISOC_R_IACC_H(1.0),25/06/26 23:00:00,A,PC_HH,HU2,2025,94.01,,
ESTAT:ISOC_R_IACC_H(1.0),25/06/26 23:00:00,A,PC_HH,HU21,2008,49.93,,
ESTAT:ISOC_R_IACC_H(1.0),25/06/26 23:00:00,A,PC_HH,HU21,2010,59.94,,
ESTAT:ISOC_R_IACC_H(1.0),25/06/26 23:00:00,A,PC_HH,HU21,2011,64.77,,
ESTAT:ISOC_R_IACC_H(1.0),25/06/26 23:00:00,A,PC_HH,HU21,2012,69.84,,
ESTAT:ISOC_R_IACC_H(1.0),25/06/26 23:00:00,A,PC_HH,HU21,2013,71.06,,
ESTAT:ISOC_R_IACC_H(1.0),25/06/26 23:00:00,A,PC_HH,HU21,2014,75.42,,
ESTAT:ISOC_R_IACC_H(1.0),25/06/26 23:00:00,A,PC_HH,HU21,2015,78.20,,
ESTAT:ISOC_R_IACC_H(1.0),25/06/26 23:00:00,A,PC_HH,HU21,2016,80.82,,
ESTAT:ISOC_R_IACC_H(1.0),25/06/26 23:00:00,A,PC_HH,HU21,2017,85.30,,
ESTAT:ISOC_R_IACC_H(1.0),25/06/26 23:00:00,A,PC_HH,HU21,2018,86.59,,
ESTAT:ISOC_R_IACC_H(1.0),25/06/26 23:00:00,A,PC_HH,HU21,2019,87.95,,
ESTAT:ISOC_R_IACC_H(1.0),25/06/26 23:00:00,A,PC_HH,HU21,2020,91.27,,
ESTAT:ISOC_R_IACC_H(1.0),25/06/26 23:00:00,A,PC_HH,HU21,2021,92.10,,
ESTAT:ISOC_R_IACC_H(1.0),25/06/26 23:00:00,A,PC_HH,HU21,2022,94.68,,
ESTAT:ISOC_R_IACC_H(1.0),25/06/26 23:00:00,A,PC_HH,HU21,2023,95.48,,
ESTAT:ISOC_R_IACC_H(1.0),25/06/26 23:00:00,A,PC_HH,HU21,2024,95.20,,
ESTAT:ISOC_R_IACC_H(1.0),25/06/26 23:00:00,A,PC_HH,HU21,2025,95.17,,
ESTAT:ISOC_R_IACC_H(1.0),25/06/26 23:00:00,A,PC_HH,HU22,2008,47.61,,
ESTAT:ISOC_R_IACC_H(1.0),25/06/26 23:00:00,A,PC_HH,HU22,2010,58.15,,
ESTAT:ISOC_R_IACC_H(1.0),25/06/26 23:00:00,A,PC_HH,HU22,2011,63.92,,
ESTAT:ISOC_R_IACC_H(1.0),25/06/26 23:00:00,A,PC_HH,HU22,2012,67.42,,
ESTAT:ISOC_R_IACC_H(1.0),25/06/26 23:00:00,A,PC_HH,HU22,2013,70.69,,
ESTAT:ISOC_R_IACC_H(1.0),25/06/26 23:00:00,A,PC_HH,HU22,2014,76.16,,
ESTAT:ISOC_R_IACC_H(1.0),25/06/26 23:00:00,A,PC_HH,HU22,2015,79.48,,
ESTAT:ISOC_R_IACC_H(1.0),25/06/26 23:00:00,A,PC_HH,HU22,2016,82.55,,
ESTAT:ISOC_R_IACC_H(1.0),25/06/26 23:00:00,A,PC_HH,HU22,2017,83.43,,
ESTAT:ISOC_R_IACC_H(1.0),25/06/26 23:00:00,A,PC_HH,HU22,2018,84.52,,
ESTAT:ISOC_R_IACC_H(1.0),25/06/26 23:00:00,A,PC_HH,HU22,2019,85.46,,
ESTAT:ISOC_R_IACC_H(1.0),25/06/26 23:00:00,A,PC_HH,HU22,2020,85.84,,
ESTAT:ISOC_R_IACC_H(1.0),25/06/26 23:00:00,A,PC_HH,HU22,2021,91.89,,
ESTAT:ISOC_R_IACC_H(1.0),25/06/26 23:00:00,A,PC_HH,HU22,2022,91.99,,
ESTAT:ISOC_R_IACC_H(1.0),25/06/26 23:00:00,A,PC_HH,HU22,2023,91.52,,
ESTAT:ISOC_R_IACC_H(1.0),25/06/26 23:00:00,A,PC_HH,HU22,2024,95.87,,
ESTAT:ISOC_R_IACC_H(1.0),25/06/26 23:00:00,A,PC_HH,HU22,2025,94.40,,
ESTAT:ISOC_R_IACC_H(1.0),25/06/26 23:00:00,A,PC_HH,HU23,2008,40.74,,
ESTAT:ISOC_R_IACC_H(1.0),25/06/26 23:00:00,A,PC_HH,HU23,2010,51.37,,
ESTAT:ISOC_R_IACC_H(1.0),25/06/26 23:00:00,A,PC_HH,HU23,2011,56.44,,
ESTAT:ISOC_R_IACC_H(1.0),25/06/26 23:00:00,A,PC_HH,HU23,2012,60.92,,
ESTAT:ISOC_R_IACC_H(1.0),25/06/26 23:00:00,A,PC_HH,HU23,2013,65.46,,
ESTAT:ISOC_R_IACC_H(1.0),25/06/26 23:00:00,A,PC_HH,HU23,2014,71.09,,
ESTAT:ISOC_R_IACC_H(1.0),25/06/26 23:00:00,A,PC_HH,HU23,2015,73.50,,
ESTAT:ISOC_R_IACC_H(1.0),25/06/26 23:00:00,A,PC_HH,HU23,2016,76.78,,
ESTAT:ISOC_R_IACC_H(1.0),25/06/26 23:00:00,A,PC_HH,HU23,2017,80.72,,
ESTAT:ISOC_R_IACC_H(1.0),25/06/26 23:00:00,A,PC_HH,HU23,2018,81.34,,
ESTAT:ISOC_R_IACC_H(1.0),25/06/26 23:00:00,A,PC_HH,HU23,2019,85.21,,
ESTAT:ISOC_R_IACC_H(1.0),25/06/26 23:00:00,A,PC_HH,HU23,2020,86.68,,
ESTAT:ISOC_R_IACC_H(1.0),25/06/26 23:00:00,A,PC_HH,HU23,2021,89.03,,
ESTAT:ISOC_R_IACC_H(1.0),25/06/26 23:00:00,A,PC_HH,HU23,2022,90.30,,
ESTAT:ISOC_R_IACC_H(1.0),25/06/26 23:00:00,A,PC_HH,HU23,2023,90.01,,
ESTAT:ISOC_R_IACC_H(1.0),25/06/26 23:00:00,A,PC_HH,HU23,2024,92.55,,
ESTAT:ISOC_R_IACC_H(1.0),25/06/26 23:00:00,A,PC_HH,HU23,2025,92.17,,
ESTAT:ISOC_R_IACC_H(1.0),25/06/26 23:00:00,A,PC_HH,HU3,2008,40.70,,
ESTAT:ISOC_R_IACC_H(1.0),25/06/26 23:00:00,A,PC_HH,HU3,2010,51.94,,
ESTAT:ISOC_R_IACC_H(1.0),25/06/26 23:00:00,A,PC_HH,HU3,2011,56.62,,
ESTAT:ISOC_R_IACC_H(1.0),25/06/26 23:00:00,A,PC_HH,HU3,2012,59.94,,
ESTAT:ISOC_R_IACC_H(1.0),25/06/26 23:00:00,A,PC_HH,HU3,2013,63.24,,
ESTAT:ISOC_R_IACC_H(1.0),25/06/26 23:00:00,A,PC_HH,HU3,2014,66.11,,
ESTAT:ISOC_R_IACC_H(1.0),25/06/26 23:00:00,A,PC_HH,HU3,2015,68.23,,
ESTAT:ISOC_R_IACC_H(1.0),25/06/26 23:00:00,A,PC_HH,HU3,2016,72.54,,
ESTAT:ISOC_R_IACC_H(1.0),25/06/26 23:00:00,A,PC_HH,HU3,2017,76.19,,
ESTAT:ISOC_R_IACC_H(1.0),25/06/26 23:00:00,A,PC_HH,HU3,2018,77.78,,
ESTAT:ISOC_R_IACC_H(1.0),25/06/26 23:00:00,A,PC_HH,HU3,2019,82.25,,
ESTAT:ISOC_R_IACC_H(1.0),25/06/26 23:00:00,A,PC_HH,HU3,2020,84.10,,
ESTAT:ISOC_R_IACC_H(1.0),25/06/26 23:00:00,A,PC_HH,HU3,2021,87.07,,
ESTAT:ISOC_R_IACC_H(1.0),25/06/26 23:00:00,A,PC_HH,HU3,2022,87.45,,
ESTAT:ISOC_R_IACC_H(1.0),25/06/26 23:00:00,A,PC_HH,HU3,2023,89.33,,
ESTAT:ISOC_R_IACC_H(1.0),25/06/26 23:00:00,A,PC_HH,HU3,2024,92.60,,
ESTAT:ISOC_R_IACC_H(1.0),25/06/26 23:00:00,A,PC_HH,HU3,2025,91.96,,
ESTAT:ISOC_R_IACC_H(1.0),25/06/26 23:00:00,A,PC_HH,HU31,2008,40.77,,
ESTAT:ISOC_R_IACC_H(1.0),25/06/26 23:00:00,A,PC_HH,HU31,2010,53.50,,
ESTAT:ISOC_R_IACC_H(1.0),25/06/26 23:00:00,A,PC_HH,HU31,2011,58.40,,
ESTAT:ISOC_R_IACC_H(1.0),25/06/26 23:00:00,A,PC_HH,HU31,2012,58.61,,
ESTAT:ISOC_R_IACC_H(1.0),25/06/26 23:00:00,A,PC_HH,HU31,2013,65.50,,
ESTAT:ISOC_R_IACC_H(1.0),25/06/26 23:00:00,A,PC_HH,HU31,2014,65.25,,
ESTAT:ISOC_R_IACC_H(1.0),25/06/26 23:00:00,A,PC_HH,HU31,2015,68.69,,
ESTAT:ISOC_R_IACC_H(1.0),25/06/26 23:00:00,A,PC_HH,HU31,2016,74.19,,
ESTAT:ISOC_R_IACC_H(1.0),25/06/26 23:00:00,A,PC_HH,HU31,2017,75.48,,
ESTAT:ISOC_R_IACC_H(1.0),25/06/26 23:00:00,A,PC_HH,HU31,2018,77.97,,
ESTAT:ISOC_R_IACC_H(1.0),25/06/26 23:00:00,A,PC_HH,HU31,2019,81.61,,
ESTAT:ISOC_R_IACC_H(1.0),25/06/26 23:00:00,A,PC_HH,HU31,2020,83.76,,
ESTAT:ISOC_R_IACC_H(1.0),25/06/26 23:00:00,A,PC_HH,HU31,2021,86.26,,
ESTAT:ISOC_R_IACC_H(1.0),25/06/26 23:00:00,A,PC_HH,HU31,2022,86.91,,
ESTAT:ISOC_R_IACC_H(1.0),25/06/26 23:00:00,A,PC_HH,HU31,2023,90.63,,
ESTAT:ISOC_R_IACC_H(1.0),25/06/26 23:00:00,A,PC_HH,HU31,2024,92.46,,
ESTAT:ISOC_R_IACC_H(1.0),25/06/26 23:00:00,A,PC_HH,HU31,2025,93.20,,
ESTAT:ISOC_R_IACC_H(1.0),25/06/26 23:00:00,A,PC_HH,HU32,2008,38.98,,
ESTAT:ISOC_R_IACC_H(1.0),25/06/26 23:00:00,A,PC_HH,HU32,2010,49.80,,
ESTAT:ISOC_R_IACC_H(1.0),25/06/26 23:00:00,A,PC_HH,HU32,2011,54.35,,
ESTAT:ISOC_R_IACC_H(1.0),25/06/26 23:00:00,A,PC_HH,HU32,2012,58.64,,
ESTAT:ISOC_R_IACC_H(1.0),25/06/26 23:00:00,A,PC_HH,HU32,2013,62.01,,
ESTAT:ISOC_R_IACC_H(1.0),25/06/26 23:00:00,A,PC_HH,HU32,2014,65.98,,
ESTAT:ISOC_R_IACC_H(1.0),25/06/26 23:00:00,A,PC_HH,HU32,2015,67.81,,
ESTAT:ISOC_R_IACC_H(1.0),25/06/26 23:00:00,A,PC_HH,HU32,2016,72.15,,
ESTAT:ISOC_R_IACC_H(1.0),25/06/26 23:00:00,A,PC_HH,HU32,2017,76.46,,
ESTAT:ISOC_R_IACC_H(1.0),25/06/26 23:00:00,A,PC_HH,HU32,2018,77.10,,
ESTAT:ISOC_R_IACC_H(1.0),25/06/26 23:00:00,A,PC_HH,HU32,2019,82.88,,
ESTAT:ISOC_R_IACC_H(1.0),25/06/26 23:00:00,A,PC_HH,HU32,2020,85.49,,
ESTAT:ISOC_R_IACC_H(1.0),25/06/26 23:00:00,A,PC_HH,HU32,2021,88.04,,
ESTAT:ISOC_R_IACC_H(1.0),25/06/26 23:00:00,A,PC_HH,HU32,2022,88.17,,
ESTAT:ISOC_R_IACC_H(1.0),25/06/26 23:00:00,A,PC_HH,HU32,2023,87.85,,
ESTAT:ISOC_R_IACC_H(1.0),25/06/26 23:00:00,A,PC_HH,HU32,2024,93.22,,
ESTAT:ISOC_R_IACC_H(1.0),25/06/26 23:00:00,A,PC_HH,HU32,2025,91.17,,
ESTAT:ISOC_R_IACC_H(1.0),25/06/26 23:00:00,A,PC_HH,HU33,2008,42.48,,
ESTAT:ISOC_R_IACC_H(1.0),25/06/26 23:00:00,A,PC_HH,HU33,2010,52.86,,
ESTAT:ISOC_R_IACC_H(1.0),25/06/26 23:00:00,A,PC_HH,HU33,2011,57.53,,
ESTAT:ISOC_R_IACC_H(1.0),25/06/26 23:00:00,A,PC_HH,HU33,2012,62.53,,
ESTAT:ISOC_R_IACC_H(1.0),25/06/26 23:00:00,A,PC_HH,HU33,2013,62.61,,
ESTAT:ISOC_R_IACC_H(1.0),25/06/26 23:00:00,A,PC_HH,HU33,2014,66.96,,
ESTAT:ISOC_R_IACC_H(1.0),25/06/26 23:00:00,A,PC_HH,HU33,2015,68.28,,
ESTAT:ISOC_R_IACC_H(1.0),25/06/26 23:00:00,A,PC_HH,HU33,2016,71.58,,
ESTAT:ISOC_R_IACC_H(1.0),25/06/26 23:00:00,A,PC_HH,HU33,2017,76.48,,
ESTAT:ISOC_R_IACC_H(1.0),25/06/26 23:00:00,A,PC_HH,HU33,2018,78.34,,
ESTAT:ISOC_R_IACC_H(1.0),25/06/26 23:00:00,A,PC_HH,HU33,2019,82.13,,
ESTAT:ISOC_R_IACC_H(1.0),25/06/26 23:00:00,A,PC_HH,HU33,2020,82.92,,
ESTAT:ISOC_R_IACC_H(1.0),25/06/26 23:00:00,A,PC_HH,HU33,2021,86.72,,
ESTAT:ISOC_R_IACC_H(1.0),25/06/26 23:00:00,A,PC_HH,HU33,2022,87.11,,
ESTAT:ISOC_R_IACC_H(1.0),25/06/26 23:00:00,A,PC_HH,HU33,2023,89.83,,
ESTAT:ISOC_R_IACC_H(1.0),25/06/26 23:00:00,A,PC_HH,HU33,2024,92.07,,
ESTAT:ISOC_R_IACC_H(1.0),25/06/26 23:00:00,A,PC_HH,HU33,2025,91.74,,
ESTAT:ISOC_R_IACC_H(1.0),25/06/26 23:00:00,A,PC_HH,IE,2006,49.95,,
ESTAT:ISOC_R_IACC_H(1.0),25/06/26 23:00:00,A,PC_HH,IE,2007,57.27,,
ESTAT:ISOC_R_IACC_H(1.0),25/06/26 23:00:00,A,PC_HH,IE,2008,63.05,,
ESTAT:ISOC_R_IACC_H(1.0),25/06/26 23:00:00,A,PC_HH,IE,2009,66.67,,
ESTAT:ISOC_R_IACC_H(1.0),25/06/26 23:00:00,A,PC_HH,IE,2010,71.69,,
ESTAT:ISOC_R_IACC_H(1.0),25/06/26 23:00:00,A,PC_HH,IE,2011,78.12,,
ESTAT:ISOC_R_IACC_H(1.0),25/06/26 23:00:00,A,PC_HH,IE,2012,81.09,,
ESTAT:ISOC_R_IACC_H(1.0),25/06/26 23:00:00,A,PC_HH,IE,2013,82.39,,
ESTAT:ISOC_R_IACC_H(1.0),25/06/26 23:00:00,A,PC_HH,IE,2014,82.17,,
ESTAT:ISOC_R_IACC_H(1.0),25/06/26 23:00:00,A,PC_HH,IE,2015,84.86,,
ESTAT:ISOC_R_IACC_H(1.0),25/06/26 23:00:00,A,PC_HH,IE,2016,86.91,,
ESTAT:ISOC_R_IACC_H(1.0),25/06/26 23:00:00,A,PC_HH,IE,2017,88.37,,
ESTAT:ISOC_R_IACC_H(1.0),25/06/26 23:00:00,A,PC_HH,IE,2018,89.11,,
ESTAT:ISOC_R_IACC_H(1.0),25/06/26 23:00:00,A,PC_HH,IE,2019,90.59,,
ESTAT:ISOC_R_IACC_H(1.0),25/06/26 23:00:00,A,PC_HH,IE,2020,91.82,,
ESTAT:ISOC_R_IACC_H(1.0),25/06/26 23:00:00,A,PC_HH,IE,2021,97.50,b,
ESTAT:ISOC_R_IACC_H(1.0),25/06/26 23:00:00,A,PC_HH,IE,2022,,u,
ESTAT:ISOC_R_IACC_H(1.0),25/06/26 23:00:00,A,PC_HH,IE,2023,93.92,,
ESTAT:ISOC_R_IACC_H(1.0),25/06/26 23:00:00,A,PC_HH,IE,2024,92.97,,
ESTAT:ISOC_R_IACC_H(1.0),25/06/26 23:00:00,A,PC_HH,IE,2025,95.51,,
ESTAT:ISOC_R_IACC_H(1.0),25/06/26 23:00:00,A,PC_HH,IE0,2008,63.05,,
ESTAT:ISOC_R_IACC_H(1.0),25/06/26 23:00:00,A,PC_HH,IE0,2009,66.67,,
ESTAT:ISOC_R_IACC_H(1.0),25/06/26 23:00:00,A,PC_HH,IE0,2010,71.69,,
ESTAT:ISOC_R_IACC_H(1.0),25/06/26 23:00:00,A,PC_HH,IE0,2011,78.12,,
ESTAT:ISOC_R_IACC_H(1.0),25/06/26 23:00:00,A,PC_HH,IE0,2012,81.09,,
ESTAT:ISOC_R_IACC_H(1.0),25/06/26 23:00:00,A,PC_HH,IE0,2013,82.39,,
ESTAT:ISOC_R_IACC_H(1.0),25/06/26 23:00:00,A,PC_HH,IE0,2014,82.17,,
ESTAT:ISOC_R_IACC_H(1.0),25/06/26 23:00:00,A,PC_HH,IE0,2015,84.86,,
ESTAT:ISOC_R_IACC_H(1.0),25/06/26 23:00:00,A,PC_HH,IE0,2016,86.91,,
ESTAT:ISOC_R_IACC_H(1.0),25/06/26 23:00:00,A,PC_HH,IE0,2017,88.37,,
ESTAT:ISOC_R_IACC_H(1.0),25/06/26 23:00:00,A,PC_HH,IE0,2018,89.11,,
ESTAT:ISOC_R_IACC_H(1.0),25/06/26 23:00:00,A,PC_HH,IE0,2019,90.59,,
ESTAT:ISOC_R_IACC_H(1.0),25/06/26 23:00:00,A,PC_HH,IE0,2020,91.82,,
ESTAT:ISOC_R_IACC_H(1.0),25/06/26 23:00:00,A,PC_HH,IE0,2021,97.50,b,
ESTAT:ISOC_R_IACC_H(1.0),25/06/26 23:00:00,A,PC_HH,IE0,2022,,u,
ESTAT:ISOC_R_IACC_H(1.0),25/06/26 23:00:00,A,PC_HH,IE0,2023,93.92,,
ESTAT:ISOC_R_IACC_H(1.0),25/06/26 23:00:00,A,PC_HH,IE0,2024,92.97,,
ESTAT:ISOC_R_IACC_H(1.0),25/06/26 23:00:00,A,PC_HH,IE0,2025,95.51,,
ESTAT:ISOC_R_IACC_H(1.0),25/06/26 23:00:00,A,PC_HH,IE01,2008,53.92,,
ESTAT:ISOC_R_IACC_H(1.0),25/06/26 23:00:00,A,PC_HH,IE01,2009,59.93,,
ESTAT:ISOC_R_IACC_H(1.0),25/06/26 23:00:00,A,PC_HH,IE01,2010,64.83,,
ESTAT:ISOC_R_IACC_H(1.0),25/06/26 23:00:00,A,PC_HH,IE01,2011,73.42,,
ESTAT:ISOC_R_IACC_H(1.0),25/06/26 23:00:00,A,PC_HH,IE01,2012,77.18,,
ESTAT:ISOC_R_IACC_H(1.0),25/06/26 23:00:00,A,PC_HH,IE01,2013,78.59,,
ESTAT:ISOC_R_IACC_H(1.0),25/06/26 23:00:00,A,PC_HH,IE01,2014,77.18,,
ESTAT:ISOC_R_IACC_H(1.0),25/06/26 23:00:00,A,PC_HH,IE01,2015,81.75,,
ESTAT:ISOC_R_IACC_H(1.0),25/06/26 23:00:00,A,PC_HH,IE01,2016,83.41,,
ESTAT:ISOC_R_IACC_H(1.0),25/06/26 23:00:00,A,PC_HH,IE01,2017,83.57,,
ESTAT:ISOC_R_IACC_H(1.0),25/06/26 23:00:00,A,PC_HH,IE02,2008,66.39,,
ESTAT:ISOC_R_IACC_H(1.0),25/06/26 23:00:00,A,PC_HH,IE02,2009,69.22,,
ESTAT:ISOC_R_IACC_H(1.0),25/06/26 23:00:00,A,PC_HH,IE02,2010,74.28,,
ESTAT:ISOC_R_IACC_H(1.0),25/06/26 23:00:00,A,PC_HH,IE02,2011,79.89,,
ESTAT:ISOC_R_IACC_H(1.0),25/06/26 23:00:00,A,PC_HH,IE02,2012,82.57,,
ESTAT:ISOC_R_IACC_H(1.0),25/06/26 23:00:00,A,PC_HH,IE02,2013,83.81,,
ESTAT:ISOC_R_IACC_H(1.0),25/06/26 23:00:00,A,PC_HH,IE02,2014,83.99,,
ESTAT:ISOC_R_IACC_H(1.0),25/06/26 23:00:00,A,PC_HH,IE02,2015,85.98,,
ESTAT:ISOC_R_IACC_H(1.0),25/06/26 23:00:00,A,PC_HH,IE02,2016,88.16,,
ESTAT:ISOC_R_IACC_H(1.0),25/06/26 23:00:00,A,PC_HH,IE02,2017,90.10,,
ESTAT:ISOC_R_IACC_H(1.0),25/06/26 23:00:00,A,PC_HH,IE04,2018,81.95,,
ESTAT:ISOC_R_IACC_H(1.0),25/06/26 23:00:00,A,PC_HH,IE04,2019,85.80,,
ESTAT:ISOC_R_IACC_H(1.0),25/06/26 23:00:00,A,PC_HH,IE04,2020,94.12,,
ESTAT:ISOC_R_IACC_H(1.0),25/06/26 23:00:00,A,PC_HH,IE04,2021,98.62,b,
ESTAT:ISOC_R_IACC_H(1.0),25/06/26 23:00:00,A,PC_HH,IE04,2022,,u,
ESTAT:ISOC_R_IACC_H(1.0),25/06/26 23:00:00,A,PC_HH,IE04,2023,94.98,,
ESTAT:ISOC_R_IACC_H(1.0),25/06/26 23:00:00,A,PC_HH,IE04,2024,91.72,,
ESTAT:ISOC_R_IACC_H(1.0),25/06/26 23:00:00,A,PC_HH,IE04,2025,92.76,,
ESTAT:ISOC_R_IACC_H(1.0),25/06/26 23:00:00,A,PC_HH,IE05,2018,88.19,,
ESTAT:ISOC_R_IACC_H(1.0),25/06/26 23:00:00,A,PC_HH,IE05,2019,90.10,,
ESTAT:ISOC_R_IACC_H(1.0),25/06/26 23:00:00,A,PC_HH,IE05,2020,89.49,,
ESTAT:ISOC_R_IACC_H(1.0),25/06/26 23:00:00,A,PC_HH,IE05,2021,97.35,b,
ESTAT:ISOC_R_IACC_H(1.0),25/06/26 23:00:00,A,PC_HH,IE05,2022,,u,
ESTAT:ISOC_R_IACC_H(1.0),25/06/26 23:00:00,A,PC_HH,IE05,2023,91.37,,
ESTAT:ISOC_R_IACC_H(1.0),25/06/26 23:00:00,A,PC_HH,IE05,2024,93.96,,
ESTAT:ISOC_R_IACC_H(1.0),25/06/26 23:00:00,A,PC_HH,IE05,2025,95.57,,
ESTAT:ISOC_R_IACC_H(1.0),25/06/26 23:00:00,A,PC_HH,IE06,2018,92.78,,
ESTAT:ISOC_R_IACC_H(1.0),25/06/26 23:00:00,A,PC_HH,IE06,2019,92.79,,
ESTAT:ISOC_R_IACC_H(1.0),25/06/26 23:00:00,A,PC_HH,IE06,2020,92.58,,
ESTAT:ISOC_R_IACC_H(1.0),25/06/26 23:00:00,A,PC_HH,IE06,2021,97.18,b,
ESTAT:ISOC_R_IACC_H(1.0),25/06/26 23:00:00,A,PC_HH,IE06,2022,,u,
ESTAT:ISOC_R_IACC_H(1.0),25/06/26 23:00:00,A,PC_HH,IE06,2023,95.31,,
ESTAT:ISOC_R_IACC_H(1.0),25/06/26 23:00:00,A,PC_HH,IE06,2024,92.76,,
ESTAT:ISOC_R_IACC_H(1.0),25/06/26 23:00:00,A,PC_HH,IE06,2025,96.50,,
ESTAT:ISOC_R_IACC_H(1.0),25/06/26 23:00:00,A,PC_HH,IS,2006,83.02,,
ESTAT:ISOC_R_IACC_H(1.0),25/06/26 23:00:00,A,PC_HH,IS,2007,83.70,,
ESTAT:ISOC_R_IACC_H(1.0),25/06/26 23:00:00,A,PC_HH,IS,2008,87.73,,
ESTAT:ISOC_R_IACC_H(1.0),25/06/26 23:00:00,A,PC_HH,IS,2009,89.59,,
ESTAT:ISOC_R_IACC_H(1.0),25/06/26 23:00:00,A,PC_HH,IS,2010,92.04,,
ESTAT:ISOC_R_IACC_H(1.0),25/06/26 23:00:00,A,PC_HH,IS,2011,92.59,,
ESTAT:ISOC_R_IACC_H(1.0),25/06/26 23:00:00,A,PC_HH,IS,2012,94.60,,
ESTAT:ISOC_R_IACC_H(1.0),25/06/26 23:00:00,A,PC_HH,IS,2013,96.41,,
ESTAT:ISOC_R_IACC_H(1.0),25/06/26 23:00:00,A,PC_HH,IS,2014,96.48,,
ESTAT:ISOC_R_IACC_H(1.0),25/06/26 23:00:00,A,PC_HH,IS,2017,97.86,,
ESTAT:ISOC_R_IACC_H(1.0),25/06/26 23:00:00,A,PC_HH,IS,2018,99.18,,
ESTAT:ISOC_R_IACC_H(1.0),25/06/26 23:00:00,A,PC_HH,IS,2019,97.70,,
ESTAT:ISOC_R_IACC_H(1.0),25/06/26 23:00:00,A,PC_HH,IS,2020,98.48,,
ESTAT:ISOC_R_IACC_H(1.0),25/06/26 23:00:00,A,PC_HH,IS,2021,98.36,,
ESTAT:ISOC_R_IACC_H(1.0),25/06/26 23:00:00,A,PC_HH,IS0,2009,89.59,,
ESTAT:ISOC_R_IACC_H(1.0),25/06/26 23:00:00,A,PC_HH,IS0,2010,92.04,,
ESTAT:ISOC_R_IACC_H(1.0),25/06/26 23:00:00,A,PC_HH,IS0,2011,92.59,,
ESTAT:ISOC_R_IACC_H(1.0),25/06/26 23:00:00,A,PC_HH,IS0,2012,94.60,,
ESTAT:ISOC_R_IACC_H(1.0),25/06/26 23:00:00,A,PC_HH,IS0,2013,96.41,,
ESTAT:ISOC_R_IACC_H(1.0),25/06/26 23:00:00,A,PC_HH,IS0,2014,96.48,,
ESTAT:ISOC_R_IACC_H(1.0),25/06/26 23:00:00,A,PC_HH,IS0,2017,97.86,,
ESTAT:ISOC_R_IACC_H(1.0),25/06/26 23:00:00,A,PC_HH,IS0,2018,99.18,,
ESTAT:ISOC_R_IACC_H(1.0),25/06/26 23:00:00,A,PC_HH,IS0,2019,97.70,,
ESTAT:ISOC_R_IACC_H(1.0),25/06/26 23:00:00,A,PC_HH,IS0,2020,98.48,,
ESTAT:ISOC_R_IACC_H(1.0),25/06/26 23:00:00,A,PC_HH,IS0,2021,98.36,,
ESTAT:ISOC_R_IACC_H(1.0),25/06/26 23:00:00,A,PC_HH,IS00,2009,89.59,,
ESTAT:ISOC_R_IACC_H(1.0),25/06/26 23:00:00,A,PC_HH,IS00,2017,97.86,,
ESTAT:ISOC_R_IACC_H(1.0),25/06/26 23:00:00,A,PC_HH,IS00,2018,99.18,,
ESTAT:ISOC_R_IACC_H(1.0),25/06/26 23:00:00,A,PC_HH,IS00,2019,97.70,,
ESTAT:ISOC_R_IACC_H(1.0),25/06/26 23:00:00,A,PC_HH,IS00,2020,98.48,,
ESTAT:ISOC_R_IACC_H(1.0),25/06/26 23:00:00,A,PC_HH,IS00,2021,98.36,,
ESTAT:ISOC_R_IACC_H(1.0),25/06/26 23:00:00,A,PC_HH,IT,2006,40.01,,
ESTAT:ISOC_R_IACC_H(1.0),25/06/26 23:00:00,A,PC_HH,IT,2007,43.38,,
ESTAT:ISOC_R_IACC_H(1.0),25/06/26 23:00:00,A,PC_HH,IT,2008,46.93,,
ESTAT:ISOC_R_IACC_H(1.0),25/06/26 23:00:00,A,PC_HH,IT,2009,53.48,,
ESTAT:ISOC_R_IACC_H(1.0),25/06/26 23:00:00,A,PC_HH,IT,2010,58.97,,
ESTAT:ISOC_R_IACC_H(1.0),25/06/26 23:00:00,A,PC_HH,IT,2011,61.57,,
ESTAT:ISOC_R_IACC_H(1.0),25/06/26 23:00:00,A,PC_HH,IT,2012,62.92,,
ESTAT:ISOC_R_IACC_H(1.0),25/06/26 23:00:00,A,PC_HH,IT,2013,68.91,,
ESTAT:ISOC_R_IACC_H(1.0),25/06/26 23:00:00,A,PC_HH,IT,2014,72.61,,
ESTAT:ISOC_R_IACC_H(1.0),25/06/26 23:00:00,A,PC_HH,IT,2015,75.39,,
ESTAT:ISOC_R_IACC_H(1.0),25/06/26 23:00:00,A,PC_HH,IT,2016,78.51,,
ESTAT:ISOC_R_IACC_H(1.0),25/06/26 23:00:00,A,PC_HH,IT,2017,81.02,,
ESTAT:ISOC_R_IACC_H(1.0),25/06/26 23:00:00,A,PC_HH,IT,2018,84.34,,
ESTAT:ISOC_R_IACC_H(1.0),25/06/26 23:00:00,A,PC_HH,IT,2019,85.17,,
ESTAT:ISOC_R_IACC_H(1.0),25/06/26 23:00:00,A,PC_HH,IT,2020,88.10,,
ESTAT:ISOC_R_IACC_H(1.0),25/06/26 23:00:00,A,PC_HH,IT,2021,90.49,,
ESTAT:ISOC_R_IACC_H(1.0),25/06/26 23:00:00,A,PC_HH,IT,2022,91.45,,
ESTAT:ISOC_R_IACC_H(1.0),25/06/26 23:00:00,A,PC_HH,IT,2023,91.89,,
ESTAT:ISOC_R_IACC_H(1.0),25/06/26 23:00:00,A,PC_HH,IT,2024,93.41,,
ESTAT:ISOC_R_IACC_H(1.0),25/06/26 23:00:00,A,PC_HH,IT,2025,94.12,,
ESTAT:ISOC_R_IACC_H(1.0),25/06/26 23:00:00,A,PC_HH,ITC,2006,42.95,,
ESTAT:ISOC_R_IACC_H(1.0),25/06/26 23:00:00,A,PC_HH,ITC,2007,46.87,,
ESTAT:ISOC_R_IACC_H(1.0),25/06/26 23:00:00,A,PC_HH,ITC,2008,49.94,,
ESTAT:ISOC_R_IACC_H(1.0),25/06/26 23:00:00,A,PC_HH,ITC,2009,54.71,,
ESTAT:ISOC_R_IACC_H(1.0),25/06/26 23:00:00,A,PC_HH,ITC,2010,61.04,,
ESTAT:ISOC_R_IACC_H(1.0),25/06/26 23:00:00,A,PC_HH,ITC,2011,64.36,,
ESTAT:ISOC_R_IACC_H(1.0),25/06/26 23:00:00,A,PC_HH,ITC,2012,65.95,,
ESTAT:ISOC_R_IACC_H(1.0),25/06/26 23:00:00,A,PC_HH,ITC,2013,69.95,,
ESTAT:ISOC_R_IACC_H(1.0),25/06/26 23:00:00,A,PC_HH,ITC,2014,74.73,,
ESTAT:ISOC_R_IACC_H(1.0),25/06/26 23:00:00,A,PC_HH,ITC,2015,77.39,,
ESTAT:ISOC_R_IACC_H(1.0),25/06/26 23:00:00,A,PC_HH,ITC,2016,82.02,,
ESTAT:ISOC_R_IACC_H(1.0),25/06/26 23:00:00,A,PC_HH,ITC,2017,83.72,,
ESTAT:ISOC_R_IACC_H(1.0),25/06/26 23:00:00,A,PC_HH,ITC,2018,87.04,,
ESTAT:ISOC_R_IACC_H(1.0),25/06/26 23:00:00,A,PC_HH,ITC,2019,87.04,,
ESTAT:ISOC_R_IACC_H(1.0),25/06/26 23:00:00,A,PC_HH,ITC,2020,89.57,,
ESTAT:ISOC_R_IACC_H(1.0),25/06/26 23:00:00,A,PC_HH,ITC,2021,92.20,,
ESTAT:ISOC_R_IACC_H(1.0),25/06/26 23:00:00,A,PC_HH,ITC,2022,93.56,,
ESTAT:ISOC_R_IACC_H(1.0),25/06/26 23:00:00,A,PC_HH,ITC,2023,93.86,,
ESTAT:ISOC_R_IACC_H(1.0),25/06/26 23:00:00,A,PC_HH,ITC,2024,94.65,,
ESTAT:ISOC_R_IACC_H(1.0),25/06/26 23:00:00,A,PC_HH,ITC,2025,95.23,,
ESTAT:ISOC_R_IACC_H(1.0),25/06/26 23:00:00,A,PC_HH,ITC1,2006,37.53,,
ESTAT:ISOC_R_IACC_H(1.0),25/06/26 23:00:00,A,PC_HH,ITC1,2007,42.28,,
ESTAT:ISOC_R_IACC_H(1.0),25/06/26 23:00:00,A,PC_HH,ITC1,2008,45.40,,
ESTAT:ISOC_R_IACC_H(1.0),25/06/26 23:00:00,A,PC_HH,ITC1,2009,52.11,,
ESTAT:ISOC_R_IACC_H(1.0),25/06/26 23:00:00,A,PC_HH,ITC1,2010,56.87,,
ESTAT:ISOC_R_IACC_H(1.0),25/06/26 23:00:00,A,PC_HH,ITC1,2011,61.65,,
ESTAT:ISOC_R_IACC_H(1.0),25/06/26 23:00:00,A,PC_HH,ITC1,2012,61.38,,
ESTAT:ISOC_R_IACC_H(1.0),25/06/26 23:00:00,A,PC_HH,ITC1,2013,66.55,,
ESTAT:ISOC_R_IACC_H(1.0),25/06/26 23:00:00,A,PC_HH,ITC1,2014,72.53,,
ESTAT:ISOC_R_IACC_H(1.0),25/06/26 23:00:00,A,PC_HH,ITC1,2015,75.48,,
ESTAT:ISOC_R_IACC_H(1.0),25/06/26 23:00:00,A,PC_HH,ITC1,2016,79.58,,
ESTAT:ISOC_R_IACC_H(1.0),25/06/26 23:00:00,A,PC_HH,ITC1,2017,82.12,,
ESTAT:ISOC_R_IACC_H(1.0),25/06/26 23:00:00,A,PC_HH,ITC1,2018,85.66,,
ESTAT:ISOC_R_IACC_H(1.0),25/06/26 23:00:00,A,PC_HH,ITC1,2019,84.64,,
ESTAT:ISOC_R_IACC_H(1.0),25/06/26 23:00:00,A,PC_HH,ITC1,2020,88.39,,
ESTAT:ISOC_R_IACC_H(1.0),25/06/26 23:00:00,A,PC_HH,ITC1,2021,90.90,,
ESTAT:ISOC_R_IACC_H(1.0),25/06/26 23:00:00,A,PC_HH,ITC1,2022,92.09,,
ESTAT:ISOC_R_IACC_H(1.0),25/06/26 23:00:00,A,PC_HH,ITC1,2023,92.65,,
ESTAT:ISOC_R_IACC_H(1.0),25/06/26 23:00:00,A,PC_HH,ITC1,2024,94.03,,
ESTAT:ISOC_R_IACC_H(1.0),25/06/26 23:00:00,A,PC_HH,ITC1,2025,93.94,,
ESTAT:ISOC_R_IACC_H(1.0),25/06/26 23:00:00,A,PC_HH,ITC2,2006,38.03,,
ESTAT:ISOC_R_IACC_H(1.0),25/06/26 23:00:00,A,PC_HH,ITC2,2007,41.49,,
ESTAT:ISOC_R_IACC_H(1.0),25/06/26 23:00:00,A,PC_HH,ITC2,2008,48.43,,
ESTAT:ISOC_R_IACC_H(1.0),25/06/26 23:00:00,A,PC_HH,ITC2,2009,53.51,,
ESTAT:ISOC_R_IACC_H(1.0),25/06/26 23:00:00,A,PC_HH,ITC2,2010,55.29,,
ESTAT:ISOC_R_IACC_H(1.0),25/06/26 23:00:00,A,PC_HH,ITC2,2011,63.75,,
ESTAT:ISOC_R_IACC_H(1.0),25/06/26 23:00:00,A,PC_HH,ITC2,2012,66.58,,
ESTAT:ISOC_R_IACC_H(1.0),25/06/26 23:00:00,A,PC_HH,ITC2,2013,68.27,,
ESTAT:ISOC_R_IACC_H(1.0),25/06/26 23:00:00,A,PC_HH,ITC2,2014,69.54,,
ESTAT:ISOC_R_IACC_H(1.0),25/06/26 23:00:00,A,PC_HH,ITC2,2015,77.01,,
ESTAT:ISOC_R_IACC_H(1.0),25/06/26 23:00:00,A,PC_HH,ITC2,2016,77.35,,
ESTAT:ISOC_R_IACC_H(1.0),25/06/26 23:00:00,A,PC_HH,ITC2,2017,76.16,,
ESTAT:ISOC_R_IACC_H(1.0),25/06/26 23:00:00,A,PC_HH,ITC2,2018,82.03,,
ESTAT:ISOC_R_IACC_H(1.0),25/06/26 23:00:00,A,PC_HH,ITC2,2019,86.26,,
ESTAT:ISOC_R_IACC_H(1.0),25/06/26 23:00:00,A,PC_HH,ITC2,2020,87.49,,
ESTAT:ISOC_R_IACC_H(1.0),25/06/26 23:00:00,A,PC_HH,ITC2,2021,94.08,,
ESTAT:ISOC_R_IACC_H(1.0),25/06/26 23:00:00,A,PC_HH,ITC2,2022,88.87,,
ESTAT:ISOC_R_IACC_H(1.0),25/06/26 23:00:00,A,PC_HH,ITC2,2023,91.48,,
ESTAT:ISOC_R_IACC_H(1.0),25/06/26 23:00:00,A,PC_HH,ITC2,2024,92.97,,
ESTAT:ISOC_R_IACC_H(1.0),25/06/26 23:00:00,A,PC_HH,ITC2,2025,96.22,,
ESTAT:ISOC_R_IACC_H(1.0),25/06/26 23:00:00,A,PC_HH,ITC3,2006,36.67,,
ESTAT:ISOC_R_IACC_H(1.0),25/06/26 23:00:00,A,PC_HH,ITC3,2007,38.53,,
ESTAT:ISOC_R_IACC_H(1.0),25/06/26 23:00:00,A,PC_HH,ITC3,2008,41.15,,
ESTAT:ISOC_R_IACC_H(1.0),25/06/26 23:00:00,A,PC_HH,ITC3,2009,48.61,,
ESTAT:ISOC_R_IACC_H(1.0),25/06/26 23:00:00,A,PC_HH,ITC3,2010,57.26,,
ESTAT:ISOC_R_IACC_H(1.0),25/06/26 23:00:00,A,PC_HH,ITC3,2011,57.70,,
ESTAT:ISOC_R_IACC_H(1.0),25/06/26 23:00:00,A,PC_HH,ITC3,2012,64.34,,
ESTAT:ISOC_R_IACC_H(1.0),25/06/26 23:00:00,A,PC_HH,ITC3,2013,66.24,,
ESTAT:ISOC_R_IACC_H(1.0),25/06/26 23:00:00,A,PC_HH,ITC3,2014,70.35,,
ESTAT:ISOC_R_IACC_H(1.0),25/06/26 23:00:00,A,PC_HH,ITC3,2015,76.26,,
ESTAT:ISOC_R_IACC_H(1.0),25/06/26 23:00:00,A,PC_HH,ITC3,2016,78.62,,
ESTAT:ISOC_R_IACC_H(1.0),25/06/26 23:00:00,A,PC_HH,ITC3,2017,84.04,,
ESTAT:ISOC_R_IACC_H(1.0),25/06/26 23:00:00,A,PC_HH,ITC3,2018,86.24,,
ESTAT:ISOC_R_IACC_H(1.0),25/06/26 23:00:00,A,PC_HH,ITC3,2019,85.90,,
ESTAT:ISOC_R_IACC_H(1.0),25/06/26 23:00:00,A,PC_HH,ITC3,2020,89.60,,
ESTAT:ISOC_R_IACC_H(1.0),25/06/26 23:00:00,A,PC_HH,ITC3,2021,92.20,,
ESTAT:ISOC_R_IACC_H(1.0),25/06/26 23:00:00,A,PC_HH,ITC3,2022,93.69,,
ESTAT:ISOC_R_IACC_H(1.0),25/06/26 23:00:00,A,PC_HH,ITC3,2023,92.80,,
ESTAT:ISOC_R_IACC_H(1.0),25/06/26 23:00:00,A,PC_HH,ITC3,2024,96.37,,
ESTAT:ISOC_R_IACC_H(1.0),25/06/26 23:00:00,A,PC_HH,ITC3,2025,94.11,,
ESTAT:ISOC_R_IACC_H(1.0),25/06/26 23:00:00,A,PC_HH,ITC4,2006,46.79,,
ESTAT:ISOC_R_IACC_H(1.0),25/06/26 23:00:00,A,PC_HH,ITC4,2007,50.68,,
ESTAT:ISOC_R_IACC_H(1.0),25/06/26 23:00:00,A,PC_HH,ITC4,2008,53.64,,
ESTAT:ISOC_R_IACC_H(1.0),25/06/26 23:00:00,A,PC_HH,ITC4,2009,57.08,,
ESTAT:ISOC_R_IACC_H(1.0),25/06/26 23:00:00,A,PC_HH,ITC4,2010,63.77,,
ESTAT:ISOC_R_IACC_H(1.0),25/06/26 23:00:00,A,PC_HH,ITC4,2011,66.69,,
ESTAT:ISOC_R_IACC_H(1.0),25/06/26 23:00:00,A,PC_HH,ITC4,2012,68.25,,
ESTAT:ISOC_R_IACC_H(1.0),25/06/26 23:00:00,A,PC_HH,ITC4,2013,72.14,,
ESTAT:ISOC_R_IACC_H(1.0),25/06/26 23:00:00,A,PC_HH,ITC4,2014,76.58,,
ESTAT:ISOC_R_IACC_H(1.0),25/06/26 23:00:00,A,PC_HH,ITC4,2015,78.45,,
ESTAT:ISOC_R_IACC_H(1.0),25/06/26 23:00:00,A,PC_HH,ITC4,2016,83.75,,
ESTAT:ISOC_R_IACC_H(1.0),25/06/26 23:00:00,A,PC_HH,ITC4,2017,84.48,,
ESTAT:ISOC_R_IACC_H(1.0),25/06/26 23:00:00,A,PC_HH,ITC4,2018,87.84,,
ESTAT:ISOC_R_IACC_H(1.0),25/06/26 23:00:00,A,PC_HH,ITC4,2019,88.29,,
ESTAT:ISOC_R_IACC_H(1.0),25/06/26 23:00:00,A,PC_HH,ITC4,2020,90.10,,
ESTAT:ISOC_R_IACC_H(1.0),25/06/26 23:00:00,A,PC_HH,ITC4,2021,92.75,,
ESTAT:ISOC_R_IACC_H(1.0),25/06/26 23:00:00,A,PC_HH,ITC4,2022,94.26,,
ESTAT:ISOC_R_IACC_H(1.0),25/06/26 23:00:00,A,PC_HH,ITC4,2023,94.59,,
ESTAT:ISOC_R_IACC_H(1.0),25/06/26 23:00:00,A,PC_HH,ITC4,2024,94.66,,
ESTAT:ISOC_R_IACC_H(1.0),25/06/26 23:00:00,A,PC_HH,ITC4,2025,95.98,,
ESTAT:ISOC_R_IACC_H(1.0),25/06/26 23:00:00,A,PC_HH,ITF,2006,33.31,,
ESTAT:ISOC_R_IACC_H(1.0),25/06/26 23:00:00,A,PC_HH,ITF,2007,36.46,,
ESTAT:ISOC_R_IACC_H(1.0),25/06/26 23:00:00,A,PC_HH,ITF,2008,40.09,,
ESTAT:ISOC_R_IACC_H(1.0),25/06/26 23:00:00,A,PC_HH,ITF,2009,47.77,,
ESTAT:ISOC_R_IACC_H(1.0),25/06/26 23:00:00,A,PC_HH,ITF,2010,53.44,,
ESTAT:ISOC_R_IACC_H(1.0),25/06/26 23:00:00,A,PC_HH,ITF,2011,55.01,,
ESTAT:ISOC_R_IACC_H(1.0),25/06/26 23:00:00,A,PC_HH,ITF,2012,56.17,,
ESTAT:ISOC_R_IACC_H(1.0),25/06/26 23:00:00,A,PC_HH,ITF,2013,62.54,,
ESTAT:ISOC_R_IACC_H(1.0),25/06/26 23:00:00,A,PC_HH,ITF,2014,66.75,,
ESTAT:ISOC_R_IACC_H(1.0),25/06/26 23:00:00,A,PC_HH,ITF,2015,69.92,,
ESTAT:ISOC_R_IACC_H(1.0),25/06/26 23:00:00,A,PC_HH,ITF,2016,72.13,,
ESTAT:ISOC_R_IACC_H(1.0),25/06/26 23:00:00,A,PC_HH,ITF,2017,76.80,,
ESTAT:ISOC_R_IACC_H(1.0),25/06/26 23:00:00,A,PC_HH,ITF,2018,78.18,,
ESTAT:ISOC_R_IACC_H(1.0),25/06/26 23:00:00,A,PC_HH,ITF,2019,79.55,,
ESTAT:ISOC_R_IACC_H(1.0),25/06/26 23:00:00,A,PC_HH,ITF,2020,82.87,,
ESTAT:ISOC_R_IACC_H(1.0),25/06/26 23:00:00,A,PC_HH,ITF,2021,86.95,,
ESTAT:ISOC_R_IACC_H(1.0),25/06/26 23:00:00,A,PC_HH,ITF,2022,87.93,,
ESTAT:ISOC_R_IACC_H(1.0),25/06/26 23:00:00,A,PC_HH,ITF,2023,87.29,,
ESTAT:ISOC_R_IACC_H(1.0),25/06/26 23:00:00,A,PC_HH,ITF,2024,89.50,,
ESTAT:ISOC_R_IACC_H(1.0),25/06/26 23:00:00,A,PC_HH,ITF,2025,90.93,,
ESTAT:ISOC_R_IACC_H(1.0),25/06/26 23:00:00,A,PC_HH,ITF1,2006,38.58,,
ESTAT:ISOC_R_IACC_H(1.0),25/06/26 23:00:00,A,PC_HH,ITF1,2007,45.85,,
ESTAT:ISOC_R_IACC_H(1.0),25/06/26 23:00:00,A,PC_HH,ITF1,2008,45.76,,
ESTAT:ISOC_R_IACC_H(1.0),25/06/26 23:00:00,A,PC_HH,ITF1,2009,55.54,,
ESTAT:ISOC_R_IACC_H(1.0),25/06/26 23:00:00,A,PC_HH,ITF1,2010,62.09,,
ESTAT:ISOC_R_IACC_H(1.0),25/06/26 23:00:00,A,PC_HH,ITF1,2011,61.60,,
ESTAT:ISOC_R_IACC_H(1.0),25/06/26 23:00:00,A,PC_HH,ITF1,2012,59.38,,
ESTAT:ISOC_R_IACC_H(1.0),25/06/26 23:00:00,A,PC_HH,ITF1,2013,69.42,,
ESTAT:ISOC_R_IACC_H(1.0),25/06/26 23:00:00,A,PC_HH,ITF1,2014,72.52,,
ESTAT:ISOC_R_IACC_H(1.0),25/06/26 23:00:00,A,PC_HH,ITF1,2015,74.54,,
ESTAT:ISOC_R_IACC_H(1.0),25/06/26 23:00:00,A,PC_HH,ITF1,2016,79.42,,
ESTAT:ISOC_R_IACC_H(1.0),25/06/26 23:00:00,A,PC_HH,ITF1,2017,81.88,,
ESTAT:ISOC_R_IACC_H(1.0),25/06/26 23:00:00,A,PC_HH,ITF1,2018,82.80,,
ESTAT:ISOC_R_IACC_H(1.0),25/06/26 23:00:00,A,PC_HH,ITF1,2019,85.13,,
ESTAT:ISOC_R_IACC_H(1.0),25/06/26 23:00:00,A,PC_HH,ITF1,2020,86.67,,
ESTAT:ISOC_R_IACC_H(1.0),25/06/26 23:00:00,A,PC_HH,ITF1,2021,89.41,,
ESTAT:ISOC_R_IACC_H(1.0),25/06/26 23:00:00,A,PC_HH,ITF1,2022,89.37,,
ESTAT:ISOC_R_IACC_H(1.0),25/06/26 23:00:00,A,PC_HH,ITF1,2023,90.09,,
ESTAT:ISOC_R_IACC_H(1.0),25/06/26 23:00:00,A,PC_HH,ITF1,2024,92.05,,
ESTAT:ISOC_R_IACC_H(1.0),25/06/26 23:00:00,A,PC_HH,ITF1,2025,93.86,,
ESTAT:ISOC_R_IACC_H(1.0),25/06/26 23:00:00,A,PC_HH,ITF2,2006,39.91,,
ESTAT:ISOC_R_IACC_H(1.0),25/06/26 23:00:00,A,PC_HH,ITF2,2007,44.91,,
ESTAT:ISOC_R_IACC_H(1.0),25/06/26 23:00:00,A,PC_HH,ITF2,2008,49.32,,
ESTAT:ISOC_R_IACC_H(1.0),25/06/26 23:00:00,A,PC_HH,ITF2,2009,53.24,,
ESTAT:ISOC_R_IACC_H(1.0),25/06/26 23:00:00,A,PC_HH,ITF2,2010,50.49,,
ESTAT:ISOC_R_IACC_H(1.0),25/06/26 23:00:00,A,PC_HH,ITF2,2011,57.13,,
ESTAT:ISOC_R_IACC_H(1.0),25/06/26 23:00:00,A,PC_HH,ITF2,2012,57.53,,
ESTAT:ISOC_R_IACC_H(1.0),25/06/26 23:00:00,A,PC_HH,ITF2,2013,60.64,,
ESTAT:ISOC_R_IACC_H(1.0),25/06/26 23:00:00,A,PC_HH,ITF2,2014,67.57,,
ESTAT:ISOC_R_IACC_H(1.0),25/06/26 23:00:00,A,PC_HH,ITF2,2015,71.69,,
ESTAT:ISOC_R_IACC_H(1.0),25/06/26 23:00:00,A,PC_HH,ITF2,2016,74.00,,
ESTAT:ISOC_R_IACC_H(1.0),25/06/26 23:00:00,A,PC_HH,ITF2,2017,78.27,,
ESTAT:ISOC_R_IACC_H(1.0),25/06/26 23:00:00,A,PC_HH,ITF2,2018,75.24,,
ESTAT:ISOC_R_IACC_H(1.0),25/06/26 23:00:00,A,PC_HH,ITF2,2019,79.80,,
ESTAT:ISOC_R_IACC_H(1.0),25/06/26 23:00:00,A,PC_HH,ITF2,2020,81.25,,
ESTAT:ISOC_R_IACC_H(1.0),25/06/26 23:00:00,A,PC_HH,ITF2,2021,86.45,,
ESTAT:ISOC_R_IACC_H(1.0),25/06/26 23:00:00,A,PC_HH,ITF2,2022,91.13,,
ESTAT:ISOC_R_IACC_H(1.0),25/06/26 23:00:00,A,PC_HH,ITF2,2023,91.10,,
ESTAT:ISOC_R_IACC_H(1.0),25/06/26 23:00:00,A,PC_HH,ITF2,2024,88.95,,
ESTAT:ISOC_R_IACC_H(1.0),25/06/26 23:00:00,A,PC_HH,ITF2,2025,91.09,,
ESTAT:ISOC_R_IACC_H(1.0),25/06/26 23:00:00,A,PC_HH,ITF3,2006,32.28,,
ESTAT:ISOC_R_IACC_H(1.0),25/06/26 23:00:00,A,PC_HH,ITF3,2007,36.60,,
ESTAT:ISOC_R_IACC_H(1.0),25/06/26 23:00:00,A,PC_HH,ITF3,2008,41.47,,
ESTAT:ISOC_R_IACC_H(1.0),25/06/26 23:00:00,A,PC_HH,ITF3,2009,50.52,,
ESTAT:ISOC_R_IACC_H(1.0),25/06/26 23:00:00,A,PC_HH,ITF3,2010,53.20,,
ESTAT:ISOC_R_IACC_H(1.0),25/06/26 23:00:00,A,PC_HH,ITF3,2011,57.50,,
ESTAT:ISOC_R_IACC_H(1.0),25/06/26 23:00:00,A,PC_HH,ITF3,2012,56.22,,
ESTAT:ISOC_R_IACC_H(1.0),25/06/26 23:00:00,A,PC_HH,ITF3,2013,61.89,,
ESTAT:ISOC_R_IACC_H(1.0),25/06/26 23:00:00,A,PC_HH,ITF3,2014,66.34,,
ESTAT:ISOC_R_IACC_H(1.0),25/06/26 23:00:00,A,PC_HH,ITF3,2015,71.15,,
ESTAT:ISOC_R_IACC_H(1.0),25/06/26 23:00:00,A,PC_HH,ITF3,2016,71.86,,
ESTAT:ISOC_R_IACC_H(1.0),25/06/26 23:00:00,A,PC_HH,ITF3,2017,78.31,,
ESTAT:ISOC_R_IACC_H(1.0),25/06/26 23:00:00,A,PC_HH,ITF3,2018,78.25,,
ESTAT:ISOC_R_IACC_H(1.0),25/06/26 23:00:00,A,PC_HH,ITF3,2019,79.75,,
ESTAT:ISOC_R_IACC_H(1.0),25/06/26 23:00:00,A,PC_HH,ITF3,2020,84.94,,
ESTAT:ISOC_R_IACC_H(1.0),25/06/26 23:00:00,A,PC_HH,ITF3,2021,88.91,,
ESTAT:ISOC_R_IACC_H(1.0),25/06/26 23:00:00,A,PC_HH,ITF3,2022,89.27,,
ESTAT:ISOC_R_IACC_H(1.0),25/06/26 23:00:00,A,PC_HH,ITF3,2023,88.08,,
ESTAT:ISOC_R_IACC_H(1.0),25/06/26 23:00:00,A,PC_HH,ITF3,2024,90.34,,
ESTAT:ISOC_R_IACC_H(1.0),25/06/26 23:00:00,A,PC_HH,ITF3,2025,90.91,,
ESTAT:ISOC_R_IACC_H(1.0),25/06/26 23:00:00,A,PC_HH,ITF4,2006,32.29,,
ESTAT:ISOC_R_IACC_H(1.0),25/06/26 23:00:00,A,PC_HH,ITF4,2007,32.71,,
ESTAT:ISOC_R_IACC_H(1.0),25/06/26 23:00:00,A,PC_HH,ITF4,2008,35.85,,
ESTAT:ISOC_R_IACC_H(1.0),25/06/26 23:00:00,A,PC_HH,ITF4,2009,42.95,,
ESTAT:ISOC_R_IACC_H(1.0),25/06/26 23:00:00,A,PC_HH,ITF4,2010,51.07,,
ESTAT:ISOC_R_IACC_H(1.0),25/06/26 23:00:00,A,PC_HH,ITF4,2011,50.06,,
ESTAT:ISOC_R_IACC_H(1.0),25/06/26 23:00:00,A,PC_HH,ITF4,2012,56.67,,
ESTAT:ISOC_R_IACC_H(1.0),25/06/26 23:00:00,A,PC_HH,ITF4,2013,62.13,,
ESTAT:ISOC_R_IACC_H(1.0),25/06/26 23:00:00,A,PC_HH,ITF4,2014,67.85,,
ESTAT:ISOC_R_IACC_H(1.0),25/06/26 23:00:00,A,PC_HH,ITF4,2015,68.22,,
ESTAT:ISOC_R_IACC_H(1.0),25/06/26 23:00:00,A,PC_HH,ITF4,2016,71.69,,
ESTAT:ISOC_R_IACC_H(1.0),25/06/26 23:00:00,A,PC_HH,ITF4,2017,76.19,,
ESTAT:ISOC_R_IACC_H(1.0),25/06/26 23:00:00,A,PC_HH,ITF4,2018,78.44,,
ESTAT:ISOC_R_IACC_H(1.0),25/06/26 23:00:00,A,PC_HH,ITF4,2019,78.51,,
ESTAT:ISOC_R_IACC_H(1.0),25/06/26 23:00:00,A,PC_HH,ITF4,2020,81.82,,
ESTAT:ISOC_R_IACC_H(1.0),25/06/26 23:00:00,A,PC_HH,ITF4,2021,84.39,,
ESTAT:ISOC_R_IACC_H(1.0),25/06/26 23:00:00,A,PC_HH,ITF4,2022,87.84,,
ESTAT:ISOC_R_IACC_H(1.0),25/06/26 23:00:00,A,PC_HH,ITF4,2023,87.80,,
ESTAT:ISOC_R_IACC_H(1.0),25/06/26 23:00:00,A,PC_HH,ITF4,2024,89.91,,
ESTAT:ISOC_R_IACC_H(1.0),25/06/26 23:00:00,A,PC_HH,ITF4,2025,91.50,,
ESTAT:ISOC_R_IACC_H(1.0),25/06/26 23:00:00,A,PC_HH,ITF5,2006,41.05,,
ESTAT:ISOC_R_IACC_H(1.0),25/06/26 23:00:00,A,PC_HH,ITF5,2007,39.32,,
ESTAT:ISOC_R_IACC_H(1.0),25/06/26 23:00:00,A,PC_HH,ITF5,2008,45.20,,
ESTAT:ISOC_R_IACC_H(1.0),25/06/26 23:00:00,A,PC_HH,ITF5,2009,45.78,,
ESTAT:ISOC_R_IACC_H(1.0),25/06/26 23:00:00,A,PC_HH,ITF5,2010,53.07,,
ESTAT:ISOC_R_IACC_H(1.0),25/06/26 23:00:00,A,PC_HH,ITF5,2011,52.00,,
ESTAT:ISOC_R_IACC_H(1.0),25/06/26 23:00:00,A,PC_HH,ITF5,2012,51.11,,
ESTAT:ISOC_R_IACC_H(1.0),25/06/26 23:00:00,A,PC_HH,ITF5,2013,66.96,,
ESTAT:ISOC_R_IACC_H(1.0),25/06/26 23:00:00,A,PC_HH,ITF5,2014,63.72,,
ESTAT:ISOC_R_IACC_H(1.0),25/06/26 23:00:00,A,PC_HH,ITF5,2015,68.96,,
ESTAT:ISOC_R_IACC_H(1.0),25/06/26 23:00:00,A,PC_HH,ITF5,2016,71.97,,
ESTAT:ISOC_R_IACC_H(1.0),25/06/26 23:00:00,A,PC_HH,ITF5,2017,74.96,,
ESTAT:ISOC_R_IACC_H(1.0),25/06/26 23:00:00,A,PC_HH,ITF5,2018,78.60,,
ESTAT:ISOC_R_IACC_H(1.0),25/06/26 23:00:00,A,PC_HH,ITF5,2019,79.90,,
ESTAT:ISOC_R_IACC_H(1.0),25/06/26 23:00:00,A,PC_HH,ITF5,2020,80.79,,
ESTAT:ISOC_R_IACC_H(1.0),25/06/26 23:00:00,A,PC_HH,ITF5,2021,86.85,,
ESTAT:ISOC_R_IACC_H(1.0),25/06/26 23:00:00,A,PC_HH,ITF5,2022,86.43,,
ESTAT:ISOC_R_IACC_H(1.0),25/06/26 23:00:00,A,PC_HH,ITF5,2023,84.22,,
ESTAT:ISOC_R_IACC_H(1.0),25/06/26 23:00:00,A,PC_HH,ITF5,2024,89.61,,
ESTAT:ISOC_R_IACC_H(1.0),25/06/26 23:00:00,A,PC_HH,ITF5,2025,90.25,,
ESTAT:ISOC_R_IACC_H(1.0),25/06/26 23:00:00,A,PC_HH,ITF6,2006,31.30,,
ESTAT:ISOC_R_IACC_H(1.0),25/06/26 23:00:00,A,PC_HH,ITF6,2007,35.12,,
ESTAT:ISOC_R_IACC_H(1.0),25/06/26 23:00:00,A,PC_HH,ITF6,2008,37.89,,
ESTAT:ISOC_R_IACC_H(1.0),25/06/26 23:00:00,A,PC_HH,ITF6,2009,44.24,,
ESTAT:ISOC_R_IACC_H(1.0),25/06/26 23:00:00,A,PC_HH,ITF6,2010,53.42,,
ESTAT:ISOC_R_IACC_H(1.0),25/06/26 23:00:00,A,PC_HH,ITF6,2011,53.77,,
ESTAT:ISOC_R_IACC_H(1.0),25/06/26 23:00:00,A,PC_HH,ITF6,2012,54.07,,
ESTAT:ISOC_R_IACC_H(1.0),25/06/26 23:00:00,A,PC_HH,ITF6,2013,59.52,,
ESTAT:ISOC_R_IACC_H(1.0),25/06/26 23:00:00,A,PC_HH,ITF6,2014,62.58,,
ESTAT:ISOC_R_IACC_H(1.0),25/06/26 23:00:00,A,PC_HH,ITF6,2015,66.77,,
ESTAT:ISOC_R_IACC_H(1.0),25/06/26 23:00:00,A,PC_HH,ITF6,2016,68.63,,
ESTAT:ISOC_R_IACC_H(1.0),25/06/26 23:00:00,A,PC_HH,ITF6,2017,70.86,,
ESTAT:ISOC_R_IACC_H(1.0),25/06/26 23:00:00,A,PC_HH,ITF6,2018,74.74,,
ESTAT:ISOC_R_IACC_H(1.0),25/06/26 23:00:00,A,PC_HH,ITF6,2019,76.99,,
ESTAT:ISOC_R_IACC_H(1.0),25/06/26 23:00:00,A,PC_HH,ITF6,2020,77.38,,
ESTAT:ISOC_R_IACC_H(1.0),25/06/26 23:00:00,A,PC_HH,ITF6,2021,84.86,,
ESTAT:ISOC_R_IACC_H(1.0),25/06/26 23:00:00,A,PC_HH,ITF6,2022,83.22,,
ESTAT:ISOC_R_IACC_H(1.0),25/06/26 23:00:00,A,PC_HH,ITF6,2023,82.40,,
ESTAT:ISOC_R_IACC_H(1.0),25/06/26 23:00:00,A,PC_HH,ITF6,2024,84.74,,
ESTAT:ISOC_R_IACC_H(1.0),25/06/26 23:00:00,A,PC_HH,ITF6,2025,87.99,,
ESTAT:ISOC_R_IACC_H(1.0),25/06/26 23:00:00,A,PC_HH,ITG,2006,32.70,,
ESTAT:ISOC_R_IACC_H(1.0),25/06/26 23:00:00,A,PC_HH,ITG,2007,35.78,,
ESTAT:ISOC_R_IACC_H(1.0),25/06/26 23:00:00,A,PC_HH,ITG,2008,38.37,,
ESTAT:ISOC_R_IACC_H(1.0),25/06/26 23:00:00,A,PC_HH,ITG,2009,47.93,,
ESTAT:ISOC_R_IACC_H(1.0),25/06/26 23:00:00,A,PC_HH,ITG,2010,53.25,,
ESTAT:ISOC_R_IACC_H(1.0),25/06/26 23:00:00,A,PC_HH,ITG,2011,55.00,,
ESTAT:ISOC_R_IACC_H(1.0),25/06/26 23:00:00,A,PC_HH,ITG,2012,57.44,,
ESTAT:ISOC_R_IACC_H(1.0),25/06/26 23:00:00,A,PC_HH,ITG,2013,61.87,,
ESTAT:ISOC_R_IACC_H(1.0),25/06/26 23:00:00,A,PC_HH,ITG,2014,67.12,,
ESTAT:ISOC_R_IACC_H(1.0),25/06/26 23:00:00,A,PC_HH,ITG,2015,69.17,,
ESTAT:ISOC_R_IACC_H(1.0),25/06/26 23:00:00,A,PC_HH,ITG,2016,72.70,,
ESTAT:ISOC_R_IACC_H(1.0),25/06/26 23:00:00,A,PC_HH,ITG,2017,76.36,,
ESTAT:ISOC_R_IACC_H(1.0),25/06/26 23:00:00,A,PC_HH,ITG,2018,78.71,,
ESTAT:ISOC_R_IACC_H(1.0),25/06/26 23:00:00,A,PC_HH,ITG,2019,79.94,,
ESTAT:ISOC_R_IACC_H(1.0),25/06/26 23:00:00,A,PC_HH,ITG,2020,81.64,,
ESTAT:ISOC_R_IACC_H(1.0),25/06/26 23:00:00,A,PC_HH,ITG,2021,86.58,,
ESTAT:ISOC_R_IACC_H(1.0),25/06/26 23:00:00,A,PC_HH,ITG,2022,88.81,,
ESTAT:ISOC_R_IACC_H(1.0),25/06/26 23:00:00,A,PC_HH,ITG,2023,89.31,,
ESTAT:ISOC_R_IACC_H(1.0),25/06/26 23:00:00,A,PC_HH,ITG,2024,91.05,,
ESTAT:ISOC_R_IACC_H(1.0),25/06/26 23:00:00,A,PC_HH,ITG,2025,91.78,,
ESTAT:ISOC_R_IACC_H(1.0),25/06/26 23:00:00,A,PC_HH,ITG1,2006,29.98,,
ESTAT:ISOC_R_IACC_H(1.0),25/06/26 23:00:00,A,PC_HH,ITG1,2007,32.28,,
ESTAT:ISOC_R_IACC_H(1.0),25/06/26 23:00:00,A,PC_HH,ITG1,2008,35.19,,
ESTAT:ISOC_R_IACC_H(1.0),25/06/26 23:00:00,A,PC_HH,ITG1,2009,45.52,,
ESTAT:ISOC_R_IACC_H(1.0),25/06/26 23:00:00,A,PC_HH,ITG1,2010,49.83,,
ESTAT:ISOC_R_IACC_H(1.0),25/06/26 23:00:00,A,PC_HH,ITG1,2011,52.38,,
ESTAT:ISOC_R_IACC_H(1.0),25/06/26 23:00:00,A,PC_HH,ITG1,2012,55.25,,
ESTAT:ISOC_R_IACC_H(1.0),25/06/26 23:00:00,A,PC_HH,ITG1,2013,58.89,,
ESTAT:ISOC_R_IACC_H(1.0),25/06/26 23:00:00,A,PC_HH,ITG1,2014,63.79,,
ESTAT:ISOC_R_IACC_H(1.0),25/06/26 23:00:00,A,PC_HH,ITG1,2015,67.16,,
ESTAT:ISOC_R_IACC_H(1.0),25/06/26 23:00:00,A,PC_HH,ITG1,2016,69.92,,
ESTAT:ISOC_R_IACC_H(1.0),25/06/26 23:00:00,A,PC_HH,ITG1,2017,75.19,,
ESTAT:ISOC_R_IACC_H(1.0),25/06/26 23:00:00,A,PC_HH,ITG1,2018,75.78,,
ESTAT:ISOC_R_IACC_H(1.0),25/06/26 23:00:00,A,PC_HH,ITG1,2019,77.97,,
ESTAT:ISOC_R_IACC_H(1.0),25/06/26 23:00:00,A,PC_HH,ITG1,2020,79.87,,
ESTAT:ISOC_R_IACC_H(1.0),25/06/26 23:00:00,A,PC_HH,ITG1,2021,84.79,,
ESTAT:ISOC_R_IACC_H(1.0),25/06/26 23:00:00,A,PC_HH,ITG1,2022,88.55,,
ESTAT:ISOC_R_IACC_H(1.0),25/06/26 23:00:00,A,PC_HH,ITG1,2023,88.14,,
ESTAT:ISOC_R_IACC_H(1.0),25/06/26 23:00:00,A,PC_HH,ITG1,2024,90.24,,
ESTAT:ISOC_R_IACC_H(1.0),25/06/26 23:00:00,A,PC_HH,ITG1,2025,90.88,,
ESTAT:ISOC_R_IACC_H(1.0),25/06/26 23:00:00,A,PC_HH,ITG2,2006,40.97,,
ESTAT:ISOC_R_IACC_H(1.0),25/06/26 23:00:00,A,PC_HH,ITG2,2007,46.15,,
ESTAT:ISOC_R_IACC_H(1.0),25/06/26 23:00:00,A,PC_HH,ITG2,2008,47.46,,
ESTAT:ISOC_R_IACC_H(1.0),25/06/26 23:00:00,A,PC_HH,ITG2,2009,54.79,,
ESTAT:ISOC_R_IACC_H(1.0),25/06/26 23:00:00,A,PC_HH,ITG2,2010,63.37,,
ESTAT:ISOC_R_IACC_H(1.0),25/06/26 23:00:00,A,PC_HH,ITG2,2011,62.44,,
ESTAT:ISOC_R_IACC_H(1.0),25/06/26 23:00:00,A,PC_HH,ITG2,2012,63.65,,
ESTAT:ISOC_R_IACC_H(1.0),25/06/26 23:00:00,A,PC_HH,ITG2,2013,70.28,,
ESTAT:ISOC_R_IACC_H(1.0),25/06/26 23:00:00,A,PC_HH,ITG2,2014,76.20,,
ESTAT:ISOC_R_IACC_H(1.0),25/06/26 23:00:00,A,PC_HH,ITG2,2015,74.79,,
ESTAT:ISOC_R_IACC_H(1.0),25/06/26 23:00:00,A,PC_HH,ITG2,2016,80.46,,
ESTAT:ISOC_R_IACC_H(1.0),25/06/26 23:00:00,A,PC_HH,ITG2,2017,79.64,,
ESTAT:ISOC_R_IACC_H(1.0),25/06/26 23:00:00,A,PC_HH,ITG2,2018,86.80,,
ESTAT:ISOC_R_IACC_H(1.0),25/06/26 23:00:00,A,PC_HH,ITG2,2019,85.40,,
ESTAT:ISOC_R_IACC_H(1.0),25/06/26 23:00:00,A,PC_HH,ITG2,2020,86.45,,
ESTAT:ISOC_R_IACC_H(1.0),25/06/26 23:00:00,A,PC_HH,ITG2,2021,91.56,,
ESTAT:ISOC_R_IACC_H(1.0),25/06/26 23:00:00,A,PC_HH,ITG2,2022,89.51,,
ESTAT:ISOC_R_IACC_H(1.0),25/06/26 23:00:00,A,PC_HH,ITG2,2023,92.60,,
ESTAT:ISOC_R_IACC_H(1.0),25/06/26 23:00:00,A,PC_HH,ITG2,2024,93.27,,
ESTAT:ISOC_R_IACC_H(1.0),25/06/26 23:00:00,A,PC_HH,ITG2,2025,94.30,,
ESTAT:ISOC_R_IACC_H(1.0),25/06/26 23:00:00,A,PC_HH,ITH,2006,42.99,,
ESTAT:ISOC_R_IACC_H(1.0),25/06/26 23:00:00,A,PC_HH,ITH,2007,46.55,,
ESTAT:ISOC_R_IACC_H(1.0),25/06/26 23:00:00,A,PC_HH,ITH,2008,50.97,,
ESTAT:ISOC_R_IACC_H(1.0),25/06/26 23:00:00,A,PC_HH,ITH,2009,56.73,,
ESTAT:ISOC_R_IACC_H(1.0),25/06/26 23:00:00,A,PC_HH,ITH,2010,61.12,,
ESTAT:ISOC_R_IACC_H(1.0),25/06/26 23:00:00,A,PC_HH,ITH,2011,64.02,,
ESTAT:ISOC_R_IACC_H(1.0),25/06/26 23:00:00,A,PC_HH,ITH,2012,65.94,,
ESTAT:ISOC_R_IACC_H(1.0),25/06/26 23:00:00,A,PC_HH,ITH,2013,74.41,,
ESTAT:ISOC_R_IACC_H(1.0),25/06/26 23:00:00,A,PC_HH,ITH,2014,77.12,,
ESTAT:ISOC_R_IACC_H(1.0),25/06/26 23:00:00,A,PC_HH,ITH,2015,79.41,,
ESTAT:ISOC_R_IACC_H(1.0),25/06/26 23:00:00,A,PC_HH,ITH,2016,81.50,,
ESTAT:ISOC_R_IACC_H(1.0),25/06/26 23:00:00,A,PC_HH,ITH,2017,82.90,,
ESTAT:ISOC_R_IACC_H(1.0),25/06/26 23:00:00,A,PC_HH,ITH,2018,87.90,,
ESTAT:ISOC_R_IACC_H(1.0),25/06/26 23:00:00,A,PC_HH,ITH,2019,89.51,,
ESTAT:ISOC_R_IACC_H(1.0),25/06/26 23:00:00,A,PC_HH,ITH,2020,92.01,,
ESTAT:ISOC_R_IACC_H(1.0),25/06/26 23:00:00,A,PC_HH,ITH,2021,92.51,,
ESTAT:ISOC_R_IACC_H(1.0),25/06/26 23:00:00,A,PC_HH,ITH,2022,92.99,,
ESTAT:ISOC_R_IACC_H(1.0),25/06/26 23:00:00,A,PC_HH,ITH,2023,94.21,,
ESTAT:ISOC_R_IACC_H(1.0),25/06/26 23:00:00,A,PC_HH,ITH,2024,95.87,,
ESTAT:ISOC_R_IACC_H(1.0),25/06/26 23:00:00,A,PC_HH,ITH,2025,95.42,,
ESTAT:ISOC_R_IACC_H(1.0),25/06/26 23:00:00,A,PC_HH,ITH1,2006,42.43,,
ESTAT:ISOC_R_IACC_H(1.0),25/06/26 23:00:00,A,PC_HH,ITH1,2007,48.84,,
ESTAT:ISOC_R_IACC_H(1.0),25/06/26 23:00:00,A,PC_HH,ITH1,2008,55.34,,
ESTAT:ISOC_R_IACC_H(1.0),25/06/26 23:00:00,A,PC_HH,ITH1,2009,58.79,,
ESTAT:ISOC_R_IACC_H(1.0),25/06/26 23:00:00,A,PC_HH,ITH1,2010,59.82,,
ESTAT:ISOC_R_IACC_H(1.0),25/06/26 23:00:00,A,PC_HH,ITH1,2011,67.09,,
ESTAT:ISOC_R_IACC_H(1.0),25/06/26 23:00:00,A,PC_HH,ITH1,2012,70.29,,
ESTAT:ISOC_R_IACC_H(1.0),25/06/26 23:00:00,A,PC_HH,ITH1,2013,75.72,,
ESTAT:ISOC_R_IACC_H(1.0),25/06/26 23:00:00,A,PC_HH,ITH1,2014,79.61,,
ESTAT:ISOC_R_IACC_H(1.0),25/06/26 23:00:00,A,PC_HH,ITH1,2015,81.04,,
ESTAT:ISOC_R_IACC_H(1.0),25/06/26 23:00:00,A,PC_HH,ITH1,2016,79.17,,
ESTAT:ISOC_R_IACC_H(1.0),25/06/26 23:00:00,A,PC_HH,ITH1,2017,82.32,,
ESTAT:ISOC_R_IACC_H(1.0),25/06/26 23:00:00,A,PC_HH,ITH1,2018,87.40,,
ESTAT:ISOC_R_IACC_H(1.0),25/06/26 23:00:00,A,PC_HH,ITH1,2019,88.07,,
ESTAT:ISOC_R_IACC_H(1.0),25/06/26 23:00:00,A,PC_HH,ITH1,2020,92.24,,
ESTAT:ISOC_R_IACC_H(1.0),25/06/26 23:00:00,A,PC_HH,ITH1,2021,90.57,,
ESTAT:ISOC_R_IACC_H(1.0),25/06/26 23:00:00,A,PC_HH,ITH1,2022,92.98,,
ESTAT:ISOC_R_IACC_H(1.0),25/06/26 23:00:00,A,PC_HH,ITH1,2023,93.34,,
ESTAT:ISOC_R_IACC_H(1.0),25/06/26 23:00:00,A,PC_HH,ITH1,2024,95.89,,
ESTAT:ISOC_R_IACC_H(1.0),25/06/26 23:00:00,A,PC_HH,ITH1,2025,93.40,,
ESTAT:ISOC_R_IACC_H(1.0),25/06/26 23:00:00,A,PC_HH,ITH2,2006,44.04,,
ESTAT:ISOC_R_IACC_H(1.0),25/06/26 23:00:00,A,PC_HH,ITH2,2007,51.89,,
ESTAT:ISOC_R_IACC_H(1.0),25/06/26 23:00:00,A,PC_HH,ITH2,2008,49.03,,
ESTAT:ISOC_R_IACC_H(1.0),25/06/26 23:00:00,A,PC_HH,ITH2,2009,54.60,,
ESTAT:ISOC_R_IACC_H(1.0),25/06/26 23:00:00,A,PC_HH,ITH2,2010,62.87,,
ESTAT:ISOC_R_IACC_H(1.0),25/06/26 23:00:00,A,PC_HH,ITH2,2011,67.35,,
ESTAT:ISOC_R_IACC_H(1.0),25/06/26 23:00:00,A,PC_HH,ITH2,2012,68.24,,
ESTAT:ISOC_R_IACC_H(1.0),25/06/26 23:00:00,A,PC_HH,ITH2,2013,71.43,,
ESTAT:ISOC_R_IACC_H(1.0),25/06/26 23:00:00,A,PC_HH,ITH2,2014,77.00,,
ESTAT:ISOC_R_IACC_H(1.0),25/06/26 23:00:00,A,PC_HH,ITH2,2015,81.04,,
ESTAT:ISOC_R_IACC_H(1.0),25/06/26 23:00:00,A,PC_HH,ITH2,2016,81.66,,
ESTAT:ISOC_R_IACC_H(1.0),25/06/26 23:00:00,A,PC_HH,ITH2,2017,83.08,,
ESTAT:ISOC_R_IACC_H(1.0),25/06/26 23:00:00,A,PC_HH,ITH2,2018,88.94,,
ESTAT:ISOC_R_IACC_H(1.0),25/06/26 23:00:00,A,PC_HH,ITH2,2019,92.16,,
ESTAT:ISOC_R_IACC_H(1.0),25/06/26 23:00:00,A,PC_HH,ITH2,2020,93.42,,
ESTAT:ISOC_R_IACC_H(1.0),25/06/26 23:00:00,A,PC_HH,ITH2,2021,93.22,,
ESTAT:ISOC_R_IACC_H(1.0),25/06/26 23:00:00,A,PC_HH,ITH2,2022,97.16,,
ESTAT:ISOC_R_IACC_H(1.0),25/06/26 23:00:00,A,PC_HH,ITH2,2023,95.61,,
ESTAT:ISOC_R_IACC_H(1.0),25/06/26 23:00:00,A,PC_HH,ITH2,2024,95.34,,
ESTAT:ISOC_R_IACC_H(1.0),25/06/26 23:00:00,A,PC_HH,ITH2,2025,97.05,,
ESTAT:ISOC_R_IACC_H(1.0),25/06/26 23:00:00,A,PC_HH,ITH3,2006,43.05,,
ESTAT:ISOC_R_IACC_H(1.0),25/06/26 23:00:00,A,PC_HH,ITH3,2007,47.60,,
ESTAT:ISOC_R_IACC_H(1.0),25/06/26 23:00:00,A,PC_HH,ITH3,2008,48.39,,
ESTAT:ISOC_R_IACC_H(1.0),25/06/26 23:00:00,A,PC_HH,ITH3,2009,56.62,,
ESTAT:ISOC_R_IACC_H(1.0),25/06/26 23:00:00,A,PC_HH,ITH3,2010,61.09,,
ESTAT:ISOC_R_IACC_H(1.0),25/06/26 23:00:00,A,PC_HH,ITH3,2011,63.44,,
ESTAT:ISOC_R_IACC_H(1.0),25/06/26 23:00:00,A,PC_HH,ITH3,2012,64.70,,
ESTAT:ISOC_R_IACC_H(1.0),25/06/26 23:00:00,A,PC_HH,ITH3,2013,74.72,,
ESTAT:ISOC_R_IACC_H(1.0),25/06/26 23:00:00,A,PC_HH,ITH3,2014,75.04,,
ESTAT:ISOC_R_IACC_H(1.0),25/06/26 23:00:00,A,PC_HH,ITH3,2015,78.84,,
ESTAT:ISOC_R_IACC_H(1.0),25/06/26 23:00:00,A,PC_HH,ITH3,2016,81.57,,
ESTAT:ISOC_R_IACC_H(1.0),25/06/26 23:00:00,A,PC_HH,ITH3,2017,82.08,,
ESTAT:ISOC_R_IACC_H(1.0),25/06/26 23:00:00,A,PC_HH,ITH3,2018,86.77,,
ESTAT:ISOC_R_IACC_H(1.0),25/06/26 23:00:00,A,PC_HH,ITH3,2019,88.89,,
ESTAT:ISOC_R_IACC_H(1.0),25/06/26 23:00:00,A,PC_HH,ITH3,2020,91.45,,
ESTAT:ISOC_R_IACC_H(1.0),25/06/26 23:00:00,A,PC_HH,ITH3,2021,91.53,,
ESTAT:ISOC_R_IACC_H(1.0),25/06/26 23:00:00,A,PC_HH,ITH3,2022,93.19,,
ESTAT:ISOC_R_IACC_H(1.0),25/06/26 23:00:00,A,PC_HH,ITH3,2023,94.77,,
ESTAT:ISOC_R_IACC_H(1.0),25/06/26 23:00:00,A,PC_HH,ITH3,2024,95.82,,
ESTAT:ISOC_R_IACC_H(1.0),25/06/26 23:00:00,A,PC_HH,ITH3,2025,94.45,,
ESTAT:ISOC_R_IACC_H(1.0),25/06/26 23:00:00,A,PC_HH,ITH4,2006,41.31,,
ESTAT:ISOC_R_IACC_H(1.0),25/06/26 23:00:00,A,PC_HH,ITH4,2007,43.78,,
ESTAT:ISOC_R_IACC_H(1.0),25/06/26 23:00:00,A,PC_HH,ITH4,2008,52.31,,
ESTAT:ISOC_R_IACC_H(1.0),25/06/26 23:00:00,A,PC_HH,ITH4,2009,55.92,,
ESTAT:ISOC_R_IACC_H(1.0),25/06/26 23:00:00,A,PC_HH,ITH4,2010,62.00,,
ESTAT:ISOC_R_IACC_H(1.0),25/06/26 23:00:00,A,PC_HH,ITH4,2011,63.15,,
ESTAT:ISOC_R_IACC_H(1.0),25/06/26 23:00:00,A,PC_HH,ITH4,2012,65.04,,
ESTAT:ISOC_R_IACC_H(1.0),25/06/26 23:00:00,A,PC_HH,ITH4,2013,71.61,,
ESTAT:ISOC_R_IACC_H(1.0),25/06/26 23:00:00,A,PC_HH,ITH4,2014,77.77,,
ESTAT:ISOC_R_IACC_H(1.0),25/06/26 23:00:00,A,PC_HH,ITH4,2015,79.95,,
ESTAT:ISOC_R_IACC_H(1.0),25/06/26 23:00:00,A,PC_HH,ITH4,2016,80.72,,
ESTAT:ISOC_R_IACC_H(1.0),25/06/26 23:00:00,A,PC_HH,ITH4,2017,81.90,,
ESTAT:ISOC_R_IACC_H(1.0),25/06/26 23:00:00,A,PC_HH,ITH4,2018,84.76,,
ESTAT:ISOC_R_IACC_H(1.0),25/06/26 23:00:00,A,PC_HH,ITH4,2019,88.33,,
ESTAT:ISOC_R_IACC_H(1.0),25/06/26 23:00:00,A,PC_HH,ITH4,2020,93.23,,
ESTAT:ISOC_R_IACC_H(1.0),25/06/26 23:00:00,A,PC_HH,ITH4,2021,91.98,,
ESTAT:ISOC_R_IACC_H(1.0),25/06/26 23:00:00,A,PC_HH,ITH4,2022,92.66,,
ESTAT:ISOC_R_IACC_H(1.0),25/06/26 23:00:00,A,PC_HH,ITH4,2023,92.33,,
ESTAT:ISOC_R_IACC_H(1.0),25/06/26 23:00:00,A,PC_HH,ITH4,2024,95.66,,
ESTAT:ISOC_R_IACC_H(1.0),25/06/26 23:00:00,A,PC_HH,ITH4,2025,96.30,,
ESTAT:ISOC_R_IACC_H(1.0),25/06/26 23:00:00,A,PC_HH,ITH5,2012,66.75,,
ESTAT:ISOC_R_IACC_H(1.0),25/06/26 23:00:00,A,PC_HH,ITH5,2013,75.08,,
ESTAT:ISOC_R_IACC_H(1.0),25/06/26 23:00:00,A,PC_HH,ITH5,2014,78.88,,
ESTAT:ISOC_R_IACC_H(1.0),25/06/26 23:00:00,A,PC_HH,ITH5,2015,79.45,,
ESTAT:ISOC_R_IACC_H(1.0),25/06/26 23:00:00,A,PC_HH,ITH5,2016,81.91,,
ESTAT:ISOC_R_IACC_H(1.0),25/06/26 23:00:00,A,PC_HH,ITH5,2017,84.08,,
ESTAT:ISOC_R_IACC_H(1.0),25/06/26 23:00:00,A,PC_HH,ITH5,2018,89.87,,
ESTAT:ISOC_R_IACC_H(1.0),25/06/26 23:00:00,A,PC_HH,ITH5,2019,90.32,,
ESTAT:ISOC_R_IACC_H(1.0),25/06/26 23:00:00,A,PC_HH,ITH5,2020,92.07,,
ESTAT:ISOC_R_IACC_H(1.0),25/06/26 23:00:00,A,PC_HH,ITH5,2021,93.83,,
ESTAT:ISOC_R_IACC_H(1.0),25/06/26 23:00:00,A,PC_HH,ITH5,2022,92.37,,
ESTAT:ISOC_R_IACC_H(1.0),25/06/26 23:00:00,A,PC_HH,ITH5,2023,94.05,,
ESTAT:ISOC_R_IACC_H(1.0),25/06/26 23:00:00,A,PC_HH,ITH5,2024,96.03,,
ESTAT:ISOC_R_IACC_H(1.0),25/06/26 23:00:00,A,PC_HH,ITH5,2025,96.24,,
ESTAT:ISOC_R_IACC_H(1.0),25/06/26 23:00:00,A,PC_HH,ITI,2006,44.27,,
ESTAT:ISOC_R_IACC_H(1.0),25/06/26 23:00:00,A,PC_HH,ITI,2007,46.98,,
ESTAT:ISOC_R_IACC_H(1.0),25/06/26 23:00:00,A,PC_HH,ITI,2008,50.51,,
ESTAT:ISOC_R_IACC_H(1.0),25/06/26 23:00:00,A,PC_HH,ITI,2009,57.57,,
ESTAT:ISOC_R_IACC_H(1.0),25/06/26 23:00:00,A,PC_HH,ITI,2010,62.92,,
ESTAT:ISOC_R_IACC_H(1.0),25/06/26 23:00:00,A,PC_HH,ITI,2011,65.74,,
ESTAT:ISOC_R_IACC_H(1.0),25/06/26 23:00:00,A,PC_HH,ITI,2012,65.76,,
ESTAT:ISOC_R_IACC_H(1.0),25/06/26 23:00:00,A,PC_HH,ITI,2013,72.70,,
ESTAT:ISOC_R_IACC_H(1.0),25/06/26 23:00:00,A,PC_HH,ITI,2014,74.47,,
ESTAT:ISOC_R_IACC_H(1.0),25/06/26 23:00:00,A,PC_HH,ITI,2015,78.00,,
ESTAT:ISOC_R_IACC_H(1.0),25/06/26 23:00:00,A,PC_HH,ITI,2016,80.85,,
ESTAT:ISOC_R_IACC_H(1.0),25/06/26 23:00:00,A,PC_HH,ITI,2017,82.45,,
ESTAT:ISOC_R_IACC_H(1.0),25/06/26 23:00:00,A,PC_HH,ITI,2018,86.76,,
ESTAT:ISOC_R_IACC_H(1.0),25/06/26 23:00:00,A,PC_HH,ITI,2019,87.31,,
ESTAT:ISOC_R_IACC_H(1.0),25/06/26 23:00:00,A,PC_HH,ITI,2020,91.47,,
ESTAT:ISOC_R_IACC_H(1.0),25/06/26 23:00:00,A,PC_HH,ITI,2021,92.10,,
ESTAT:ISOC_R_IACC_H(1.0),25/06/26 23:00:00,A,PC_HH,ITI,2022,92.24,,
ESTAT:ISOC_R_IACC_H(1.0),25/06/26 23:00:00,A,PC_HH,ITI,2023,93.26,,
ESTAT:ISOC_R_IACC_H(1.0),25/06/26 23:00:00,A,PC_HH,ITI,2024,94.77,,
ESTAT:ISOC_R_IACC_H(1.0),25/06/26 23:00:00,A,PC_HH,ITI,2025,95.97,,
ESTAT:ISOC_R_IACC_H(1.0),25/06/26 23:00:00,A,PC_HH,ITI1,2006,45.13,,
ESTAT:ISOC_R_IACC_H(1.0),25/06/26 23:00:00,A,PC_HH,ITI1,2007,47.17,,
ESTAT:ISOC_R_IACC_H(1.0),25/06/26 23:00:00,A,PC_HH,ITI1,2008,46.61,,
ESTAT:ISOC_R_IACC_H(1.0),25/06/26 23:00:00,A,PC_HH,ITI1,2009,56.55,,
ESTAT:ISOC_R_IACC_H(1.0),25/06/26 23:00:00,A,PC_HH,ITI1,2010,61.62,,
ESTAT:ISOC_R_IACC_H(1.0),25/06/26 23:00:00,A,PC_HH,ITI1,2011,66.30,,
ESTAT:ISOC_R_IACC_H(1.0),25/06/26 23:00:00,A,PC_HH,ITI1,2012,63.85,,
ESTAT:ISOC_R_IACC_H(1.0),25/06/26 23:00:00,A,PC_HH,ITI1,2013,72.65,,
ESTAT:ISOC_R_IACC_H(1.0),25/06/26 23:00:00,A,PC_HH,ITI1,2014,75.56,,
ESTAT:ISOC_R_IACC_H(1.0),25/06/26 23:00:00,A,PC_HH,ITI1,2015,76.03,,
ESTAT:ISOC_R_IACC_H(1.0),25/06/26 23:00:00,A,PC_HH,ITI1,2016,81.63,,
ESTAT:ISOC_R_IACC_H(1.0),25/06/26 23:00:00,A,PC_HH,ITI1,2017,82.54,,
ESTAT:ISOC_R_IACC_H(1.0),25/06/26 23:00:00,A,PC_HH,ITI1,2018,87.11,,
ESTAT:ISOC_R_IACC_H(1.0),25/06/26 23:00:00,A,PC_HH,ITI1,2019,86.52,,
ESTAT:ISOC_R_IACC_H(1.0),25/06/26 23:00:00,A,PC_HH,ITI1,2020,91.80,,
ESTAT:ISOC_R_IACC_H(1.0),25/06/26 23:00:00,A,PC_HH,ITI1,2021,91.96,,
ESTAT:ISOC_R_IACC_H(1.0),25/06/26 23:00:00,A,PC_HH,ITI1,2022,93.42,,
ESTAT:ISOC_R_IACC_H(1.0),25/06/26 23:00:00,A,PC_HH,ITI1,2023,93.76,,
ESTAT:ISOC_R_IACC_H(1.0),25/06/26 23:00:00,A,PC_HH,ITI1,2024,95.70,,
ESTAT:ISOC_R_IACC_H(1.0),25/06/26 23:00:00,A,PC_HH,ITI1,2025,96.58,,
ESTAT:ISOC_R_IACC_H(1.0),25/06/26 23:00:00,A,PC_HH,ITI2,2006,42.71,,
ESTAT:ISOC_R_IACC_H(1.0),25/06/26 23:00:00,A,PC_HH,ITI2,2007,45.89,,
ESTAT:ISOC_R_IACC_H(1.0),25/06/26 23:00:00,A,PC_HH,ITI2,2008,50.18,,
ESTAT:ISOC_R_IACC_H(1.0),25/06/26 23:00:00,A,PC_HH,ITI2,2009,55.44,,
ESTAT:ISOC_R_IACC_H(1.0),25/06/26 23:00:00,A,PC_HH,ITI2,2010,59.91,,
ESTAT:ISOC_R_IACC_H(1.0),25/06/26 23:00:00,A,PC_HH,ITI2,2011,61.38,,
ESTAT:ISOC_R_IACC_H(1.0),25/06/26 23:00:00,A,PC_HH,ITI2,2012,63.17,,
ESTAT:ISOC_R_IACC_H(1.0),25/06/26 23:00:00,A,PC_HH,ITI2,2013,73.06,,
ESTAT:ISOC_R_IACC_H(1.0),25/06/26 23:00:00,A,PC_HH,ITI2,2014,71.96,,
ESTAT:ISOC_R_IACC_H(1.0),25/06/26 23:00:00,A,PC_HH,ITI2,2015,78.42,,
ESTAT:ISOC_R_IACC_H(1.0),25/06/26 23:00:00,A,PC_HH,ITI2,2016,79.40,,
ESTAT:ISOC_R_IACC_H(1.0),25/06/26 23:00:00,A,PC_HH,ITI2,2017,80.05,,
ESTAT:ISOC_R_IACC_H(1.0),25/06/26 23:00:00,A,PC_HH,ITI2,2018,84.55,,
ESTAT:ISOC_R_IACC_H(1.0),25/06/26 23:00:00,A,PC_HH,ITI2,2019,86.26,,
ESTAT:ISOC_R_IACC_H(1.0),25/06/26 23:00:00,A,PC_HH,ITI2,2020,87.04,,
ESTAT:ISOC_R_IACC_H(1.0),25/06/26 23:00:00,A,PC_HH,ITI2,2021,91.23,,
ESTAT:ISOC_R_IACC_H(1.0),25/06/26 23:00:00,A,PC_HH,ITI2,2022,91.94,,
ESTAT:ISOC_R_IACC_H(1.0),25/06/26 23:00:00,A,PC_HH,ITI2,2023,92.14,,
ESTAT:ISOC_R_IACC_H(1.0),25/06/26 23:00:00,A,PC_HH,ITI2,2024,92.88,,
ESTAT:ISOC_R_IACC_H(1.0),25/06/26 23:00:00,A,PC_HH,ITI2,2025,93.20,,
ESTAT:ISOC_R_IACC_H(1.0),25/06/26 23:00:00,A,PC_HH,ITI3,2012,66.94,,
ESTAT:ISOC_R_IACC_H(1.0),25/06/26 23:00:00,A,PC_HH,ITI3,2013,73.32,,
ESTAT:ISOC_R_IACC_H(1.0),25/06/26 23:00:00,A,PC_HH,ITI3,2014,74.51,,
ESTAT:ISOC_R_IACC_H(1.0),25/06/26 23:00:00,A,PC_HH,ITI3,2015,79.21,,
ESTAT:ISOC_R_IACC_H(1.0),25/06/26 23:00:00,A,PC_HH,ITI3,2016,79.57,,
ESTAT:ISOC_R_IACC_H(1.0),25/06/26 23:00:00,A,PC_HH,ITI3,2017,84.98,,
ESTAT:ISOC_R_IACC_H(1.0),25/06/26 23:00:00,A,PC_HH,ITI3,2018,88.23,,
ESTAT:ISOC_R_IACC_H(1.0),25/06/26 23:00:00,A,PC_HH,ITI3,2019,87.02,,
ESTAT:ISOC_R_IACC_H(1.0),25/06/26 23:00:00,A,PC_HH,ITI3,2020,90.64,,
ESTAT:ISOC_R_IACC_H(1.0),25/06/26 23:00:00,A,PC_HH,ITI3,2021,89.06,,
ESTAT:ISOC_R_IACC_H(1.0),25/06/26 23:00:00,A,PC_HH,ITI3,2022,92.83,,
ESTAT:ISOC_R_IACC_H(1.0),25/06/26 23:00:00,A,PC_HH,ITI3,2023,93.49,,
ESTAT:ISOC_R_IACC_H(1.0),25/06/26 23:00:00,A,PC_HH,ITI3,2024,93.84,,
ESTAT:ISOC_R_IACC_H(1.0),25/06/26 23:00:00,A,PC_HH,ITI3,2025,94.56,,
ESTAT:ISOC_R_IACC_H(1.0),25/06/26 23:00:00,A,PC_HH,ITI4,2006,44.21,,
ESTAT:ISOC_R_IACC_H(1.0),25/06/26 23:00:00,A,PC_HH,ITI4,2007,47.20,,
ESTAT:ISOC_R_IACC_H(1.0),25/06/26 23:00:00,A,PC_HH,ITI4,2008,53.67,,
ESTAT:ISOC_R_IACC_H(1.0),25/06/26 23:00:00,A,PC_HH,ITI4,2009,58.08,,
ESTAT:ISOC_R_IACC_H(1.0),25/06/26 23:00:00,A,PC_HH,ITI4,2010,64.91,,
ESTAT:ISOC_R_IACC_H(1.0),25/06/26 23:00:00,A,PC_HH,ITI4,2011,65.84,,
ESTAT:ISOC_R_IACC_H(1.0),25/06/26 23:00:00,A,PC_HH,ITI4,2012,67.06,,
ESTAT:ISOC_R_IACC_H(1.0),25/06/26 23:00:00,A,PC_HH,ITI4,2013,72.52,,
ESTAT:ISOC_R_IACC_H(1.0),25/06/26 23:00:00,A,PC_HH,ITI4,2014,74.14,,
ESTAT:ISOC_R_IACC_H(1.0),25/06/26 23:00:00,A,PC_HH,ITI4,2015,78.86,,
ESTAT:ISOC_R_IACC_H(1.0),25/06/26 23:00:00,A,PC_HH,ITI4,2016,80.89,,
ESTAT:ISOC_R_IACC_H(1.0),25/06/26 23:00:00,A,PC_HH,ITI4,2017,82.14,,
ESTAT:ISOC_R_IACC_H(1.0),25/06/26 23:00:00,A,PC_HH,ITI4,2018,86.51,,
ESTAT:ISOC_R_IACC_H(1.0),25/06/26 23:00:00,A,PC_HH,ITI4,2019,88.01,,
ESTAT:ISOC_R_IACC_H(1.0),25/06/26 23:00:00,A,PC_HH,ITI4,2020,92.09,,
ESTAT:ISOC_R_IACC_H(1.0),25/06/26 23:00:00,A,PC_HH,ITI4,2021,93.06,,
ESTAT:ISOC_R_IACC_H(1.0),25/06/26 23:00:00,A,PC_HH,ITI4,2022,91.40,,
ESTAT:ISOC_R_IACC_H(1.0),25/06/26 23:00:00,A,PC_HH,ITI4,2023,93.04,,
ESTAT:ISOC_R_IACC_H(1.0),25/06/26 23:00:00,A,PC_HH,ITI4,2024,94.69,,
ESTAT:ISOC_R_IACC_H(1.0),25/06/26 23:00:00,A,PC_HH,ITI4,2025,96.32,,
ESTAT:ISOC_R_IACC_H(1.0),25/06/26 23:00:00,A,PC_HH,LT,2006,34.51,,
ESTAT:ISOC_R_IACC_H(1.0),25/06/26 23:00:00,A,PC_HH,LT,2007,44.36,,
ESTAT:ISOC_R_IACC_H(1.0),25/06/26 23:00:00,A,PC_HH,LT,2008,50.94,,
ESTAT:ISOC_R_IACC_H(1.0),25/06/26 23:00:00,A,PC_HH,LT,2009,60.00,,
ESTAT:ISOC_R_IACC_H(1.0),25/06/26 23:00:00,A,PC_HH,LT,2010,60.58,,
ESTAT:ISOC_R_IACC_H(1.0),25/06/26 23:00:00,A,PC_HH,LT,2011,60.14,,
ESTAT:ISOC_R_IACC_H(1.0),25/06/26 23:00:00,A,PC_HH,LT,2012,60.12,,
ESTAT:ISOC_R_IACC_H(1.0),25/06/26 23:00:00,A,PC_HH,LT,2013,64.73,,
ESTAT:ISOC_R_IACC_H(1.0),25/06/26 23:00:00,A,PC_HH,LT,2014,65.97,,
ESTAT:ISOC_R_IACC_H(1.0),25/06/26 23:00:00,A,PC_HH,LT,2015,68.26,,
ESTAT:ISOC_R_IACC_H(1.0),25/06/26 23:00:00,A,PC_HH,LT,2016,71.75,,
ESTAT:ISOC_R_IACC_H(1.0),25/06/26 23:00:00,A,PC_HH,LT,2017,74.97,,
ESTAT:ISOC_R_IACC_H(1.0),25/06/26 23:00:00,A,PC_HH,LT,2018,78.38,,
ESTAT:ISOC_R_IACC_H(1.0),25/06/26 23:00:00,A,PC_HH,LT,2019,81.52,,
ESTAT:ISOC_R_IACC_H(1.0),25/06/26 23:00:00,A,PC_HH,LT,2020,82.13,,
ESTAT:ISOC_R_IACC_H(1.0),25/06/26 23:00:00,A,PC_HH,LT,2021,86.55,,
ESTAT:ISOC_R_IACC_H(1.0),25/06/26 23:00:00,A,PC_HH,LT,2022,87.71,,
ESTAT:ISOC_R_IACC_H(1.0),25/06/26 23:00:00,A,PC_HH,LT,2023,88.59,,
ESTAT:ISOC_R_IACC_H(1.0),25/06/26 23:00:00,A,PC_HH,LT,2024,90.38,,
ESTAT:ISOC_R_IACC_H(1.0),25/06/26 23:00:00,A,PC_HH,LT,2025,89.35,,
ESTAT:ISOC_R_IACC_H(1.0),25/06/26 23:00:00,A,PC_HH,LT0,2009,60.00,,
ESTAT:ISOC_R_IACC_H(1.0),25/06/26 23:00:00,A,PC_HH,LT0,2010,60.58,,
ESTAT:ISOC_R_IACC_H(1.0),25/06/26 23:00:00,A,PC_HH,LT0,2011,60.14,,
ESTAT:ISOC_R_IACC_H(1.0),25/06/26 23:00:00,A,PC_HH,LT0,2012,60.12,,
ESTAT:ISOC_R_IACC_H(1.0),25/06/26 23:00:00,A,PC_HH,LT0,2013,64.73,,
ESTAT:ISOC_R_IACC_H(1.0),25/06/26 23:00:00,A,PC_HH,LT0,2014,65.97,,
ESTAT:ISOC_R_IACC_H(1.0),25/06/26 23:00:00,A,PC_HH,LT0,2015,68.26,,
ESTAT:ISOC_R_IACC_H(1.0),25/06/26 23:00:00,A,PC_HH,LT0,2016,71.75,,
ESTAT:ISOC_R_IACC_H(1.0),25/06/26 23:00:00,A,PC_HH,LT0,2017,74.97,,
ESTAT:ISOC_R_IACC_H(1.0),25/06/26 23:00:00,A,PC_HH,LT0,2018,78.38,,
ESTAT:ISOC_R_IACC_H(1.0),25/06/26 23:00:00,A,PC_HH,LT0,2019,81.52,,
ESTAT:ISOC_R_IACC_H(1.0),25/06/26 23:00:00,A,PC_HH,LT0,2020,82.13,,
ESTAT:ISOC_R_IACC_H(1.0),25/06/26 23:00:00,A,PC_HH,LT0,2021,86.55,,
ESTAT:ISOC_R_IACC_H(1.0),25/06/26 23:00:00,A,PC_HH,LT0,2022,87.71,,
ESTAT:ISOC_R_IACC_H(1.0),25/06/26 23:00:00,A,PC_HH,LT0,2023,88.59,,
ESTAT:ISOC_R_IACC_H(1.0),25/06/26 23:00:00,A,PC_HH,LT0,2024,90.38,,
ESTAT:ISOC_R_IACC_H(1.0),25/06/26 23:00:00,A,PC_HH,LT0,2025,89.35,,
ESTAT:ISOC_R_IACC_H(1.0),25/06/26 23:00:00,A,PC_HH,LT00,2009,60.00,,
ESTAT:ISOC_R_IACC_H(1.0),25/06/26 23:00:00,A,PC_HH,LT00,2010,60.58,,
ESTAT:ISOC_R_IACC_H(1.0),25/06/26 23:00:00,A,PC_HH,LT00,2011,60.14,,
ESTAT:ISOC_R_IACC_H(1.0),25/06/26 23:00:00,A,PC_HH,LT00,2012,60.12,,
ESTAT:ISOC_R_IACC_H(1.0),25/06/26 23:00:00,A,PC_HH,LT00,2013,64.73,,
ESTAT:ISOC_R_IACC_H(1.0),25/06/26 23:00:00,A,PC_HH,LT00,2014,65.97,,
ESTAT:ISOC_R_IACC_H(1.0),25/06/26 23:00:00,A,PC_HH,LT00,2015,68.26,,
ESTAT:ISOC_R_IACC_H(1.0),25/06/26 23:00:00,A,PC_HH,LT00,2016,71.75,,
ESTAT:ISOC_R_IACC_H(1.0),25/06/26 23:00:00,A,PC_HH,LT00,2017,74.97,,
ESTAT:ISOC_R_IACC_H(1.0),25/06/26 23:00:00,A,PC_HH,LT01,2018,81.75,,
ESTAT:ISOC_R_IACC_H(1.0),25/06/26 23:00:00,A,PC_HH,LT01,2019,83.39,,
ESTAT:ISOC_R_IACC_H(1.0),25/06/26 23:00:00,A,PC_HH,LT01,2020,86.59,,
ESTAT:ISOC_R_IACC_H(1.0),25/06/26 23:00:00,A,PC_HH,LT01,2021,88.03,,
ESTAT:ISOC_R_IACC_H(1.0),25/06/26 23:00:00,A,PC_HH,LT01,2022,89.49,,
ESTAT:ISOC_R_IACC_H(1.0),25/06/26 23:00:00,A,PC_HH,LT01,2023,92.05,,
ESTAT:ISOC_R_IACC_H(1.0),25/06/26 23:00:00,A,PC_HH,LT01,2024,93.53,,
ESTAT:ISOC_R_IACC_H(1.0),25/06/26 23:00:00,A,PC_HH,LT01,2025,92.76,,
ESTAT:ISOC_R_IACC_H(1.0),25/06/26 23:00:00,A,PC_HH,LT02,2018,77.06,,
ESTAT:ISOC_R_IACC_H(1.0),25/06/26 23:00:00,A,PC_HH,LT02,2019,80.77,,
ESTAT:ISOC_R_IACC_H(1.0),25/06/26 23:00:00,A,PC_HH,LT02,2020,80.34,,
ESTAT:ISOC_R_IACC_H(1.0),25/06/26 23:00:00,A,PC_HH,LT02,2021,85.94,,
ESTAT:ISOC_R_IACC_H(1.0),25/06/26 23:00:00,A,PC_HH,LT02,2022,86.96,,
ESTAT:ISOC_R_IACC_H(1.0),25/06/26 23:00:00,A,PC_HH,LT02,2023,87.11,,
ESTAT:ISOC_R_IACC_H(1.0),25/06/26 23:00:00,A,PC_HH,LT02,2024,89.01,,
ESTAT:ISOC_R_IACC_H(1.0),25/06/26 23:00:00,A,PC_HH,LT02,2025,87.83,,
ESTAT:ISOC_R_IACC_H(1.0),25/06/26 23:00:00,A,PC_HH,LU,2006,70.18,,
ESTAT:ISOC_R_IACC_H(1.0),25/06/26 23:00:00,A,PC_HH,LU,2007,74.55,,
ESTAT:ISOC_R_IACC_H(1.0),25/06/26 23:00:00,A,PC_HH,LU,2008,80.09,,
ESTAT:ISOC_R_IACC_H(1.0),25/06/26 23:00:00,A,PC_HH,LU,2009,87.20,,
ESTAT:ISOC_R_IACC_H(1.0),25/06/26 23:00:00,A,PC_HH,LU,2010,90.28,,
ESTAT:ISOC_R_IACC_H(1.0),25/06/26 23:00:00,A,PC_HH,LU,2011,90.62,,
ESTAT:ISOC_R_IACC_H(1.0),25/06/26 23:00:00,A,PC_HH,LU,2012,93.08,,
ESTAT:ISOC_R_IACC_H(1.0),25/06/26 23:00:00,A,PC_HH,LU,2013,94.46,,
ESTAT:ISOC_R_IACC_H(1.0),25/06/26 23:00:00,A,PC_HH,LU,2014,95.56,,
ESTAT:ISOC_R_IACC_H(1.0),25/06/26 23:00:00,A,PC_HH,LU,2015,96.78,,
ESTAT:ISOC_R_IACC_H(1.0),25/06/26 23:00:00,A,PC_HH,LU,2016,97.04,,
ESTAT:ISOC_R_IACC_H(1.0),25/06/26 23:00:00,A,PC_HH,LU,2017,97.23,,
ESTAT:ISOC_R_IACC_H(1.0),25/06/26 23:00:00,A,PC_HH,LU,2018,92.99,b,
ESTAT:ISOC_R_IACC_H(1.0),25/06/26 23:00:00,A,PC_HH,LU,2019,95.20,,
ESTAT:ISOC_R_IACC_H(1.0),25/06/26 23:00:00,A,PC_HH,LU,2020,93.57,,
ESTAT:ISOC_R_IACC_H(1.0),25/06/26 23:00:00,A,PC_HH,LU,2021,99.18,,
ESTAT:ISOC_R_IACC_H(1.0),25/06/26 23:00:00,A,PC_HH,LU,2022,97.64,,
ESTAT:ISOC_R_IACC_H(1.0),25/06/26 23:00:00,A,PC_HH,LU,2023,99.06,,
ESTAT:ISOC_R_IACC_H(1.0),25/06/26 23:00:00,A,PC_HH,LU,2024,98.84,,
ESTAT:ISOC_R_IACC_H(1.0),25/06/26 23:00:00,A,PC_HH,LU,2025,99.07,,
ESTAT:ISOC_R_IACC_H(1.0),25/06/26 23:00:00,A,PC_HH,LU0,2008,80.09,,
ESTAT:ISOC_R_IACC_H(1.0),25/06/26 23:00:00,A,PC_HH,LU0,2009,87.20,,
ESTAT:ISOC_R_IACC_H(1.0),25/06/26 23:00:00,A,PC_HH,LU0,2010,90.28,,
ESTAT:ISOC_R_IACC_H(1.0),25/06/26 23:00:00,A,PC_HH,LU0,2011,90.62,,
ESTAT:ISOC_R_IACC_H(1.0),25/06/26 23:00:00,A,PC_HH,LU0,2012,93.08,,
ESTAT:ISOC_R_IACC_H(1.0),25/06/26 23:00:00,A,PC_HH,LU0,2013,94.46,,
ESTAT:ISOC_R_IACC_H(1.0),25/06/26 23:00:00,A,PC_HH,LU0,2014,95.56,,
ESTAT:ISOC_R_IACC_H(1.0),25/06/26 23:00:00,A,PC_HH,LU0,2015,96.78,,
ESTAT:ISOC_R_IACC_H(1.0),25/06/26 23:00:00,A,PC_HH,LU0,2016,97.04,,
ESTAT:ISOC_R_IACC_H(1.0),25/06/26 23:00:00,A,PC_HH,LU0,2017,97.23,,
ESTAT:ISOC_R_IACC_H(1.0),25/06/26 23:00:00,A,PC_HH,LU0,2018,92.99,b,
ESTAT:ISOC_R_IACC_H(1.0),25/06/26 23:00:00,A,PC_HH,LU0,2019,95.20,,
ESTAT:ISOC_R_IACC_H(1.0),25/06/26 23:00:00,A,PC_HH,LU0,2020,93.57,,
ESTAT:ISOC_R_IACC_H(1.0),25/06/26 23:00:00,A,PC_HH,LU0,2021,99.18,,
ESTAT:ISOC_R_IACC_H(1.0),25/06/26 23:00:00,A,PC_HH,LU0,2022,97.64,,
ESTAT:ISOC_R_IACC_H(1.0),25/06/26 23:00:00,A,PC_HH,LU0,2023,99.06,,
ESTAT:ISOC_R_IACC_H(1.0),25/06/26 23:00:00,A,PC_HH,LU0,2024,98.84,,
ESTAT:ISOC_R_IACC_H(1.0),25/06/26 23:00:00,A,PC_HH,LU0,2025,99.07,,
ESTAT:ISOC_R_IACC_H(1.0),25/06/26 23:00:00,A,PC_HH,LU00,2008,80.09,,
ESTAT:ISOC_R_IACC_H(1.0),25/06/26 23:00:00,A,PC_HH,LU00,2009,87.20,,
ESTAT:ISOC_R_IACC_H(1.0),25/06/26 23:00:00,A,PC_HH,LU00,2010,90.28,,
ESTAT:ISOC_R_IACC_H(1.0),25/06/26 23:00:00,A,PC_HH,LU00,2011,90.62,,
ESTAT:ISOC_R_IACC_H(1.0),25/06/26 23:00:00,A,PC_HH,LU00,2012,93.08,,
ESTAT:ISOC_R_IACC_H(1.0),25/06/26 23:00:00,A,PC_HH,LU00,2013,94.46,,
ESTAT:ISOC_R_IACC_H(1.0),25/06/26 23:00:00,A,PC_HH,LU00,2014,95.56,,
ESTAT:ISOC_R_IACC_H(1.0),25/06/26 23:00:00,A,PC_HH,LU00,2015,96.78,,
ESTAT:ISOC_R_IACC_H(1.0),25/06/26 23:00:00,A,PC_HH,LU00,2016,97.04,,
ESTAT:ISOC_R_IACC_H(1.0),25/06/26 23:00:00,A,PC_HH,LU00,2017,97.23,,
ESTAT:ISOC_R_IACC_H(1.0),25/06/26 23:00:00,A,PC_HH,LU00,2018,92.99,b,
ESTAT:ISOC_R_IACC_H(1.0),25/06/26 23:00:00,A,PC_HH,LU00,2019,95.20,,
ESTAT:ISOC_R_IACC_H(1.0),25/06/26 23:00:00,A,PC_HH,LU00,2020,93.57,,
ESTAT:ISOC_R_IACC_H(1.0),25/06/26 23:00:00,A,PC_HH,LU00,2021,99.18,,
ESTAT:ISOC_R_IACC_H(1.0),25/06/26 23:00:00,A,PC_HH,LU00,2022,97.64,,
ESTAT:ISOC_R_IACC_H(1.0),25/06/26 23:00:00,A,PC_HH,LU00,2023,99.06,,
ESTAT:ISOC_R_IACC_H(1.0),25/06/26 23:00:00,A,PC_HH,LU00,2024,98.84,,
ESTAT:ISOC_R_IACC_H(1.0),25/06/26 23:00:00,A,PC_HH,LU00,2025,99.07,,
ESTAT:ISOC_R_IACC_H(1.0),25/06/26 23:00:00,A,PC_HH,LV,2006,42.20,,
ESTAT:ISOC_R_IACC_H(1.0),25/06/26 23:00:00,A,PC_HH,LV,2007,50.53,,
ESTAT:ISOC_R_IACC_H(1.0),25/06/26 23:00:00,A,PC_HH,LV,2008,52.81,,
ESTAT:ISOC_R_IACC_H(1.0),25/06/26 23:00:00,A,PC_HH,LV,2009,58.02,,
ESTAT:ISOC_R_IACC_H(1.0),25/06/26 23:00:00,A,PC_HH,LV,2010,59.77,,
ESTAT:ISOC_R_IACC_H(1.0),25/06/26 23:00:00,A,PC_HH,LV,2011,63.64,,
ESTAT:ISOC_R_IACC_H(1.0),25/06/26 23:00:00,A,PC_HH,LV,2012,68.68,,
ESTAT:ISOC_R_IACC_H(1.0),25/06/26 23:00:00,A,PC_HH,LV,2013,71.60,,
ESTAT:ISOC_R_IACC_H(1.0),25/06/26 23:00:00,A,PC_HH,LV,2014,73.38,,
ESTAT:ISOC_R_IACC_H(1.0),25/06/26 23:00:00,A,PC_HH,LV,2015,76.00,,
ESTAT:ISOC_R_IACC_H(1.0),25/06/26 23:00:00,A,PC_HH,LV,2016,77.34,b,
ESTAT:ISOC_R_IACC_H(1.0),25/06/26 23:00:00,A,PC_HH,LV,2017,78.61,,
ESTAT:ISOC_R_IACC_H(1.0),25/06/26 23:00:00,A,PC_HH,LV,2018,81.58,,
ESTAT:ISOC_R_IACC_H(1.0),25/06/26 23:00:00,A,PC_HH,LV,2019,85.45,,
ESTAT:ISOC_R_IACC_H(1.0),25/06/26 23:00:00,A,PC_HH,LV,2020,89.73,,
ESTAT:ISOC_R_IACC_H(1.0),25/06/26 23:00:00,A,PC_HH,LV,2021,91.15,,
ESTAT:ISOC_R_IACC_H(1.0),25/06/26 23:00:00,A,PC_HH,LV,2022,91.39,,
ESTAT:ISOC_R_IACC_H(1.0),25/06/26 23:00:00,A,PC_HH,LV,2023,93.07,,
ESTAT:ISOC_R_IACC_H(1.0),25/06/26 23:00:00,A,PC_HH,LV,2024,94.33,,
ESTAT:ISOC_R_IACC_H(1.0),25/06/26 23:00:00,A,PC_HH,LV,2025,94.08,,
ESTAT:ISOC_R_IACC_H(1.0),25/06/26 23:00:00,A,PC_HH,LV0,2009,58.02,,
ESTAT:ISOC_R_IACC_H(1.0),25/06/26 23:00:00,A,PC_HH,LV0,2010,59.77,,
ESTAT:ISOC_R_IACC_H(1.0),25/06/26 23:00:00,A,PC_HH,LV0,2011,63.64,,
ESTAT:ISOC_R_IACC_H(1.0),25/06/26 23:00:00,A,PC_HH,LV0,2012,68.68,,
ESTAT:ISOC_R_IACC_H(1.0),25/06/26 23:00:00,A,PC_HH,LV0,2013,71.60,,
ESTAT:ISOC_R_IACC_H(1.0),25/06/26 23:00:00,A,PC_HH,LV0,2014,73.38,,
ESTAT:ISOC_R_IACC_H(1.0),25/06/26 23:00:00,A,PC_HH,LV0,2015,76.00,,
ESTAT:ISOC_R_IACC_H(1.0),25/06/26 23:00:00,A,PC_HH,LV0,2016,77.34,b,
ESTAT:ISOC_R_IACC_H(1.0),25/06/26 23:00:00,A,PC_HH,LV0,2017,78.61,,
ESTAT:ISOC_R_IACC_H(1.0),25/06/26 23:00:00,A,PC_HH,LV0,2018,81.58,,
ESTAT:ISOC_R_IACC_H(1.0),25/06/26 23:00:00,A,PC_HH,LV0,2019,85.45,,
ESTAT:ISOC_R_IACC_H(1.0),25/06/26 23:00:00,A,PC_HH,LV0,2020,89.73,,
ESTAT:ISOC_R_IACC_H(1.0),25/06/26 23:00:00,A,PC_HH,LV0,2021,91.15,,
ESTAT:ISOC_R_IACC_H(1.0),25/06/26 23:00:00,A,PC_HH,LV0,2022,91.39,,
ESTAT:ISOC_R_IACC_H(1.0),25/06/26 23:00:00,A,PC_HH,LV0,2023,93.07,,
ESTAT:ISOC_R_IACC_H(1.0),25/06/26 23:00:00,A,PC_HH,LV0,2024,94.33,,
ESTAT:ISOC_R_IACC_H(1.0),25/06/26 23:00:00,A,PC_HH,LV0,2025,94.08,,
ESTAT:ISOC_R_IACC_H(1.0),25/06/26 23:00:00,A,PC_HH,LV00,2010,59.77,,
ESTAT:ISOC_R_IACC_H(1.0),25/06/26 23:00:00,A,PC_HH,LV00,2011,63.64,,
ESTAT:ISOC_R_IACC_H(1.0),25/06/26 23:00:00,A,PC_HH,LV00,2012,68.68,,
ESTAT:ISOC_R_IACC_H(1.0),25/06/26 23:00:00,A,PC_HH,LV00,2013,71.60,,
ESTAT:ISOC_R_IACC_H(1.0),25/06/26 23:00:00,A,PC_HH,LV00,2014,73.38,,
ESTAT:ISOC_R_IACC_H(1.0),25/06/26 23:00:00,A,PC_HH,LV00,2015,76.00,,
ESTAT:ISOC_R_IACC_H(1.0),25/06/26 23:00:00,A,PC_HH,LV00,2016,77.34,b,
ESTAT:ISOC_R_IACC_H(1.0),25/06/26 23:00:00,A,PC_HH,LV00,2017,78.61,,
ESTAT:ISOC_R_IACC_H(1.0),25/06/26 23:00:00,A,PC_HH,LV00,2018,81.58,,
ESTAT:ISOC_R_IACC_H(1.0),25/06/26 23:00:00,A,PC_HH,LV00,2019,85.45,,
ESTAT:ISOC_R_IACC_H(1.0),25/06/26 23:00:00,A,PC_HH,LV00,2020,89.73,,
ESTAT:ISOC_R_IACC_H(1.0),25/06/26 23:00:00,A,PC_HH,LV00,2021,91.15,,
ESTAT:ISOC_R_IACC_H(1.0),25/06/26 23:00:00,A,PC_HH,LV00,2022,91.39,,
ESTAT:ISOC_R_IACC_H(1.0),25/06/26 23:00:00,A,PC_HH,LV00,2023,93.07,,
ESTAT:ISOC_R_IACC_H(1.0),25/06/26 23:00:00,A,PC_HH,LV00,2024,94.33,,
ESTAT:ISOC_R_IACC_H(1.0),25/06/26 23:00:00,A,PC_HH,LV00,2025,94.08,,
ESTAT:ISOC_R_IACC_H(1.0),25/06/26 23:00:00,A,PC_HH,ME,2012,54.99,,
ESTAT:ISOC_R_IACC_H(1.0),25/06/26 23:00:00,A,PC_HH,ME,2017,70.57,,
ESTAT:ISOC_R_IACC_H(1.0),25/06/26 23:00:00,A,PC_HH,ME,2018,72.18,,
ESTAT:ISOC_R_IACC_H(1.0),25/06/26 23:00:00,A,PC_HH,ME,2019,74.25,,
ESTAT:ISOC_R_IACC_H(1.0),25/06/26 23:00:00,A,PC_HH,ME,2020,80.26,,
ESTAT:ISOC_R_IACC_H(1.0),25/06/26 23:00:00,A,PC_HH,ME,2021,80.76,,
ESTAT:ISOC_R_IACC_H(1.0),25/06/26 23:00:00,A,PC_HH,ME,2022,80.96,,
ESTAT:ISOC_R_IACC_H(1.0),25/06/26 23:00:00,A,PC_HH,ME,2023,81.28,,
ESTAT:ISOC_R_IACC_H(1.0),25/06/26 23:00:00,A,PC_HH,ME,2024,84.50,,
ESTAT:ISOC_R_IACC_H(1.0),25/06/26 23:00:00,A,PC_HH,ME,2025,88.07,,
ESTAT:ISOC_R_IACC_H(1.0),25/06/26 23:00:00,A,PC_HH,ME0,2023,81.28,,
ESTAT:ISOC_R_IACC_H(1.0),25/06/26 23:00:00,A,PC_HH,ME0,2024,84.50,,
ESTAT:ISOC_R_IACC_H(1.0),25/06/26 23:00:00,A,PC_HH,ME0,2025,88.07,,
ESTAT:ISOC_R_IACC_H(1.0),25/06/26 23:00:00,A,PC_HH,MK,2006,13.90,,
ESTAT:ISOC_R_IACC_H(1.0),25/06/26 23:00:00,A,PC_HH,MK,2008,29.36,,
ESTAT:ISOC_R_IACC_H(1.0),25/06/26 23:00:00,A,PC_HH,MK,2009,41.79,,
ESTAT:ISOC_R_IACC_H(1.0),25/06/26 23:00:00,A,PC_HH,MK,2010,46.10,,
ESTAT:ISOC_R_IACC_H(1.0),25/06/26 23:00:00,A,PC_HH,MK,2012,58.30,,
ESTAT:ISOC_R_IACC_H(1.0),25/06/26 23:00:00,A,PC_HH,MK,2013,65.08,,
ESTAT:ISOC_R_IACC_H(1.0),25/06/26 23:00:00,A,PC_HH,MK,2014,68.34,,
ESTAT:ISOC_R_IACC_H(1.0),25/06/26 23:00:00,A,PC_HH,MK,2015,69.38,,
ESTAT:ISOC_R_IACC_H(1.0),25/06/26 23:00:00,A,PC_HH,MK,2016,75.29,,
ESTAT:ISOC_R_IACC_H(1.0),25/06/26 23:00:00,A,PC_HH,MK,2017,73.58,,
ESTAT:ISOC_R_IACC_H(1.0),25/06/26 23:00:00,A,PC_HH,MK,2018,79.32,,
ESTAT:ISOC_R_IACC_H(1.0),25/06/26 23:00:00,A,PC_HH,MK,2019,81.62,,
ESTAT:ISOC_R_IACC_H(1.0),25/06/26 23:00:00,A,PC_HH,MK,2020,79.39,,
ESTAT:ISOC_R_IACC_H(1.0),25/06/26 23:00:00,A,PC_HH,MK,2021,83.74,,
ESTAT:ISOC_R_IACC_H(1.0),25/06/26 23:00:00,A,PC_HH,MK,2024,90.81,,
ESTAT:ISOC_R_IACC_H(1.0),25/06/26 23:00:00,A,PC_HH,MK,2025,91.21,,
ESTAT:ISOC_R_IACC_H(1.0),25/06/26 23:00:00,A,PC_HH,MK0,2009,41.79,,
ESTAT:ISOC_R_IACC_H(1.0),25/06/26 23:00:00,A,PC_HH,MK0,2010,46.10,,
ESTAT:ISOC_R_IACC_H(1.0),25/06/26 23:00:00,A,PC_HH,MK0,2012,58.30,,
ESTAT:ISOC_R_IACC_H(1.0),25/06/26 23:00:00,A,PC_HH,MK0,2013,65.08,,
ESTAT:ISOC_R_IACC_H(1.0),25/06/26 23:00:00,A,PC_HH,MK0,2014,68.34,,
ESTAT:ISOC_R_IACC_H(1.0),25/06/26 23:00:00,A,PC_HH,MK0,2015,69.38,,
ESTAT:ISOC_R_IACC_H(1.0),25/06/26 23:00:00,A,PC_HH,MK0,2016,75.29,,
ESTAT:ISOC_R_IACC_H(1.0),25/06/26 23:00:00,A,PC_HH,MK0,2017,73.58,,
ESTAT:ISOC_R_IACC_H(1.0),25/06/26 23:00:00,A,PC_HH,MK0,2018,79.32,,
ESTAT:ISOC_R_IACC_H(1.0),25/06/26 23:00:00,A,PC_HH,MK0,2019,81.62,,
ESTAT:ISOC_R_IACC_H(1.0),25/06/26 23:00:00,A,PC_HH,MK0,2020,79.39,,
ESTAT:ISOC_R_IACC_H(1.0),25/06/26 23:00:00,A,PC_HH,MK0,2021,83.74,,
ESTAT:ISOC_R_IACC_H(1.0),25/06/26 23:00:00,A,PC_HH,MK0,2024,90.81,,
ESTAT:ISOC_R_IACC_H(1.0),25/06/26 23:00:00,A,PC_HH,MK0,2025,91.21,,
ESTAT:ISOC_R_IACC_H(1.0),25/06/26 23:00:00,A,PC_HH,MK00,2009,41.79,,
ESTAT:ISOC_R_IACC_H(1.0),25/06/26 23:00:00,A,PC_HH,MK00,2010,46.10,,
ESTAT:ISOC_R_IACC_H(1.0),25/06/26 23:00:00,A,PC_HH,MK00,2012,58.30,,
ESTAT:ISOC_R_IACC_H(1.0),25/06/26 23:00:00,A,PC_HH,MK00,2013,65.08,,
ESTAT:ISOC_R_IACC_H(1.0),25/06/26 23:00:00,A,PC_HH,MK00,2014,68.34,,
ESTAT:ISOC_R_IACC_H(1.0),25/06/26 23:00:00,A,PC_HH,MK00,2015,69.38,,
ESTAT:ISOC_R_IACC_H(1.0),25/06/26 23:00:00,A,PC_HH,MK00,2016,75.29,,
ESTAT:ISOC_R_IACC_H(1.0),25/06/26 23:00:00,A,PC_HH,MK00,2017,73.58,,
ESTAT:ISOC_R_IACC_H(1.0),25/06/26 23:00:00,A,PC_HH,MK00,2018,79.32,,
ESTAT:ISOC_R_IACC_H(1.0),25/06/26 23:00:00,A,PC_HH,MK00,2019,81.62,,
ESTAT:ISOC_R_IACC_H(1.0),25/06/26 23:00:00,A,PC_HH,MK00,2020,79.39,,
ESTAT:ISOC_R_IACC_H(1.0),25/06/26 23:00:00,A,PC_HH,MT,2006,52.78,,
ESTAT:ISOC_R_IACC_H(1.0),25/06/26 23:00:00,A,PC_HH,MT,2007,53.92,,
ESTAT:ISOC_R_IACC_H(1.0),25/06/26 23:00:00,A,PC_HH,MT,2008,59.00,,
ESTAT:ISOC_R_IACC_H(1.0),25/06/26 23:00:00,A,PC_HH,MT,2009,64.45,,
ESTAT:ISOC_R_IACC_H(1.0),25/06/26 23:00:00,A,PC_HH,MT,2010,70.45,,
ESTAT:ISOC_R_IACC_H(1.0),25/06/26 23:00:00,A,PC_HH,MT,2011,75.29,,
ESTAT:ISOC_R_IACC_H(1.0),25/06/26 23:00:00,A,PC_HH,MT,2012,76.70,,
ESTAT:ISOC_R_IACC_H(1.0),25/06/26 23:00:00,A,PC_HH,MT,2013,78.04,,
ESTAT:ISOC_R_IACC_H(1.0),25/06/26 23:00:00,A,PC_HH,MT,2014,80.32,,
ESTAT:ISOC_R_IACC_H(1.0),25/06/26 23:00:00,A,PC_HH,MT,2015,81.00,,
ESTAT:ISOC_R_IACC_H(1.0),25/06/26 23:00:00,A,PC_HH,MT,2016,81.41,,
ESTAT:ISOC_R_IACC_H(1.0),25/06/26 23:00:00,A,PC_HH,MT,2017,84.77,,
ESTAT:ISOC_R_IACC_H(1.0),25/06/26 23:00:00,A,PC_HH,MT,2018,84.14,,
ESTAT:ISOC_R_IACC_H(1.0),25/06/26 23:00:00,A,PC_HH,MT,2019,86.08,,
ESTAT:ISOC_R_IACC_H(1.0),25/06/26 23:00:00,A,PC_HH,MT,2020,90.36,,
ESTAT:ISOC_R_IACC_H(1.0),25/06/26 23:00:00,A,PC_HH,MT,2021,90.54,,
ESTAT:ISOC_R_IACC_H(1.0),25/06/26 23:00:00,A,PC_HH,MT,2022,93.39,,
ESTAT:ISOC_R_IACC_H(1.0),25/06/26 23:00:00,A,PC_HH,MT,2023,93.54,,
ESTAT:ISOC_R_IACC_H(1.0),25/06/26 23:00:00,A,PC_HH,MT,2024,95.58,,
ESTAT:ISOC_R_IACC_H(1.0),25/06/26 23:00:00,A,PC_HH,MT,2025,97.77,,
ESTAT:ISOC_R_IACC_H(1.0),25/06/26 23:00:00,A,PC_HH,MT0,2009,64.45,,
ESTAT:ISOC_R_IACC_H(1.0),25/06/26 23:00:00,A,PC_HH,MT0,2010,70.45,,
ESTAT:ISOC_R_IACC_H(1.0),25/06/26 23:00:00,A,PC_HH,MT0,2011,75.29,,
ESTAT:ISOC_R_IACC_H(1.0),25/06/26 23:00:00,A,PC_HH,MT0,2012,76.70,,
ESTAT:ISOC_R_IACC_H(1.0),25/06/26 23:00:00,A,PC_HH,MT0,2013,78.04,,
ESTAT:ISOC_R_IACC_H(1.0),25/06/26 23:00:00,A,PC_HH,MT0,2014,80.32,,
ESTAT:ISOC_R_IACC_H(1.0),25/06/26 23:00:00,A,PC_HH,MT0,2015,81.00,,
ESTAT:ISOC_R_IACC_H(1.0),25/06/26 23:00:00,A,PC_HH,MT0,2016,81.41,,
ESTAT:ISOC_R_IACC_H(1.0),25/06/26 23:00:00,A,PC_HH,MT0,2017,84.77,,
ESTAT:ISOC_R_IACC_H(1.0),25/06/26 23:00:00,A,PC_HH,MT0,2018,84.14,,
ESTAT:ISOC_R_IACC_H(1.0),25/06/26 23:00:00,A,PC_HH,MT0,2019,86.08,,
ESTAT:ISOC_R_IACC_H(1.0),25/06/26 23:00:00,A,PC_HH,MT0,2020,90.36,,
ESTAT:ISOC_R_IACC_H(1.0),25/06/26 23:00:00,A,PC_HH,MT0,2021,90.54,,
ESTAT:ISOC_R_IACC_H(1.0),25/06/26 23:00:00,A,PC_HH,MT0,2022,93.39,,
ESTAT:ISOC_R_IACC_H(1.0),25/06/26 23:00:00,A,PC_HH,MT0,2023,93.54,,
ESTAT:ISOC_R_IACC_H(1.0),25/06/26 23:00:00,A,PC_HH,MT0,2024,95.58,,
ESTAT:ISOC_R_IACC_H(1.0),25/06/26 23:00:00,A,PC_HH,MT0,2025,97.77,,
ESTAT:ISOC_R_IACC_H(1.0),25/06/26 23:00:00,A,PC_HH,MT00,2009,64.45,,
ESTAT:ISOC_R_IACC_H(1.0),25/06/26 23:00:00,A,PC_HH,MT00,2010,70.45,,
ESTAT:ISOC_R_IACC_H(1.0),25/06/26 23:00:00,A,PC_HH,MT00,2011,75.29,,
ESTAT:ISOC_R_IACC_H(1.0),25/06/26 23:00:00,A,PC_HH,MT00,2012,76.70,,
ESTAT:ISOC_R_IACC_H(1.0),25/06/26 23:00:00,A,PC_HH,MT00,2013,78.04,,
ESTAT:ISOC_R_IACC_H(1.0),25/06/26 23:00:00,A,PC_HH,MT00,2014,80.32,,
ESTAT:ISOC_R_IACC_H(1.0),25/06/26 23:00:00,A,PC_HH,MT00,2015,81.00,,
ESTAT:ISOC_R_IACC_H(1.0),25/06/26 23:00:00,A,PC_HH,MT00,2016,81.41,,
ESTAT:ISOC_R_IACC_H(1.0),25/06/26 23:00:00,A,PC_HH,MT00,2017,84.77,,
ESTAT:ISOC_R_IACC_H(1.0),25/06/26 23:00:00,A,PC_HH,MT00,2018,84.14,,
ESTAT:ISOC_R_IACC_H(1.0),25/06/26 23:00:00,A,PC_HH,MT00,2019,86.08,,
ESTAT:ISOC_R_IACC_H(1.0),25/06/26 23:00:00,A,PC_HH,MT00,2020,90.36,,
ESTAT:ISOC_R_IACC_H(1.0),25/06/26 23:00:00,A,PC_HH,MT00,2021,90.54,,
ESTAT:ISOC_R_IACC_H(1.0),25/06/26 23:00:00,A,PC_HH,MT00,2022,93.39,,
ESTAT:ISOC_R_IACC_H(1.0),25/06/26 23:00:00,A,PC_HH,MT00,2023,93.54,,
ESTAT:ISOC_R_IACC_H(1.0),25/06/26 23:00:00,A,PC_HH,MT00,2024,95.58,,
ESTAT:ISOC_R_IACC_H(1.0),25/06/26 23:00:00,A,PC_HH,MT00,2025,97.77,,
ESTAT:ISOC_R_IACC_H(1.0),25/06/26 23:00:00,A,PC_HH,NL,2006,80.26,,
ESTAT:ISOC_R_IACC_H(1.0),25/06/26 23:00:00,A,PC_HH,NL,2007,82.89,,
ESTAT:ISOC_R_IACC_H(1.0),25/06/26 23:00:00,A,PC_HH,NL,2008,86.08,,
ESTAT:ISOC_R_IACC_H(1.0),25/06/26 23:00:00,A,PC_HH,NL,2009,89.70,,
ESTAT:ISOC_R_IACC_H(1.0),25/06/26 23:00:00,A,PC_HH,NL,2010,90.89,,
ESTAT:ISOC_R_IACC_H(1.0),25/06/26 23:00:00,A,PC_HH,NL,2011,93.64,,
ESTAT:ISOC_R_IACC_H(1.0),25/06/26 23:00:00,A,PC_HH,NL,2012,93.55,,
ESTAT:ISOC_R_IACC_H(1.0),25/06/26 23:00:00,A,PC_HH,NL,2013,94.63,,
ESTAT:ISOC_R_IACC_H(1.0),25/06/26 23:00:00,A,PC_HH,NL,2014,95.78,,
ESTAT:ISOC_R_IACC_H(1.0),25/06/26 23:00:00,A,PC_HH,NL,2015,95.97,,
ESTAT:ISOC_R_IACC_H(1.0),25/06/26 23:00:00,A,PC_HH,NL,2016,96.66,,
ESTAT:ISOC_R_IACC_H(1.0),25/06/26 23:00:00,A,PC_HH,NL,2017,98.23,,
ESTAT:ISOC_R_IACC_H(1.0),25/06/26 23:00:00,A,PC_HH,NL,2018,98.00,,
ESTAT:ISOC_R_IACC_H(1.0),25/06/26 23:00:00,A,PC_HH,NL,2019,98.41,,
ESTAT:ISOC_R_IACC_H(1.0),25/06/26 23:00:00,A,PC_HH,NL,2020,96.95,,
ESTAT:ISOC_R_IACC_H(1.0),25/06/26 23:00:00,A,PC_HH,NL,2021,98.56,,
ESTAT:ISOC_R_IACC_H(1.0),25/06/26 23:00:00,A,PC_HH,NL,2022,98.28,,
ESTAT:ISOC_R_IACC_H(1.0),25/06/26 23:00:00,A,PC_HH,NL,2023,98.86,,
ESTAT:ISOC_R_IACC_H(1.0),25/06/26 23:00:00,A,PC_HH,NL,2024,99.04,,
ESTAT:ISOC_R_IACC_H(1.0),25/06/26 23:00:00,A,PC_HH,NL,2025,99.28,,
ESTAT:ISOC_R_IACC_H(1.0),25/06/26 23:00:00,A,PC_HH,NL1,2006,76.39,,
ESTAT:ISOC_R_IACC_H(1.0),25/06/26 23:00:00,A,PC_HH,NL1,2007,82.23,,
ESTAT:ISOC_R_IACC_H(1.0),25/06/26 23:00:00,A,PC_HH,NL1,2008,84.39,,
ESTAT:ISOC_R_IACC_H(1.0),25/06/26 23:00:00,A,PC_HH,NL1,2009,88.06,,
ESTAT:ISOC_R_IACC_H(1.0),25/06/26 23:00:00,A,PC_HH,NL1,2010,87.58,,
ESTAT:ISOC_R_IACC_H(1.0),25/06/26 23:00:00,A,PC_HH,NL1,2011,94.67,,
ESTAT:ISOC_R_IACC_H(1.0),25/06/26 23:00:00,A,PC_HH,NL1,2012,94.25,,
ESTAT:ISOC_R_IACC_H(1.0),25/06/26 23:00:00,A,PC_HH,NL1,2013,93.16,,
ESTAT:ISOC_R_IACC_H(1.0),25/06/26 23:00:00,A,PC_HH,NL1,2014,95.38,,
ESTAT:ISOC_R_IACC_H(1.0),25/06/26 23:00:00,A,PC_HH,NL1,2015,94.92,,
ESTAT:ISOC_R_IACC_H(1.0),25/06/26 23:00:00,A,PC_HH,NL1,2016,96.71,,
ESTAT:ISOC_R_IACC_H(1.0),25/06/26 23:00:00,A,PC_HH,NL1,2017,98.87,,
ESTAT:ISOC_R_IACC_H(1.0),25/06/26 23:00:00,A,PC_HH,NL1,2018,97.36,,
ESTAT:ISOC_R_IACC_H(1.0),25/06/26 23:00:00,A,PC_HH,NL1,2019,96.30,,
ESTAT:ISOC_R_IACC_H(1.0),25/06/26 23:00:00,A,PC_HH,NL1,2020,96.65,,
ESTAT:ISOC_R_IACC_H(1.0),25/06/26 23:00:00,A,PC_HH,NL1,2021,97.68,,
ESTAT:ISOC_R_IACC_H(1.0),25/06/26 23:00:00,A,PC_HH,NL1,2022,98.18,,
ESTAT:ISOC_R_IACC_H(1.0),25/06/26 23:00:00,A,PC_HH,NL1,2023,98.77,,
ESTAT:ISOC_R_IACC_H(1.0),25/06/26 23:00:00,A,PC_HH,NL1,2024,99.14,,
ESTAT:ISOC_R_IACC_H(1.0),25/06/26 23:00:00,A,PC_HH,NL1,2025,99.67,,
ESTAT:ISOC_R_IACC_H(1.0),25/06/26 23:00:00,A,PC_HH,NL11,2006,81.38,,
ESTAT:ISOC_R_IACC_H(1.0),25/06/26 23:00:00,A,PC_HH,NL11,2007,84.24,,
ESTAT:ISOC_R_IACC_H(1.0),25/06/26 23:00:00,A,PC_HH,NL11,2008,89.39,,
ESTAT:ISOC_R_IACC_H(1.0),25/06/26 23:00:00,A,PC_HH,NL11,2009,81.93,,
ESTAT:ISOC_R_IACC_H(1.0),25/06/26 23:00:00,A,PC_HH,NL11,2010,88.26,,
ESTAT:ISOC_R_IACC_H(1.0),25/06/26 23:00:00,A,PC_HH,NL11,2011,93.87,,
ESTAT:ISOC_R_IACC_H(1.0),25/06/26 23:00:00,A,PC_HH,NL11,2012,93.23,,
ESTAT:ISOC_R_IACC_H(1.0),25/06/26 23:00:00,A,PC_HH,NL11,2013,94.52,,
ESTAT:ISOC_R_IACC_H(1.0),25/06/26 23:00:00,A,PC_HH,NL11,2014,94.28,,
ESTAT:ISOC_R_IACC_H(1.0),25/06/26 23:00:00,A,PC_HH,NL11,2015,96.79,,
ESTAT:ISOC_R_IACC_H(1.0),25/06/26 23:00:00,A,PC_HH,NL11,2016,98.54,,
ESTAT:ISOC_R_IACC_H(1.0),25/06/26 23:00:00,A,PC_HH,NL11,2017,100.00,,
ESTAT:ISOC_R_IACC_H(1.0),25/06/26 23:00:00,A,PC_HH,NL11,2018,99.06,,
ESTAT:ISOC_R_IACC_H(1.0),25/06/26 23:00:00,A,PC_HH,NL11,2019,95.56,,
ESTAT:ISOC_R_IACC_H(1.0),25/06/26 23:00:00,A,PC_HH,NL11,2020,96.04,,
ESTAT:ISOC_R_IACC_H(1.0),25/06/26 23:00:00,A,PC_HH,NL11,2021,98.58,,
ESTAT:ISOC_R_IACC_H(1.0),25/06/26 23:00:00,A,PC_HH,NL11,2022,98.62,,
ESTAT:ISOC_R_IACC_H(1.0),25/06/26 23:00:00,A,PC_HH,NL11,2023,98.59,,
ESTAT:ISOC_R_IACC_H(1.0),25/06/26 23:00:00,A,PC_HH,NL11,2024,100.00,,
ESTAT:ISOC_R_IACC_H(1.0),25/06/26 23:00:00,A,PC_HH,NL11,2025,99.47,,
ESTAT:ISOC_R_IACC_H(1.0),25/06/26 23:00:00,A,PC_HH,NL12,2006,72.76,,
ESTAT:ISOC_R_IACC_H(1.0),25/06/26 23:00:00,A,PC_HH,NL12,2007,80.96,,
ESTAT:ISOC_R_IACC_H(1.0),25/06/26 23:00:00,A,PC_HH,NL12,2008,84.53,,
ESTAT:ISOC_R_IACC_H(1.0),25/06/26 23:00:00,A,PC_HH,NL12,2009,89.00,,
ESTAT:ISOC_R_IACC_H(1.0),25/06/26 23:00:00,A,PC_HH,NL12,2010,84.28,,
ESTAT:ISOC_R_IACC_H(1.0),25/06/26 23:00:00,A,PC_HH,NL12,2011,93.75,,
ESTAT:ISOC_R_IACC_H(1.0),25/06/26 23:00:00,A,PC_HH,NL12,2012,93.94,,
ESTAT:ISOC_R_IACC_H(1.0),25/06/26 23:00:00,A,PC_HH,NL12,2013,90.68,,
ESTAT:ISOC_R_IACC_H(1.0),25/06/26 23:00:00,A,PC_HH,NL12,2014,97.01,,
ESTAT:ISOC_R_IACC_H(1.0),25/06/26 23:00:00,A,PC_HH,NL12,2015,93.58,,
ESTAT:ISOC_R_IACC_H(1.0),25/06/26 23:00:00,A,PC_HH,NL12,2016,95.35,,
ESTAT:ISOC_R_IACC_H(1.0),25/06/26 23:00:00,A,PC_HH,NL12,2017,97.65,,
ESTAT:ISOC_R_IACC_H(1.0),25/06/26 23:00:00,A,PC_HH,NL12,2018,95.78,,
ESTAT:ISOC_R_IACC_H(1.0),25/06/26 23:00:00,A,PC_HH,NL12,2019,97.17,,
ESTAT:ISOC_R_IACC_H(1.0),25/06/26 23:00:00,A,PC_HH,NL12,2020,96.40,,
ESTAT:ISOC_R_IACC_H(1.0),25/06/26 23:00:00,A,PC_HH,NL12,2021,96.91,,
ESTAT:ISOC_R_IACC_H(1.0),25/06/26 23:00:00,A,PC_HH,NL12,2022,96.42,,
ESTAT:ISOC_R_IACC_H(1.0),25/06/26 23:00:00,A,PC_HH,NL12,2023,98.46,,
ESTAT:ISOC_R_IACC_H(1.0),25/06/26 23:00:00,A,PC_HH,NL12,2024,98.66,,
ESTAT:ISOC_R_IACC_H(1.0),25/06/26 23:00:00,A,PC_HH,NL12,2025,99.64,,
ESTAT:ISOC_R_IACC_H(1.0),25/06/26 23:00:00,A,PC_HH,NL13,2006,75.14,,
ESTAT:ISOC_R_IACC_H(1.0),25/06/26 23:00:00,A,PC_HH,NL13,2007,81.52,,
ESTAT:ISOC_R_IACC_H(1.0),25/06/26 23:00:00,A,PC_HH,NL13,2008,78.73,,
ESTAT:ISOC_R_IACC_H(1.0),25/06/26 23:00:00,A,PC_HH,NL13,2009,94.58,,
ESTAT:ISOC_R_IACC_H(1.0),25/06/26 23:00:00,A,PC_HH,NL13,2010,91.33,,
ESTAT:ISOC_R_IACC_H(1.0),25/06/26 23:00:00,A,PC_HH,NL13,2011,97.06,,
ESTAT:ISOC_R_IACC_H(1.0),25/06/26 23:00:00,A,PC_HH,NL13,2012,96.17,,
ESTAT:ISOC_R_IACC_H(1.0),25/06/26 23:00:00,A,PC_HH,NL13,2013,94.50,,
ESTAT:ISOC_R_IACC_H(1.0),25/06/26 23:00:00,A,PC_HH,NL13,2014,94.81,,
ESTAT:ISOC_R_IACC_H(1.0),25/06/26 23:00:00,A,PC_HH,NL13,2015,94.29,,
ESTAT:ISOC_R_IACC_H(1.0),25/06/26 23:00:00,A,PC_HH,NL13,2016,95.98,,
ESTAT:ISOC_R_IACC_H(1.0),25/06/26 23:00:00,A,PC_HH,NL13,2017,99.09,,
ESTAT:ISOC_R_IACC_H(1.0),25/06/26 23:00:00,A,PC_HH,NL13,2018,96.89,,
ESTAT:ISOC_R_IACC_H(1.0),25/06/26 23:00:00,A,PC_HH,NL13,2019,96.16,,
ESTAT:ISOC_R_IACC_H(1.0),25/06/26 23:00:00,A,PC_HH,NL13,2020,97.85,,
ESTAT:ISOC_R_IACC_H(1.0),25/06/26 23:00:00,A,PC_HH,NL13,2021,97.51,,
ESTAT:ISOC_R_IACC_H(1.0),25/06/26 23:00:00,A,PC_HH,NL13,2022,100.00,,
ESTAT:ISOC_R_IACC_H(1.0),25/06/26 23:00:00,A,PC_HH,NL13,2023,99.40,,
ESTAT:ISOC_R_IACC_H(1.0),25/06/26 23:00:00,A,PC_HH,NL13,2024,98.56,,
ESTAT:ISOC_R_IACC_H(1.0),25/06/26 23:00:00,A,PC_HH,NL13,2025,100.00,,
ESTAT:ISOC_R_IACC_H(1.0),25/06/26 23:00:00,A,PC_HH,NL2,2006,82.19,,
ESTAT:ISOC_R_IACC_H(1.0),25/06/26 23:00:00,A,PC_HH,NL2,2007,82.98,,
ESTAT:ISOC_R_IACC_H(1.0),25/06/26 23:00:00,A,PC_HH,NL2,2008,87.12,,
ESTAT:ISOC_R_IACC_H(1.0),25/06/26 23:00:00,A,PC_HH,NL2,2009,90.62,,
ESTAT:ISOC_R_IACC_H(1.0),25/06/26 23:00:00,A,PC_HH,NL2,2010,90.86,,
ESTAT:ISOC_R_IACC_H(1.0),25/06/26 23:00:00,A,PC_HH,NL2,2011,95.00,,
ESTAT:ISOC_R_IACC_H(1.0),25/06/26 23:00:00,A,PC_HH,NL2,2012,94.41,,
ESTAT:ISOC_R_IACC_H(1.0),25/06/26 23:00:00,A,PC_HH,NL2,2013,94.92,,
ESTAT:ISOC_R_IACC_H(1.0),25/06/26 23:00:00,A,PC_HH,NL2,2014,96.78,,
ESTAT:ISOC_R_IACC_H(1.0),25/06/26 23:00:00,A,PC_HH,NL2,2015,96.94,,
ESTAT:ISOC_R_IACC_H(1.0),25/06/26 23:00:00,A,PC_HH,NL2,2016,97.37,,
ESTAT:ISOC_R_IACC_H(1.0),25/06/26 23:00:00,A,PC_HH,NL2,2017,96.58,,
ESTAT:ISOC_R_IACC_H(1.0),25/06/26 23:00:00,A,PC_HH,NL2,2018,98.08,,
ESTAT:ISOC_R_IACC_H(1.0),25/06/26 23:00:00,A,PC_HH,NL2,2019,98.39,,
ESTAT:ISOC_R_IACC_H(1.0),25/06/26 23:00:00,A,PC_HH,NL2,2020,97.48,,
ESTAT:ISOC_R_IACC_H(1.0),25/06/26 23:00:00,A,PC_HH,NL2,2021,98.87,,
ESTAT:ISOC_R_IACC_H(1.0),25/06/26 23:00:00,A,PC_HH,NL2,2022,98.10,,
ESTAT:ISOC_R_IACC_H(1.0),25/06/26 23:00:00,A,PC_HH,NL2,2023,98.70,,
ESTAT:ISOC_R_IACC_H(1.0),25/06/26 23:00:00,A,PC_HH,NL2,2024,99.15,,
ESTAT:ISOC_R_IACC_H(1.0),25/06/26 23:00:00,A,PC_HH,NL2,2025,99.32,,
ESTAT:ISOC_R_IACC_H(1.0),25/06/26 23:00:00,A,PC_HH,NL21,2006,82.49,,
ESTAT:ISOC_R_IACC_H(1.0),25/06/26 23:00:00,A,PC_HH,NL21,2007,82.19,,
ESTAT:ISOC_R_IACC_H(1.0),25/06/26 23:00:00,A,PC_HH,NL21,2008,87.90,,
ESTAT:ISOC_R_IACC_H(1.0),25/06/26 23:00:00,A,PC_HH,NL21,2009,91.11,,
ESTAT:ISOC_R_IACC_H(1.0),25/06/26 23:00:00,A,PC_HH,NL21,2010,95.29,,
ESTAT:ISOC_R_IACC_H(1.0),25/06/26 23:00:00,A,PC_HH,NL21,2011,97.70,,
ESTAT:ISOC_R_IACC_H(1.0),25/06/26 23:00:00,A,PC_HH,NL21,2012,94.54,,
ESTAT:ISOC_R_IACC_H(1.0),25/06/26 23:00:00,A,PC_HH,NL21,2013,95.16,,
ESTAT:ISOC_R_IACC_H(1.0),25/06/26 23:00:00,A,PC_HH,NL21,2014,97.36,,
ESTAT:ISOC_R_IACC_H(1.0),25/06/26 23:00:00,A,PC_HH,NL21,2015,98.51,,
ESTAT:ISOC_R_IACC_H(1.0),25/06/26 23:00:00,A,PC_HH,NL21,2016,96.96,,
ESTAT:ISOC_R_IACC_H(1.0),25/06/26 23:00:00,A,PC_HH,NL21,2017,95.99,,
ESTAT:ISOC_R_IACC_H(1.0),25/06/26 23:00:00,A,PC_HH,NL21,2018,98.33,,
ESTAT:ISOC_R_IACC_H(1.0),25/06/26 23:00:00,A,PC_HH,NL21,2019,96.68,,
ESTAT:ISOC_R_IACC_H(1.0),25/06/26 23:00:00,A,PC_HH,NL21,2020,97.48,,
ESTAT:ISOC_R_IACC_H(1.0),25/06/26 23:00:00,A,PC_HH,NL21,2021,99.39,,
ESTAT:ISOC_R_IACC_H(1.0),25/06/26 23:00:00,A,PC_HH,NL21,2022,99.16,,
ESTAT:ISOC_R_IACC_H(1.0),25/06/26 23:00:00,A,PC_HH,NL21,2023,99.17,,
ESTAT:ISOC_R_IACC_H(1.0),25/06/26 23:00:00,A,PC_HH,NL21,2024,98.84,,
ESTAT:ISOC_R_IACC_H(1.0),25/06/26 23:00:00,A,PC_HH,NL21,2025,99.67,,
ESTAT:ISOC_R_IACC_H(1.0),25/06/26 23:00:00,A,PC_HH,NL22,2006,80.77,,
ESTAT:ISOC_R_IACC_H(1.0),25/06/26 23:00:00,A,PC_HH,NL22,2007,82.97,,
ESTAT:ISOC_R_IACC_H(1.0),25/06/26 23:00:00,A,PC_HH,NL22,2008,86.59,,
ESTAT:ISOC_R_IACC_H(1.0),25/06/26 23:00:00,A,PC_HH,NL22,2009,89.38,,
ESTAT:ISOC_R_IACC_H(1.0),25/06/26 23:00:00,A,PC_HH,NL22,2010,87.27,,
ESTAT:ISOC_R_IACC_H(1.0),25/06/26 23:00:00,A,PC_HH,NL22,2011,92.88,,
ESTAT:ISOC_R_IACC_H(1.0),25/06/26 23:00:00,A,PC_HH,NL22,2012,93.74,,
ESTAT:ISOC_R_IACC_H(1.0),25/06/26 23:00:00,A,PC_HH,NL22,2013,94.43,,
ESTAT:ISOC_R_IACC_H(1.0),25/06/26 23:00:00,A,PC_HH,NL22,2014,97.52,,
ESTAT:ISOC_R_IACC_H(1.0),25/06/26 23:00:00,A,PC_HH,NL22,2015,96.19,,
ESTAT:ISOC_R_IACC_H(1.0),25/06/26 23:00:00,A,PC_HH,NL22,2016,97.12,,
ESTAT:ISOC_R_IACC_H(1.0),25/06/26 23:00:00,A,PC_HH,NL22,2017,96.23,,
ESTAT:ISOC_R_IACC_H(1.0),25/06/26 23:00:00,A,PC_HH,NL22,2018,99.08,,
ESTAT:ISOC_R_IACC_H(1.0),25/06/26 23:00:00,A,PC_HH,NL22,2019,99.18,,
ESTAT:ISOC_R_IACC_H(1.0),25/06/26 23:00:00,A,PC_HH,NL22,2020,97.22,,
ESTAT:ISOC_R_IACC_H(1.0),25/06/26 23:00:00,A,PC_HH,NL22,2021,98.73,,
ESTAT:ISOC_R_IACC_H(1.0),25/06/26 23:00:00,A,PC_HH,NL22,2022,98.18,,
ESTAT:ISOC_R_IACC_H(1.0),25/06/26 23:00:00,A,PC_HH,NL22,2023,98.39,,
ESTAT:ISOC_R_IACC_H(1.0),25/06/26 23:00:00,A,PC_HH,NL22,2024,99.15,,
ESTAT:ISOC_R_IACC_H(1.0),25/06/26 23:00:00,A,PC_HH,NL22,2025,99.21,,
ESTAT:ISOC_R_IACC_H(1.0),25/06/26 23:00:00,A,PC_HH,NL23,2006,90.52,,
ESTAT:ISOC_R_IACC_H(1.0),25/06/26 23:00:00,A,PC_HH,NL23,2007,85.29,,
ESTAT:ISOC_R_IACC_H(1.0),25/06/26 23:00:00,A,PC_HH,NL23,2008,87.86,,
ESTAT:ISOC_R_IACC_H(1.0),25/06/26 23:00:00,A,PC_HH,NL23,2009,95.34,,
ESTAT:ISOC_R_IACC_H(1.0),25/06/26 23:00:00,A,PC_HH,NL23,2010,96.22,,
ESTAT:ISOC_R_IACC_H(1.0),25/06/26 23:00:00,A,PC_HH,NL23,2011,98.21,,
ESTAT:ISOC_R_IACC_H(1.0),25/06/26 23:00:00,A,PC_HH,NL23,2012,97.60,,
ESTAT:ISOC_R_IACC_H(1.0),25/06/26 23:00:00,A,PC_HH,NL23,2013,96.79,,
ESTAT:ISOC_R_IACC_H(1.0),25/06/26 23:00:00,A,PC_HH,NL23,2014,91.02,,
ESTAT:ISOC_R_IACC_H(1.0),25/06/26 23:00:00,A,PC_HH,NL23,2015,96.32,,
ESTAT:ISOC_R_IACC_H(1.0),25/06/26 23:00:00,A,PC_HH,NL23,2016,100.00,,
ESTAT:ISOC_R_IACC_H(1.0),25/06/26 23:00:00,A,PC_HH,NL23,2017,100.00,,
ESTAT:ISOC_R_IACC_H(1.0),25/06/26 23:00:00,A,PC_HH,NL23,2018,93.01,,
ESTAT:ISOC_R_IACC_H(1.0),25/06/26 23:00:00,A,PC_HH,NL23,2019,99.22,,
ESTAT:ISOC_R_IACC_H(1.0),25/06/26 23:00:00,A,PC_HH,NL23,2020,98.74,,
ESTAT:ISOC_R_IACC_H(1.0),25/06/26 23:00:00,A,PC_HH,NL23,2021,98.23,,
ESTAT:ISOC_R_IACC_H(1.0),25/06/26 23:00:00,A,PC_HH,NL23,2022,94.89,,
ESTAT:ISOC_R_IACC_H(1.0),25/06/26 23:00:00,A,PC_HH,NL23,2023,98.90,,
ESTAT:ISOC_R_IACC_H(1.0),25/06/26 23:00:00,A,PC_HH,NL23,2024,100.00,,
ESTAT:ISOC_R_IACC_H(1.0),25/06/26 23:00:00,A,PC_HH,NL23,2025,98.98,,
ESTAT:ISOC_R_IACC_H(1.0),25/06/26 23:00:00,A,PC_HH,NL3,2006,81.51,,
ESTAT:ISOC_R_IACC_H(1.0),25/06/26 23:00:00,A,PC_HH,NL3,2007,84.31,,
ESTAT:ISOC_R_IACC_H(1.0),25/06/26 23:00:00,A,PC_HH,NL3,2008,87.69,,
ESTAT:ISOC_R_IACC_H(1.0),25/06/26 23:00:00,A,PC_HH,NL3,2009,90.56,,
ESTAT:ISOC_R_IACC_H(1.0),25/06/26 23:00:00,A,PC_HH,NL3,2010,92.21,,
ESTAT:ISOC_R_IACC_H(1.0),25/06/26 23:00:00,A,PC_HH,NL3,2011,93.10,,
ESTAT:ISOC_R_IACC_H(1.0),25/06/26 23:00:00,A,PC_HH,NL3,2012,93.14,,
ESTAT:ISOC_R_IACC_H(1.0),25/06/26 23:00:00,A,PC_HH,NL3,2013,95.08,,
ESTAT:ISOC_R_IACC_H(1.0),25/06/26 23:00:00,A,PC_HH,NL3,2014,95.54,,
ESTAT:ISOC_R_IACC_H(1.0),25/06/26 23:00:00,A,PC_HH,NL3,2015,95.78,,
ESTAT:ISOC_R_IACC_H(1.0),25/06/26 23:00:00,A,PC_HH,NL3,2016,96.55,,
ESTAT:ISOC_R_IACC_H(1.0),25/06/26 23:00:00,A,PC_HH,NL3,2017,98.66,,
ESTAT:ISOC_R_IACC_H(1.0),25/06/26 23:00:00,A,PC_HH,NL3,2018,98.13,,
ESTAT:ISOC_R_IACC_H(1.0),25/06/26 23:00:00,A,PC_HH,NL3,2019,98.66,,
ESTAT:ISOC_R_IACC_H(1.0),25/06/26 23:00:00,A,PC_HH,NL3,2020,96.91,,
ESTAT:ISOC_R_IACC_H(1.0),25/06/26 23:00:00,A,PC_HH,NL3,2021,98.67,,
ESTAT:ISOC_R_IACC_H(1.0),25/06/26 23:00:00,A,PC_HH,NL3,2022,98.52,,
ESTAT:ISOC_R_IACC_H(1.0),25/06/26 23:00:00,A,PC_HH,NL3,2023,98.94,,
ESTAT:ISOC_R_IACC_H(1.0),25/06/26 23:00:00,A,PC_HH,NL3,2024,99.04,,
ESTAT:ISOC_R_IACC_H(1.0),25/06/26 23:00:00,A,PC_HH,NL3,2025,99.27,,
ESTAT:ISOC_R_IACC_H(1.0),25/06/26 23:00:00,A,PC_HH,NL31,2006,88.12,,
ESTAT:ISOC_R_IACC_H(1.0),25/06/26 23:00:00,A,PC_HH,NL31,2007,88.19,,
ESTAT:ISOC_R_IACC_H(1.0),25/06/26 23:00:00,A,PC_HH,NL31,2008,88.64,,
ESTAT:ISOC_R_IACC_H(1.0),25/06/26 23:00:00,A,PC_HH,NL31,2009,94.07,,
ESTAT:ISOC_R_IACC_H(1.0),25/06/26 23:00:00,A,PC_HH,NL31,2010,92.54,,
ESTAT:ISOC_R_IACC_H(1.0),25/06/26 23:00:00,A,PC_HH,NL31,2011,90.96,,
ESTAT:ISOC_R_IACC_H(1.0),25/06/26 23:00:00,A,PC_HH,NL31,2012,91.49,,
ESTAT:ISOC_R_IACC_H(1.0),25/06/26 23:00:00,A,PC_HH,NL31,2013,98.30,,
ESTAT:ISOC_R_IACC_H(1.0),25/06/26 23:00:00,A,PC_HH,NL31,2014,96.68,,
ESTAT:ISOC_R_IACC_H(1.0),25/06/26 23:00:00,A,PC_HH,NL31,2015,96.86,,
ESTAT:ISOC_R_IACC_H(1.0),25/06/26 23:00:00,A,PC_HH,NL31,2016,97.28,,
ESTAT:ISOC_R_IACC_H(1.0),25/06/26 23:00:00,A,PC_HH,NL31,2017,98.01,,
ESTAT:ISOC_R_IACC_H(1.0),25/06/26 23:00:00,A,PC_HH,NL31,2018,96.52,,
ESTAT:ISOC_R_IACC_H(1.0),25/06/26 23:00:00,A,PC_HH,NL31,2019,98.29,,
ESTAT:ISOC_R_IACC_H(1.0),25/06/26 23:00:00,A,PC_HH,NL31,2020,96.93,,
ESTAT:ISOC_R_IACC_H(1.0),25/06/26 23:00:00,A,PC_HH,NL31,2021,99.48,,
ESTAT:ISOC_R_IACC_H(1.0),25/06/26 23:00:00,A,PC_HH,NL31,2022,99.16,,
ESTAT:ISOC_R_IACC_H(1.0),25/06/26 23:00:00,A,PC_HH,NL31,2023,99.53,,
ESTAT:ISOC_R_IACC_H(1.0),25/06/26 23:00:00,A,PC_HH,NL32,2006,81.30,,
ESTAT:ISOC_R_IACC_H(1.0),25/06/26 23:00:00,A,PC_HH,NL32,2007,84.54,,
ESTAT:ISOC_R_IACC_H(1.0),25/06/26 23:00:00,A,PC_HH,NL32,2008,89.66,,
ESTAT:ISOC_R_IACC_H(1.0),25/06/26 23:00:00,A,PC_HH,NL32,2009,91.50,,
ESTAT:ISOC_R_IACC_H(1.0),25/06/26 23:00:00,A,PC_HH,NL32,2010,93.91,,
ESTAT:ISOC_R_IACC_H(1.0),25/06/26 23:00:00,A,PC_HH,NL32,2011,94.65,,
ESTAT:ISOC_R_IACC_H(1.0),25/06/26 23:00:00,A,PC_HH,NL32,2012,94.53,,
ESTAT:ISOC_R_IACC_H(1.0),25/06/26 23:00:00,A,PC_HH,NL32,2013,96.60,,
ESTAT:ISOC_R_IACC_H(1.0),25/06/26 23:00:00,A,PC_HH,NL32,2014,95.20,,
ESTAT:ISOC_R_IACC_H(1.0),25/06/26 23:00:00,A,PC_HH,NL32,2015,95.89,,
ESTAT:ISOC_R_IACC_H(1.0),25/06/26 23:00:00,A,PC_HH,NL32,2016,96.26,,
ESTAT:ISOC_R_IACC_H(1.0),25/06/26 23:00:00,A,PC_HH,NL32,2017,99.05,,
ESTAT:ISOC_R_IACC_H(1.0),25/06/26 23:00:00,A,PC_HH,NL32,2018,98.48,,
ESTAT:ISOC_R_IACC_H(1.0),25/06/26 23:00:00,A,PC_HH,NL32,2019,99.05,,
ESTAT:ISOC_R_IACC_H(1.0),25/06/26 23:00:00,A,PC_HH,NL32,2020,97.88,,
ESTAT:ISOC_R_IACC_H(1.0),25/06/26 23:00:00,A,PC_HH,NL32,2021,98.50,,
ESTAT:ISOC_R_IACC_H(1.0),25/06/26 23:00:00,A,PC_HH,NL32,2022,98.93,,
ESTAT:ISOC_R_IACC_H(1.0),25/06/26 23:00:00,A,PC_HH,NL32,2023,99.42,,
ESTAT:ISOC_R_IACC_H(1.0),25/06/26 23:00:00,A,PC_HH,NL32,2024,98.88,,
ESTAT:ISOC_R_IACC_H(1.0),25/06/26 23:00:00,A,PC_HH,NL32,2025,99.24,,
ESTAT:ISOC_R_IACC_H(1.0),25/06/26 23:00:00,A,PC_HH,NL33,2006,80.64,,
ESTAT:ISOC_R_IACC_H(1.0),25/06/26 23:00:00,A,PC_HH,NL33,2007,83.09,,
ESTAT:ISOC_R_IACC_H(1.0),25/06/26 23:00:00,A,PC_HH,NL33,2008,86.80,,
ESTAT:ISOC_R_IACC_H(1.0),25/06/26 23:00:00,A,PC_HH,NL33,2009,89.10,,
ESTAT:ISOC_R_IACC_H(1.0),25/06/26 23:00:00,A,PC_HH,NL33,2010,91.04,,
ESTAT:ISOC_R_IACC_H(1.0),25/06/26 23:00:00,A,PC_HH,NL33,2011,93.07,,
ESTAT:ISOC_R_IACC_H(1.0),25/06/26 23:00:00,A,PC_HH,NL33,2012,92.38,,
ESTAT:ISOC_R_IACC_H(1.0),25/06/26 23:00:00,A,PC_HH,NL33,2013,93.14,,
ESTAT:ISOC_R_IACC_H(1.0),25/06/26 23:00:00,A,PC_HH,NL33,2014,95.10,,
ESTAT:ISOC_R_IACC_H(1.0),25/06/26 23:00:00,A,PC_HH,NL33,2015,95.54,,
ESTAT:ISOC_R_IACC_H(1.0),25/06/26 23:00:00,A,PC_HH,NL33,2016,96.84,,
ESTAT:ISOC_R_IACC_H(1.0),25/06/26 23:00:00,A,PC_HH,NL33,2017,98.69,,
ESTAT:ISOC_R_IACC_H(1.0),25/06/26 23:00:00,A,PC_HH,NL33,2018,98.51,,
ESTAT:ISOC_R_IACC_H(1.0),25/06/26 23:00:00,A,PC_HH,NL33,2019,98.46,,
ESTAT:ISOC_R_IACC_H(1.0),25/06/26 23:00:00,A,PC_HH,NL33,2020,96.36,,
ESTAT:ISOC_R_IACC_H(1.0),25/06/26 23:00:00,A,PC_HH,NL33,2021,98.39,,
ESTAT:ISOC_R_IACC_H(1.0),25/06/26 23:00:00,A,PC_HH,NL33,2022,98.04,,
ESTAT:ISOC_R_IACC_H(1.0),25/06/26 23:00:00,A,PC_HH,NL33,2023,98.31,,
ESTAT:ISOC_R_IACC_H(1.0),25/06/26 23:00:00,A,PC_HH,NL34,2006,71.20,,
ESTAT:ISOC_R_IACC_H(1.0),25/06/26 23:00:00,A,PC_HH,NL34,2007,82.44,,
ESTAT:ISOC_R_IACC_H(1.0),25/06/26 23:00:00,A,PC_HH,NL34,2008,77.21,,
ESTAT:ISOC_R_IACC_H(1.0),25/06/26 23:00:00,A,PC_HH,NL34,2009,85.88,,
ESTAT:ISOC_R_IACC_H(1.0),25/06/26 23:00:00,A,PC_HH,NL34,2010,88.77,,
ESTAT:ISOC_R_IACC_H(1.0),25/06/26 23:00:00,A,PC_HH,NL34,2011,88.34,,
ESTAT:ISOC_R_IACC_H(1.0),25/06/26 23:00:00,A,PC_HH,NL34,2012,95.50,,
ESTAT:ISOC_R_IACC_H(1.0),25/06/26 23:00:00,A,PC_HH,NL34,2013,91.52,,
ESTAT:ISOC_R_IACC_H(1.0),25/06/26 23:00:00,A,PC_HH,NL34,2014,99.01,,
ESTAT:ISOC_R_IACC_H(1.0),25/06/26 23:00:00,A,PC_HH,NL34,2015,93.51,,
ESTAT:ISOC_R_IACC_H(1.0),25/06/26 23:00:00,A,PC_HH,NL34,2016,93.23,,
ESTAT:ISOC_R_IACC_H(1.0),25/06/26 23:00:00,A,PC_HH,NL34,2017,97.33,,
ESTAT:ISOC_R_IACC_H(1.0),25/06/26 23:00:00,A,PC_HH,NL34,2018,97.11,,
ESTAT:ISOC_R_IACC_H(1.0),25/06/26 23:00:00,A,PC_HH,NL34,2019,98.74,,
ESTAT:ISOC_R_IACC_H(1.0),25/06/26 23:00:00,A,PC_HH,NL34,2020,94.62,,
ESTAT:ISOC_R_IACC_H(1.0),25/06/26 23:00:00,A,PC_HH,NL34,2021,100.00,,
ESTAT:ISOC_R_IACC_H(1.0),25/06/26 23:00:00,A,PC_HH,NL34,2022,97.79,,
ESTAT:ISOC_R_IACC_H(1.0),25/06/26 23:00:00,A,PC_HH,NL34,2023,99.09,,
ESTAT:ISOC_R_IACC_H(1.0),25/06/26 23:00:00,A,PC_HH,NL34,2024,100.00,,
ESTAT:ISOC_R_IACC_H(1.0),25/06/26 23:00:00,A,PC_HH,NL34,2025,98.95,,
ESTAT:ISOC_R_IACC_H(1.0),25/06/26 23:00:00,A,PC_HH,NL35,2024,99.78,,
ESTAT:ISOC_R_IACC_H(1.0),25/06/26 23:00:00,A,PC_HH,NL35,2025,99.64,,
ESTAT:ISOC_R_IACC_H(1.0),25/06/26 23:00:00,A,PC_HH,NL36,2024,98.80,,
ESTAT:ISOC_R_IACC_H(1.0),25/06/26 23:00:00,A,PC_HH,NL36,2025,99.19,,
ESTAT:ISOC_R_IACC_H(1.0),25/06/26 23:00:00,A,PC_HH,NL4,2006,77.49,,
ESTAT:ISOC_R_IACC_H(1.0),25/06/26 23:00:00,A,PC_HH,NL4,2007,79.90,,
ESTAT:ISOC_R_IACC_H(1.0),25/06/26 23:00:00,A,PC_HH,NL4,2008,82.27,,
ESTAT:ISOC_R_IACC_H(1.0),25/06/26 23:00:00,A,PC_HH,NL4,2009,87.66,,
ESTAT:ISOC_R_IACC_H(1.0),25/06/26 23:00:00,A,PC_HH,NL4,2010,89.55,,
ESTAT:ISOC_R_IACC_H(1.0),25/06/26 23:00:00,A,PC_HH,NL4,2011,93.09,,
ESTAT:ISOC_R_IACC_H(1.0),25/06/26 23:00:00,A,PC_HH,NL4,2012,93.34,,
ESTAT:ISOC_R_IACC_H(1.0),25/06/26 23:00:00,A,PC_HH,NL4,2013,94.02,,
ESTAT:ISOC_R_IACC_H(1.0),25/06/26 23:00:00,A,PC_HH,NL4,2014,95.57,,
ESTAT:ISOC_R_IACC_H(1.0),25/06/26 23:00:00,A,PC_HH,NL4,2015,95.96,,
ESTAT:ISOC_R_IACC_H(1.0),25/06/26 23:00:00,A,PC_HH,NL4,2016,96.15,,
ESTAT:ISOC_R_IACC_H(1.0),25/06/26 23:00:00,A,PC_HH,NL4,2017,98.56,,
ESTAT:ISOC_R_IACC_H(1.0),25/06/26 23:00:00,A,PC_HH,NL4,2018,97.92,,
ESTAT:ISOC_R_IACC_H(1.0),25/06/26 23:00:00,A,PC_HH,NL4,2019,98.82,,
ESTAT:ISOC_R_IACC_H(1.0),25/06/26 23:00:00,A,PC_HH,NL4,2020,96.67,,
ESTAT:ISOC_R_IACC_H(1.0),25/06/26 23:00:00,A,PC_HH,NL4,2021,98.38,,
ESTAT:ISOC_R_IACC_H(1.0),25/06/26 23:00:00,A,PC_HH,NL4,2022,97.90,,
ESTAT:ISOC_R_IACC_H(1.0),25/06/26 23:00:00,A,PC_HH,NL4,2023,98.89,,
ESTAT:ISOC_R_IACC_H(1.0),25/06/26 23:00:00,A,PC_HH,NL4,2024,98.91,,
ESTAT:ISOC_R_IACC_H(1.0),25/06/26 23:00:00,A,PC_HH,NL4,2025,99.09,,
ESTAT:ISOC_R_IACC_H(1.0),25/06/26 23:00:00,A,PC_HH,NL41,2006,78.57,,
ESTAT:ISOC_R_IACC_H(1.0),25/06/26 23:00:00,A,PC_HH,NL41,2007,82.91,,
ESTAT:ISOC_R_IACC_H(1.0),25/06/26 23:00:00,A,PC_HH,NL41,2008,83.41,,
ESTAT:ISOC_R_IACC_H(1.0),25/06/26 23:00:00,A,PC_HH,NL41,2009,88.37,,
ESTAT:ISOC_R_IACC_H(1.0),25/06/26 23:00:00,A,PC_HH,NL41,2010,90.50,,
ESTAT:ISOC_R_IACC_H(1.0),25/06/26 23:00:00,A,PC_HH,NL41,2011,92.25,,
ESTAT:ISOC_R_IACC_H(1.0),25/06/26 23:00:00,A,PC_HH,NL41,2012,93.56,,
ESTAT:ISOC_R_IACC_H(1.0),25/06/26 23:00:00,A,PC_HH,NL41,2013,93.01,,
ESTAT:ISOC_R_IACC_H(1.0),25/06/26 23:00:00,A,PC_HH,NL41,2014,95.41,,
ESTAT:ISOC_R_IACC_H(1.0),25/06/26 23:00:00,A,PC_HH,NL41,2015,95.67,,
ESTAT:ISOC_R_IACC_H(1.0),25/06/26 23:00:00,A,PC_HH,NL41,2016,96.67,,
ESTAT:ISOC_R_IACC_H(1.0),25/06/26 23:00:00,A,PC_HH,NL41,2017,98.18,,
ESTAT:ISOC_R_IACC_H(1.0),25/06/26 23:00:00,A,PC_HH,NL41,2018,98.39,,
ESTAT:ISOC_R_IACC_H(1.0),25/06/26 23:00:00,A,PC_HH,NL41,2019,98.66,,
ESTAT:ISOC_R_IACC_H(1.0),25/06/26 23:00:00,A,PC_HH,NL41,2020,96.93,,
ESTAT:ISOC_R_IACC_H(1.0),25/06/26 23:00:00,A,PC_HH,NL41,2021,98.50,,
ESTAT:ISOC_R_IACC_H(1.0),25/06/26 23:00:00,A,PC_HH,NL41,2022,98.26,,
ESTAT:ISOC_R_IACC_H(1.0),25/06/26 23:00:00,A,PC_HH,NL41,2023,98.93,,
ESTAT:ISOC_R_IACC_H(1.0),25/06/26 23:00:00,A,PC_HH,NL41,2024,99.04,,
ESTAT:ISOC_R_IACC_H(1.0),25/06/26 23:00:00,A,PC_HH,NL41,2025,99.55,,
ESTAT:ISOC_R_IACC_H(1.0),25/06/26 23:00:00,A,PC_HH,NL42,2006,75.19,,
ESTAT:ISOC_R_IACC_H(1.0),25/06/26 23:00:00,A,PC_HH,NL42,2007,73.54,,
ESTAT:ISOC_R_IACC_H(1.0),25/06/26 23:00:00,A,PC_HH,NL42,2008,79.88,,
ESTAT:ISOC_R_IACC_H(1.0),25/06/26 23:00:00,A,PC_HH,NL42,2009,86.10,,
ESTAT:ISOC_R_IACC_H(1.0),25/06/26 23:00:00,A,PC_HH,NL42,2010,87.61,,
ESTAT:ISOC_R_IACC_H(1.0),25/06/26 23:00:00,A,PC_HH,NL42,2011,94.79,,
ESTAT:ISOC_R_IACC_H(1.0),25/06/26 23:00:00,A,PC_HH,NL42,2012,92.87,,
ESTAT:ISOC_R_IACC_H(1.0),25/06/26 23:00:00,A,PC_HH,NL42,2013,96.29,,
ESTAT:ISOC_R_IACC_H(1.0),25/06/26 23:00:00,A,PC_HH,NL42,2014,95.89,,
ESTAT:ISOC_R_IACC_H(1.0),25/06/26 23:00:00,A,PC_HH,NL42,2015,96.60,,
ESTAT:ISOC_R_IACC_H(1.0),25/06/26 23:00:00,A,PC_HH,NL42,2016,94.99,,
ESTAT:ISOC_R_IACC_H(1.0),25/06/26 23:00:00,A,PC_HH,NL42,2017,99.35,,
ESTAT:ISOC_R_IACC_H(1.0),25/06/26 23:00:00,A,PC_HH,NL42,2018,96.87,,
ESTAT:ISOC_R_IACC_H(1.0),25/06/26 23:00:00,A,PC_HH,NL42,2019,99.19,,
ESTAT:ISOC_R_IACC_H(1.0),25/06/26 23:00:00,A,PC_HH,NL42,2020,96.07,,
ESTAT:ISOC_R_IACC_H(1.0),25/06/26 23:00:00,A,PC_HH,NL42,2021,98.12,,
ESTAT:ISOC_R_IACC_H(1.0),25/06/26 23:00:00,A,PC_HH,NL42,2022,97.11,,
ESTAT:ISOC_R_IACC_H(1.0),25/06/26 23:00:00,A,PC_HH,NL42,2023,98.81,,
ESTAT:ISOC_R_IACC_H(1.0),25/06/26 23:00:00,A,PC_HH,NL42,2024,98.62,,
ESTAT:ISOC_R_IACC_H(1.0),25/06/26 23:00:00,A,PC_HH,NL42,2025,98.01,,
ESTAT:ISOC_R_IACC_H(1.0),25/06/26 23:00:00,A,PC_HH,NO,2006,68.79,,
ESTAT:ISOC_R_IACC_H(1.0),25/06/26 23:00:00,A,PC_HH,NO,2007,77.59,,
ESTAT:ISOC_R_IACC_H(1.0),25/06/26 23:00:00,A,PC_HH,NO,2008,83.97,,
ESTAT:ISOC_R_IACC_H(1.0),25/06/26 23:00:00,A,PC_HH,NO,2009,85.56,,
ESTAT:ISOC_R_IACC_H(1.0),25/06/26 23:00:00,A,PC_HH,NO,2010,89.79,,
ESTAT:ISOC_R_IACC_H(1.0),25/06/26 23:00:00,A,PC_HH,NO,2011,92.24,,
ESTAT:ISOC_R_IACC_H(1.0),25/06/26 23:00:00,A,PC_HH,NO,2012,92.69,,
ESTAT:ISOC_R_IACC_H(1.0),25/06/26 23:00:00,A,PC_HH,NO,2013,94.29,,
ESTAT:ISOC_R_IACC_H(1.0),25/06/26 23:00:00,A,PC_HH,NO,2014,93.07,,
ESTAT:ISOC_R_IACC_H(1.0),25/06/26 23:00:00,A,PC_HH,NO,2015,96.60,,
ESTAT:ISOC_R_IACC_H(1.0),25/06/26 23:00:00,A,PC_HH,NO,2016,97.05,,
ESTAT:ISOC_R_IACC_H(1.0),25/06/26 23:00:00,A,PC_HH,NO,2017,96.65,,
ESTAT:ISOC_R_IACC_H(1.0),25/06/26 23:00:00,A,PC_HH,NO,2018,96.01,,
ESTAT:ISOC_R_IACC_H(1.0),25/06/26 23:00:00,A,PC_HH,NO,2019,98.38,,
ESTAT:ISOC_R_IACC_H(1.0),25/06/26 23:00:00,A,PC_HH,NO,2020,96.20,,
ESTAT:ISOC_R_IACC_H(1.0),25/06/26 23:00:00,A,PC_HH,NO,2021,98.93,,
ESTAT:ISOC_R_IACC_H(1.0),25/06/26 23:00:00,A,PC_HH,NO,2022,99.01,,
ESTAT:ISOC_R_IACC_H(1.0),25/06/26 23:00:00,A,PC_HH,NO,2023,99.01,,
ESTAT:ISOC_R_IACC_H(1.0),25/06/26 23:00:00,A,PC_HH,NO,2024,98.10,,
ESTAT:ISOC_R_IACC_H(1.0),25/06/26 23:00:00,A,PC_HH,NO,2025,99.04,,
ESTAT:ISOC_R_IACC_H(1.0),25/06/26 23:00:00,A,PC_HH,NO0,2009,85.56,,
ESTAT:ISOC_R_IACC_H(1.0),25/06/26 23:00:00,A,PC_HH,NO0,2010,89.79,,
ESTAT:ISOC_R_IACC_H(1.0),25/06/26 23:00:00,A,PC_HH,NO0,2011,92.24,,
ESTAT:ISOC_R_IACC_H(1.0),25/06/26 23:00:00,A,PC_HH,NO0,2012,92.69,,
ESTAT:ISOC_R_IACC_H(1.0),25/06/26 23:00:00,A,PC_HH,NO0,2013,94.29,,
ESTAT:ISOC_R_IACC_H(1.0),25/06/26 23:00:00,A,PC_HH,NO0,2014,93.07,,
ESTAT:ISOC_R_IACC_H(1.0),25/06/26 23:00:00,A,PC_HH,NO0,2015,96.60,,
ESTAT:ISOC_R_IACC_H(1.0),25/06/26 23:00:00,A,PC_HH,NO0,2016,97.05,,
ESTAT:ISOC_R_IACC_H(1.0),25/06/26 23:00:00,A,PC_HH,NO0,2017,96.65,,
ESTAT:ISOC_R_IACC_H(1.0),25/06/26 23:00:00,A,PC_HH,NO0,2018,96.01,,
ESTAT:ISOC_R_IACC_H(1.0),25/06/26 23:00:00,A,PC_HH,NO0,2019,98.38,,
ESTAT:ISOC_R_IACC_H(1.0),25/06/26 23:00:00,A,PC_HH,NO0,2020,96.20,,
ESTAT:ISOC_R_IACC_H(1.0),25/06/26 23:00:00,A,PC_HH,NO0,2021,98.93,,
ESTAT:ISOC_R_IACC_H(1.0),25/06/26 23:00:00,A,PC_HH,NO0,2022,99.01,,
ESTAT:ISOC_R_IACC_H(1.0),25/06/26 23:00:00,A,PC_HH,NO0,2023,99.01,,
ESTAT:ISOC_R_IACC_H(1.0),25/06/26 23:00:00,A,PC_HH,NO0,2024,98.10,,
ESTAT:ISOC_R_IACC_H(1.0),25/06/26 23:00:00,A,PC_HH,NO0,2025,99.04,,
ESTAT:ISOC_R_IACC_H(1.0),25/06/26 23:00:00,A,PC_HH,NO01,2006,67.50,,
ESTAT:ISOC_R_IACC_H(1.0),25/06/26 23:00:00,A,PC_HH,NO01,2007,80.44,,
ESTAT:ISOC_R_IACC_H(1.0),25/06/26 23:00:00,A,PC_HH,NO01,2008,87.20,,
ESTAT:ISOC_R_IACC_H(1.0),25/06/26 23:00:00,A,PC_HH,NO01,2009,91.91,,
ESTAT:ISOC_R_IACC_H(1.0),25/06/26 23:00:00,A,PC_HH,NO01,2010,91.91,,
ESTAT:ISOC_R_IACC_H(1.0),25/06/26 23:00:00,A,PC_HH,NO01,2011,93.15,,
ESTAT:ISOC_R_IACC_H(1.0),25/06/26 23:00:00,A,PC_HH,NO01,2012,94.48,,
ESTAT:ISOC_R_IACC_H(1.0),25/06/26 23:00:00,A,PC_HH,NO01,2013,96.19,,
ESTAT:ISOC_R_IACC_H(1.0),25/06/26 23:00:00,A,PC_HH,NO01,2014,98.29,,
ESTAT:ISOC_R_IACC_H(1.0),25/06/26 23:00:00,A,PC_HH,NO01,2015,96.61,,
ESTAT:ISOC_R_IACC_H(1.0),25/06/26 23:00:00,A,PC_HH,NO01,2016,96.64,,
ESTAT:ISOC_R_IACC_H(1.0),25/06/26 23:00:00,A,PC_HH,NO01,2017,97.75,,
ESTAT:ISOC_R_IACC_H(1.0),25/06/26 23:00:00,A,PC_HH,NO01,2018,96.06,,
ESTAT:ISOC_R_IACC_H(1.0),25/06/26 23:00:00,A,PC_HH,NO01,2019,99.38,,
ESTAT:ISOC_R_IACC_H(1.0),25/06/26 23:00:00,A,PC_HH,NO01,2020,99.13,,
ESTAT:ISOC_R_IACC_H(1.0),25/06/26 23:00:00,A,PC_HH,NO02,2006,69.41,,
ESTAT:ISOC_R_IACC_H(1.0),25/06/26 23:00:00,A,PC_HH,NO02,2007,60.94,,
ESTAT:ISOC_R_IACC_H(1.0),25/06/26 23:00:00,A,PC_HH,NO02,2008,84.36,,
ESTAT:ISOC_R_IACC_H(1.0),25/06/26 23:00:00,A,PC_HH,NO02,2009,78.58,,
ESTAT:ISOC_R_IACC_H(1.0),25/06/26 23:00:00,A,PC_HH,NO02,2010,87.98,,
ESTAT:ISOC_R_IACC_H(1.0),25/06/26 23:00:00,A,PC_HH,NO02,2011,87.48,,
ESTAT:ISOC_R_IACC_H(1.0),25/06/26 23:00:00,A,PC_HH,NO02,2012,87.42,,
ESTAT:ISOC_R_IACC_H(1.0),25/06/26 23:00:00,A,PC_HH,NO02,2013,95.28,,
ESTAT:ISOC_R_IACC_H(1.0),25/06/26 23:00:00,A,PC_HH,NO02,2014,85.42,,
ESTAT:ISOC_R_IACC_H(1.0),25/06/26 23:00:00,A,PC_HH,NO02,2015,99.21,,
ESTAT:ISOC_R_IACC_H(1.0),25/06/26 23:00:00,A,PC_HH,NO02,2016,93.71,,
ESTAT:ISOC_R_IACC_H(1.0),25/06/26 23:00:00,A,PC_HH,NO02,2017,97.06,,
ESTAT:ISOC_R_IACC_H(1.0),25/06/26 23:00:00,A,PC_HH,NO02,2018,99.38,,
ESTAT:ISOC_R_IACC_H(1.0),25/06/26 23:00:00,A,PC_HH,NO02,2019,100.00,,
ESTAT:ISOC_R_IACC_H(1.0),25/06/26 23:00:00,A,PC_HH,NO02,2020,81.63,,
ESTAT:ISOC_R_IACC_H(1.0),25/06/26 23:00:00,A,PC_HH,NO02,2021,100.00,,
ESTAT:ISOC_R_IACC_H(1.0),25/06/26 23:00:00,A,PC_HH,NO02,2022,100.00,,
ESTAT:ISOC_R_IACC_H(1.0),25/06/26 23:00:00,A,PC_HH,NO02,2023,99.52,,
ESTAT:ISOC_R_IACC_H(1.0),25/06/26 23:00:00,A,PC_HH,NO02,2024,99.48,,
ESTAT:ISOC_R_IACC_H(1.0),25/06/26 23:00:00,A,PC_HH,NO02,2025,98.75,,
ESTAT:ISOC_R_IACC_H(1.0),25/06/26 23:00:00,A,PC_HH,NO03,2006,65.90,,
ESTAT:ISOC_R_IACC_H(1.0),25/06/26 23:00:00,A,PC_HH,NO03,2007,73.69,,
ESTAT:ISOC_R_IACC_H(1.0),25/06/26 23:00:00,A,PC_HH,NO03,2008,81.08,,
ESTAT:ISOC_R_IACC_H(1.0),25/06/26 23:00:00,A,PC_HH,NO03,2009,85.02,,
ESTAT:ISOC_R_IACC_H(1.0),25/06/26 23:00:00,A,PC_HH,NO03,2010,89.04,,
ESTAT:ISOC_R_IACC_H(1.0),25/06/26 23:00:00,A,PC_HH,NO03,2011,90.34,,
ESTAT:ISOC_R_IACC_H(1.0),25/06/26 23:00:00,A,PC_HH,NO03,2012,92.18,,
ESTAT:ISOC_R_IACC_H(1.0),25/06/26 23:00:00,A,PC_HH,NO03,2013,92.99,,
ESTAT:ISOC_R_IACC_H(1.0),25/06/26 23:00:00,A,PC_HH,NO03,2014,93.04,,
ESTAT:ISOC_R_IACC_H(1.0),25/06/26 23:00:00,A,PC_HH,NO03,2015,98.04,,
ESTAT:ISOC_R_IACC_H(1.0),25/06/26 23:00:00,A,PC_HH,NO03,2016,97.31,,
ESTAT:ISOC_R_IACC_H(1.0),25/06/26 23:00:00,A,PC_HH,NO03,2017,98.06,,
ESTAT:ISOC_R_IACC_H(1.0),25/06/26 23:00:00,A,PC_HH,NO03,2018,94.75,,
ESTAT:ISOC_R_IACC_H(1.0),25/06/26 23:00:00,A,PC_HH,NO03,2019,98.65,,
ESTAT:ISOC_R_IACC_H(1.0),25/06/26 23:00:00,A,PC_HH,NO03,2020,94.93,,
ESTAT:ISOC_R_IACC_H(1.0),25/06/26 23:00:00,A,PC_HH,NO04,2006,69.52,,
ESTAT:ISOC_R_IACC_H(1.0),25/06/26 23:00:00,A,PC_HH,NO04,2007,85.91,,
ESTAT:ISOC_R_IACC_H(1.0),25/06/26 23:00:00,A,PC_HH,NO04,2008,77.73,,
ESTAT:ISOC_R_IACC_H(1.0),25/06/26 23:00:00,A,PC_HH,NO04,2009,86.18,,
ESTAT:ISOC_R_IACC_H(1.0),25/06/26 23:00:00,A,PC_HH,NO04,2010,86.51,,
ESTAT:ISOC_R_IACC_H(1.0),25/06/26 23:00:00,A,PC_HH,NO04,2011,88.95,,
ESTAT:ISOC_R_IACC_H(1.0),25/06/26 23:00:00,A,PC_HH,NO04,2012,95.33,,
ESTAT:ISOC_R_IACC_H(1.0),25/06/26 23:00:00,A,PC_HH,NO04,2013,89.50,,
ESTAT:ISOC_R_IACC_H(1.0),25/06/26 23:00:00,A,PC_HH,NO04,2014,89.12,,
ESTAT:ISOC_R_IACC_H(1.0),25/06/26 23:00:00,A,PC_HH,NO04,2015,93.10,,
ESTAT:ISOC_R_IACC_H(1.0),25/06/26 23:00:00,A,PC_HH,NO04,2016,98.76,,
ESTAT:ISOC_R_IACC_H(1.0),25/06/26 23:00:00,A,PC_HH,NO04,2017,97.32,,
ESTAT:ISOC_R_IACC_H(1.0),25/06/26 23:00:00,A,PC_HH,NO04,2018,100.00,,
ESTAT:ISOC_R_IACC_H(1.0),25/06/26 23:00:00,A,PC_HH,NO04,2019,100.00,,
ESTAT:ISOC_R_IACC_H(1.0),25/06/26 23:00:00,A,PC_HH,NO04,2020,95.51,,
ESTAT:ISOC_R_IACC_H(1.0),25/06/26 23:00:00,A,PC_HH,NO05,2006,70.65,,
ESTAT:ISOC_R_IACC_H(1.0),25/06/26 23:00:00,A,PC_HH,NO05,2007,82.91,,
ESTAT:ISOC_R_IACC_H(1.0),25/06/26 23:00:00,A,PC_HH,NO05,2008,86.89,,
ESTAT:ISOC_R_IACC_H(1.0),25/06/26 23:00:00,A,PC_HH,NO05,2009,77.21,,
ESTAT:ISOC_R_IACC_H(1.0),25/06/26 23:00:00,A,PC_HH,NO05,2010,94.62,,
ESTAT:ISOC_R_IACC_H(1.0),25/06/26 23:00:00,A,PC_HH,NO05,2011,93.99,,
ESTAT:ISOC_R_IACC_H(1.0),25/06/26 23:00:00,A,PC_HH,NO05,2012,92.19,,
ESTAT:ISOC_R_IACC_H(1.0),25/06/26 23:00:00,A,PC_HH,NO05,2013,95.09,,
ESTAT:ISOC_R_IACC_H(1.0),25/06/26 23:00:00,A,PC_HH,NO05,2014,94.85,,
ESTAT:ISOC_R_IACC_H(1.0),25/06/26 23:00:00,A,PC_HH,NO05,2015,98.22,,
ESTAT:ISOC_R_IACC_H(1.0),25/06/26 23:00:00,A,PC_HH,NO05,2016,100.00,,
ESTAT:ISOC_R_IACC_H(1.0),25/06/26 23:00:00,A,PC_HH,NO05,2017,96.15,,
ESTAT:ISOC_R_IACC_H(1.0),25/06/26 23:00:00,A,PC_HH,NO05,2018,95.98,,
ESTAT:ISOC_R_IACC_H(1.0),25/06/26 23:00:00,A,PC_HH,NO05,2019,96.89,,
ESTAT:ISOC_R_IACC_H(1.0),25/06/26 23:00:00,A,PC_HH,NO05,2020,96.22,,
ESTAT:ISOC_R_IACC_H(1.0),25/06/26 23:00:00,A,PC_HH,NO06,2006,74.97,,
ESTAT:ISOC_R_IACC_H(1.0),25/06/26 23:00:00,A,PC_HH,NO06,2007,72.49,,
ESTAT:ISOC_R_IACC_H(1.0),25/06/26 23:00:00,A,PC_HH,NO06,2008,85.32,,
ESTAT:ISOC_R_IACC_H(1.0),25/06/26 23:00:00,A,PC_HH,NO06,2009,90.87,,
ESTAT:ISOC_R_IACC_H(1.0),25/06/26 23:00:00,A,PC_HH,NO06,2010,86.29,,
ESTAT:ISOC_R_IACC_H(1.0),25/06/26 23:00:00,A,PC_HH,NO06,2011,95.80,,
ESTAT:ISOC_R_IACC_H(1.0),25/06/26 23:00:00,A,PC_HH,NO06,2012,90.88,,
ESTAT:ISOC_R_IACC_H(1.0),25/06/26 23:00:00,A,PC_HH,NO06,2013,98.32,,
ESTAT:ISOC_R_IACC_H(1.0),25/06/26 23:00:00,A,PC_HH,NO06,2014,85.65,,
ESTAT:ISOC_R_IACC_H(1.0),25/06/26 23:00:00,A,PC_HH,NO06,2015,90.63,,
ESTAT:ISOC_R_IACC_H(1.0),25/06/26 23:00:00,A,PC_HH,NO06,2016,100.00,,
ESTAT:ISOC_R_IACC_H(1.0),25/06/26 23:00:00,A,PC_HH,NO06,2017,88.81,,
ESTAT:ISOC_R_IACC_H(1.0),25/06/26 23:00:00,A,PC_HH,NO06,2018,94.26,,
ESTAT:ISOC_R_IACC_H(1.0),25/06/26 23:00:00,A,PC_HH,NO06,2019,94.82,,
ESTAT:ISOC_R_IACC_H(1.0),25/06/26 23:00:00,A,PC_HH,NO06,2020,100.00,,
ESTAT:ISOC_R_IACC_H(1.0),25/06/26 23:00:00,A,PC_HH,NO06,2021,100.00,,
ESTAT:ISOC_R_IACC_H(1.0),25/06/26 23:00:00,A,PC_HH,NO06,2022,96.90,,
ESTAT:ISOC_R_IACC_H(1.0),25/06/26 23:00:00,A,PC_HH,NO06,2023,98.86,,
ESTAT:ISOC_R_IACC_H(1.0),25/06/26 23:00:00,A,PC_HH,NO06,2024,97.38,,
ESTAT:ISOC_R_IACC_H(1.0),25/06/26 23:00:00,A,PC_HH,NO06,2025,99.63,,
ESTAT:ISOC_R_IACC_H(1.0),25/06/26 23:00:00,A,PC_HH,NO07,2006,66.70,,
ESTAT:ISOC_R_IACC_H(1.0),25/06/26 23:00:00,A,PC_HH,NO07,2007,75.87,,
ESTAT:ISOC_R_IACC_H(1.0),25/06/26 23:00:00,A,PC_HH,NO07,2008,83.43,,
ESTAT:ISOC_R_IACC_H(1.0),25/06/26 23:00:00,A,PC_HH,NO07,2009,85.52,,
ESTAT:ISOC_R_IACC_H(1.0),25/06/26 23:00:00,A,PC_HH,NO07,2010,87.28,,
ESTAT:ISOC_R_IACC_H(1.0),25/06/26 23:00:00,A,PC_HH,NO07,2011,94.44,,
ESTAT:ISOC_R_IACC_H(1.0),25/06/26 23:00:00,A,PC_HH,NO07,2012,92.84,,
ESTAT:ISOC_R_IACC_H(1.0),25/06/26 23:00:00,A,PC_HH,NO07,2013,92.72,,
ESTAT:ISOC_R_IACC_H(1.0),25/06/26 23:00:00,A,PC_HH,NO07,2014,95.50,,
ESTAT:ISOC_R_IACC_H(1.0),25/06/26 23:00:00,A,PC_HH,NO07,2015,99.19,,
ESTAT:ISOC_R_IACC_H(1.0),25/06/26 23:00:00,A,PC_HH,NO07,2016,91.79,,
ESTAT:ISOC_R_IACC_H(1.0),25/06/26 23:00:00,A,PC_HH,NO07,2017,98.61,,
ESTAT:ISOC_R_IACC_H(1.0),25/06/26 23:00:00,A,PC_HH,NO07,2018,90.90,,
ESTAT:ISOC_R_IACC_H(1.0),25/06/26 23:00:00,A,PC_HH,NO07,2019,98.44,,
ESTAT:ISOC_R_IACC_H(1.0),25/06/26 23:00:00,A,PC_HH,NO07,2020,100.00,,
ESTAT:ISOC_R_IACC_H(1.0),25/06/26 23:00:00,A,PC_HH,NO07,2021,99.73,,
ESTAT:ISOC_R_IACC_H(1.0),25/06/26 23:00:00,A,PC_HH,NO07,2022,98.57,,
ESTAT:ISOC_R_IACC_H(1.0),25/06/26 23:00:00,A,PC_HH,NO07,2023,100.00,,
ESTAT:ISOC_R_IACC_H(1.0),25/06/26 23:00:00,A,PC_HH,NO07,2024,99.16,,
ESTAT:ISOC_R_IACC_H(1.0),25/06/26 23:00:00,A,PC_HH,NO07,2025,98.81,,
ESTAT:ISOC_R_IACC_H(1.0),25/06/26 23:00:00,A,PC_HH,NO08,2021,98.84,,
ESTAT:ISOC_R_IACC_H(1.0),25/06/26 23:00:00,A,PC_HH,NO08,2022,99.66,,
ESTAT:ISOC_R_IACC_H(1.0),25/06/26 23:00:00,A,PC_HH,NO08,2023,98.89,,
ESTAT:ISOC_R_IACC_H(1.0),25/06/26 23:00:00,A,PC_HH,NO08,2024,98.10,,
ESTAT:ISOC_R_IACC_H(1.0),25/06/26 23:00:00,A,PC_HH,NO08,2025,99.01,,
ESTAT:ISOC_R_IACC_H(1.0),25/06/26 23:00:00,A,PC_HH,NO09,2021,98.32,,
ESTAT:ISOC_R_IACC_H(1.0),25/06/26 23:00:00,A,PC_HH,NO09,2022,99.76,,
ESTAT:ISOC_R_IACC_H(1.0),25/06/26 23:00:00,A,PC_HH,NO09,2023,99.49,,
ESTAT:ISOC_R_IACC_H(1.0),25/06/26 23:00:00,A,PC_HH,NO09,2024,97.16,,
ESTAT:ISOC_R_IACC_H(1.0),25/06/26 23:00:00,A,PC_HH,NO09,2025,100.00,,
ESTAT:ISOC_R_IACC_H(1.0),25/06/26 23:00:00,A,PC_HH,NO0A,2021,98.35,,
ESTAT:ISOC_R_IACC_H(1.0),25/06/26 23:00:00,A,PC_HH,NO0A,2022,98.32,,
ESTAT:ISOC_R_IACC_H(1.0),25/06/26 23:00:00,A,PC_HH,NO0A,2023,98.48,,
ESTAT:ISOC_R_IACC_H(1.0),25/06/26 23:00:00,A,PC_HH,NO0A,2024,98.11,,
ESTAT:ISOC_R_IACC_H(1.0),25/06/26 23:00:00,A,PC_HH,NO0A,2025,98.55,,
ESTAT:ISOC_R_IACC_H(1.0),25/06/26 23:00:00,A,PC_HH,PL,2006,35.94,,
ESTAT:ISOC_R_IACC_H(1.0),25/06/26 23:00:00,A,PC_HH,PL,2007,40.98,,
ESTAT:ISOC_R_IACC_H(1.0),25/06/26 23:00:00,A,PC_HH,PL,2008,47.60,,
ESTAT:ISOC_R_IACC_H(1.0),25/06/26 23:00:00,A,PC_HH,PL,2009,58.59,,
ESTAT:ISOC_R_IACC_H(1.0),25/06/26 23:00:00,A,PC_HH,PL,2010,63.44,,
ESTAT:ISOC_R_IACC_H(1.0),25/06/26 23:00:00,A,PC_HH,PL,2011,66.64,,
ESTAT:ISOC_R_IACC_H(1.0),25/06/26 23:00:00,A,PC_HH,PL,2012,70.49,,
ESTAT:ISOC_R_IACC_H(1.0),25/06/26 23:00:00,A,PC_HH,PL,2013,71.90,,
ESTAT:ISOC_R_IACC_H(1.0),25/06/26 23:00:00,A,PC_HH,PL,2014,74.76,,
ESTAT:ISOC_R_IACC_H(1.0),25/06/26 23:00:00,A,PC_HH,PL,2015,75.78,,
ESTAT:ISOC_R_IACC_H(1.0),25/06/26 23:00:00,A,PC_HH,PL,2016,80.45,,
ESTAT:ISOC_R_IACC_H(1.0),25/06/26 23:00:00,A,PC_HH,PL,2017,81.88,,
ESTAT:ISOC_R_IACC_H(1.0),25/06/26 23:00:00,A,PC_HH,PL,2018,84.19,,
ESTAT:ISOC_R_IACC_H(1.0),25/06/26 23:00:00,A,PC_HH,PL,2019,86.75,,
ESTAT:ISOC_R_IACC_H(1.0),25/06/26 23:00:00,A,PC_HH,PL,2020,90.38,,
ESTAT:ISOC_R_IACC_H(1.0),25/06/26 23:00:00,A,PC_HH,PL,2021,92.42,,
ESTAT:ISOC_R_IACC_H(1.0),25/06/26 23:00:00,A,PC_HH,PL,2022,93.33,,
ESTAT:ISOC_R_IACC_H(1.0),25/06/26 23:00:00,A,PC_HH,PL,2023,93.30,,
ESTAT:ISOC_R_IACC_H(1.0),25/06/26 23:00:00,A,PC_HH,PL,2024,95.89,,
ESTAT:ISOC_R_IACC_H(1.0),25/06/26 23:00:00,A,PC_HH,PL,2025,96.20,,
ESTAT:ISOC_R_IACC_H(1.0),25/06/26 23:00:00,A,PC_HH,PL1,2007,41.43,,
ESTAT:ISOC_R_IACC_H(1.0),25/06/26 23:00:00,A,PC_HH,PL1,2008,47.15,,
ESTAT:ISOC_R_IACC_H(1.0),25/06/26 23:00:00,A,PC_HH,PL1,2009,57.45,,
ESTAT:ISOC_R_IACC_H(1.0),25/06/26 23:00:00,A,PC_HH,PL1,2010,65.26,,
ESTAT:ISOC_R_IACC_H(1.0),25/06/26 23:00:00,A,PC_HH,PL1,2011,67.55,,
ESTAT:ISOC_R_IACC_H(1.0),25/06/26 23:00:00,A,PC_HH,PL1,2012,72.80,,
ESTAT:ISOC_R_IACC_H(1.0),25/06/26 23:00:00,A,PC_HH,PL1,2013,72.77,,
ESTAT:ISOC_R_IACC_H(1.0),25/06/26 23:00:00,A,PC_HH,PL1,2014,75.83,,
ESTAT:ISOC_R_IACC_H(1.0),25/06/26 23:00:00,A,PC_HH,PL1,2015,76.44,,
ESTAT:ISOC_R_IACC_H(1.0),25/06/26 23:00:00,A,PC_HH,PL1,2016,82.41,,
ESTAT:ISOC_R_IACC_H(1.0),25/06/26 23:00:00,A,PC_HH,PL1,2017,83.69,,
ESTAT:ISOC_R_IACC_H(1.0),25/06/26 23:00:00,A,PC_HH,PL2,2007,40.86,,
ESTAT:ISOC_R_IACC_H(1.0),25/06/26 23:00:00,A,PC_HH,PL2,2008,49.16,,
ESTAT:ISOC_R_IACC_H(1.0),25/06/26 23:00:00,A,PC_HH,PL2,2009,59.57,,
ESTAT:ISOC_R_IACC_H(1.0),25/06/26 23:00:00,A,PC_HH,PL2,2010,61.68,,
ESTAT:ISOC_R_IACC_H(1.0),25/06/26 23:00:00,A,PC_HH,PL2,2011,66.36,,
ESTAT:ISOC_R_IACC_H(1.0),25/06/26 23:00:00,A,PC_HH,PL2,2012,71.67,,
ESTAT:ISOC_R_IACC_H(1.0),25/06/26 23:00:00,A,PC_HH,PL2,2013,72.35,,
ESTAT:ISOC_R_IACC_H(1.0),25/06/26 23:00:00,A,PC_HH,PL2,2014,72.78,,
ESTAT:ISOC_R_IACC_H(1.0),25/06/26 23:00:00,A,PC_HH,PL2,2015,74.26,,
ESTAT:ISOC_R_IACC_H(1.0),25/06/26 23:00:00,A,PC_HH,PL2,2016,80.03,,
ESTAT:ISOC_R_IACC_H(1.0),25/06/26 23:00:00,A,PC_HH,PL2,2017,81.35,,
ESTAT:ISOC_R_IACC_H(1.0),25/06/26 23:00:00,A,PC_HH,PL2,2018,83.28,,
ESTAT:ISOC_R_IACC_H(1.0),25/06/26 23:00:00,A,PC_HH,PL2,2019,87.77,,
ESTAT:ISOC_R_IACC_H(1.0),25/06/26 23:00:00,A,PC_HH,PL2,2020,90.50,,
ESTAT:ISOC_R_IACC_H(1.0),25/06/26 23:00:00,A,PC_HH,PL2,2021,92.99,,
ESTAT:ISOC_R_IACC_H(1.0),25/06/26 23:00:00,A,PC_HH,PL2,2022,93.57,,
ESTAT:ISOC_R_IACC_H(1.0),25/06/26 23:00:00,A,PC_HH,PL2,2023,94.10,,
ESTAT:ISOC_R_IACC_H(1.0),25/06/26 23:00:00,A,PC_HH,PL2,2024,96.04,,
ESTAT:ISOC_R_IACC_H(1.0),25/06/26 23:00:00,A,PC_HH,PL2,2025,96.53,,
ESTAT:ISOC_R_IACC_H(1.0),25/06/26 23:00:00,A,PC_HH,PL21,2023,94.45,,
ESTAT:ISOC_R_IACC_H(1.0),25/06/26 23:00:00,A,PC_HH,PL21,2024,95.65,,
ESTAT:ISOC_R_IACC_H(1.0),25/06/26 23:00:00,A,PC_HH,PL21,2025,97.05,,
ESTAT:ISOC_R_IACC_H(1.0),25/06/26 23:00:00,A,PC_HH,PL22,2023,93.84,,
ESTAT:ISOC_R_IACC_H(1.0),25/06/26 23:00:00,A,PC_HH,PL22,2024,96.28,,
ESTAT:ISOC_R_IACC_H(1.0),25/06/26 23:00:00,A,PC_HH,PL22,2025,96.14,,
ESTAT:ISOC_R_IACC_H(1.0),25/06/26 23:00:00,A,PC_HH,PL3,2007,36.80,,
ESTAT:ISOC_R_IACC_H(1.0),25/06/26 23:00:00,A,PC_HH,PL3,2008,44.28,,
ESTAT:ISOC_R_IACC_H(1.0),25/06/26 23:00:00,A,PC_HH,PL3,2009,54.78,,
ESTAT:ISOC_R_IACC_H(1.0),25/06/26 23:00:00,A,PC_HH,PL3,2010,58.02,,
ESTAT:ISOC_R_IACC_H(1.0),25/06/26 23:00:00,A,PC_HH,PL3,2011,63.76,,
ESTAT:ISOC_R_IACC_H(1.0),25/06/26 23:00:00,A,PC_HH,PL3,2012,70.70,,
ESTAT:ISOC_R_IACC_H(1.0),25/06/26 23:00:00,A,PC_HH,PL3,2013,71.70,,
ESTAT:ISOC_R_IACC_H(1.0),25/06/26 23:00:00,A,PC_HH,PL3,2014,74.35,,
ESTAT:ISOC_R_IACC_H(1.0),25/06/26 23:00:00,A,PC_HH,PL3,2015,77.25,,
ESTAT:ISOC_R_IACC_H(1.0),25/06/26 23:00:00,A,PC_HH,PL3,2016,77.91,,
ESTAT:ISOC_R_IACC_H(1.0),25/06/26 23:00:00,A,PC_HH,PL3,2017,79.21,,
ESTAT:ISOC_R_IACC_H(1.0),25/06/26 23:00:00,A,PC_HH,PL4,2007,42.08,,
ESTAT:ISOC_R_IACC_H(1.0),25/06/26 23:00:00,A,PC_HH,PL4,2008,50.09,,
ESTAT:ISOC_R_IACC_H(1.0),25/06/26 23:00:00,A,PC_HH,PL4,2009,63.04,,
ESTAT:ISOC_R_IACC_H(1.0),25/06/26 23:00:00,A,PC_HH,PL4,2010,66.57,,
ESTAT:ISOC_R_IACC_H(1.0),25/06/26 23:00:00,A,PC_HH,PL4,2011,68.81,,
ESTAT:ISOC_R_IACC_H(1.0),25/06/26 23:00:00,A,PC_HH,PL4,2012,70.24,,
ESTAT:ISOC_R_IACC_H(1.0),25/06/26 23:00:00,A,PC_HH,PL4,2013,72.43,,
ESTAT:ISOC_R_IACC_H(1.0),25/06/26 23:00:00,A,PC_HH,PL4,2014,74.20,,
ESTAT:ISOC_R_IACC_H(1.0),25/06/26 23:00:00,A,PC_HH,PL4,2015,78.30,,
ESTAT:ISOC_R_IACC_H(1.0),25/06/26 23:00:00,A,PC_HH,PL4,2016,80.88,,
ESTAT:ISOC_R_IACC_H(1.0),25/06/26 23:00:00,A,PC_HH,PL4,2017,81.83,,
ESTAT:ISOC_R_IACC_H(1.0),25/06/26 23:00:00,A,PC_HH,PL4,2018,85.60,,
ESTAT:ISOC_R_IACC_H(1.0),25/06/26 23:00:00,A,PC_HH,PL4,2019,86.76,,
ESTAT:ISOC_R_IACC_H(1.0),25/06/26 23:00:00,A,PC_HH,PL4,2020,90.64,,
ESTAT:ISOC_R_IACC_H(1.0),25/06/26 23:00:00,A,PC_HH,PL4,2021,92.82,,
ESTAT:ISOC_R_IACC_H(1.0),25/06/26 23:00:00,A,PC_HH,PL4,2022,92.30,,
ESTAT:ISOC_R_IACC_H(1.0),25/06/26 23:00:00,A,PC_HH,PL4,2023,91.72,,
ESTAT:ISOC_R_IACC_H(1.0),25/06/26 23:00:00,A,PC_HH,PL4,2024,96.09,,
ESTAT:ISOC_R_IACC_H(1.0),25/06/26 23:00:00,A,PC_HH,PL4,2025,96.87,,
ESTAT:ISOC_R_IACC_H(1.0),25/06/26 23:00:00,A,PC_HH,PL41,2023,93.73,,
ESTAT:ISOC_R_IACC_H(1.0),25/06/26 23:00:00,A,PC_HH,PL41,2024,97.03,,
ESTAT:ISOC_R_IACC_H(1.0),25/06/26 23:00:00,A,PC_HH,PL41,2025,97.75,,
ESTAT:ISOC_R_IACC_H(1.0),25/06/26 23:00:00,A,PC_HH,PL42,2023,86.68,,
ESTAT:ISOC_R_IACC_H(1.0),25/06/26 23:00:00,A,PC_HH,PL42,2024,93.76,,
ESTAT:ISOC_R_IACC_H(1.0),25/06/26 23:00:00,A,PC_HH,PL42,2025,95.85,,
ESTAT:ISOC_R_IACC_H(1.0),25/06/26 23:00:00,A,PC_HH,PL43,2023,91.16,,
ESTAT:ISOC_R_IACC_H(1.0),25/06/26 23:00:00,A,PC_HH,PL43,2024,96.37,,
ESTAT:ISOC_R_IACC_H(1.0),25/06/26 23:00:00,A,PC_HH,PL43,2025,95.87,,
ESTAT:ISOC_R_IACC_H(1.0),25/06/26 23:00:00,A,PC_HH,PL5,2007,41.36,,
ESTAT:ISOC_R_IACC_H(1.0),25/06/26 23:00:00,A,PC_HH,PL5,2008,48.51,,
ESTAT:ISOC_R_IACC_H(1.0),25/06/26 23:00:00,A,PC_HH,PL5,2009,58.98,,
ESTAT:ISOC_R_IACC_H(1.0),25/06/26 23:00:00,A,PC_HH,PL5,2010,64.93,,
ESTAT:ISOC_R_IACC_H(1.0),25/06/26 23:00:00,A,PC_HH,PL5,2011,68.58,,
ESTAT:ISOC_R_IACC_H(1.0),25/06/26 23:00:00,A,PC_HH,PL5,2012,65.77,,
ESTAT:ISOC_R_IACC_H(1.0),25/06/26 23:00:00,A,PC_HH,PL5,2013,66.79,,
ESTAT:ISOC_R_IACC_H(1.0),25/06/26 23:00:00,A,PC_HH,PL5,2014,74.94,,
ESTAT:ISOC_R_IACC_H(1.0),25/06/26 23:00:00,A,PC_HH,PL5,2015,75.03,,
ESTAT:ISOC_R_IACC_H(1.0),25/06/26 23:00:00,A,PC_HH,PL5,2016,81.08,,
ESTAT:ISOC_R_IACC_H(1.0),25/06/26 23:00:00,A,PC_HH,PL5,2017,80.64,,
ESTAT:ISOC_R_IACC_H(1.0),25/06/26 23:00:00,A,PC_HH,PL5,2018,81.69,,
ESTAT:ISOC_R_IACC_H(1.0),25/06/26 23:00:00,A,PC_HH,PL5,2019,88.32,,
ESTAT:ISOC_R_IACC_H(1.0),25/06/26 23:00:00,A,PC_HH,PL5,2020,90.63,,
ESTAT:ISOC_R_IACC_H(1.0),25/06/26 23:00:00,A,PC_HH,PL5,2021,93.42,,
ESTAT:ISOC_R_IACC_H(1.0),25/06/26 23:00:00,A,PC_HH,PL5,2022,93.33,,
ESTAT:ISOC_R_IACC_H(1.0),25/06/26 23:00:00,A,PC_HH,PL5,2023,94.18,,
ESTAT:ISOC_R_IACC_H(1.0),25/06/26 23:00:00,A,PC_HH,PL5,2024,95.87,,
ESTAT:ISOC_R_IACC_H(1.0),25/06/26 23:00:00,A,PC_HH,PL5,2025,96.15,,
ESTAT:ISOC_R_IACC_H(1.0),25/06/26 23:00:00,A,PC_HH,PL51,2023,93.91,,
ESTAT:ISOC_R_IACC_H(1.0),25/06/26 23:00:00,A,PC_HH,PL51,2024,96.07,,
ESTAT:ISOC_R_IACC_H(1.0),25/06/26 23:00:00,A,PC_HH,PL51,2025,96.21,,
ESTAT:ISOC_R_IACC_H(1.0),25/06/26 23:00:00,A,PC_HH,PL52,2023,95.10,,
ESTAT:ISOC_R_IACC_H(1.0),25/06/26 23:00:00,A,PC_HH,PL52,2024,95.14,,
ESTAT:ISOC_R_IACC_H(1.0),25/06/26 23:00:00,A,PC_HH,PL52,2025,95.97,,
ESTAT:ISOC_R_IACC_H(1.0),25/06/26 23:00:00,A,PC_HH,PL6,2007,43.59,,
ESTAT:ISOC_R_IACC_H(1.0),25/06/26 23:00:00,A,PC_HH,PL6,2008,47.04,,
ESTAT:ISOC_R_IACC_H(1.0),25/06/26 23:00:00,A,PC_HH,PL6,2009,58.92,,
ESTAT:ISOC_R_IACC_H(1.0),25/06/26 23:00:00,A,PC_HH,PL6,2010,64.95,,
ESTAT:ISOC_R_IACC_H(1.0),25/06/26 23:00:00,A,PC_HH,PL6,2011,65.25,,
ESTAT:ISOC_R_IACC_H(1.0),25/06/26 23:00:00,A,PC_HH,PL6,2012,68.57,,
ESTAT:ISOC_R_IACC_H(1.0),25/06/26 23:00:00,A,PC_HH,PL6,2013,73.23,,
ESTAT:ISOC_R_IACC_H(1.0),25/06/26 23:00:00,A,PC_HH,PL6,2014,76.74,,
ESTAT:ISOC_R_IACC_H(1.0),25/06/26 23:00:00,A,PC_HH,PL6,2015,73.51,,
ESTAT:ISOC_R_IACC_H(1.0),25/06/26 23:00:00,A,PC_HH,PL6,2016,80.04,,
ESTAT:ISOC_R_IACC_H(1.0),25/06/26 23:00:00,A,PC_HH,PL6,2017,83.71,,
ESTAT:ISOC_R_IACC_H(1.0),25/06/26 23:00:00,A,PC_HH,PL6,2018,85.74,,
ESTAT:ISOC_R_IACC_H(1.0),25/06/26 23:00:00,A,PC_HH,PL6,2019,86.68,,
ESTAT:ISOC_R_IACC_H(1.0),25/06/26 23:00:00,A,PC_HH,PL6,2020,90.72,,
ESTAT:ISOC_R_IACC_H(1.0),25/06/26 23:00:00,A,PC_HH,PL6,2021,92.04,,
ESTAT:ISOC_R_IACC_H(1.0),25/06/26 23:00:00,A,PC_HH,PL6,2022,94.29,,
ESTAT:ISOC_R_IACC_H(1.0),25/06/26 23:00:00,A,PC_HH,PL6,2023,92.84,,
ESTAT:ISOC_R_IACC_H(1.0),25/06/26 23:00:00,A,PC_HH,PL6,2024,95.73,,
ESTAT:ISOC_R_IACC_H(1.0),25/06/26 23:00:00,A,PC_HH,PL6,2025,95.30,,
ESTAT:ISOC_R_IACC_H(1.0),25/06/26 23:00:00,A,PC_HH,PL61,2023,93.72,,
ESTAT:ISOC_R_IACC_H(1.0),25/06/26 23:00:00,A,PC_HH,PL61,2024,97.48,,
ESTAT:ISOC_R_IACC_H(1.0),25/06/26 23:00:00,A,PC_HH,PL61,2025,96.01,,
ESTAT:ISOC_R_IACC_H(1.0),25/06/26 23:00:00,A,PC_HH,PL62,2023,90.68,,
ESTAT:ISOC_R_IACC_H(1.0),25/06/26 23:00:00,A,PC_HH,PL62,2024,93.24,,
ESTAT:ISOC_R_IACC_H(1.0),25/06/26 23:00:00,A,PC_HH,PL62,2025,93.43,,
ESTAT:ISOC_R_IACC_H(1.0),25/06/26 23:00:00,A,PC_HH,PL63,2023,93.55,,
ESTAT:ISOC_R_IACC_H(1.0),25/06/26 23:00:00,A,PC_HH,PL63,2024,95.44,,
ESTAT:ISOC_R_IACC_H(1.0),25/06/26 23:00:00,A,PC_HH,PL63,2025,95.71,,
ESTAT:ISOC_R_IACC_H(1.0),25/06/26 23:00:00,A,PC_HH,PL7,2018,81.50,,
ESTAT:ISOC_R_IACC_H(1.0),25/06/26 23:00:00,A,PC_HH,PL7,2019,85.39,,
ESTAT:ISOC_R_IACC_H(1.0),25/06/26 23:00:00,A,PC_HH,PL7,2020,88.94,,
ESTAT:ISOC_R_IACC_H(1.0),25/06/26 23:00:00,A,PC_HH,PL7,2021,88.18,,
ESTAT:ISOC_R_IACC_H(1.0),25/06/26 23:00:00,A,PC_HH,PL7,2022,90.72,,
ESTAT:ISOC_R_IACC_H(1.0),25/06/26 23:00:00,A,PC_HH,PL7,2023,92.25,,
ESTAT:ISOC_R_IACC_H(1.0),25/06/26 23:00:00,A,PC_HH,PL7,2024,94.61,,
ESTAT:ISOC_R_IACC_H(1.0),25/06/26 23:00:00,A,PC_HH,PL7,2025,93.10,,
ESTAT:ISOC_R_IACC_H(1.0),25/06/26 23:00:00,A,PC_HH,PL71,2023,92.33,,
ESTAT:ISOC_R_IACC_H(1.0),25/06/26 23:00:00,A,PC_HH,PL71,2024,94.64,,
ESTAT:ISOC_R_IACC_H(1.0),25/06/26 23:00:00,A,PC_HH,PL71,2025,93.96,,
ESTAT:ISOC_R_IACC_H(1.0),25/06/26 23:00:00,A,PC_HH,PL72,2023,92.12,,
ESTAT:ISOC_R_IACC_H(1.0),25/06/26 23:00:00,A,PC_HH,PL72,2024,94.55,,
ESTAT:ISOC_R_IACC_H(1.0),25/06/26 23:00:00,A,PC_HH,PL72,2025,91.45,,
ESTAT:ISOC_R_IACC_H(1.0),25/06/26 23:00:00,A,PC_HH,PL8,2018,81.59,,
ESTAT:ISOC_R_IACC_H(1.0),25/06/26 23:00:00,A,PC_HH,PL8,2019,84.46,,
ESTAT:ISOC_R_IACC_H(1.0),25/06/26 23:00:00,A,PC_HH,PL8,2020,87.80,,
ESTAT:ISOC_R_IACC_H(1.0),25/06/26 23:00:00,A,PC_HH,PL8,2021,90.91,,
ESTAT:ISOC_R_IACC_H(1.0),25/06/26 23:00:00,A,PC_HH,PL8,2022,92.18,,
ESTAT:ISOC_R_IACC_H(1.0),25/06/26 23:00:00,A,PC_HH,PL8,2023,92.51,,
ESTAT:ISOC_R_IACC_H(1.0),25/06/26 23:00:00,A,PC_HH,PL8,2024,95.73,,
ESTAT:ISOC_R_IACC_H(1.0),25/06/26 23:00:00,A,PC_HH,PL8,2025,96.18,,
ESTAT:ISOC_R_IACC_H(1.0),25/06/26 23:00:00,A,PC_HH,PL81,2023,92.27,,
ESTAT:ISOC_R_IACC_H(1.0),25/06/26 23:00:00,A,PC_HH,PL81,2024,93.55,,
ESTAT:ISOC_R_IACC_H(1.0),25/06/26 23:00:00,A,PC_HH,PL81,2025,93.93,,
ESTAT:ISOC_R_IACC_H(1.0),25/06/26 23:00:00,A,PC_HH,PL82,2023,92.80,,
ESTAT:ISOC_R_IACC_H(1.0),25/06/26 23:00:00,A,PC_HH,PL82,2024,98.47,,
ESTAT:ISOC_R_IACC_H(1.0),25/06/26 23:00:00,A,PC_HH,PL82,2025,97.90,,
ESTAT:ISOC_R_IACC_H(1.0),25/06/26 23:00:00,A,PC_HH,PL84,2023,92.45,,
ESTAT:ISOC_R_IACC_H(1.0),25/06/26 23:00:00,A,PC_HH,PL84,2024,94.76,,
ESTAT:ISOC_R_IACC_H(1.0),25/06/26 23:00:00,A,PC_HH,PL84,2025,97.10,,
ESTAT:ISOC_R_IACC_H(1.0),25/06/26 23:00:00,A,PC_HH,PL9,2018,87.74,,
ESTAT:ISOC_R_IACC_H(1.0),25/06/26 23:00:00,A,PC_HH,PL9,2019,87.41,,
ESTAT:ISOC_R_IACC_H(1.0),25/06/26 23:00:00,A,PC_HH,PL9,2020,92.46,,
ESTAT:ISOC_R_IACC_H(1.0),25/06/26 23:00:00,A,PC_HH,PL9,2021,95.25,,
ESTAT:ISOC_R_IACC_H(1.0),25/06/26 23:00:00,A,PC_HH,PL9,2022,95.87,,
ESTAT:ISOC_R_IACC_H(1.0),25/06/26 23:00:00,A,PC_HH,PL9,2023,95.11,,
ESTAT:ISOC_R_IACC_H(1.0),25/06/26 23:00:00,A,PC_HH,PL9,2024,96.52,,
ESTAT:ISOC_R_IACC_H(1.0),25/06/26 23:00:00,A,PC_HH,PL9,2025,97.81,,
ESTAT:ISOC_R_IACC_H(1.0),25/06/26 23:00:00,A,PC_HH,PL91,2023,96.19,,
ESTAT:ISOC_R_IACC_H(1.0),25/06/26 23:00:00,A,PC_HH,PL91,2024,96.28,,
ESTAT:ISOC_R_IACC_H(1.0),25/06/26 23:00:00,A,PC_HH,PL91,2025,97.90,,
ESTAT:ISOC_R_IACC_H(1.0),25/06/26 23:00:00,A,PC_HH,PL92,2023,93.40,,
ESTAT:ISOC_R_IACC_H(1.0),25/06/26 23:00:00,A,PC_HH,PL92,2024,96.86,,
ESTAT:ISOC_R_IACC_H(1.0),25/06/26 23:00:00,A,PC_HH,PL92,2025,97.69,,
ESTAT:ISOC_R_IACC_H(1.0),25/06/26 23:00:00,A,PC_HH,PT,2006,35.15,,
ESTAT:ISOC_R_IACC_H(1.0),25/06/26 23:00:00,A,PC_HH,PT,2007,39.61,,
ESTAT:ISOC_R_IACC_H(1.0),25/06/26 23:00:00,A,PC_HH,PT,2008,46.04,,
ESTAT:ISOC_R_IACC_H(1.0),25/06/26 23:00:00,A,PC_HH,PT,2009,47.89,,
ESTAT:ISOC_R_IACC_H(1.0),25/06/26 23:00:00,A,PC_HH,PT,2010,53.73,,
ESTAT:ISOC_R_IACC_H(1.0),25/06/26 23:00:00,A,PC_HH,PT,2011,57.97,,
ESTAT:ISOC_R_IACC_H(1.0),25/06/26 23:00:00,A,PC_HH,PT,2012,61.02,,
ESTAT:ISOC_R_IACC_H(1.0),25/06/26 23:00:00,A,PC_HH,PT,2013,62.34,,
ESTAT:ISOC_R_IACC_H(1.0),25/06/26 23:00:00,A,PC_HH,PT,2014,64.87,,
ESTAT:ISOC_R_IACC_H(1.0),25/06/26 23:00:00,A,PC_HH,PT,2015,70.23,,
ESTAT:ISOC_R_IACC_H(1.0),25/06/26 23:00:00,A,PC_HH,PT,2016,74.05,,
ESTAT:ISOC_R_IACC_H(1.0),25/06/26 23:00:00,A,PC_HH,PT,2017,76.94,,
ESTAT:ISOC_R_IACC_H(1.0),25/06/26 23:00:00,A,PC_HH,PT,2018,79.43,,
ESTAT:ISOC_R_IACC_H(1.0),25/06/26 23:00:00,A,PC_HH,PT,2019,80.94,,
ESTAT:ISOC_R_IACC_H(1.0),25/06/26 23:00:00,A,PC_HH,PT,2020,84.49,,
ESTAT:ISOC_R_IACC_H(1.0),25/06/26 23:00:00,A,PC_HH,PT,2021,87.34,,
ESTAT:ISOC_R_IACC_H(1.0),25/06/26 23:00:00,A,PC_HH,PT,2022,88.15,,
ESTAT:ISOC_R_IACC_H(1.0),25/06/26 23:00:00,A,PC_HH,PT,2023,89.01,,
ESTAT:ISOC_R_IACC_H(1.0),25/06/26 23:00:00,A,PC_HH,PT,2024,90.60,,
ESTAT:ISOC_R_IACC_H(1.0),25/06/26 23:00:00,A,PC_HH,PT,2025,91.08,,
ESTAT:ISOC_R_IACC_H(1.0),25/06/26 23:00:00,A,PC_HH,PT1,2008,46.18,,
ESTAT:ISOC_R_IACC_H(1.0),25/06/26 23:00:00,A,PC_HH,PT1,2009,47.88,,
ESTAT:ISOC_R_IACC_H(1.0),25/06/26 23:00:00,A,PC_HH,PT1,2010,53.72,,
ESTAT:ISOC_R_IACC_H(1.0),25/06/26 23:00:00,A,PC_HH,PT1,2011,58.01,,
ESTAT:ISOC_R_IACC_H(1.0),25/06/26 23:00:00,A,PC_HH,PT1,2012,60.97,,
ESTAT:ISOC_R_IACC_H(1.0),25/06/26 23:00:00,A,PC_HH,PT1,2013,62.21,,
ESTAT:ISOC_R_IACC_H(1.0),25/06/26 23:00:00,A,PC_HH,PT1,2014,64.70,,
ESTAT:ISOC_R_IACC_H(1.0),25/06/26 23:00:00,A,PC_HH,PT1,2015,70.01,,
ESTAT:ISOC_R_IACC_H(1.0),25/06/26 23:00:00,A,PC_HH,PT1,2016,73.80,,
ESTAT:ISOC_R_IACC_H(1.0),25/06/26 23:00:00,A,PC_HH,PT1,2017,76.67,,
ESTAT:ISOC_R_IACC_H(1.0),25/06/26 23:00:00,A,PC_HH,PT1,2018,79.19,,
ESTAT:ISOC_R_IACC_H(1.0),25/06/26 23:00:00,A,PC_HH,PT1,2019,80.70,,
ESTAT:ISOC_R_IACC_H(1.0),25/06/26 23:00:00,A,PC_HH,PT1,2020,84.33,,
ESTAT:ISOC_R_IACC_H(1.0),25/06/26 23:00:00,A,PC_HH,PT1,2021,87.18,,
ESTAT:ISOC_R_IACC_H(1.0),25/06/26 23:00:00,A,PC_HH,PT1,2022,87.96,,
ESTAT:ISOC_R_IACC_H(1.0),25/06/26 23:00:00,A,PC_HH,PT1,2023,88.84,,
ESTAT:ISOC_R_IACC_H(1.0),25/06/26 23:00:00,A,PC_HH,PT1,2024,90.48,,
ESTAT:ISOC_R_IACC_H(1.0),25/06/26 23:00:00,A,PC_HH,PT1,2025,90.94,,
ESTAT:ISOC_R_IACC_H(1.0),25/06/26 23:00:00,A,PC_HH,PT11,2007,32.66,,
ESTAT:ISOC_R_IACC_H(1.0),25/06/26 23:00:00,A,PC_HH,PT11,2008,45.45,,
ESTAT:ISOC_R_IACC_H(1.0),25/06/26 23:00:00,A,PC_HH,PT11,2009,47.27,,
ESTAT:ISOC_R_IACC_H(1.0),25/06/26 23:00:00,A,PC_HH,PT11,2010,51.25,,
ESTAT:ISOC_R_IACC_H(1.0),25/06/26 23:00:00,A,PC_HH,PT11,2011,55.06,,
ESTAT:ISOC_R_IACC_H(1.0),25/06/26 23:00:00,A,PC_HH,PT11,2012,57.95,,
ESTAT:ISOC_R_IACC_H(1.0),25/06/26 23:00:00,A,PC_HH,PT11,2013,59.51,,
ESTAT:ISOC_R_IACC_H(1.0),25/06/26 23:00:00,A,PC_HH,PT11,2014,63.18,,
ESTAT:ISOC_R_IACC_H(1.0),25/06/26 23:00:00,A,PC_HH,PT11,2015,66.88,,
ESTAT:ISOC_R_IACC_H(1.0),25/06/26 23:00:00,A,PC_HH,PT11,2016,71.53,,
ESTAT:ISOC_R_IACC_H(1.0),25/06/26 23:00:00,A,PC_HH,PT11,2017,74.37,,
ESTAT:ISOC_R_IACC_H(1.0),25/06/26 23:00:00,A,PC_HH,PT11,2018,76.67,,
ESTAT:ISOC_R_IACC_H(1.0),25/06/26 23:00:00,A,PC_HH,PT11,2019,77.92,,
ESTAT:ISOC_R_IACC_H(1.0),25/06/26 23:00:00,A,PC_HH,PT11,2020,81.79,,
ESTAT:ISOC_R_IACC_H(1.0),25/06/26 23:00:00,A,PC_HH,PT11,2021,85.02,,
ESTAT:ISOC_R_IACC_H(1.0),25/06/26 23:00:00,A,PC_HH,PT11,2022,85.29,,
ESTAT:ISOC_R_IACC_H(1.0),25/06/26 23:00:00,A,PC_HH,PT11,2023,86.23,,
ESTAT:ISOC_R_IACC_H(1.0),25/06/26 23:00:00,A,PC_HH,PT11,2024,88.82,,
ESTAT:ISOC_R_IACC_H(1.0),25/06/26 23:00:00,A,PC_HH,PT11,2025,88.84,,
ESTAT:ISOC_R_IACC_H(1.0),25/06/26 23:00:00,A,PC_HH,PT15,2007,42.00,,
ESTAT:ISOC_R_IACC_H(1.0),25/06/26 23:00:00,A,PC_HH,PT15,2008,46.33,,
ESTAT:ISOC_R_IACC_H(1.0),25/06/26 23:00:00,A,PC_HH,PT15,2009,50.56,,
ESTAT:ISOC_R_IACC_H(1.0),25/06/26 23:00:00,A,PC_HH,PT15,2010,55.54,,
ESTAT:ISOC_R_IACC_H(1.0),25/06/26 23:00:00,A,PC_HH,PT15,2011,58.34,,
ESTAT:ISOC_R_IACC_H(1.0),25/06/26 23:00:00,A,PC_HH,PT15,2012,60.71,,
ESTAT:ISOC_R_IACC_H(1.0),25/06/26 23:00:00,A,PC_HH,PT15,2013,61.79,,
ESTAT:ISOC_R_IACC_H(1.0),25/06/26 23:00:00,A,PC_HH,PT15,2014,65.12,,
ESTAT:ISOC_R_IACC_H(1.0),25/06/26 23:00:00,A,PC_HH,PT15,2015,69.12,,
ESTAT:ISOC_R_IACC_H(1.0),25/06/26 23:00:00,A,PC_HH,PT15,2016,72.81,,
ESTAT:ISOC_R_IACC_H(1.0),25/06/26 23:00:00,A,PC_HH,PT15,2017,73.17,,
ESTAT:ISOC_R_IACC_H(1.0),25/06/26 23:00:00,A,PC_HH,PT15,2018,76.53,,
ESTAT:ISOC_R_IACC_H(1.0),25/06/26 23:00:00,A,PC_HH,PT15,2019,80.29,,
ESTAT:ISOC_R_IACC_H(1.0),25/06/26 23:00:00,A,PC_HH,PT15,2020,85.75,,
ESTAT:ISOC_R_IACC_H(1.0),25/06/26 23:00:00,A,PC_HH,PT15,2021,89.18,,
ESTAT:ISOC_R_IACC_H(1.0),25/06/26 23:00:00,A,PC_HH,PT15,2022,89.62,,
ESTAT:ISOC_R_IACC_H(1.0),25/06/26 23:00:00,A,PC_HH,PT15,2023,89.56,,
ESTAT:ISOC_R_IACC_H(1.0),25/06/26 23:00:00,A,PC_HH,PT15,2024,90.67,,
ESTAT:ISOC_R_IACC_H(1.0),25/06/26 23:00:00,A,PC_HH,PT15,2025,92.10,,
ESTAT:ISOC_R_IACC_H(1.0),25/06/26 23:00:00,A,PC_HH,PT16,2007,41.81,,
ESTAT:ISOC_R_IACC_H(1.0),25/06/26 23:00:00,A,PC_HH,PT16,2008,39.58,,
ESTAT:ISOC_R_IACC_H(1.0),25/06/26 23:00:00,A,PC_HH,PT16,2009,41.40,,
ESTAT:ISOC_R_IACC_H(1.0),25/06/26 23:00:00,A,PC_HH,PT16,2010,49.38,,
ESTAT:ISOC_R_IACC_H(1.0),25/06/26 23:00:00,A,PC_HH,PT16,2011,52.54,,
ESTAT:ISOC_R_IACC_H(1.0),25/06/26 23:00:00,A,PC_HH,PT16,2012,55.22,,
ESTAT:ISOC_R_IACC_H(1.0),25/06/26 23:00:00,A,PC_HH,PT16,2013,56.07,,
ESTAT:ISOC_R_IACC_H(1.0),25/06/26 23:00:00,A,PC_HH,PT16,2014,59.15,,
ESTAT:ISOC_R_IACC_H(1.0),25/06/26 23:00:00,A,PC_HH,PT16,2015,65.86,,
ESTAT:ISOC_R_IACC_H(1.0),25/06/26 23:00:00,A,PC_HH,PT16,2016,69.62,,
ESTAT:ISOC_R_IACC_H(1.0),25/06/26 23:00:00,A,PC_HH,PT16,2017,72.44,,
ESTAT:ISOC_R_IACC_H(1.0),25/06/26 23:00:00,A,PC_HH,PT16,2018,75.09,,
ESTAT:ISOC_R_IACC_H(1.0),25/06/26 23:00:00,A,PC_HH,PT16,2019,76.74,,
ESTAT:ISOC_R_IACC_H(1.0),25/06/26 23:00:00,A,PC_HH,PT16,2020,80.35,,
ESTAT:ISOC_R_IACC_H(1.0),25/06/26 23:00:00,A,PC_HH,PT16,2021,83.64,,
ESTAT:ISOC_R_IACC_H(1.0),25/06/26 23:00:00,A,PC_HH,PT16,2022,84.43,,
ESTAT:ISOC_R_IACC_H(1.0),25/06/26 23:00:00,A,PC_HH,PT16,2023,85.92,,
ESTAT:ISOC_R_IACC_H(1.0),25/06/26 23:00:00,A,PC_HH,PT17,2007,46.39,,
ESTAT:ISOC_R_IACC_H(1.0),25/06/26 23:00:00,A,PC_HH,PT17,2008,54.10,,
ESTAT:ISOC_R_IACC_H(1.0),25/06/26 23:00:00,A,PC_HH,PT17,2009,55.37,,
ESTAT:ISOC_R_IACC_H(1.0),25/06/26 23:00:00,A,PC_HH,PT17,2010,62.09,,
ESTAT:ISOC_R_IACC_H(1.0),25/06/26 23:00:00,A,PC_HH,PT17,2011,67.96,,
ESTAT:ISOC_R_IACC_H(1.0),25/06/26 23:00:00,A,PC_HH,PT17,2012,71.91,,
ESTAT:ISOC_R_IACC_H(1.0),25/06/26 23:00:00,A,PC_HH,PT17,2013,72.56,,
ESTAT:ISOC_R_IACC_H(1.0),25/06/26 23:00:00,A,PC_HH,PT17,2014,73.08,,
ESTAT:ISOC_R_IACC_H(1.0),25/06/26 23:00:00,A,PC_HH,PT17,2015,79.24,,
ESTAT:ISOC_R_IACC_H(1.0),25/06/26 23:00:00,A,PC_HH,PT17,2016,82.37,,
ESTAT:ISOC_R_IACC_H(1.0),25/06/26 23:00:00,A,PC_HH,PT17,2017,85.46,,
ESTAT:ISOC_R_IACC_H(1.0),25/06/26 23:00:00,A,PC_HH,PT17,2018,87.65,,
ESTAT:ISOC_R_IACC_H(1.0),25/06/26 23:00:00,A,PC_HH,PT17,2019,88.73,,
ESTAT:ISOC_R_IACC_H(1.0),25/06/26 23:00:00,A,PC_HH,PT17,2020,90.93,,
ESTAT:ISOC_R_IACC_H(1.0),25/06/26 23:00:00,A,PC_HH,PT17,2021,93.22,,
ESTAT:ISOC_R_IACC_H(1.0),25/06/26 23:00:00,A,PC_HH,PT17,2022,93.88,,
ESTAT:ISOC_R_IACC_H(1.0),25/06/26 23:00:00,A,PC_HH,PT17,2023,94.62,,
ESTAT:ISOC_R_IACC_H(1.0),25/06/26 23:00:00,A,PC_HH,PT18,2007,37.08,,
ESTAT:ISOC_R_IACC_H(1.0),25/06/26 23:00:00,A,PC_HH,PT18,2008,38.02,,
ESTAT:ISOC_R_IACC_H(1.0),25/06/26 23:00:00,A,PC_HH,PT18,2009,38.52,,
ESTAT:ISOC_R_IACC_H(1.0),25/06/26 23:00:00,A,PC_HH,PT18,2010,43.69,,
ESTAT:ISOC_R_IACC_H(1.0),25/06/26 23:00:00,A,PC_HH,PT18,2011,48.80,,
ESTAT:ISOC_R_IACC_H(1.0),25/06/26 23:00:00,A,PC_HH,PT18,2012,48.78,,
ESTAT:ISOC_R_IACC_H(1.0),25/06/26 23:00:00,A,PC_HH,PT18,2013,51.69,,
ESTAT:ISOC_R_IACC_H(1.0),25/06/26 23:00:00,A,PC_HH,PT18,2014,54.37,,
ESTAT:ISOC_R_IACC_H(1.0),25/06/26 23:00:00,A,PC_HH,PT18,2015,61.24,,
ESTAT:ISOC_R_IACC_H(1.0),25/06/26 23:00:00,A,PC_HH,PT18,2016,63.14,,
ESTAT:ISOC_R_IACC_H(1.0),25/06/26 23:00:00,A,PC_HH,PT18,2017,66.75,,
ESTAT:ISOC_R_IACC_H(1.0),25/06/26 23:00:00,A,PC_HH,PT18,2018,70.57,,
ESTAT:ISOC_R_IACC_H(1.0),25/06/26 23:00:00,A,PC_HH,PT18,2019,73.87,,
ESTAT:ISOC_R_IACC_H(1.0),25/06/26 23:00:00,A,PC_HH,PT18,2020,80.55,,
ESTAT:ISOC_R_IACC_H(1.0),25/06/26 23:00:00,A,PC_HH,PT18,2021,82.07,,
ESTAT:ISOC_R_IACC_H(1.0),25/06/26 23:00:00,A,PC_HH,PT18,2022,86.56,,
ESTAT:ISOC_R_IACC_H(1.0),25/06/26 23:00:00,A,PC_HH,PT18,2023,86.58,,
ESTAT:ISOC_R_IACC_H(1.0),25/06/26 23:00:00,A,PC_HH,PT19,2024,88.15,,
ESTAT:ISOC_R_IACC_H(1.0),25/06/26 23:00:00,A,PC_HH,PT19,2025,88.28,,
ESTAT:ISOC_R_IACC_H(1.0),25/06/26 23:00:00,A,PC_HH,PT1A,2024,95.41,,
ESTAT:ISOC_R_IACC_H(1.0),25/06/26 23:00:00,A,PC_HH,PT1A,2025,95.42,,
ESTAT:ISOC_R_IACC_H(1.0),25/06/26 23:00:00,A,PC_HH,PT1B,2024,94.70,,
ESTAT:ISOC_R_IACC_H(1.0),25/06/26 23:00:00,A,PC_HH,PT1B,2025,94.85,,
ESTAT:ISOC_R_IACC_H(1.0),25/06/26 23:00:00,A,PC_HH,PT1C,2024,86.77,,
ESTAT:ISOC_R_IACC_H(1.0),25/06/26 23:00:00,A,PC_HH,PT1C,2025,87.94,,
ESTAT:ISOC_R_IACC_H(1.0),25/06/26 23:00:00,A,PC_HH,PT1D,2024,86.94,,
ESTAT:ISOC_R_IACC_H(1.0),25/06/26 23:00:00,A,PC_HH,PT1D,2025,90.57,,
ESTAT:ISOC_R_IACC_H(1.0),25/06/26 23:00:00,A,PC_HH,PT2,2008,41.06,,
ESTAT:ISOC_R_IACC_H(1.0),25/06/26 23:00:00,A,PC_HH,PT2,2009,46.74,,
ESTAT:ISOC_R_IACC_H(1.0),25/06/26 23:00:00,A,PC_HH,PT2,2010,54.05,,
ESTAT:ISOC_R_IACC_H(1.0),25/06/26 23:00:00,A,PC_HH,PT2,2011,59.59,,
ESTAT:ISOC_R_IACC_H(1.0),25/06/26 23:00:00,A,PC_HH,PT2,2012,64.07,,
ESTAT:ISOC_R_IACC_H(1.0),25/06/26 23:00:00,A,PC_HH,PT2,2013,66.29,,
ESTAT:ISOC_R_IACC_H(1.0),25/06/26 23:00:00,A,PC_HH,PT2,2014,70.19,,
ESTAT:ISOC_R_IACC_H(1.0),25/06/26 23:00:00,A,PC_HH,PT2,2015,75.87,,
ESTAT:ISOC_R_IACC_H(1.0),25/06/26 23:00:00,A,PC_HH,PT2,2016,79.87,,
ESTAT:ISOC_R_IACC_H(1.0),25/06/26 23:00:00,A,PC_HH,PT2,2017,84.20,,
ESTAT:ISOC_R_IACC_H(1.0),25/06/26 23:00:00,A,PC_HH,PT2,2018,86.48,,
ESTAT:ISOC_R_IACC_H(1.0),25/06/26 23:00:00,A,PC_HH,PT2,2019,85.77,,
ESTAT:ISOC_R_IACC_H(1.0),25/06/26 23:00:00,A,PC_HH,PT2,2020,87.81,,
ESTAT:ISOC_R_IACC_H(1.0),25/06/26 23:00:00,A,PC_HH,PT2,2021,90.85,,
ESTAT:ISOC_R_IACC_H(1.0),25/06/26 23:00:00,A,PC_HH,PT2,2022,93.52,,
ESTAT:ISOC_R_IACC_H(1.0),25/06/26 23:00:00,A,PC_HH,PT2,2023,93.63,,
ESTAT:ISOC_R_IACC_H(1.0),25/06/26 23:00:00,A,PC_HH,PT2,2024,93.67,,
ESTAT:ISOC_R_IACC_H(1.0),25/06/26 23:00:00,A,PC_HH,PT2,2025,94.58,,
ESTAT:ISOC_R_IACC_H(1.0),25/06/26 23:00:00,A,PC_HH,PT20,2007,39.89,,
ESTAT:ISOC_R_IACC_H(1.0),25/06/26 23:00:00,A,PC_HH,PT20,2008,41.06,,
ESTAT:ISOC_R_IACC_H(1.0),25/06/26 23:00:00,A,PC_HH,PT20,2009,46.74,,
ESTAT:ISOC_R_IACC_H(1.0),25/06/26 23:00:00,A,PC_HH,PT20,2010,54.05,,
ESTAT:ISOC_R_IACC_H(1.0),25/06/26 23:00:00,A,PC_HH,PT20,2011,59.59,,
ESTAT:ISOC_R_IACC_H(1.0),25/06/26 23:00:00,A,PC_HH,PT20,2012,64.07,,
ESTAT:ISOC_R_IACC_H(1.0),25/06/26 23:00:00,A,PC_HH,PT20,2013,66.29,,
ESTAT:ISOC_R_IACC_H(1.0),25/06/26 23:00:00,A,PC_HH,PT20,2014,70.19,,
ESTAT:ISOC_R_IACC_H(1.0),25/06/26 23:00:00,A,PC_HH,PT20,2015,75.87,,
ESTAT:ISOC_R_IACC_H(1.0),25/06/26 23:00:00,A,PC_HH,PT20,2016,79.87,,
ESTAT:ISOC_R_IACC_H(1.0),25/06/26 23:00:00,A,PC_HH,PT20,2017,84.20,,
ESTAT:ISOC_R_IACC_H(1.0),25/06/26 23:00:00,A,PC_HH,PT20,2018,86.48,,
ESTAT:ISOC_R_IACC_H(1.0),25/06/26 23:00:00,A,PC_HH,PT20,2019,85.77,,
ESTAT:ISOC_R_IACC_H(1.0),25/06/26 23:00:00,A,PC_HH,PT20,2020,87.81,,
ESTAT:ISOC_R_IACC_H(1.0),25/06/26 23:00:00,A,PC_HH,PT20,2021,90.85,,
ESTAT:ISOC_R_IACC_H(1.0),25/06/26 23:00:00,A,PC_HH,PT20,2022,93.52,,
ESTAT:ISOC_R_IACC_H(1.0),25/06/26 23:00:00,A,PC_HH,PT20,2023,93.63,,
ESTAT:ISOC_R_IACC_H(1.0),25/06/26 23:00:00,A,PC_HH,PT20,2024,93.67,,
ESTAT:ISOC_R_IACC_H(1.0),25/06/26 23:00:00,A,PC_HH,PT20,2025,94.58,,
ESTAT:ISOC_R_IACC_H(1.0),25/06/26 23:00:00,A,PC_HH,PT3,2008,44.68,,
ESTAT:ISOC_R_IACC_H(1.0),25/06/26 23:00:00,A,PC_HH,PT3,2009,49.71,,
ESTAT:ISOC_R_IACC_H(1.0),25/06/26 23:00:00,A,PC_HH,PT3,2010,54.00,,
ESTAT:ISOC_R_IACC_H(1.0),25/06/26 23:00:00,A,PC_HH,PT3,2011,54.96,,
ESTAT:ISOC_R_IACC_H(1.0),25/06/26 23:00:00,A,PC_HH,PT3,2012,60.54,,
ESTAT:ISOC_R_IACC_H(1.0),25/06/26 23:00:00,A,PC_HH,PT3,2013,64.09,,
ESTAT:ISOC_R_IACC_H(1.0),25/06/26 23:00:00,A,PC_HH,PT3,2014,67.12,,
ESTAT:ISOC_R_IACC_H(1.0),25/06/26 23:00:00,A,PC_HH,PT3,2015,73.97,,
ESTAT:ISOC_R_IACC_H(1.0),25/06/26 23:00:00,A,PC_HH,PT3,2016,78.82,,
ESTAT:ISOC_R_IACC_H(1.0),25/06/26 23:00:00,A,PC_HH,PT3,2017,81.35,,
ESTAT:ISOC_R_IACC_H(1.0),25/06/26 23:00:00,A,PC_HH,PT3,2018,82.71,,
ESTAT:ISOC_R_IACC_H(1.0),25/06/26 23:00:00,A,PC_HH,PT3,2019,86.05,,
ESTAT:ISOC_R_IACC_H(1.0),25/06/26 23:00:00,A,PC_HH,PT3,2020,87.97,,
ESTAT:ISOC_R_IACC_H(1.0),25/06/26 23:00:00,A,PC_HH,PT3,2021,90.52,,
ESTAT:ISOC_R_IACC_H(1.0),25/06/26 23:00:00,A,PC_HH,PT3,2022,90.84,,
ESTAT:ISOC_R_IACC_H(1.0),25/06/26 23:00:00,A,PC_HH,PT3,2023,91.47,,
ESTAT:ISOC_R_IACC_H(1.0),25/06/26 23:00:00,A,PC_HH,PT3,2024,92.58,,
ESTAT:ISOC_R_IACC_H(1.0),25/06/26 23:00:00,A,PC_HH,PT3,2025,93.43,,
ESTAT:ISOC_R_IACC_H(1.0),25/06/26 23:00:00,A,PC_HH,PT30,2007,40.86,,
ESTAT:ISOC_R_IACC_H(1.0),25/06/26 23:00:00,A,PC_HH,PT30,2008,44.68,,
ESTAT:ISOC_R_IACC_H(1.0),25/06/26 23:00:00,A,PC_HH,PT30,2009,49.71,,
ESTAT:ISOC_R_IACC_H(1.0),25/06/26 23:00:00,A,PC_HH,PT30,2010,54.00,,
ESTAT:ISOC_R_IACC_H(1.0),25/06/26 23:00:00,A,PC_HH,PT30,2011,54.96,,
ESTAT:ISOC_R_IACC_H(1.0),25/06/26 23:00:00,A,PC_HH,PT30,2012,60.54,,
ESTAT:ISOC_R_IACC_H(1.0),25/06/26 23:00:00,A,PC_HH,PT30,2013,64.09,,
ESTAT:ISOC_R_IACC_H(1.0),25/06/26 23:00:00,A,PC_HH,PT30,2014,67.12,,
ESTAT:ISOC_R_IACC_H(1.0),25/06/26 23:00:00,A,PC_HH,PT30,2015,73.97,,
ESTAT:ISOC_R_IACC_H(1.0),25/06/26 23:00:00,A,PC_HH,PT30,2016,78.82,,
ESTAT:ISOC_R_IACC_H(1.0),25/06/26 23:00:00,A,PC_HH,PT30,2017,81.35,,
ESTAT:ISOC_R_IACC_H(1.0),25/06/26 23:00:00,A,PC_HH,PT30,2018,82.71,,
ESTAT:ISOC_R_IACC_H(1.0),25/06/26 23:00:00,A,PC_HH,PT30,2019,86.05,,
ESTAT:ISOC_R_IACC_H(1.0),25/06/26 23:00:00,A,PC_HH,PT30,2020,87.97,,
ESTAT:ISOC_R_IACC_H(1.0),25/06/26 23:00:00,A,PC_HH,PT30,2021,90.52,,
ESTAT:ISOC_R_IACC_H(1.0),25/06/26 23:00:00,A,PC_HH,PT30,2022,90.84,,
ESTAT:ISOC_R_IACC_H(1.0),25/06/26 23:00:00,A,PC_HH,PT30,2023,91.47,,
ESTAT:ISOC_R_IACC_H(1.0),25/06/26 23:00:00,A,PC_HH,PT30,2024,92.58,,
ESTAT:ISOC_R_IACC_H(1.0),25/06/26 23:00:00,A,PC_HH,PT30,2025,93.43,,
ESTAT:ISOC_R_IACC_H(1.0),25/06/26 23:00:00,A,PC_HH,RO,2006,14.25,,
ESTAT:ISOC_R_IACC_H(1.0),25/06/26 23:00:00,A,PC_HH,RO,2007,22.25,,
ESTAT:ISOC_R_IACC_H(1.0),25/06/26 23:00:00,A,PC_HH,RO,2008,29.60,,
ESTAT:ISOC_R_IACC_H(1.0),25/06/26 23:00:00,A,PC_HH,RO,2009,37.95,,
ESTAT:ISOC_R_IACC_H(1.0),25/06/26 23:00:00,A,PC_HH,RO,2010,42.18,,
ESTAT:ISOC_R_IACC_H(1.0),25/06/26 23:00:00,A,PC_HH,RO,2011,47.44,,
ESTAT:ISOC_R_IACC_H(1.0),25/06/26 23:00:00,A,PC_HH,RO,2012,53.77,,
ESTAT:ISOC_R_IACC_H(1.0),25/06/26 23:00:00,A,PC_HH,RO,2013,58.07,,
ESTAT:ISOC_R_IACC_H(1.0),25/06/26 23:00:00,A,PC_HH,RO,2014,60.54,b,
ESTAT:ISOC_R_IACC_H(1.0),25/06/26 23:00:00,A,PC_HH,RO,2015,67.71,,
ESTAT:ISOC_R_IACC_H(1.0),25/06/26 23:00:00,A,PC_HH,RO,2016,72.40,,
ESTAT:ISOC_R_IACC_H(1.0),25/06/26 23:00:00,A,PC_HH,RO,2017,76.45,,
ESTAT:ISOC_R_IACC_H(1.0),25/06/26 23:00:00,A,PC_HH,RO,2018,80.89,,
ESTAT:ISOC_R_IACC_H(1.0),25/06/26 23:00:00,A,PC_HH,RO,2019,83.61,,
ESTAT:ISOC_R_IACC_H(1.0),25/06/26 23:00:00,A,PC_HH,RO,2020,86.24,,
ESTAT:ISOC_R_IACC_H(1.0),25/06/26 23:00:00,A,PC_HH,RO,2021,88.74,,
ESTAT:ISOC_R_IACC_H(1.0),25/06/26 23:00:00,A,PC_HH,RO,2022,89.41,,
ESTAT:ISOC_R_IACC_H(1.0),25/06/26 23:00:00,A,PC_HH,RO,2023,92.00,,
ESTAT:ISOC_R_IACC_H(1.0),25/06/26 23:00:00,A,PC_HH,RO,2024,94.57,,
ESTAT:ISOC_R_IACC_H(1.0),25/06/26 23:00:00,A,PC_HH,RO,2025,95.47,,
ESTAT:ISOC_R_IACC_H(1.0),25/06/26 23:00:00,A,PC_HH,RO1,2008,28.19,,
ESTAT:ISOC_R_IACC_H(1.0),25/06/26 23:00:00,A,PC_HH,RO1,2009,34.72,,
ESTAT:ISOC_R_IACC_H(1.0),25/06/26 23:00:00,A,PC_HH,RO1,2010,41.28,,
ESTAT:ISOC_R_IACC_H(1.0),25/06/26 23:00:00,A,PC_HH,RO1,2011,45.71,,
ESTAT:ISOC_R_IACC_H(1.0),25/06/26 23:00:00,A,PC_HH,RO1,2012,51.95,,
ESTAT:ISOC_R_IACC_H(1.0),25/06/26 23:00:00,A,PC_HH,RO1,2013,57.59,,
ESTAT:ISOC_R_IACC_H(1.0),25/06/26 23:00:00,A,PC_HH,RO1,2014,59.46,b,
ESTAT:ISOC_R_IACC_H(1.0),25/06/26 23:00:00,A,PC_HH,RO1,2015,70.06,,
ESTAT:ISOC_R_IACC_H(1.0),25/06/26 23:00:00,A,PC_HH,RO1,2016,72.65,,
ESTAT:ISOC_R_IACC_H(1.0),25/06/26 23:00:00,A,PC_HH,RO1,2017,76.80,,
ESTAT:ISOC_R_IACC_H(1.0),25/06/26 23:00:00,A,PC_HH,RO1,2018,82.94,,
ESTAT:ISOC_R_IACC_H(1.0),25/06/26 23:00:00,A,PC_HH,RO1,2019,85.18,,
ESTAT:ISOC_R_IACC_H(1.0),25/06/26 23:00:00,A,PC_HH,RO1,2020,87.67,,
ESTAT:ISOC_R_IACC_H(1.0),25/06/26 23:00:00,A,PC_HH,RO1,2021,90.01,,
ESTAT:ISOC_R_IACC_H(1.0),25/06/26 23:00:00,A,PC_HH,RO1,2022,91.06,,
ESTAT:ISOC_R_IACC_H(1.0),25/06/26 23:00:00,A,PC_HH,RO1,2023,92.16,,
ESTAT:ISOC_R_IACC_H(1.0),25/06/26 23:00:00,A,PC_HH,RO1,2024,95.22,,
ESTAT:ISOC_R_IACC_H(1.0),25/06/26 23:00:00,A,PC_HH,RO1,2025,95.86,,
ESTAT:ISOC_R_IACC_H(1.0),25/06/26 23:00:00,A,PC_HH,RO11,2008,30.29,,
ESTAT:ISOC_R_IACC_H(1.0),25/06/26 23:00:00,A,PC_HH,RO11,2010,42.22,,
ESTAT:ISOC_R_IACC_H(1.0),25/06/26 23:00:00,A,PC_HH,RO11,2011,46.96,,
ESTAT:ISOC_R_IACC_H(1.0),25/06/26 23:00:00,A,PC_HH,RO11,2012,56.77,,
ESTAT:ISOC_R_IACC_H(1.0),25/06/26 23:00:00,A,PC_HH,RO11,2013,61.62,,
ESTAT:ISOC_R_IACC_H(1.0),25/06/26 23:00:00,A,PC_HH,RO11,2014,63.47,b,
ESTAT:ISOC_R_IACC_H(1.0),25/06/26 23:00:00,A,PC_HH,RO11,2015,71.96,,
ESTAT:ISOC_R_IACC_H(1.0),25/06/26 23:00:00,A,PC_HH,RO11,2016,76.06,,
ESTAT:ISOC_R_IACC_H(1.0),25/06/26 23:00:00,A,PC_HH,RO11,2017,80.82,,
ESTAT:ISOC_R_IACC_H(1.0),25/06/26 23:00:00,A,PC_HH,RO11,2018,87.39,,
ESTAT:ISOC_R_IACC_H(1.0),25/06/26 23:00:00,A,PC_HH,RO11,2019,86.58,,
ESTAT:ISOC_R_IACC_H(1.0),25/06/26 23:00:00,A,PC_HH,RO11,2020,89.78,,
ESTAT:ISOC_R_IACC_H(1.0),25/06/26 23:00:00,A,PC_HH,RO11,2021,90.10,,
ESTAT:ISOC_R_IACC_H(1.0),25/06/26 23:00:00,A,PC_HH,RO11,2022,91.23,,
ESTAT:ISOC_R_IACC_H(1.0),25/06/26 23:00:00,A,PC_HH,RO11,2023,93.78,,
ESTAT:ISOC_R_IACC_H(1.0),25/06/26 23:00:00,A,PC_HH,RO11,2024,95.18,,
ESTAT:ISOC_R_IACC_H(1.0),25/06/26 23:00:00,A,PC_HH,RO11,2025,94.49,,
ESTAT:ISOC_R_IACC_H(1.0),25/06/26 23:00:00,A,PC_HH,RO12,2008,25.97,,
ESTAT:ISOC_R_IACC_H(1.0),25/06/26 23:00:00,A,PC_HH,RO12,2010,40.29,,
ESTAT:ISOC_R_IACC_H(1.0),25/06/26 23:00:00,A,PC_HH,RO12,2011,44.40,,
ESTAT:ISOC_R_IACC_H(1.0),25/06/26 23:00:00,A,PC_HH,RO12,2012,46.83,,
ESTAT:ISOC_R_IACC_H(1.0),25/06/26 23:00:00,A,PC_HH,RO12,2013,53.35,,
ESTAT:ISOC_R_IACC_H(1.0),25/06/26 23:00:00,A,PC_HH,RO12,2014,55.06,b,
ESTAT:ISOC_R_IACC_H(1.0),25/06/26 23:00:00,A,PC_HH,RO12,2015,67.98,,
ESTAT:ISOC_R_IACC_H(1.0),25/06/26 23:00:00,A,PC_HH,RO12,2016,68.93,,
ESTAT:ISOC_R_IACC_H(1.0),25/06/26 23:00:00,A,PC_HH,RO12,2017,72.34,,
ESTAT:ISOC_R_IACC_H(1.0),25/06/26 23:00:00,A,PC_HH,RO12,2018,77.92,,
ESTAT:ISOC_R_IACC_H(1.0),25/06/26 23:00:00,A,PC_HH,RO12,2019,83.63,,
ESTAT:ISOC_R_IACC_H(1.0),25/06/26 23:00:00,A,PC_HH,RO12,2020,85.33,,
ESTAT:ISOC_R_IACC_H(1.0),25/06/26 23:00:00,A,PC_HH,RO12,2021,89.91,,
ESTAT:ISOC_R_IACC_H(1.0),25/06/26 23:00:00,A,PC_HH,RO12,2022,90.87,,
ESTAT:ISOC_R_IACC_H(1.0),25/06/26 23:00:00,A,PC_HH,RO12,2023,90.33,,
ESTAT:ISOC_R_IACC_H(1.0),25/06/26 23:00:00,A,PC_HH,RO12,2024,95.27,,
ESTAT:ISOC_R_IACC_H(1.0),25/06/26 23:00:00,A,PC_HH,RO12,2025,97.41,,
ESTAT:ISOC_R_IACC_H(1.0),25/06/26 23:00:00,A,PC_HH,RO2,2008,26.51,,
ESTAT:ISOC_R_IACC_H(1.0),25/06/26 23:00:00,A,PC_HH,RO2,2009,35.61,,
ESTAT:ISOC_R_IACC_H(1.0),25/06/26 23:00:00,A,PC_HH,RO2,2010,37.41,,
ESTAT:ISOC_R_IACC_H(1.0),25/06/26 23:00:00,A,PC_HH,RO2,2011,41.09,,
ESTAT:ISOC_R_IACC_H(1.0),25/06/26 23:00:00,A,PC_HH,RO2,2012,48.69,,
ESTAT:ISOC_R_IACC_H(1.0),25/06/26 23:00:00,A,PC_HH,RO2,2013,53.43,,
ESTAT:ISOC_R_IACC_H(1.0),25/06/26 23:00:00,A,PC_HH,RO2,2014,56.19,b,
ESTAT:ISOC_R_IACC_H(1.0),25/06/26 23:00:00,A,PC_HH,RO2,2015,60.47,,
ESTAT:ISOC_R_IACC_H(1.0),25/06/26 23:00:00,A,PC_HH,RO2,2016,66.78,,
ESTAT:ISOC_R_IACC_H(1.0),25/06/26 23:00:00,A,PC_HH,RO2,2017,70.72,,
ESTAT:ISOC_R_IACC_H(1.0),25/06/26 23:00:00,A,PC_HH,RO2,2018,73.48,,
ESTAT:ISOC_R_IACC_H(1.0),25/06/26 23:00:00,A,PC_HH,RO2,2019,79.45,,
ESTAT:ISOC_R_IACC_H(1.0),25/06/26 23:00:00,A,PC_HH,RO2,2020,81.26,,
ESTAT:ISOC_R_IACC_H(1.0),25/06/26 23:00:00,A,PC_HH,RO2,2021,86.41,,
ESTAT:ISOC_R_IACC_H(1.0),25/06/26 23:00:00,A,PC_HH,RO2,2022,86.02,,
ESTAT:ISOC_R_IACC_H(1.0),25/06/26 23:00:00,A,PC_HH,RO2,2023,90.10,,
ESTAT:ISOC_R_IACC_H(1.0),25/06/26 23:00:00,A,PC_HH,RO2,2024,92.95,,
ESTAT:ISOC_R_IACC_H(1.0),25/06/26 23:00:00,A,PC_HH,RO2,2025,94.88,,
ESTAT:ISOC_R_IACC_H(1.0),25/06/26 23:00:00,A,PC_HH,RO21,2008,23.10,,
ESTAT:ISOC_R_IACC_H(1.0),25/06/26 23:00:00,A,PC_HH,RO21,2010,36.18,,
ESTAT:ISOC_R_IACC_H(1.0),25/06/26 23:00:00,A,PC_HH,RO21,2011,39.17,,
ESTAT:ISOC_R_IACC_H(1.0),25/06/26 23:00:00,A,PC_HH,RO21,2012,45.28,,
ESTAT:ISOC_R_IACC_H(1.0),25/06/26 23:00:00,A,PC_HH,RO21,2013,50.65,,
ESTAT:ISOC_R_IACC_H(1.0),25/06/26 23:00:00,A,PC_HH,RO21,2014,54.85,b,
ESTAT:ISOC_R_IACC_H(1.0),25/06/26 23:00:00,A,PC_HH,RO21,2015,60.77,,
ESTAT:ISOC_R_IACC_H(1.0),25/06/26 23:00:00,A,PC_HH,RO21,2016,65.02,,
ESTAT:ISOC_R_IACC_H(1.0),25/06/26 23:00:00,A,PC_HH,RO21,2017,69.65,,
ESTAT:ISOC_R_IACC_H(1.0),25/06/26 23:00:00,A,PC_HH,RO21,2018,74.10,,
ESTAT:ISOC_R_IACC_H(1.0),25/06/26 23:00:00,A,PC_HH,RO21,2019,79.97,,
ESTAT:ISOC_R_IACC_H(1.0),25/06/26 23:00:00,A,PC_HH,RO21,2020,81.82,,
ESTAT:ISOC_R_IACC_H(1.0),25/06/26 23:00:00,A,PC_HH,RO21,2021,87.42,,
ESTAT:ISOC_R_IACC_H(1.0),25/06/26 23:00:00,A,PC_HH,RO21,2022,85.15,,
ESTAT:ISOC_R_IACC_H(1.0),25/06/26 23:00:00,A,PC_HH,RO21,2023,90.97,,
ESTAT:ISOC_R_IACC_H(1.0),25/06/26 23:00:00,A,PC_HH,RO21,2024,93.59,,
ESTAT:ISOC_R_IACC_H(1.0),25/06/26 23:00:00,A,PC_HH,RO21,2025,96.03,,
ESTAT:ISOC_R_IACC_H(1.0),25/06/26 23:00:00,A,PC_HH,RO22,2008,30.81,,
ESTAT:ISOC_R_IACC_H(1.0),25/06/26 23:00:00,A,PC_HH,RO22,2010,38.95,,
ESTAT:ISOC_R_IACC_H(1.0),25/06/26 23:00:00,A,PC_HH,RO22,2011,43.53,,
ESTAT:ISOC_R_IACC_H(1.0),25/06/26 23:00:00,A,PC_HH,RO22,2012,52.95,,
ESTAT:ISOC_R_IACC_H(1.0),25/06/26 23:00:00,A,PC_HH,RO22,2013,57.01,,
ESTAT:ISOC_R_IACC_H(1.0),25/06/26 23:00:00,A,PC_HH,RO22,2014,57.88,b,
ESTAT:ISOC_R_IACC_H(1.0),25/06/26 23:00:00,A,PC_HH,RO22,2015,60.09,,
ESTAT:ISOC_R_IACC_H(1.0),25/06/26 23:00:00,A,PC_HH,RO22,2016,68.95,,
ESTAT:ISOC_R_IACC_H(1.0),25/06/26 23:00:00,A,PC_HH,RO22,2017,72.06,,
ESTAT:ISOC_R_IACC_H(1.0),25/06/26 23:00:00,A,PC_HH,RO22,2018,72.69,,
ESTAT:ISOC_R_IACC_H(1.0),25/06/26 23:00:00,A,PC_HH,RO22,2019,78.80,,
ESTAT:ISOC_R_IACC_H(1.0),25/06/26 23:00:00,A,PC_HH,RO22,2020,80.53,,
ESTAT:ISOC_R_IACC_H(1.0),25/06/26 23:00:00,A,PC_HH,RO22,2021,85.09,,
ESTAT:ISOC_R_IACC_H(1.0),25/06/26 23:00:00,A,PC_HH,RO22,2022,87.15,,
ESTAT:ISOC_R_IACC_H(1.0),25/06/26 23:00:00,A,PC_HH,RO22,2023,88.97,,
ESTAT:ISOC_R_IACC_H(1.0),25/06/26 23:00:00,A,PC_HH,RO22,2024,92.13,,
ESTAT:ISOC_R_IACC_H(1.0),25/06/26 23:00:00,A,PC_HH,RO22,2025,93.37,,
ESTAT:ISOC_R_IACC_H(1.0),25/06/26 23:00:00,A,PC_HH,RO3,2008,34.85,,
ESTAT:ISOC_R_IACC_H(1.0),25/06/26 23:00:00,A,PC_HH,RO3,2009,44.16,,
ESTAT:ISOC_R_IACC_H(1.0),25/06/26 23:00:00,A,PC_HH,RO3,2010,49.57,,
ESTAT:ISOC_R_IACC_H(1.0),25/06/26 23:00:00,A,PC_HH,RO3,2011,55.91,,
ESTAT:ISOC_R_IACC_H(1.0),25/06/26 23:00:00,A,PC_HH,RO3,2012,60.55,,
ESTAT:ISOC_R_IACC_H(1.0),25/06/26 23:00:00,A,PC_HH,RO3,2013,63.84,,
ESTAT:ISOC_R_IACC_H(1.0),25/06/26 23:00:00,A,PC_HH,RO3,2014,66.51,b,
ESTAT:ISOC_R_IACC_H(1.0),25/06/26 23:00:00,A,PC_HH,RO3,2015,71.21,,
ESTAT:ISOC_R_IACC_H(1.0),25/06/26 23:00:00,A,PC_HH,RO3,2016,76.73,,
ESTAT:ISOC_R_IACC_H(1.0),25/06/26 23:00:00,A,PC_HH,RO3,2017,78.91,,
ESTAT:ISOC_R_IACC_H(1.0),25/06/26 23:00:00,A,PC_HH,RO3,2018,85.00,,
ESTAT:ISOC_R_IACC_H(1.0),25/06/26 23:00:00,A,PC_HH,RO3,2019,84.84,,
ESTAT:ISOC_R_IACC_H(1.0),25/06/26 23:00:00,A,PC_HH,RO3,2020,88.93,,
ESTAT:ISOC_R_IACC_H(1.0),25/06/26 23:00:00,A,PC_HH,RO3,2021,89.80,,
ESTAT:ISOC_R_IACC_H(1.0),25/06/26 23:00:00,A,PC_HH,RO3,2022,91.58,,
ESTAT:ISOC_R_IACC_H(1.0),25/06/26 23:00:00,A,PC_HH,RO3,2023,93.63,,
ESTAT:ISOC_R_IACC_H(1.0),25/06/26 23:00:00,A,PC_HH,RO3,2024,95.63,,
ESTAT:ISOC_R_IACC_H(1.0),25/06/26 23:00:00,A,PC_HH,RO3,2025,95.61,,
ESTAT:ISOC_R_IACC_H(1.0),25/06/26 23:00:00,A,PC_HH,RO31,2008,23.78,,
ESTAT:ISOC_R_IACC_H(1.0),25/06/26 23:00:00,A,PC_HH,RO31,2010,36.17,,
ESTAT:ISOC_R_IACC_H(1.0),25/06/26 23:00:00,A,PC_HH,RO31,2011,44.58,,
ESTAT:ISOC_R_IACC_H(1.0),25/06/26 23:00:00,A,PC_HH,RO31,2012,49.62,,
ESTAT:ISOC_R_IACC_H(1.0),25/06/26 23:00:00,A,PC_HH,RO31,2013,52.12,,
ESTAT:ISOC_R_IACC_H(1.0),25/06/26 23:00:00,A,PC_HH,RO31,2014,52.14,b,
ESTAT:ISOC_R_IACC_H(1.0),25/06/26 23:00:00,A,PC_HH,RO31,2015,61.99,,
ESTAT:ISOC_R_IACC_H(1.0),25/06/26 23:00:00,A,PC_HH,RO31,2016,66.31,,
ESTAT:ISOC_R_IACC_H(1.0),25/06/26 23:00:00,A,PC_HH,RO31,2017,71.35,,
ESTAT:ISOC_R_IACC_H(1.0),25/06/26 23:00:00,A,PC_HH,RO31,2018,75.94,,
ESTAT:ISOC_R_IACC_H(1.0),25/06/26 23:00:00,A,PC_HH,RO31,2019,79.63,,
ESTAT:ISOC_R_IACC_H(1.0),25/06/26 23:00:00,A,PC_HH,RO31,2020,82.91,,
ESTAT:ISOC_R_IACC_H(1.0),25/06/26 23:00:00,A,PC_HH,RO31,2021,86.26,,
ESTAT:ISOC_R_IACC_H(1.0),25/06/26 23:00:00,A,PC_HH,RO31,2022,86.92,,
ESTAT:ISOC_R_IACC_H(1.0),25/06/26 23:00:00,A,PC_HH,RO31,2023,90.73,,
ESTAT:ISOC_R_IACC_H(1.0),25/06/26 23:00:00,A,PC_HH,RO31,2024,93.71,,
ESTAT:ISOC_R_IACC_H(1.0),25/06/26 23:00:00,A,PC_HH,RO31,2025,94.66,,
ESTAT:ISOC_R_IACC_H(1.0),25/06/26 23:00:00,A,PC_HH,RO32,2008,49.74,,
ESTAT:ISOC_R_IACC_H(1.0),25/06/26 23:00:00,A,PC_HH,RO32,2010,67.17,,
ESTAT:ISOC_R_IACC_H(1.0),25/06/26 23:00:00,A,PC_HH,RO32,2011,70.51,,
ESTAT:ISOC_R_IACC_H(1.0),25/06/26 23:00:00,A,PC_HH,RO32,2012,74.77,,
ESTAT:ISOC_R_IACC_H(1.0),25/06/26 23:00:00,A,PC_HH,RO32,2013,79.01,,
ESTAT:ISOC_R_IACC_H(1.0),25/06/26 23:00:00,A,PC_HH,RO32,2014,84.05,b,
ESTAT:ISOC_R_IACC_H(1.0),25/06/26 23:00:00,A,PC_HH,RO32,2015,82.26,,
ESTAT:ISOC_R_IACC_H(1.0),25/06/26 23:00:00,A,PC_HH,RO32,2016,89.35,,
ESTAT:ISOC_R_IACC_H(1.0),25/06/26 23:00:00,A,PC_HH,RO32,2017,88.03,,
ESTAT:ISOC_R_IACC_H(1.0),25/06/26 23:00:00,A,PC_HH,RO32,2018,95.59,,
ESTAT:ISOC_R_IACC_H(1.0),25/06/26 23:00:00,A,PC_HH,RO32,2019,90.93,,
ESTAT:ISOC_R_IACC_H(1.0),25/06/26 23:00:00,A,PC_HH,RO32,2020,95.89,,
ESTAT:ISOC_R_IACC_H(1.0),25/06/26 23:00:00,A,PC_HH,RO32,2021,93.78,,
ESTAT:ISOC_R_IACC_H(1.0),25/06/26 23:00:00,A,PC_HH,RO32,2022,96.71,,
ESTAT:ISOC_R_IACC_H(1.0),25/06/26 23:00:00,A,PC_HH,RO32,2023,96.93,,
ESTAT:ISOC_R_IACC_H(1.0),25/06/26 23:00:00,A,PC_HH,RO32,2024,97.77,,
ESTAT:ISOC_R_IACC_H(1.0),25/06/26 23:00:00,A,PC_HH,RO32,2025,96.68,,
ESTAT:ISOC_R_IACC_H(1.0),25/06/26 23:00:00,A,PC_HH,RO4,2008,29.00,,
ESTAT:ISOC_R_IACC_H(1.0),25/06/26 23:00:00,A,PC_HH,RO4,2009,37.30,,
ESTAT:ISOC_R_IACC_H(1.0),25/06/26 23:00:00,A,PC_HH,RO4,2010,40.67,,
ESTAT:ISOC_R_IACC_H(1.0),25/06/26 23:00:00,A,PC_HH,RO4,2011,47.88,,
ESTAT:ISOC_R_IACC_H(1.0),25/06/26 23:00:00,A,PC_HH,RO4,2012,54.76,,
ESTAT:ISOC_R_IACC_H(1.0),25/06/26 23:00:00,A,PC_HH,RO4,2013,57.94,,
ESTAT:ISOC_R_IACC_H(1.0),25/06/26 23:00:00,A,PC_HH,RO4,2014,60.01,b,
ESTAT:ISOC_R_IACC_H(1.0),25/06/26 23:00:00,A,PC_HH,RO4,2015,70.53,,
ESTAT:ISOC_R_IACC_H(1.0),25/06/26 23:00:00,A,PC_HH,RO4,2016,74.41,,
ESTAT:ISOC_R_IACC_H(1.0),25/06/26 23:00:00,A,PC_HH,RO4,2017,80.99,,
ESTAT:ISOC_R_IACC_H(1.0),25/06/26 23:00:00,A,PC_HH,RO4,2018,83.49,,
ESTAT:ISOC_R_IACC_H(1.0),25/06/26 23:00:00,A,PC_HH,RO4,2019,86.02,,
ESTAT:ISOC_R_IACC_H(1.0),25/06/26 23:00:00,A,PC_HH,RO4,2020,87.99,,
ESTAT:ISOC_R_IACC_H(1.0),25/06/26 23:00:00,A,PC_HH,RO4,2021,89.06,,
ESTAT:ISOC_R_IACC_H(1.0),25/06/26 23:00:00,A,PC_HH,RO4,2022,89.13,,
ESTAT:ISOC_R_IACC_H(1.0),25/06/26 23:00:00,A,PC_HH,RO4,2023,92.33,,
ESTAT:ISOC_R_IACC_H(1.0),25/06/26 23:00:00,A,PC_HH,RO4,2024,94.56,,
ESTAT:ISOC_R_IACC_H(1.0),25/06/26 23:00:00,A,PC_HH,RO4,2025,95.65,,
ESTAT:ISOC_R_IACC_H(1.0),25/06/26 23:00:00,A,PC_HH,RO41,2008,27.41,,
ESTAT:ISOC_R_IACC_H(1.0),25/06/26 23:00:00,A,PC_HH,RO41,2010,34.68,,
ESTAT:ISOC_R_IACC_H(1.0),25/06/26 23:00:00,A,PC_HH,RO41,2011,42.79,,
ESTAT:ISOC_R_IACC_H(1.0),25/06/26 23:00:00,A,PC_HH,RO41,2012,48.89,,
ESTAT:ISOC_R_IACC_H(1.0),25/06/26 23:00:00,A,PC_HH,RO41,2013,53.36,,
ESTAT:ISOC_R_IACC_H(1.0),25/06/26 23:00:00,A,PC_HH,RO41,2014,52.93,b,
ESTAT:ISOC_R_IACC_H(1.0),25/06/26 23:00:00,A,PC_HH,RO41,2015,65.49,,
ESTAT:ISOC_R_IACC_H(1.0),25/06/26 23:00:00,A,PC_HH,RO41,2016,74.41,,
ESTAT:ISOC_R_IACC_H(1.0),25/06/26 23:00:00,A,PC_HH,RO41,2017,76.59,,
ESTAT:ISOC_R_IACC_H(1.0),25/06/26 23:00:00,A,PC_HH,RO41,2018,81.10,,
ESTAT:ISOC_R_IACC_H(1.0),25/06/26 23:00:00,A,PC_HH,RO41,2019,83.96,,
ESTAT:ISOC_R_IACC_H(1.0),25/06/26 23:00:00,A,PC_HH,RO41,2020,84.89,,
ESTAT:ISOC_R_IACC_H(1.0),25/06/26 23:00:00,A,PC_HH,RO41,2021,86.56,,
ESTAT:ISOC_R_IACC_H(1.0),25/06/26 23:00:00,A,PC_HH,RO41,2022,87.02,,
ESTAT:ISOC_R_IACC_H(1.0),25/06/26 23:00:00,A,PC_HH,RO41,2023,91.54,,
ESTAT:ISOC_R_IACC_H(1.0),25/06/26 23:00:00,A,PC_HH,RO41,2024,92.51,,
ESTAT:ISOC_R_IACC_H(1.0),25/06/26 23:00:00,A,PC_HH,RO41,2025,95.30,,
ESTAT:ISOC_R_IACC_H(1.0),25/06/26 23:00:00,A,PC_HH,RO42,2008,30.79,,
ESTAT:ISOC_R_IACC_H(1.0),25/06/26 23:00:00,A,PC_HH,RO42,2010,47.38,,
ESTAT:ISOC_R_IACC_H(1.0),25/06/26 23:00:00,A,PC_HH,RO42,2011,53.47,,
ESTAT:ISOC_R_IACC_H(1.0),25/06/26 23:00:00,A,PC_HH,RO42,2012,61.28,,
ESTAT:ISOC_R_IACC_H(1.0),25/06/26 23:00:00,A,PC_HH,RO42,2013,62.98,,
ESTAT:ISOC_R_IACC_H(1.0),25/06/26 23:00:00,A,PC_HH,RO42,2014,67.77,b,
ESTAT:ISOC_R_IACC_H(1.0),25/06/26 23:00:00,A,PC_HH,RO42,2015,76.09,,
ESTAT:ISOC_R_IACC_H(1.0),25/06/26 23:00:00,A,PC_HH,RO42,2016,74.41,,
ESTAT:ISOC_R_IACC_H(1.0),25/06/26 23:00:00,A,PC_HH,RO42,2017,85.56,,
ESTAT:ISOC_R_IACC_H(1.0),25/06/26 23:00:00,A,PC_HH,RO42,2018,85.96,,
ESTAT:ISOC_R_IACC_H(1.0),25/06/26 23:00:00,A,PC_HH,RO42,2019,88.17,,
ESTAT:ISOC_R_IACC_H(1.0),25/06/26 23:00:00,A,PC_HH,RO42,2020,91.22,,
ESTAT:ISOC_R_IACC_H(1.0),25/06/26 23:00:00,A,PC_HH,RO42,2021,91.68,,
ESTAT:ISOC_R_IACC_H(1.0),25/06/26 23:00:00,A,PC_HH,RO42,2022,91.35,,
ESTAT:ISOC_R_IACC_H(1.0),25/06/26 23:00:00,A,PC_HH,RO42,2023,93.17,,
ESTAT:ISOC_R_IACC_H(1.0),25/06/26 23:00:00,A,PC_HH,RO42,2024,96.74,,
ESTAT:ISOC_R_IACC_H(1.0),25/06/26 23:00:00,A,PC_HH,RO42,2025,96.02,,
ESTAT:ISOC_R_IACC_H(1.0),25/06/26 23:00:00,A,PC_HH,RS,2007,26.27,,
ESTAT:ISOC_R_IACC_H(1.0),25/06/26 23:00:00,A,PC_HH,RS,2009,36.66,,
ESTAT:ISOC_R_IACC_H(1.0),25/06/26 23:00:00,A,PC_HH,RS,2015,63.76,,
ESTAT:ISOC_R_IACC_H(1.0),25/06/26 23:00:00,A,PC_HH,RS,2017,68.03,,
ESTAT:ISOC_R_IACC_H(1.0),25/06/26 23:00:00,A,PC_HH,RS,2018,72.91,,
ESTAT:ISOC_R_IACC_H(1.0),25/06/26 23:00:00,A,PC_HH,RS,2019,80.14,,
ESTAT:ISOC_R_IACC_H(1.0),25/06/26 23:00:00,A,PC_HH,RS,2020,80.95,,
ESTAT:ISOC_R_IACC_H(1.0),25/06/26 23:00:00,A,PC_HH,RS,2021,81.51,,
ESTAT:ISOC_R_IACC_H(1.0),25/06/26 23:00:00,A,PC_HH,RS,2022,83.24,,
ESTAT:ISOC_R_IACC_H(1.0),25/06/26 23:00:00,A,PC_HH,RS,2023,85.39,,
ESTAT:ISOC_R_IACC_H(1.0),25/06/26 23:00:00,A,PC_HH,RS,2024,88.85,,
ESTAT:ISOC_R_IACC_H(1.0),25/06/26 23:00:00,A,PC_HH,RS,2025,90.09,,
ESTAT:ISOC_R_IACC_H(1.0),25/06/26 23:00:00,A,PC_HH,RS1,2019,85.36,,
ESTAT:ISOC_R_IACC_H(1.0),25/06/26 23:00:00,A,PC_HH,RS1,2020,84.06,,
ESTAT:ISOC_R_IACC_H(1.0),25/06/26 23:00:00,A,PC_HH,RS1,2021,84.82,,
ESTAT:ISOC_R_IACC_H(1.0),25/06/26 23:00:00,A,PC_HH,RS1,2022,87.15,,
ESTAT:ISOC_R_IACC_H(1.0),25/06/26 23:00:00,A,PC_HH,RS1,2023,88.44,,
ESTAT:ISOC_R_IACC_H(1.0),25/06/26 23:00:00,A,PC_HH,RS1,2024,90.28,,
ESTAT:ISOC_R_IACC_H(1.0),25/06/26 23:00:00,A,PC_HH,RS1,2025,92.16,,
ESTAT:ISOC_R_IACC_H(1.0),25/06/26 23:00:00,A,PC_HH,RS11,2019,89.65,,
ESTAT:ISOC_R_IACC_H(1.0),25/06/26 23:00:00,A,PC_HH,RS11,2020,94.07,,
ESTAT:ISOC_R_IACC_H(1.0),25/06/26 23:00:00,A,PC_HH,RS11,2021,92.88,,
ESTAT:ISOC_R_IACC_H(1.0),25/06/26 23:00:00,A,PC_HH,RS11,2022,93.04,,
ESTAT:ISOC_R_IACC_H(1.0),25/06/26 23:00:00,A,PC_HH,RS11,2023,93.00,,
ESTAT:ISOC_R_IACC_H(1.0),25/06/26 23:00:00,A,PC_HH,RS11,2024,92.48,,
ESTAT:ISOC_R_IACC_H(1.0),25/06/26 23:00:00,A,PC_HH,RS11,2025,95.46,,
ESTAT:ISOC_R_IACC_H(1.0),25/06/26 23:00:00,A,PC_HH,RS12,2019,81.57,,
ESTAT:ISOC_R_IACC_H(1.0),25/06/26 23:00:00,A,PC_HH,RS12,2020,75.26,,
ESTAT:ISOC_R_IACC_H(1.0),25/06/26 23:00:00,A,PC_HH,RS12,2021,77.76,,
ESTAT:ISOC_R_IACC_H(1.0),25/06/26 23:00:00,A,PC_HH,RS12,2022,81.88,,
ESTAT:ISOC_R_IACC_H(1.0),25/06/26 23:00:00,A,PC_HH,RS12,2023,84.41,,
ESTAT:ISOC_R_IACC_H(1.0),25/06/26 23:00:00,A,PC_HH,RS12,2024,87.99,,
ESTAT:ISOC_R_IACC_H(1.0),25/06/26 23:00:00,A,PC_HH,RS12,2025,88.85,,
ESTAT:ISOC_R_IACC_H(1.0),25/06/26 23:00:00,A,PC_HH,RS2,2019,74.11,,
ESTAT:ISOC_R_IACC_H(1.0),25/06/26 23:00:00,A,PC_HH,RS2,2020,77.41,,
ESTAT:ISOC_R_IACC_H(1.0),25/06/26 23:00:00,A,PC_HH,RS2,2021,77.81,,
ESTAT:ISOC_R_IACC_H(1.0),25/06/26 23:00:00,A,PC_HH,RS2,2022,78.92,,
ESTAT:ISOC_R_IACC_H(1.0),25/06/26 23:00:00,A,PC_HH,RS2,2023,81.87,,
ESTAT:ISOC_R_IACC_H(1.0),25/06/26 23:00:00,A,PC_HH,RS2,2024,87.00,,
ESTAT:ISOC_R_IACC_H(1.0),25/06/26 23:00:00,A,PC_HH,RS2,2025,87.61,,
ESTAT:ISOC_R_IACC_H(1.0),25/06/26 23:00:00,A,PC_HH,RS21,2019,75.58,,
ESTAT:ISOC_R_IACC_H(1.0),25/06/26 23:00:00,A,PC_HH,RS21,2020,77.51,,
ESTAT:ISOC_R_IACC_H(1.0),25/06/26 23:00:00,A,PC_HH,RS21,2021,79.19,,
ESTAT:ISOC_R_IACC_H(1.0),25/06/26 23:00:00,A,PC_HH,RS21,2022,80.72,,
ESTAT:ISOC_R_IACC_H(1.0),25/06/26 23:00:00,A,PC_HH,RS21,2023,83.29,,
ESTAT:ISOC_R_IACC_H(1.0),25/06/26 23:00:00,A,PC_HH,RS21,2024,88.16,,
ESTAT:ISOC_R_IACC_H(1.0),25/06/26 23:00:00,A,PC_HH,RS21,2025,88.27,,
ESTAT:ISOC_R_IACC_H(1.0),25/06/26 23:00:00,A,PC_HH,RS22,2019,72.23,,
ESTAT:ISOC_R_IACC_H(1.0),25/06/26 23:00:00,A,PC_HH,RS22,2020,77.29,,
ESTAT:ISOC_R_IACC_H(1.0),25/06/26 23:00:00,A,PC_HH,RS22,2021,76.07,,
ESTAT:ISOC_R_IACC_H(1.0),25/06/26 23:00:00,A,PC_HH,RS22,2022,76.62,,
ESTAT:ISOC_R_IACC_H(1.0),25/06/26 23:00:00,A,PC_HH,RS22,2023,80.02,,
ESTAT:ISOC_R_IACC_H(1.0),25/06/26 23:00:00,A,PC_HH,RS22,2024,85.52,,
ESTAT:ISOC_R_IACC_H(1.0),25/06/26 23:00:00,A,PC_HH,RS22,2025,86.72,,
ESTAT:ISOC_R_IACC_H(1.0),25/06/26 23:00:00,A,PC_HH,SE,2006,77.39,,
ESTAT:ISOC_R_IACC_H(1.0),25/06/26 23:00:00,A,PC_HH,SE,2007,78.55,,
ESTAT:ISOC_R_IACC_H(1.0),25/06/26 23:00:00,A,PC_HH,SE,2008,84.44,,
ESTAT:ISOC_R_IACC_H(1.0),25/06/26 23:00:00,A,PC_HH,SE,2009,85.98,,
ESTAT:ISOC_R_IACC_H(1.0),25/06/26 23:00:00,A,PC_HH,SE,2010,88.30,,
ESTAT:ISOC_R_IACC_H(1.0),25/06/26 23:00:00,A,PC_HH,SE,2011,90.64,,
ESTAT:ISOC_R_IACC_H(1.0),25/06/26 23:00:00,A,PC_HH,SE,2012,91.69,,
ESTAT:ISOC_R_IACC_H(1.0),25/06/26 23:00:00,A,PC_HH,SE,2013,92.59,,
ESTAT:ISOC_R_IACC_H(1.0),25/06/26 23:00:00,A,PC_HH,SE,2014,89.57,,
ESTAT:ISOC_R_IACC_H(1.0),25/06/26 23:00:00,A,PC_HH,SE,2015,91.03,,
ESTAT:ISOC_R_IACC_H(1.0),25/06/26 23:00:00,A,PC_HH,SE,2016,93.80,b,
ESTAT:ISOC_R_IACC_H(1.0),25/06/26 23:00:00,A,PC_HH,SE,2017,94.73,,
ESTAT:ISOC_R_IACC_H(1.0),25/06/26 23:00:00,A,PC_HH,SE,2018,93.42,,
ESTAT:ISOC_R_IACC_H(1.0),25/06/26 23:00:00,A,PC_HH,SE,2019,96.06,,
ESTAT:ISOC_R_IACC_H(1.0),25/06/26 23:00:00,A,PC_HH,SE,2020,93.94,,
ESTAT:ISOC_R_IACC_H(1.0),25/06/26 23:00:00,A,PC_HH,SE,2021,93.23,,
ESTAT:ISOC_R_IACC_H(1.0),25/06/26 23:00:00,A,PC_HH,SE,2022,94.33,,
ESTAT:ISOC_R_IACC_H(1.0),25/06/26 23:00:00,A,PC_HH,SE,2023,94.87,,
ESTAT:ISOC_R_IACC_H(1.0),25/06/26 23:00:00,A,PC_HH,SE,2024,95.43,,
ESTAT:ISOC_R_IACC_H(1.0),25/06/26 23:00:00,A,PC_HH,SE,2025,95.72,,
ESTAT:ISOC_R_IACC_H(1.0),25/06/26 23:00:00,A,PC_HH,SE1,2008,85.46,,
ESTAT:ISOC_R_IACC_H(1.0),25/06/26 23:00:00,A,PC_HH,SE1,2009,87.67,,
ESTAT:ISOC_R_IACC_H(1.0),25/06/26 23:00:00,A,PC_HH,SE1,2010,89.67,,
ESTAT:ISOC_R_IACC_H(1.0),25/06/26 23:00:00,A,PC_HH,SE1,2011,92.52,,
ESTAT:ISOC_R_IACC_H(1.0),25/06/26 23:00:00,A,PC_HH,SE1,2012,93.01,,
ESTAT:ISOC_R_IACC_H(1.0),25/06/26 23:00:00,A,PC_HH,SE1,2013,93.12,,
ESTAT:ISOC_R_IACC_H(1.0),25/06/26 23:00:00,A,PC_HH,SE1,2014,91.51,,
ESTAT:ISOC_R_IACC_H(1.0),25/06/26 23:00:00,A,PC_HH,SE1,2015,90.97,,
ESTAT:ISOC_R_IACC_H(1.0),25/06/26 23:00:00,A,PC_HH,SE1,2016,95.37,b,
ESTAT:ISOC_R_IACC_H(1.0),25/06/26 23:00:00,A,PC_HH,SE1,2017,95.73,,
ESTAT:ISOC_R_IACC_H(1.0),25/06/26 23:00:00,A,PC_HH,SE1,2018,94.51,,
ESTAT:ISOC_R_IACC_H(1.0),25/06/26 23:00:00,A,PC_HH,SE1,2019,95.10,,
ESTAT:ISOC_R_IACC_H(1.0),25/06/26 23:00:00,A,PC_HH,SE1,2020,95.73,,
ESTAT:ISOC_R_IACC_H(1.0),25/06/26 23:00:00,A,PC_HH,SE1,2021,95.62,,
ESTAT:ISOC_R_IACC_H(1.0),25/06/26 23:00:00,A,PC_HH,SE1,2022,95.16,,
ESTAT:ISOC_R_IACC_H(1.0),25/06/26 23:00:00,A,PC_HH,SE1,2023,94.80,,
ESTAT:ISOC_R_IACC_H(1.0),25/06/26 23:00:00,A,PC_HH,SE1,2024,96.16,,
ESTAT:ISOC_R_IACC_H(1.0),25/06/26 23:00:00,A,PC_HH,SE1,2025,95.12,,
ESTAT:ISOC_R_IACC_H(1.0),25/06/26 23:00:00,A,PC_HH,SE11,2009,89.54,,
ESTAT:ISOC_R_IACC_H(1.0),25/06/26 23:00:00,A,PC_HH,SE11,2010,90.80,,
ESTAT:ISOC_R_IACC_H(1.0),25/06/26 23:00:00,A,PC_HH,SE11,2011,94.34,,
ESTAT:ISOC_R_IACC_H(1.0),25/06/26 23:00:00,A,PC_HH,SE11,2012,94.83,,
ESTAT:ISOC_R_IACC_H(1.0),25/06/26 23:00:00,A,PC_HH,SE11,2013,94.02,,
ESTAT:ISOC_R_IACC_H(1.0),25/06/26 23:00:00,A,PC_HH,SE11,2014,91.95,,
ESTAT:ISOC_R_IACC_H(1.0),25/06/26 23:00:00,A,PC_HH,SE11,2015,91.22,,
ESTAT:ISOC_R_IACC_H(1.0),25/06/26 23:00:00,A,PC_HH,SE11,2016,97.38,b,
ESTAT:ISOC_R_IACC_H(1.0),25/06/26 23:00:00,A,PC_HH,SE11,2017,97.05,,
ESTAT:ISOC_R_IACC_H(1.0),25/06/26 23:00:00,A,PC_HH,SE11,2018,95.25,,
ESTAT:ISOC_R_IACC_H(1.0),25/06/26 23:00:00,A,PC_HH,SE11,2019,95.04,,
ESTAT:ISOC_R_IACC_H(1.0),25/06/26 23:00:00,A,PC_HH,SE11,2020,96.60,,
ESTAT:ISOC_R_IACC_H(1.0),25/06/26 23:00:00,A,PC_HH,SE11,2021,95.98,,
ESTAT:ISOC_R_IACC_H(1.0),25/06/26 23:00:00,A,PC_HH,SE11,2022,97.65,,
ESTAT:ISOC_R_IACC_H(1.0),25/06/26 23:00:00,A,PC_HH,SE11,2023,96.19,,
ESTAT:ISOC_R_IACC_H(1.0),25/06/26 23:00:00,A,PC_HH,SE11,2024,96.93,,
ESTAT:ISOC_R_IACC_H(1.0),25/06/26 23:00:00,A,PC_HH,SE11,2025,96.08,,
ESTAT:ISOC_R_IACC_H(1.0),25/06/26 23:00:00,A,PC_HH,SE12,2009,85.29,,
ESTAT:ISOC_R_IACC_H(1.0),25/06/26 23:00:00,A,PC_HH,SE12,2010,88.11,,
ESTAT:ISOC_R_IACC_H(1.0),25/06/26 23:00:00,A,PC_HH,SE12,2011,90.08,,
ESTAT:ISOC_R_IACC_H(1.0),25/06/26 23:00:00,A,PC_HH,SE12,2012,90.37,,
ESTAT:ISOC_R_IACC_H(1.0),25/06/26 23:00:00,A,PC_HH,SE12,2013,91.80,,
ESTAT:ISOC_R_IACC_H(1.0),25/06/26 23:00:00,A,PC_HH,SE12,2014,90.96,,
ESTAT:ISOC_R_IACC_H(1.0),25/06/26 23:00:00,A,PC_HH,SE12,2015,90.63,,
ESTAT:ISOC_R_IACC_H(1.0),25/06/26 23:00:00,A,PC_HH,SE12,2016,93.04,b,
ESTAT:ISOC_R_IACC_H(1.0),25/06/26 23:00:00,A,PC_HH,SE12,2017,94.33,,
ESTAT:ISOC_R_IACC_H(1.0),25/06/26 23:00:00,A,PC_HH,SE12,2018,93.57,,
ESTAT:ISOC_R_IACC_H(1.0),25/06/26 23:00:00,A,PC_HH,SE12,2019,95.20,,
ESTAT:ISOC_R_IACC_H(1.0),25/06/26 23:00:00,A,PC_HH,SE12,2020,94.59,,
ESTAT:ISOC_R_IACC_H(1.0),25/06/26 23:00:00,A,PC_HH,SE12,2021,95.14,,
ESTAT:ISOC_R_IACC_H(1.0),25/06/26 23:00:00,A,PC_HH,SE12,2022,92.23,,
ESTAT:ISOC_R_IACC_H(1.0),25/06/26 23:00:00,A,PC_HH,SE12,2023,93.03,,
ESTAT:ISOC_R_IACC_H(1.0),25/06/26 23:00:00,A,PC_HH,SE12,2024,95.07,,
ESTAT:ISOC_R_IACC_H(1.0),25/06/26 23:00:00,A,PC_HH,SE12,2025,93.98,,
ESTAT:ISOC_R_IACC_H(1.0),25/06/26 23:00:00,A,PC_HH,SE2,2008,86.09,,
ESTAT:ISOC_R_IACC_H(1.0),25/06/26 23:00:00,A,PC_HH,SE2,2009,85.37,,
ESTAT:ISOC_R_IACC_H(1.0),25/06/26 23:00:00,A,PC_HH,SE2,2010,88.14,,
ESTAT:ISOC_R_IACC_H(1.0),25/06/26 23:00:00,A,PC_HH,SE2,2011,90.41,,
ESTAT:ISOC_R_IACC_H(1.0),25/06/26 23:00:00,A,PC_HH,SE2,2012,91.88,,
ESTAT:ISOC_R_IACC_H(1.0),25/06/26 23:00:00,A,PC_HH,SE2,2013,92.00,,
ESTAT:ISOC_R_IACC_H(1.0),25/06/26 23:00:00,A,PC_HH,SE2,2014,90.66,,
ESTAT:ISOC_R_IACC_H(1.0),25/06/26 23:00:00,A,PC_HH,SE2,2015,90.77,,
ESTAT:ISOC_R_IACC_H(1.0),25/06/26 23:00:00,A,PC_HH,SE2,2016,93.70,b,
ESTAT:ISOC_R_IACC_H(1.0),25/06/26 23:00:00,A,PC_HH,SE2,2017,94.19,,
ESTAT:ISOC_R_IACC_H(1.0),25/06/26 23:00:00,A,PC_HH,SE2,2018,93.87,,
ESTAT:ISOC_R_IACC_H(1.0),25/06/26 23:00:00,A,PC_HH,SE2,2019,96.91,,
ESTAT:ISOC_R_IACC_H(1.0),25/06/26 23:00:00,A,PC_HH,SE2,2020,94.34,,
ESTAT:ISOC_R_IACC_H(1.0),25/06/26 23:00:00,A,PC_HH,SE2,2021,91.79,,
ESTAT:ISOC_R_IACC_H(1.0),25/06/26 23:00:00,A,PC_HH,SE2,2022,94.99,,
ESTAT:ISOC_R_IACC_H(1.0),25/06/26 23:00:00,A,PC_HH,SE2,2023,95.48,,
ESTAT:ISOC_R_IACC_H(1.0),25/06/26 23:00:00,A,PC_HH,SE2,2024,94.80,,
ESTAT:ISOC_R_IACC_H(1.0),25/06/26 23:00:00,A,PC_HH,SE2,2025,96.18,,
ESTAT:ISOC_R_IACC_H(1.0),25/06/26 23:00:00,A,PC_HH,SE21,2009,83.51,,
ESTAT:ISOC_R_IACC_H(1.0),25/06/26 23:00:00,A,PC_HH,SE21,2010,83.62,,
ESTAT:ISOC_R_IACC_H(1.0),25/06/26 23:00:00,A,PC_HH,SE21,2011,88.94,,
ESTAT:ISOC_R_IACC_H(1.0),25/06/26 23:00:00,A,PC_HH,SE21,2012,89.61,,
ESTAT:ISOC_R_IACC_H(1.0),25/06/26 23:00:00,A,PC_HH,SE21,2013,90.52,,
ESTAT:ISOC_R_IACC_H(1.0),25/06/26 23:00:00,A,PC_HH,SE21,2014,90.90,,
ESTAT:ISOC_R_IACC_H(1.0),25/06/26 23:00:00,A,PC_HH,SE21,2015,88.40,,
ESTAT:ISOC_R_IACC_H(1.0),25/06/26 23:00:00,A,PC_HH,SE21,2016,86.70,b,
ESTAT:ISOC_R_IACC_H(1.0),25/06/26 23:00:00,A,PC_HH,SE21,2017,91.29,,
ESTAT:ISOC_R_IACC_H(1.0),25/06/26 23:00:00,A,PC_HH,SE21,2018,92.84,,
ESTAT:ISOC_R_IACC_H(1.0),25/06/26 23:00:00,A,PC_HH,SE21,2019,98.30,,
ESTAT:ISOC_R_IACC_H(1.0),25/06/26 23:00:00,A,PC_HH,SE21,2020,94.75,,
ESTAT:ISOC_R_IACC_H(1.0),25/06/26 23:00:00,A,PC_HH,SE21,2021,91.63,,
ESTAT:ISOC_R_IACC_H(1.0),25/06/26 23:00:00,A,PC_HH,SE21,2022,95.67,,
ESTAT:ISOC_R_IACC_H(1.0),25/06/26 23:00:00,A,PC_HH,SE21,2023,95.75,,
ESTAT:ISOC_R_IACC_H(1.0),25/06/26 23:00:00,A,PC_HH,SE21,2024,96.14,,
ESTAT:ISOC_R_IACC_H(1.0),25/06/26 23:00:00,A,PC_HH,SE21,2025,92.95,,
ESTAT:ISOC_R_IACC_H(1.0),25/06/26 23:00:00,A,PC_HH,SE22,2009,85.47,,
ESTAT:ISOC_R_IACC_H(1.0),25/06/26 23:00:00,A,PC_HH,SE22,2010,88.95,,
ESTAT:ISOC_R_IACC_H(1.0),25/06/26 23:00:00,A,PC_HH,SE22,2011,91.80,,
ESTAT:ISOC_R_IACC_H(1.0),25/06/26 23:00:00,A,PC_HH,SE22,2012,93.08,,
ESTAT:ISOC_R_IACC_H(1.0),25/06/26 23:00:00,A,PC_HH,SE22,2013,93.27,,
ESTAT:ISOC_R_IACC_H(1.0),25/06/26 23:00:00,A,PC_HH,SE22,2014,87.68,,
ESTAT:ISOC_R_IACC_H(1.0),25/06/26 23:00:00,A,PC_HH,SE22,2015,92.13,,
ESTAT:ISOC_R_IACC_H(1.0),25/06/26 23:00:00,A,PC_HH,SE22,2016,96.78,b,
ESTAT:ISOC_R_IACC_H(1.0),25/06/26 23:00:00,A,PC_HH,SE22,2017,94.34,,
ESTAT:ISOC_R_IACC_H(1.0),25/06/26 23:00:00,A,PC_HH,SE22,2018,94.84,,
ESTAT:ISOC_R_IACC_H(1.0),25/06/26 23:00:00,A,PC_HH,SE22,2019,95.28,,
ESTAT:ISOC_R_IACC_H(1.0),25/06/26 23:00:00,A,PC_HH,SE22,2020,94.68,,
ESTAT:ISOC_R_IACC_H(1.0),25/06/26 23:00:00,A,PC_HH,SE22,2021,92.56,,
ESTAT:ISOC_R_IACC_H(1.0),25/06/26 23:00:00,A,PC_HH,SE22,2022,95.21,,
ESTAT:ISOC_R_IACC_H(1.0),25/06/26 23:00:00,A,PC_HH,SE22,2023,95.39,,
ESTAT:ISOC_R_IACC_H(1.0),25/06/26 23:00:00,A,PC_HH,SE22,2024,95.42,,
ESTAT:ISOC_R_IACC_H(1.0),25/06/26 23:00:00,A,PC_HH,SE22,2025,96.46,,
ESTAT:ISOC_R_IACC_H(1.0),25/06/26 23:00:00,A,PC_HH,SE23,2009,86.13,,
ESTAT:ISOC_R_IACC_H(1.0),25/06/26 23:00:00,A,PC_HH,SE23,2010,89.45,,
ESTAT:ISOC_R_IACC_H(1.0),25/06/26 23:00:00,A,PC_HH,SE23,2011,90.09,,
ESTAT:ISOC_R_IACC_H(1.0),25/06/26 23:00:00,A,PC_HH,SE23,2012,91.85,,
ESTAT:ISOC_R_IACC_H(1.0),25/06/26 23:00:00,A,PC_HH,SE23,2013,91.80,,
ESTAT:ISOC_R_IACC_H(1.0),25/06/26 23:00:00,A,PC_HH,SE23,2014,92.58,,
ESTAT:ISOC_R_IACC_H(1.0),25/06/26 23:00:00,A,PC_HH,SE23,2015,90.87,,
ESTAT:ISOC_R_IACC_H(1.0),25/06/26 23:00:00,A,PC_HH,SE23,2016,94.25,b,
ESTAT:ISOC_R_IACC_H(1.0),25/06/26 23:00:00,A,PC_HH,SE23,2017,95.72,,
ESTAT:ISOC_R_IACC_H(1.0),25/06/26 23:00:00,A,PC_HH,SE23,2018,93.67,,
ESTAT:ISOC_R_IACC_H(1.0),25/06/26 23:00:00,A,PC_HH,SE23,2019,97.41,,
ESTAT:ISOC_R_IACC_H(1.0),25/06/26 23:00:00,A,PC_HH,SE23,2020,93.95,,
ESTAT:ISOC_R_IACC_H(1.0),25/06/26 23:00:00,A,PC_HH,SE23,2021,91.31,,
ESTAT:ISOC_R_IACC_H(1.0),25/06/26 23:00:00,A,PC_HH,SE23,2022,94.55,,
ESTAT:ISOC_R_IACC_H(1.0),25/06/26 23:00:00,A,PC_HH,SE23,2023,95.43,,
ESTAT:ISOC_R_IACC_H(1.0),25/06/26 23:00:00,A,PC_HH,SE23,2024,93.82,,
ESTAT:ISOC_R_IACC_H(1.0),25/06/26 23:00:00,A,PC_HH,SE23,2025,97.44,,
ESTAT:ISOC_R_IACC_H(1.0),25/06/26 23:00:00,A,PC_HH,SE3,2008,78.86,,
ESTAT:ISOC_R_IACC_H(1.0),25/06/26 23:00:00,A,PC_HH,SE3,2009,83.95,,
ESTAT:ISOC_R_IACC_H(1.0),25/06/26 23:00:00,A,PC_HH,SE3,2010,85.82,,
ESTAT:ISOC_R_IACC_H(1.0),25/06/26 23:00:00,A,PC_HH,SE3,2011,87.41,,
ESTAT:ISOC_R_IACC_H(1.0),25/06/26 23:00:00,A,PC_HH,SE3,2012,88.26,,
ESTAT:ISOC_R_IACC_H(1.0),25/06/26 23:00:00,A,PC_HH,SE3,2013,92.92,,
ESTAT:ISOC_R_IACC_H(1.0),25/06/26 23:00:00,A,PC_HH,SE3,2014,83.50,,
ESTAT:ISOC_R_IACC_H(1.0),25/06/26 23:00:00,A,PC_HH,SE3,2015,91.86,,
ESTAT:ISOC_R_IACC_H(1.0),25/06/26 23:00:00,A,PC_HH,SE3,2016,90.41,b,
ESTAT:ISOC_R_IACC_H(1.0),25/06/26 23:00:00,A,PC_HH,SE3,2017,93.81,,
ESTAT:ISOC_R_IACC_H(1.0),25/06/26 23:00:00,A,PC_HH,SE3,2018,90.10,,
ESTAT:ISOC_R_IACC_H(1.0),25/06/26 23:00:00,A,PC_HH,SE3,2019,96.41,,
ESTAT:ISOC_R_IACC_H(1.0),25/06/26 23:00:00,A,PC_HH,SE3,2020,88.57,,
ESTAT:ISOC_R_IACC_H(1.0),25/06/26 23:00:00,A,PC_HH,SE3,2021,91.12,,
ESTAT:ISOC_R_IACC_H(1.0),25/06/26 23:00:00,A,PC_HH,SE3,2022,90.56,,
ESTAT:ISOC_R_IACC_H(1.0),25/06/26 23:00:00,A,PC_HH,SE3,2023,93.54,,
ESTAT:ISOC_R_IACC_H(1.0),25/06/26 23:00:00,A,PC_HH,SE3,2024,95.30,,
ESTAT:ISOC_R_IACC_H(1.0),25/06/26 23:00:00,A,PC_HH,SE3,2025,96.05,,
ESTAT:ISOC_R_IACC_H(1.0),25/06/26 23:00:00,A,PC_HH,SE31,2009,85.11,,
ESTAT:ISOC_R_IACC_H(1.0),25/06/26 23:00:00,A,PC_HH,SE31,2010,85.73,,
ESTAT:ISOC_R_IACC_H(1.0),25/06/26 23:00:00,A,PC_HH,SE31,2011,86.30,,
ESTAT:ISOC_R_IACC_H(1.0),25/06/26 23:00:00,A,PC_HH,SE31,2012,85.55,,
ESTAT:ISOC_R_IACC_H(1.0),25/06/26 23:00:00,A,PC_HH,SE31,2013,93.18,,
ESTAT:ISOC_R_IACC_H(1.0),25/06/26 23:00:00,A,PC_HH,SE31,2014,80.40,,
ESTAT:ISOC_R_IACC_H(1.0),25/06/26 23:00:00,A,PC_HH,SE31,2015,88.90,,
ESTAT:ISOC_R_IACC_H(1.0),25/06/26 23:00:00,A,PC_HH,SE31,2016,89.08,b,
ESTAT:ISOC_R_IACC_H(1.0),25/06/26 23:00:00,A,PC_HH,SE31,2017,88.32,,
ESTAT:ISOC_R_IACC_H(1.0),25/06/26 23:00:00,A,PC_HH,SE31,2018,91.19,,
ESTAT:ISOC_R_IACC_H(1.0),25/06/26 23:00:00,A,PC_HH,SE31,2019,94.11,,
ESTAT:ISOC_R_IACC_H(1.0),25/06/26 23:00:00,A,PC_HH,SE31,2020,85.56,,
ESTAT:ISOC_R_IACC_H(1.0),25/06/26 23:00:00,A,PC_HH,SE31,2021,92.64,,
ESTAT:ISOC_R_IACC_H(1.0),25/06/26 23:00:00,A,PC_HH,SE31,2022,95.55,,
ESTAT:ISOC_R_IACC_H(1.0),25/06/26 23:00:00,A,PC_HH,SE31,2023,91.17,,
ESTAT:ISOC_R_IACC_H(1.0),25/06/26 23:00:00,A,PC_HH,SE31,2024,95.04,,
ESTAT:ISOC_R_IACC_H(1.0),25/06/26 23:00:00,A,PC_HH,SE31,2025,93.82,,
ESTAT:ISOC_R_IACC_H(1.0),25/06/26 23:00:00,A,PC_HH,SE32,2009,82.47,,
ESTAT:ISOC_R_IACC_H(1.0),25/06/26 23:00:00,A,PC_HH,SE32,2010,85.91,,
ESTAT:ISOC_R_IACC_H(1.0),25/06/26 23:00:00,A,PC_HH,SE32,2011,86.64,,
ESTAT:ISOC_R_IACC_H(1.0),25/06/26 23:00:00,A,PC_HH,SE32,2012,88.99,,
ESTAT:ISOC_R_IACC_H(1.0),25/06/26 23:00:00,A,PC_HH,SE32,2013,95.79,u,
ESTAT:ISOC_R_IACC_H(1.0),25/06/26 23:00:00,A,PC_HH,SE32,2014,86.45,,
ESTAT:ISOC_R_IACC_H(1.0),25/06/26 23:00:00,A,PC_HH,SE32,2015,92.28,,
ESTAT:ISOC_R_IACC_H(1.0),25/06/26 23:00:00,A,PC_HH,SE32,2016,87.63,b,
ESTAT:ISOC_R_IACC_H(1.0),25/06/26 23:00:00,A,PC_HH,SE32,2017,100.00,u,
ESTAT:ISOC_R_IACC_H(1.0),25/06/26 23:00:00,A,PC_HH,SE32,2018,87.43,u,
ESTAT:ISOC_R_IACC_H(1.0),25/06/26 23:00:00,A,PC_HH,SE32,2019,100.00,u,
ESTAT:ISOC_R_IACC_H(1.0),25/06/26 23:00:00,A,PC_HH,SE32,2020,94.39,,
ESTAT:ISOC_R_IACC_H(1.0),25/06/26 23:00:00,A,PC_HH,SE32,2021,93.87,,
ESTAT:ISOC_R_IACC_H(1.0),25/06/26 23:00:00,A,PC_HH,SE32,2022,81.49,,
ESTAT:ISOC_R_IACC_H(1.0),25/06/26 23:00:00,A,PC_HH,SE32,2023,95.46,,
ESTAT:ISOC_R_IACC_H(1.0),25/06/26 23:00:00,A,PC_HH,SE32,2024,98.51,,
ESTAT:ISOC_R_IACC_H(1.0),25/06/26 23:00:00,A,PC_HH,SE32,2025,98.06,,
ESTAT:ISOC_R_IACC_H(1.0),25/06/26 23:00:00,A,PC_HH,SE33,2009,83.13,,
ESTAT:ISOC_R_IACC_H(1.0),25/06/26 23:00:00,A,PC_HH,SE33,2010,85.89,,
ESTAT:ISOC_R_IACC_H(1.0),25/06/26 23:00:00,A,PC_HH,SE33,2011,90.26,,
ESTAT:ISOC_R_IACC_H(1.0),25/06/26 23:00:00,A,PC_HH,SE33,2012,91.66,,
ESTAT:ISOC_R_IACC_H(1.0),25/06/26 23:00:00,A,PC_HH,SE33,2013,90.68,,
ESTAT:ISOC_R_IACC_H(1.0),25/06/26 23:00:00,A,PC_HH,SE33,2014,86.77,,
ESTAT:ISOC_R_IACC_H(1.0),25/06/26 23:00:00,A,PC_HH,SE33,2015,97.07,,
ESTAT:ISOC_R_IACC_H(1.0),25/06/26 23:00:00,A,PC_HH,SE33,2016,94.45,b,
ESTAT:ISOC_R_IACC_H(1.0),25/06/26 23:00:00,A,PC_HH,SE33,2017,96.94,,
ESTAT:ISOC_R_IACC_H(1.0),25/06/26 23:00:00,A,PC_HH,SE33,2018,90.47,,
ESTAT:ISOC_R_IACC_H(1.0),25/06/26 23:00:00,A,PC_HH,SE33,2019,97.20,,
ESTAT:ISOC_R_IACC_H(1.0),25/06/26 23:00:00,A,PC_HH,SE33,2020,89.71,,
ESTAT:ISOC_R_IACC_H(1.0),25/06/26 23:00:00,A,PC_HH,SE33,2021,86.86,,
ESTAT:ISOC_R_IACC_H(1.0),25/06/26 23:00:00,A,PC_HH,SE33,2022,89.40,,
ESTAT:ISOC_R_IACC_H(1.0),25/06/26 23:00:00,A,PC_HH,SE33,2023,95.65,,
ESTAT:ISOC_R_IACC_H(1.0),25/06/26 23:00:00,A,PC_HH,SE33,2024,93.65,,
ESTAT:ISOC_R_IACC_H(1.0),25/06/26 23:00:00,A,PC_HH,SE33,2025,97.92,,
ESTAT:ISOC_R_IACC_H(1.0),25/06/26 23:00:00,A,PC_HH,SI,2006,54.36,,
ESTAT:ISOC_R_IACC_H(1.0),25/06/26 23:00:00,A,PC_HH,SI,2007,57.61,,
ESTAT:ISOC_R_IACC_H(1.0),25/06/26 23:00:00,A,PC_HH,SI,2008,58.89,,
ESTAT:ISOC_R_IACC_H(1.0),25/06/26 23:00:00,A,PC_HH,SI,2009,63.94,,
ESTAT:ISOC_R_IACC_H(1.0),25/06/26 23:00:00,A,PC_HH,SI,2010,68.13,,
ESTAT:ISOC_R_IACC_H(1.0),25/06/26 23:00:00,A,PC_HH,SI,2011,72.60,,
ESTAT:ISOC_R_IACC_H(1.0),25/06/26 23:00:00,A,PC_HH,SI,2012,73.94,,
ESTAT:ISOC_R_IACC_H(1.0),25/06/26 23:00:00,A,PC_HH,SI,2013,75.62,,
ESTAT:ISOC_R_IACC_H(1.0),25/06/26 23:00:00,A,PC_HH,SI,2014,76.80,,
ESTAT:ISOC_R_IACC_H(1.0),25/06/26 23:00:00,A,PC_HH,SI,2015,77.64,,
ESTAT:ISOC_R_IACC_H(1.0),25/06/26 23:00:00,A,PC_HH,SI,2016,78.42,,
ESTAT:ISOC_R_IACC_H(1.0),25/06/26 23:00:00,A,PC_HH,SI,2017,81.74,,
ESTAT:ISOC_R_IACC_H(1.0),25/06/26 23:00:00,A,PC_HH,SI,2018,86.68,,
ESTAT:ISOC_R_IACC_H(1.0),25/06/26 23:00:00,A,PC_HH,SI,2019,88.96,,
ESTAT:ISOC_R_IACC_H(1.0),25/06/26 23:00:00,A,PC_HH,SI,2020,89.97,,
ESTAT:ISOC_R_IACC_H(1.0),25/06/26 23:00:00,A,PC_HH,SI,2021,93.04,,
ESTAT:ISOC_R_IACC_H(1.0),25/06/26 23:00:00,A,PC_HH,SI,2022,92.60,,
ESTAT:ISOC_R_IACC_H(1.0),25/06/26 23:00:00,A,PC_HH,SI,2023,93.72,,
ESTAT:ISOC_R_IACC_H(1.0),25/06/26 23:00:00,A,PC_HH,SI,2024,94.13,,
ESTAT:ISOC_R_IACC_H(1.0),25/06/26 23:00:00,A,PC_HH,SI,2025,93.53,,
ESTAT:ISOC_R_IACC_H(1.0),25/06/26 23:00:00,A,PC_HH,SI0,2008,58.89,,
ESTAT:ISOC_R_IACC_H(1.0),25/06/26 23:00:00,A,PC_HH,SI0,2009,63.94,,
ESTAT:ISOC_R_IACC_H(1.0),25/06/26 23:00:00,A,PC_HH,SI0,2010,68.13,,
ESTAT:ISOC_R_IACC_H(1.0),25/06/26 23:00:00,A,PC_HH,SI0,2011,72.60,,
ESTAT:ISOC_R_IACC_H(1.0),25/06/26 23:00:00,A,PC_HH,SI0,2012,73.94,,
ESTAT:ISOC_R_IACC_H(1.0),25/06/26 23:00:00,A,PC_HH,SI0,2013,75.62,,
ESTAT:ISOC_R_IACC_H(1.0),25/06/26 23:00:00,A,PC_HH,SI0,2014,76.80,,
ESTAT:ISOC_R_IACC_H(1.0),25/06/26 23:00:00,A,PC_HH,SI0,2015,77.64,,
ESTAT:ISOC_R_IACC_H(1.0),25/06/26 23:00:00,A,PC_HH,SI0,2016,78.42,,
ESTAT:ISOC_R_IACC_H(1.0),25/06/26 23:00:00,A,PC_HH,SI0,2017,81.74,,
ESTAT:ISOC_R_IACC_H(1.0),25/06/26 23:00:00,A,PC_HH,SI0,2018,86.68,,
ESTAT:ISOC_R_IACC_H(1.0),25/06/26 23:00:00,A,PC_HH,SI0,2019,88.96,,
ESTAT:ISOC_R_IACC_H(1.0),25/06/26 23:00:00,A,PC_HH,SI0,2020,89.97,,
ESTAT:ISOC_R_IACC_H(1.0),25/06/26 23:00:00,A,PC_HH,SI0,2021,93.04,,
ESTAT:ISOC_R_IACC_H(1.0),25/06/26 23:00:00,A,PC_HH,SI0,2022,92.60,,
ESTAT:ISOC_R_IACC_H(1.0),25/06/26 23:00:00,A,PC_HH,SI0,2023,93.72,,
ESTAT:ISOC_R_IACC_H(1.0),25/06/26 23:00:00,A,PC_HH,SI0,2024,94.13,,
ESTAT:ISOC_R_IACC_H(1.0),25/06/26 23:00:00,A,PC_HH,SI0,2025,93.53,,
ESTAT:ISOC_R_IACC_H(1.0),25/06/26 23:00:00,A,PC_HH,SI01,2014,74.75,,
ESTAT:ISOC_R_IACC_H(1.0),25/06/26 23:00:00,A,PC_HH,SI02,2014,78.96,,
ESTAT:ISOC_R_IACC_H(1.0),25/06/26 23:00:00,A,PC_HH,SI03,2015,73.19,,
ESTAT:ISOC_R_IACC_H(1.0),25/06/26 23:00:00,A,PC_HH,SI03,2016,77.08,,
ESTAT:ISOC_R_IACC_H(1.0),25/06/26 23:00:00,A,PC_HH,SI03,2017,79.67,,
ESTAT:ISOC_R_IACC_H(1.0),25/06/26 23:00:00,A,PC_HH,SI03,2018,84.13,,
ESTAT:ISOC_R_IACC_H(1.0),25/06/26 23:00:00,A,PC_HH,SI03,2019,86.65,,
ESTAT:ISOC_R_IACC_H(1.0),25/06/26 23:00:00,A,PC_HH,SI03,2020,89.44,,
ESTAT:ISOC_R_IACC_H(1.0),25/06/26 23:00:00,A,PC_HH,SI03,2021,91.08,,
ESTAT:ISOC_R_IACC_H(1.0),25/06/26 23:00:00,A,PC_HH,SI03,2022,90.45,,
ESTAT:ISOC_R_IACC_H(1.0),25/06/26 23:00:00,A,PC_HH,SI03,2023,92.79,,
ESTAT:ISOC_R_IACC_H(1.0),25/06/26 23:00:00,A,PC_HH,SI03,2024,93.35,,
ESTAT:ISOC_R_IACC_H(1.0),25/06/26 23:00:00,A,PC_HH,SI03,2025,92.40,,
ESTAT:ISOC_R_IACC_H(1.0),25/06/26 23:00:00,A,PC_HH,SI04,2015,82.78,,
ESTAT:ISOC_R_IACC_H(1.0),25/06/26 23:00:00,A,PC_HH,SI04,2016,80.06,,
ESTAT:ISOC_R_IACC_H(1.0),25/06/26 23:00:00,A,PC_HH,SI04,2017,84.28,,
ESTAT:ISOC_R_IACC_H(1.0),25/06/26 23:00:00,A,PC_HH,SI04,2018,89.88,,
ESTAT:ISOC_R_IACC_H(1.0),25/06/26 23:00:00,A,PC_HH,SI04,2019,91.71,,
ESTAT:ISOC_R_IACC_H(1.0),25/06/26 23:00:00,A,PC_HH,SI04,2020,90.61,,
ESTAT:ISOC_R_IACC_H(1.0),25/06/26 23:00:00,A,PC_HH,SI04,2021,95.28,,
ESTAT:ISOC_R_IACC_H(1.0),25/06/26 23:00:00,A,PC_HH,SI04,2022,95.03,,
ESTAT:ISOC_R_IACC_H(1.0),25/06/26 23:00:00,A,PC_HH,SI04,2023,94.77,,
ESTAT:ISOC_R_IACC_H(1.0),25/06/26 23:00:00,A,PC_HH,SI04,2024,95.02,,
ESTAT:ISOC_R_IACC_H(1.0),25/06/26 23:00:00,A,PC_HH,SI04,2025,94.80,,
ESTAT:ISOC_R_IACC_H(1.0),25/06/26 23:00:00,A,PC_HH,SK,2006,26.58,,
ESTAT:ISOC_R_IACC_H(1.0),25/06/26 23:00:00,A,PC_HH,SK,2007,46.11,,
ESTAT:ISOC_R_IACC_H(1.0),25/06/26 23:00:00,A,PC_HH,SK,2008,58.34,,
ESTAT:ISOC_R_IACC_H(1.0),25/06/26 23:00:00,A,PC_HH,SK,2009,62.23,,
ESTAT:ISOC_R_IACC_H(1.0),25/06/26 23:00:00,A,PC_HH,SK,2010,67.48,,
ESTAT:ISOC_R_IACC_H(1.0),25/06/26 23:00:00,A,PC_HH,SK,2011,70.78,,
ESTAT:ISOC_R_IACC_H(1.0),25/06/26 23:00:00,A,PC_HH,SK,2012,75.44,,
ESTAT:ISOC_R_IACC_H(1.0),25/06/26 23:00:00,A,PC_HH,SK,2013,77.91,,
ESTAT:ISOC_R_IACC_H(1.0),25/06/26 23:00:00,A,PC_HH,SK,2014,78.35,,
ESTAT:ISOC_R_IACC_H(1.0),25/06/26 23:00:00,A,PC_HH,SK,2015,79.48,,
ESTAT:ISOC_R_IACC_H(1.0),25/06/26 23:00:00,A,PC_HH,SK,2016,80.52,,
ESTAT:ISOC_R_IACC_H(1.0),25/06/26 23:00:00,A,PC_HH,SK,2017,81.33,,
ESTAT:ISOC_R_IACC_H(1.0),25/06/26 23:00:00,A,PC_HH,SK,2018,80.84,,
ESTAT:ISOC_R_IACC_H(1.0),25/06/26 23:00:00,A,PC_HH,SK,2019,82.19,,
ESTAT:ISOC_R_IACC_H(1.0),25/06/26 23:00:00,A,PC_HH,SK,2020,85.78,,
ESTAT:ISOC_R_IACC_H(1.0),25/06/26 23:00:00,A,PC_HH,SK,2021,89.96,,
ESTAT:ISOC_R_IACC_H(1.0),25/06/26 23:00:00,A,PC_HH,SK,2022,90.65,,
ESTAT:ISOC_R_IACC_H(1.0),25/06/26 23:00:00,A,PC_HH,SK,2023,90.60,,
ESTAT:ISOC_R_IACC_H(1.0),25/06/26 23:00:00,A,PC_HH,SK,2024,90.54,,
ESTAT:ISOC_R_IACC_H(1.0),25/06/26 23:00:00,A,PC_HH,SK,2025,92.49,,
ESTAT:ISOC_R_IACC_H(1.0),25/06/26 23:00:00,A,PC_HH,SK0,2009,62.23,,
ESTAT:ISOC_R_IACC_H(1.0),25/06/26 23:00:00,A,PC_HH,SK0,2010,67.48,,
ESTAT:ISOC_R_IACC_H(1.0),25/06/26 23:00:00,A,PC_HH,SK0,2011,70.78,,
ESTAT:ISOC_R_IACC_H(1.0),25/06/26 23:00:00,A,PC_HH,SK0,2012,75.44,,
ESTAT:ISOC_R_IACC_H(1.0),25/06/26 23:00:00,A,PC_HH,SK0,2013,77.91,,
ESTAT:ISOC_R_IACC_H(1.0),25/06/26 23:00:00,A,PC_HH,SK0,2014,78.35,,
ESTAT:ISOC_R_IACC_H(1.0),25/06/26 23:00:00,A,PC_HH,SK0,2015,79.48,,
ESTAT:ISOC_R_IACC_H(1.0),25/06/26 23:00:00,A,PC_HH,SK0,2016,80.52,,
ESTAT:ISOC_R_IACC_H(1.0),25/06/26 23:00:00,A,PC_HH,SK0,2017,81.33,,
ESTAT:ISOC_R_IACC_H(1.0),25/06/26 23:00:00,A,PC_HH,SK0,2018,80.84,,
ESTAT:ISOC_R_IACC_H(1.0),25/06/26 23:00:00,A,PC_HH,SK0,2019,82.19,,
ESTAT:ISOC_R_IACC_H(1.0),25/06/26 23:00:00,A,PC_HH,SK0,2020,85.78,,
ESTAT:ISOC_R_IACC_H(1.0),25/06/26 23:00:00,A,PC_HH,SK0,2021,89.96,,
ESTAT:ISOC_R_IACC_H(1.0),25/06/26 23:00:00,A,PC_HH,SK0,2022,90.65,,
ESTAT:ISOC_R_IACC_H(1.0),25/06/26 23:00:00,A,PC_HH,SK0,2023,90.60,,
ESTAT:ISOC_R_IACC_H(1.0),25/06/26 23:00:00,A,PC_HH,SK0,2024,90.54,,
ESTAT:ISOC_R_IACC_H(1.0),25/06/26 23:00:00,A,PC_HH,SK0,2025,92.49,,
ESTAT:ISOC_R_IACC_H(1.0),25/06/26 23:00:00,A,PC_HH,SK01,2006,33.54,,
ESTAT:ISOC_R_IACC_H(1.0),25/06/26 23:00:00,A,PC_HH,SK01,2008,62.46,,
ESTAT:ISOC_R_IACC_H(1.0),25/06/26 23:00:00,A,PC_HH,SK01,2009,66.48,,
ESTAT:ISOC_R_IACC_H(1.0),25/06/26 23:00:00,A,PC_HH,SK01,2010,74.67,,
ESTAT:ISOC_R_IACC_H(1.0),25/06/26 23:00:00,A,PC_HH,SK01,2011,74.21,,
ESTAT:ISOC_R_IACC_H(1.0),25/06/26 23:00:00,A,PC_HH,SK01,2012,83.97,,
ESTAT:ISOC_R_IACC_H(1.0),25/06/26 23:00:00,A,PC_HH,SK01,2013,83.40,,
ESTAT:ISOC_R_IACC_H(1.0),25/06/26 23:00:00,A,PC_HH,SK01,2014,79.90,,
ESTAT:ISOC_R_IACC_H(1.0),25/06/26 23:00:00,A,PC_HH,SK01,2015,80.70,,
ESTAT:ISOC_R_IACC_H(1.0),25/06/26 23:00:00,A,PC_HH,SK01,2016,85.25,,
ESTAT:ISOC_R_IACC_H(1.0),25/06/26 23:00:00,A,PC_HH,SK01,2017,84.97,,
ESTAT:ISOC_R_IACC_H(1.0),25/06/26 23:00:00,A,PC_HH,SK01,2018,88.94,,
ESTAT:ISOC_R_IACC_H(1.0),25/06/26 23:00:00,A,PC_HH,SK01,2019,83.72,,
ESTAT:ISOC_R_IACC_H(1.0),25/06/26 23:00:00,A,PC_HH,SK01,2020,90.13,,
ESTAT:ISOC_R_IACC_H(1.0),25/06/26 23:00:00,A,PC_HH,SK01,2021,96.14,,
ESTAT:ISOC_R_IACC_H(1.0),25/06/26 23:00:00,A,PC_HH,SK01,2022,95.74,,
ESTAT:ISOC_R_IACC_H(1.0),25/06/26 23:00:00,A,PC_HH,SK01,2023,95.72,,
ESTAT:ISOC_R_IACC_H(1.0),25/06/26 23:00:00,A,PC_HH,SK01,2024,94.27,,
ESTAT:ISOC_R_IACC_H(1.0),25/06/26 23:00:00,A,PC_HH,SK01,2025,96.62,,
ESTAT:ISOC_R_IACC_H(1.0),25/06/26 23:00:00,A,PC_HH,SK02,2006,24.59,,
ESTAT:ISOC_R_IACC_H(1.0),25/06/26 23:00:00,A,PC_HH,SK02,2008,58.84,,
ESTAT:ISOC_R_IACC_H(1.0),25/06/26 23:00:00,A,PC_HH,SK02,2009,66.85,,
ESTAT:ISOC_R_IACC_H(1.0),25/06/26 23:00:00,A,PC_HH,SK02,2010,66.90,,
ESTAT:ISOC_R_IACC_H(1.0),25/06/26 23:00:00,A,PC_HH,SK02,2011,72.76,,
ESTAT:ISOC_R_IACC_H(1.0),25/06/26 23:00:00,A,PC_HH,SK02,2012,75.19,,
ESTAT:ISOC_R_IACC_H(1.0),25/06/26 23:00:00,A,PC_HH,SK02,2013,76.94,,
ESTAT:ISOC_R_IACC_H(1.0),25/06/26 23:00:00,A,PC_HH,SK02,2014,77.67,,
ESTAT:ISOC_R_IACC_H(1.0),25/06/26 23:00:00,A,PC_HH,SK02,2015,79.24,,
ESTAT:ISOC_R_IACC_H(1.0),25/06/26 23:00:00,A,PC_HH,SK02,2016,78.96,,
ESTAT:ISOC_R_IACC_H(1.0),25/06/26 23:00:00,A,PC_HH,SK02,2017,78.52,,
ESTAT:ISOC_R_IACC_H(1.0),25/06/26 23:00:00,A,PC_HH,SK02,2018,81.43,,
ESTAT:ISOC_R_IACC_H(1.0),25/06/26 23:00:00,A,PC_HH,SK02,2019,82.49,,
ESTAT:ISOC_R_IACC_H(1.0),25/06/26 23:00:00,A,PC_HH,SK02,2020,85.03,,
ESTAT:ISOC_R_IACC_H(1.0),25/06/26 23:00:00,A,PC_HH,SK02,2021,89.46,,
ESTAT:ISOC_R_IACC_H(1.0),25/06/26 23:00:00,A,PC_HH,SK02,2022,89.48,,
ESTAT:ISOC_R_IACC_H(1.0),25/06/26 23:00:00,A,PC_HH,SK02,2023,87.36,,
ESTAT:ISOC_R_IACC_H(1.0),25/06/26 23:00:00,A,PC_HH,SK02,2024,89.62,,
ESTAT:ISOC_R_IACC_H(1.0),25/06/26 23:00:00,A,PC_HH,SK02,2025,91.13,,
ESTAT:ISOC_R_IACC_H(1.0),25/06/26 23:00:00,A,PC_HH,SK03,2006,24.07,,
ESTAT:ISOC_R_IACC_H(1.0),25/06/26 23:00:00,A,PC_HH,SK03,2008,55.70,,
ESTAT:ISOC_R_IACC_H(1.0),25/06/26 23:00:00,A,PC_HH,SK03,2009,59.40,,
ESTAT:ISOC_R_IACC_H(1.0),25/06/26 23:00:00,A,PC_HH,SK03,2010,64.70,,
ESTAT:ISOC_R_IACC_H(1.0),25/06/26 23:00:00,A,PC_HH,SK03,2011,71.17,,
ESTAT:ISOC_R_IACC_H(1.0),25/06/26 23:00:00,A,PC_HH,SK03,2012,70.85,,
ESTAT:ISOC_R_IACC_H(1.0),25/06/26 23:00:00,A,PC_HH,SK03,2013,76.73,,
ESTAT:ISOC_R_IACC_H(1.0),25/06/26 23:00:00,A,PC_HH,SK03,2014,77.67,,
ESTAT:ISOC_R_IACC_H(1.0),25/06/26 23:00:00,A,PC_HH,SK03,2015,79.38,,
ESTAT:ISOC_R_IACC_H(1.0),25/06/26 23:00:00,A,PC_HH,SK03,2016,79.11,,
ESTAT:ISOC_R_IACC_H(1.0),25/06/26 23:00:00,A,PC_HH,SK03,2017,81.23,,
ESTAT:ISOC_R_IACC_H(1.0),25/06/26 23:00:00,A,PC_HH,SK03,2018,78.26,,
ESTAT:ISOC_R_IACC_H(1.0),25/06/26 23:00:00,A,PC_HH,SK03,2019,80.56,,
ESTAT:ISOC_R_IACC_H(1.0),25/06/26 23:00:00,A,PC_HH,SK03,2020,85.94,,
ESTAT:ISOC_R_IACC_H(1.0),25/06/26 23:00:00,A,PC_HH,SK03,2021,90.51,,
ESTAT:ISOC_R_IACC_H(1.0),25/06/26 23:00:00,A,PC_HH,SK03,2022,89.15,,
ESTAT:ISOC_R_IACC_H(1.0),25/06/26 23:00:00,A,PC_HH,SK03,2023,91.15,,
ESTAT:ISOC_R_IACC_H(1.0),25/06/26 23:00:00,A,PC_HH,SK03,2024,90.30,,
ESTAT:ISOC_R_IACC_H(1.0),25/06/26 23:00:00,A,PC_HH,SK03,2025,92.47,,
ESTAT:ISOC_R_IACC_H(1.0),25/06/26 23:00:00,A,PC_HH,SK04,2006,28.25,,
ESTAT:ISOC_R_IACC_H(1.0),25/06/26 23:00:00,A,PC_HH,SK04,2008,58.17,,
ESTAT:ISOC_R_IACC_H(1.0),25/06/26 23:00:00,A,PC_HH,SK04,2009,56.71,,
ESTAT:ISOC_R_IACC_H(1.0),25/06/26 23:00:00,A,PC_HH,SK04,2010,67.43,,
ESTAT:ISOC_R_IACC_H(1.0),25/06/26 23:00:00,A,PC_HH,SK04,2011,66.13,,
ESTAT:ISOC_R_IACC_H(1.0),25/06/26 23:00:00,A,PC_HH,SK04,2012,76.18,,
ESTAT:ISOC_R_IACC_H(1.0),25/06/26 23:00:00,A,PC_HH,SK04,2013,77.78,,
ESTAT:ISOC_R_IACC_H(1.0),25/06/26 23:00:00,A,PC_HH,SK04,2014,79.11,,
ESTAT:ISOC_R_IACC_H(1.0),25/06/26 23:00:00,A,PC_HH,SK04,2015,79.27,,
ESTAT:ISOC_R_IACC_H(1.0),25/06/26 23:00:00,A,PC_HH,SK04,2016,81.48,,
ESTAT:ISOC_R_IACC_H(1.0),25/06/26 23:00:00,A,PC_HH,SK04,2017,83.25,,
ESTAT:ISOC_R_IACC_H(1.0),25/06/26 23:00:00,A,PC_HH,SK04,2018,78.47,,
ESTAT:ISOC_R_IACC_H(1.0),25/06/26 23:00:00,A,PC_HH,SK04,2019,82.56,,
ESTAT:ISOC_R_IACC_H(1.0),25/06/26 23:00:00,A,PC_HH,SK04,2020,84.46,,
ESTAT:ISOC_R_IACC_H(1.0),25/06/26 23:00:00,A,PC_HH,SK04,2021,87.04,,
ESTAT:ISOC_R_IACC_H(1.0),25/06/26 23:00:00,A,PC_HH,SK04,2022,91.05,,
ESTAT:ISOC_R_IACC_H(1.0),25/06/26 23:00:00,A,PC_HH,SK04,2023,91.53,,
ESTAT:ISOC_R_IACC_H(1.0),25/06/26 23:00:00,A,PC_HH,SK04,2024,89.79,,
ESTAT:ISOC_R_IACC_H(1.0),25/06/26 23:00:00,A,PC_HH,SK04,2025,91.90,,
ESTAT:ISOC_R_IACC_H(1.0),25/06/26 23:00:00,A,PC_HH,TR,2007,19.71,,
ESTAT:ISOC_R_IACC_H(1.0),25/06/26 23:00:00,A,PC_HH,TR,2008,25.41,,
ESTAT:ISOC_R_IACC_H(1.0),25/06/26 23:00:00,A,PC_HH,TR,2009,30.03,,
ESTAT:ISOC_R_IACC_H(1.0),25/06/26 23:00:00,A,PC_HH,TR,2010,41.63,,
ESTAT:ISOC_R_IACC_H(1.0),25/06/26 23:00:00,A,PC_HH,TR,2012,47.20,,
ESTAT:ISOC_R_IACC_H(1.0),25/06/26 23:00:00,A,PC_HH,TR,2013,49.08,,
ESTAT:ISOC_R_IACC_H(1.0),25/06/26 23:00:00,A,PC_HH,TR,2014,60.24,,
ESTAT:ISOC_R_IACC_H(1.0),25/06/26 23:00:00,A,PC_HH,TR,2015,69.54,,
ESTAT:ISOC_R_IACC_H(1.0),25/06/26 23:00:00,A,PC_HH,TR,2016,76.34,,
ESTAT:ISOC_R_IACC_H(1.0),25/06/26 23:00:00,A,PC_HH,TR,2017,80.74,,
ESTAT:ISOC_R_IACC_H(1.0),25/06/26 23:00:00,A,PC_HH,TR,2018,83.79,,
ESTAT:ISOC_R_IACC_H(1.0),25/06/26 23:00:00,A,PC_HH,TR,2019,88.30,,
ESTAT:ISOC_R_IACC_H(1.0),25/06/26 23:00:00,A,PC_HH,TR,2020,90.73,,
ESTAT:ISOC_R_IACC_H(1.0),25/06/26 23:00:00,A,PC_HH,TR,2021,91.98,,
ESTAT:ISOC_R_IACC_H(1.0),25/06/26 23:00:00,A,PC_HH,TR,2022,94.15,,
ESTAT:ISOC_R_IACC_H(1.0),25/06/26 23:00:00,A,PC_HH,TR,2023,95.54,,
ESTAT:ISOC_R_IACC_H(1.0),25/06/26 23:00:00,A,PC_HH,TR,2024,96.45,,
ESTAT:ISOC_R_IACC_H(1.0),25/06/26 23:00:00,A,PC_HH,TR,2025,96.18,,
ESTAT:ISOC_R_IACC_H(1.0),25/06/26 23:00:00,A,PC_HH,TR1,2012,60.51,,
ESTAT:ISOC_R_IACC_H(1.0),25/06/26 23:00:00,A,PC_HH,TR1,2013,63.33,,
ESTAT:ISOC_R_IACC_H(1.0),25/06/26 23:00:00,A,PC_HH,TR1,2014,75.49,,
ESTAT:ISOC_R_IACC_H(1.0),25/06/26 23:00:00,A,PC_HH,TR1,2015,81.27,,
ESTAT:ISOC_R_IACC_H(1.0),25/06/26 23:00:00,A,PC_HH,TR1,2016,89.11,,
ESTAT:ISOC_R_IACC_H(1.0),25/06/26 23:00:00,A,PC_HH,TR1,2017,90.77,,
ESTAT:ISOC_R_IACC_H(1.0),25/06/26 23:00:00,A,PC_HH,TR1,2018,90.05,,
ESTAT:ISOC_R_IACC_H(1.0),25/06/26 23:00:00,A,PC_HH,TR1,2019,95.59,,
ESTAT:ISOC_R_IACC_H(1.0),25/06/26 23:00:00,A,PC_HH,TR1,2020,96.36,,
ESTAT:ISOC_R_IACC_H(1.0),25/06/26 23:00:00,A,PC_HH,TR1,2021,97.07,,
ESTAT:ISOC_R_IACC_H(1.0),25/06/26 23:00:00,A,PC_HH,TR1,2022,98.67,,
ESTAT:ISOC_R_IACC_H(1.0),25/06/26 23:00:00,A,PC_HH,TR1,2023,98.47,,
ESTAT:ISOC_R_IACC_H(1.0),25/06/26 23:00:00,A,PC_HH,TR1,2024,99.22,,
ESTAT:ISOC_R_IACC_H(1.0),25/06/26 23:00:00,A,PC_HH,TR1,2025,98.35,,
ESTAT:ISOC_R_IACC_H(1.0),25/06/26 23:00:00,A,PC_HH,TR2,2012,49.71,,
ESTAT:ISOC_R_IACC_H(1.0),25/06/26 23:00:00,A,PC_HH,TR2,2013,58.77,,
ESTAT:ISOC_R_IACC_H(1.0),25/06/26 23:00:00,A,PC_HH,TR2,2014,63.65,,
ESTAT:ISOC_R_IACC_H(1.0),25/06/26 23:00:00,A,PC_HH,TR2,2015,67.39,,
ESTAT:ISOC_R_IACC_H(1.0),25/06/26 23:00:00,A,PC_HH,TR2,2016,69.92,,
ESTAT:ISOC_R_IACC_H(1.0),25/06/26 23:00:00,A,PC_HH,TR2,2017,70.83,,
ESTAT:ISOC_R_IACC_H(1.0),25/06/26 23:00:00,A,PC_HH,TR2,2018,75.38,,
ESTAT:ISOC_R_IACC_H(1.0),25/06/26 23:00:00,A,PC_HH,TR2,2019,79.66,,
ESTAT:ISOC_R_IACC_H(1.0),25/06/26 23:00:00,A,PC_HH,TR2,2020,85.95,,
ESTAT:ISOC_R_IACC_H(1.0),25/06/26 23:00:00,A,PC_HH,TR2,2021,86.29,,
ESTAT:ISOC_R_IACC_H(1.0),25/06/26 23:00:00,A,PC_HH,TR2,2022,90.53,,
ESTAT:ISOC_R_IACC_H(1.0),25/06/26 23:00:00,A,PC_HH,TR2,2023,93.05,,
ESTAT:ISOC_R_IACC_H(1.0),25/06/26 23:00:00,A,PC_HH,TR2,2024,91.66,,
ESTAT:ISOC_R_IACC_H(1.0),25/06/26 23:00:00,A,PC_HH,TR2,2025,93.05,,
ESTAT:ISOC_R_IACC_H(1.0),25/06/26 23:00:00,A,PC_HH,TR3,2012,45.53,,
ESTAT:ISOC_R_IACC_H(1.0),25/06/26 23:00:00,A,PC_HH,TR3,2013,46.66,,
ESTAT:ISOC_R_IACC_H(1.0),25/06/26 23:00:00,A,PC_HH,TR3,2014,57.45,,
ESTAT:ISOC_R_IACC_H(1.0),25/06/26 23:00:00,A,PC_HH,TR3,2015,64.53,,
ESTAT:ISOC_R_IACC_H(1.0),25/06/26 23:00:00,A,PC_HH,TR3,2016,69.42,,
ESTAT:ISOC_R_IACC_H(1.0),25/06/26 23:00:00,A,PC_HH,TR3,2017,78.29,,
ESTAT:ISOC_R_IACC_H(1.0),25/06/26 23:00:00,A,PC_HH,TR3,2018,80.92,,
ESTAT:ISOC_R_IACC_H(1.0),25/06/26 23:00:00,A,PC_HH,TR3,2019,85.63,,
ESTAT:ISOC_R_IACC_H(1.0),25/06/26 23:00:00,A,PC_HH,TR3,2020,90.69,,
ESTAT:ISOC_R_IACC_H(1.0),25/06/26 23:00:00,A,PC_HH,TR3,2021,89.88,,
ESTAT:ISOC_R_IACC_H(1.0),25/06/26 23:00:00,A,PC_HH,TR3,2022,94.37,,
ESTAT:ISOC_R_IACC_H(1.0),25/06/26 23:00:00,A,PC_HH,TR3,2023,96.52,,
ESTAT:ISOC_R_IACC_H(1.0),25/06/26 23:00:00,A,PC_HH,TR3,2024,96.85,,
ESTAT:ISOC_R_IACC_H(1.0),25/06/26 23:00:00,A,PC_HH,TR3,2025,96.60,,
ESTAT:ISOC_R_IACC_H(1.0),25/06/26 23:00:00,A,PC_HH,TR4,2012,60.62,,
ESTAT:ISOC_R_IACC_H(1.0),25/06/26 23:00:00,A,PC_HH,TR4,2013,56.79,,
ESTAT:ISOC_R_IACC_H(1.0),25/06/26 23:00:00,A,PC_HH,TR4,2014,62.33,,
ESTAT:ISOC_R_IACC_H(1.0),25/06/26 23:00:00,A,PC_HH,TR4,2015,71.73,,
ESTAT:ISOC_R_IACC_H(1.0),25/06/26 23:00:00,A,PC_HH,TR4,2016,76.50,,
ESTAT:ISOC_R_IACC_H(1.0),25/06/26 23:00:00,A,PC_HH,TR4,2017,79.69,,
ESTAT:ISOC_R_IACC_H(1.0),25/06/26 23:00:00,A,PC_HH,TR4,2018,83.97,,
ESTAT:ISOC_R_IACC_H(1.0),25/06/26 23:00:00,A,PC_HH,TR4,2019,88.87,,
ESTAT:ISOC_R_IACC_H(1.0),25/06/26 23:00:00,A,PC_HH,TR4,2020,92.48,,
ESTAT:ISOC_R_IACC_H(1.0),25/06/26 23:00:00,A,PC_HH,TR4,2021,93.73,,
ESTAT:ISOC_R_IACC_H(1.0),25/06/26 23:00:00,A,PC_HH,TR4,2022,94.05,,
ESTAT:ISOC_R_IACC_H(1.0),25/06/26 23:00:00,A,PC_HH,TR4,2023,94.04,,
ESTAT:ISOC_R_IACC_H(1.0),25/06/26 23:00:00,A,PC_HH,TR4,2024,98.06,,
ESTAT:ISOC_R_IACC_H(1.0),25/06/26 23:00:00,A,PC_HH,TR4,2025,97.25,,
ESTAT:ISOC_R_IACC_H(1.0),25/06/26 23:00:00,A,PC_HH,TR5,2012,57.50,,
ESTAT:ISOC_R_IACC_H(1.0),25/06/26 23:00:00,A,PC_HH,TR5,2013,52.44,,
ESTAT:ISOC_R_IACC_H(1.0),25/06/26 23:00:00,A,PC_HH,TR5,2014,58.73,,
ESTAT:ISOC_R_IACC_H(1.0),25/06/26 23:00:00,A,PC_HH,TR5,2015,73.69,,
ESTAT:ISOC_R_IACC_H(1.0),25/06/26 23:00:00,A,PC_HH,TR5,2016,79.69,,
ESTAT:ISOC_R_IACC_H(1.0),25/06/26 23:00:00,A,PC_HH,TR5,2017,84.44,,
ESTAT:ISOC_R_IACC_H(1.0),25/06/26 23:00:00,A,PC_HH,TR5,2018,84.13,,
ESTAT:ISOC_R_IACC_H(1.0),25/06/26 23:00:00,A,PC_HH,TR5,2019,91.82,,
ESTAT:ISOC_R_IACC_H(1.0),25/06/26 23:00:00,A,PC_HH,TR5,2020,92.82,,
ESTAT:ISOC_R_IACC_H(1.0),25/06/26 23:00:00,A,PC_HH,TR5,2021,94.23,,
ESTAT:ISOC_R_IACC_H(1.0),25/06/26 23:00:00,A,PC_HH,TR5,2022,98.34,,
ESTAT:ISOC_R_IACC_H(1.0),25/06/26 23:00:00,A,PC_HH,TR5,2023,97.02,,
ESTAT:ISOC_R_IACC_H(1.0),25/06/26 23:00:00,A,PC_HH,TR5,2024,98.47,,
ESTAT:ISOC_R_IACC_H(1.0),25/06/26 23:00:00,A,PC_HH,TR5,2025,95.59,,
ESTAT:ISOC_R_IACC_H(1.0),25/06/26 23:00:00,A,PC_HH,TR6,2012,39.57,,
ESTAT:ISOC_R_IACC_H(1.0),25/06/26 23:00:00,A,PC_HH,TR6,2013,44.37,,
ESTAT:ISOC_R_IACC_H(1.0),25/06/26 23:00:00,A,PC_HH,TR6,2014,57.79,,
ESTAT:ISOC_R_IACC_H(1.0),25/06/26 23:00:00,A,PC_HH,TR6,2015,70.37,,
ESTAT:ISOC_R_IACC_H(1.0),25/06/26 23:00:00,A,PC_HH,TR6,2016,77.86,,
ESTAT:ISOC_R_IACC_H(1.0),25/06/26 23:00:00,A,PC_HH,TR6,2017,81.85,,
ESTAT:ISOC_R_IACC_H(1.0),25/06/26 23:00:00,A,PC_HH,TR6,2018,86.91,,
ESTAT:ISOC_R_IACC_H(1.0),25/06/26 23:00:00,A,PC_HH,TR6,2019,89.35,,
ESTAT:ISOC_R_IACC_H(1.0),25/06/26 23:00:00,A,PC_HH,TR6,2020,90.66,,
ESTAT:ISOC_R_IACC_H(1.0),25/06/26 23:00:00,A,PC_HH,TR6,2021,91.26,,
ESTAT:ISOC_R_IACC_H(1.0),25/06/26 23:00:00,A,PC_HH,TR6,2022,92.11,,
ESTAT:ISOC_R_IACC_H(1.0),25/06/26 23:00:00,A,PC_HH,TR6,2023,93.81,,
ESTAT:ISOC_R_IACC_H(1.0),25/06/26 23:00:00,A,PC_HH,TR6,2024,95.25,,
ESTAT:ISOC_R_IACC_H(1.0),25/06/26 23:00:00,A,PC_HH,TR6,2025,97.16,,
ESTAT:ISOC_R_IACC_H(1.0),25/06/26 23:00:00,A,PC_HH,TR7,2012,41.02,,
ESTAT:ISOC_R_IACC_H(1.0),25/06/26 23:00:00,A,PC_HH,TR7,2013,46.82,,
ESTAT:ISOC_R_IACC_H(1.0),25/06/26 23:00:00,A,PC_HH,TR7,2014,55.33,,
ESTAT:ISOC_R_IACC_H(1.0),25/06/26 23:00:00,A,PC_HH,TR7,2015,63.52,,
ESTAT:ISOC_R_IACC_H(1.0),25/06/26 23:00:00,A,PC_HH,TR7,2016,72.15,,
ESTAT:ISOC_R_IACC_H(1.0),25/06/26 23:00:00,A,PC_HH,TR7,2017,76.97,,
ESTAT:ISOC_R_IACC_H(1.0),25/06/26 23:00:00,A,PC_HH,TR7,2018,82.77,,
ESTAT:ISOC_R_IACC_H(1.0),25/06/26 23:00:00,A,PC_HH,TR7,2019,88.70,,
ESTAT:ISOC_R_IACC_H(1.0),25/06/26 23:00:00,A,PC_HH,TR7,2020,87.49,,
ESTAT:ISOC_R_IACC_H(1.0),25/06/26 23:00:00,A,PC_HH,TR7,2021,89.56,,
ESTAT:ISOC_R_IACC_H(1.0),25/06/26 23:00:00,A,PC_HH,TR7,2022,91.56,,
ESTAT:ISOC_R_IACC_H(1.0),25/06/26 23:00:00,A,PC_HH,TR7,2023,93.06,,
ESTAT:ISOC_R_IACC_H(1.0),25/06/26 23:00:00,A,PC_HH,TR7,2024,93.26,,
ESTAT:ISOC_R_IACC_H(1.0),25/06/26 23:00:00,A,PC_HH,TR7,2025,93.13,,
ESTAT:ISOC_R_IACC_H(1.0),25/06/26 23:00:00,A,PC_HH,TR8,2012,39.45,,
ESTAT:ISOC_R_IACC_H(1.0),25/06/26 23:00:00,A,PC_HH,TR8,2013,39.93,,
ESTAT:ISOC_R_IACC_H(1.0),25/06/26 23:00:00,A,PC_HH,TR8,2014,44.37,,
ESTAT:ISOC_R_IACC_H(1.0),25/06/26 23:00:00,A,PC_HH,TR8,2015,55.50,,
ESTAT:ISOC_R_IACC_H(1.0),25/06/26 23:00:00,A,PC_HH,TR8,2016,69.10,,
ESTAT:ISOC_R_IACC_H(1.0),25/06/26 23:00:00,A,PC_HH,TR8,2017,77.21,,
ESTAT:ISOC_R_IACC_H(1.0),25/06/26 23:00:00,A,PC_HH,TR8,2018,78.37,,
ESTAT:ISOC_R_IACC_H(1.0),25/06/26 23:00:00,A,PC_HH,TR8,2019,80.24,,
ESTAT:ISOC_R_IACC_H(1.0),25/06/26 23:00:00,A,PC_HH,TR8,2020,81.33,,
ESTAT:ISOC_R_IACC_H(1.0),25/06/26 23:00:00,A,PC_HH,TR8,2021,84.54,,
ESTAT:ISOC_R_IACC_H(1.0),25/06/26 23:00:00,A,PC_HH,TR8,2022,89.12,,
ESTAT:ISOC_R_IACC_H(1.0),25/06/26 23:00:00,A,PC_HH,TR8,2023,92.32,,
ESTAT:ISOC_R_IACC_H(1.0),25/06/26 23:00:00,A,PC_HH,TR8,2024,92.76,,
ESTAT:ISOC_R_IACC_H(1.0),25/06/26 23:00:00,A,PC_HH,TR8,2025,92.78,,
ESTAT:ISOC_R_IACC_H(1.0),25/06/26 23:00:00,A,PC_HH,TR9,2012,32.55,,
ESTAT:ISOC_R_IACC_H(1.0),25/06/26 23:00:00,A,PC_HH,TR9,2013,34.85,,
ESTAT:ISOC_R_IACC_H(1.0),25/06/26 23:00:00,A,PC_HH,TR9,2014,62.74,,
ESTAT:ISOC_R_IACC_H(1.0),25/06/26 23:00:00,A,PC_HH,TR9,2015,60.70,,
ESTAT:ISOC_R_IACC_H(1.0),25/06/26 23:00:00,A,PC_HH,TR9,2016,69.40,,
ESTAT:ISOC_R_IACC_H(1.0),25/06/26 23:00:00,A,PC_HH,TR9,2017,76.91,,
ESTAT:ISOC_R_IACC_H(1.0),25/06/26 23:00:00,A,PC_HH,TR9,2018,80.65,,
ESTAT:ISOC_R_IACC_H(1.0),25/06/26 23:00:00,A,PC_HH,TR9,2019,83.80,,
ESTAT:ISOC_R_IACC_H(1.0),25/06/26 23:00:00,A,PC_HH,TR9,2020,86.86,,
ESTAT:ISOC_R_IACC_H(1.0),25/06/26 23:00:00,A,PC_HH,TR9,2021,88.29,,
ESTAT:ISOC_R_IACC_H(1.0),25/06/26 23:00:00,A,PC_HH,TR9,2022,90.93,,
ESTAT:ISOC_R_IACC_H(1.0),25/06/26 23:00:00,A,PC_HH,TR9,2023,91.21,,
ESTAT:ISOC_R_IACC_H(1.0),25/06/26 23:00:00,A,PC_HH,TR9,2024,91.89,,
ESTAT:ISOC_R_IACC_H(1.0),25/06/26 23:00:00,A,PC_HH,TR9,2025,93.27,,
ESTAT:ISOC_R_IACC_H(1.0),25/06/26 23:00:00,A,PC_HH,TRA,2012,41.54,,
ESTAT:ISOC_R_IACC_H(1.0),25/06/26 23:00:00,A,PC_HH,TRA,2013,44.70,,
ESTAT:ISOC_R_IACC_H(1.0),25/06/26 23:00:00,A,PC_HH,TRA,2014,48.35,,
ESTAT:ISOC_R_IACC_H(1.0),25/06/26 23:00:00,A,PC_HH,TRA,2015,51.62,,
ESTAT:ISOC_R_IACC_H(1.0),25/06/26 23:00:00,A,PC_HH,TRA,2016,72.30,,
ESTAT:ISOC_R_IACC_H(1.0),25/06/26 23:00:00,A,PC_HH,TRA,2017,72.62,,
ESTAT:ISOC_R_IACC_H(1.0),25/06/26 23:00:00,A,PC_HH,TRA,2018,77.64,,
ESTAT:ISOC_R_IACC_H(1.0),25/06/26 23:00:00,A,PC_HH,TRA,2019,87.63,,
ESTAT:ISOC_R_IACC_H(1.0),25/06/26 23:00:00,A,PC_HH,TRA,2020,87.19,,
ESTAT:ISOC_R_IACC_H(1.0),25/06/26 23:00:00,A,PC_HH,TRA,2021,86.61,,
ESTAT:ISOC_R_IACC_H(1.0),25/06/26 23:00:00,A,PC_HH,TRA,2022,88.21,,
ESTAT:ISOC_R_IACC_H(1.0),25/06/26 23:00:00,A,PC_HH,TRA,2023,94.72,,
ESTAT:ISOC_R_IACC_H(1.0),25/06/26 23:00:00,A,PC_HH,TRA,2024,94.19,,
ESTAT:ISOC_R_IACC_H(1.0),25/06/26 23:00:00,A,PC_HH,TRA,2025,93.57,,
ESTAT:ISOC_R_IACC_H(1.0),25/06/26 23:00:00,A,PC_HH,TRB,2012,35.57,,
ESTAT:ISOC_R_IACC_H(1.0),25/06/26 23:00:00,A,PC_HH,TRB,2013,37.66,,
ESTAT:ISOC_R_IACC_H(1.0),25/06/26 23:00:00,A,PC_HH,TRB,2014,43.55,,
ESTAT:ISOC_R_IACC_H(1.0),25/06/26 23:00:00,A,PC_HH,TRB,2015,65.57,,
ESTAT:ISOC_R_IACC_H(1.0),25/06/26 23:00:00,A,PC_HH,TRB,2016,71.48,,
ESTAT:ISOC_R_IACC_H(1.0),25/06/26 23:00:00,A,PC_HH,TRB,2017,76.81,,
ESTAT:ISOC_R_IACC_H(1.0),25/06/26 23:00:00,A,PC_HH,TRB,2018,83.39,,
ESTAT:ISOC_R_IACC_H(1.0),25/06/26 23:00:00,A,PC_HH,TRB,2019,89.10,,
ESTAT:ISOC_R_IACC_H(1.0),25/06/26 23:00:00,A,PC_HH,TRB,2020,89.78,,
ESTAT:ISOC_R_IACC_H(1.0),25/06/26 23:00:00,A,PC_HH,TRB,2021,90.37,,
ESTAT:ISOC_R_IACC_H(1.0),25/06/26 23:00:00,A,PC_HH,TRB,2022,90.45,,
ESTAT:ISOC_R_IACC_H(1.0),25/06/26 23:00:00,A,PC_HH,TRB,2023,97.89,,
ESTAT:ISOC_R_IACC_H(1.0),25/06/26 23:00:00,A,PC_HH,TRB,2024,95.01,,
ESTAT:ISOC_R_IACC_H(1.0),25/06/26 23:00:00,A,PC_HH,TRB,2025,94.30,,
ESTAT:ISOC_R_IACC_H(1.0),25/06/26 23:00:00,A,PC_HH,TRC,2012,21.51,,
ESTAT:ISOC_R_IACC_H(1.0),25/06/26 23:00:00,A,PC_HH,TRC,2013,27.47,,
ESTAT:ISOC_R_IACC_H(1.0),25/06/26 23:00:00,A,PC_HH,TRC,2014,53.05,,
ESTAT:ISOC_R_IACC_H(1.0),25/06/26 23:00:00,A,PC_HH,TRC,2015,66.09,,
ESTAT:ISOC_R_IACC_H(1.0),25/06/26 23:00:00,A,PC_HH,TRC,2016,69.50,,
ESTAT:ISOC_R_IACC_H(1.0),25/06/26 23:00:00,A,PC_HH,TRC,2017,71.51,,
ESTAT:ISOC_R_IACC_H(1.0),25/06/26 23:00:00,A,PC_HH,TRC,2018,80.70,,
ESTAT:ISOC_R_IACC_H(1.0),25/06/26 23:00:00,A,PC_HH,TRC,2019,81.10,,
ESTAT:ISOC_R_IACC_H(1.0),25/06/26 23:00:00,A,PC_HH,TRC,2020,87.47,,
ESTAT:ISOC_R_IACC_H(1.0),25/06/26 23:00:00,A,PC_HH,TRC,2021,93.85,,
ESTAT:ISOC_R_IACC_H(1.0),25/06/26 23:00:00,A,PC_HH,TRC,2022,93.93,,
ESTAT:ISOC_R_IACC_H(1.0),25/06/26 23:00:00,A,PC_HH,TRC,2023,96.43,,
ESTAT:ISOC_R_IACC_H(1.0),25/06/26 23:00:00,A,PC_HH,TRC,2024,97.20,,
ESTAT:ISOC_R_IACC_H(1.0),25/06/26 23:00:00,A,PC_HH,TRC,2025,97.24,,
ESTAT:ISOC_R_IACC_H(1.0),25/06/26 23:00:00,A,PC_HH,UK,2006,62.64,,
ESTAT:ISOC_R_IACC_H(1.0),25/06/26 23:00:00,A,PC_HH,UK,2007,66.72,,
ESTAT:ISOC_R_IACC_H(1.0),25/06/26 23:00:00,A,PC_HH,UK,2008,71.14,,
ESTAT:ISOC_R_IACC_H(1.0),25/06/26 23:00:00,A,PC_HH,UK,2009,76.69,,
ESTAT:ISOC_R_IACC_H(1.0),25/06/26 23:00:00,A,PC_HH,UK,2010,79.61,,
ESTAT:ISOC_R_IACC_H(1.0),25/06/26 23:00:00,A,PC_HH,UK,2011,82.70,,
ESTAT:ISOC_R_IACC_H(1.0),25/06/26 23:00:00,A,PC_HH,UK,2012,86.80,,
ESTAT:ISOC_R_IACC_H(1.0),25/06/26 23:00:00,A,PC_HH,UK,2013,88.45,,
ESTAT:ISOC_R_IACC_H(1.0),25/06/26 23:00:00,A,PC_HH,UK,2014,90.34,,
ESTAT:ISOC_R_IACC_H(1.0),25/06/26 23:00:00,A,PC_HH,UK,2015,91.25,,
ESTAT:ISOC_R_IACC_H(1.0),25/06/26 23:00:00,A,PC_HH,UK,2016,93.48,,
ESTAT:ISOC_R_IACC_H(1.0),25/06/26 23:00:00,A,PC_HH,UK,2017,93.99,,
ESTAT:ISOC_R_IACC_H(1.0),25/06/26 23:00:00,A,PC_HH,UK,2018,94.85,,
ESTAT:ISOC_R_IACC_H(1.0),25/06/26 23:00:00,A,PC_HH,UK,2019,95.85,,
ESTAT:ISOC_R_IACC_H(1.0),25/06/26 23:00:00,A,PC_HH,UK,2020,97.30,,
ESTAT:ISOC_R_IACC_H(1.0),25/06/26 23:00:00,A,PC_HH,UKC,2006,57.62,,
ESTAT:ISOC_R_IACC_H(1.0),25/06/26 23:00:00,A,PC_HH,UKC,2007,59.13,,
ESTAT:ISOC_R_IACC_H(1.0),25/06/26 23:00:00,A,PC_HH,UKC,2008,62.85,,
ESTAT:ISOC_R_IACC_H(1.0),25/06/26 23:00:00,A,PC_HH,UKC,2009,70.65,,
ESTAT:ISOC_R_IACC_H(1.0),25/06/26 23:00:00,A,PC_HH,UKC,2010,66.24,,
ESTAT:ISOC_R_IACC_H(1.0),25/06/26 23:00:00,A,PC_HH,UKC,2011,78.45,,
ESTAT:ISOC_R_IACC_H(1.0),25/06/26 23:00:00,A,PC_HH,UKC,2012,73.52,,
ESTAT:ISOC_R_IACC_H(1.0),25/06/26 23:00:00,A,PC_HH,UKC,2013,78.77,,
ESTAT:ISOC_R_IACC_H(1.0),25/06/26 23:00:00,A,PC_HH,UKC,2014,87.59,,
ESTAT:ISOC_R_IACC_H(1.0),25/06/26 23:00:00,A,PC_HH,UKC,2015,85.88,,
ESTAT:ISOC_R_IACC_H(1.0),25/06/26 23:00:00,A,PC_HH,UKC,2016,93.65,,
ESTAT:ISOC_R_IACC_H(1.0),25/06/26 23:00:00,A,PC_HH,UKC,2017,86.49,,
ESTAT:ISOC_R_IACC_H(1.0),25/06/26 23:00:00,A,PC_HH,UKC,2018,93.37,,
ESTAT:ISOC_R_IACC_H(1.0),25/06/26 23:00:00,A,PC_HH,UKC,2019,91.39,,
ESTAT:ISOC_R_IACC_H(1.0),25/06/26 23:00:00,A,PC_HH,UKC,2020,95.92,,
ESTAT:ISOC_R_IACC_H(1.0),25/06/26 23:00:00,A,PC_HH,UKD,2006,59.92,,
ESTAT:ISOC_R_IACC_H(1.0),25/06/26 23:00:00,A,PC_HH,UKD,2007,61.52,,
ESTAT:ISOC_R_IACC_H(1.0),25/06/26 23:00:00,A,PC_HH,UKD,2008,61.84,,
ESTAT:ISOC_R_IACC_H(1.0),25/06/26 23:00:00,A,PC_HH,UKD,2009,74.12,,
ESTAT:ISOC_R_IACC_H(1.0),25/06/26 23:00:00,A,PC_HH,UKD,2010,74.91,,
ESTAT:ISOC_R_IACC_H(1.0),25/06/26 23:00:00,A,PC_HH,UKD,2011,81.75,,
ESTAT:ISOC_R_IACC_H(1.0),25/06/26 23:00:00,A,PC_HH,UKD,2012,84.92,,
ESTAT:ISOC_R_IACC_H(1.0),25/06/26 23:00:00,A,PC_HH,UKD,2013,85.89,,
ESTAT:ISOC_R_IACC_H(1.0),25/06/26 23:00:00,A,PC_HH,UKD,2014,88.18,,
ESTAT:ISOC_R_IACC_H(1.0),25/06/26 23:00:00,A,PC_HH,UKD,2015,88.03,,
ESTAT:ISOC_R_IACC_H(1.0),25/06/26 23:00:00,A,PC_HH,UKD,2016,93.36,,
ESTAT:ISOC_R_IACC_H(1.0),25/06/26 23:00:00,A,PC_HH,UKD,2017,93.57,,
ESTAT:ISOC_R_IACC_H(1.0),25/06/26 23:00:00,A,PC_HH,UKD,2018,92.70,,
ESTAT:ISOC_R_IACC_H(1.0),25/06/26 23:00:00,A,PC_HH,UKD,2019,94.65,,
ESTAT:ISOC_R_IACC_H(1.0),25/06/26 23:00:00,A,PC_HH,UKD,2020,97.74,,
ESTAT:ISOC_R_IACC_H(1.0),25/06/26 23:00:00,A,PC_HH,UKE,2006,56.66,,
ESTAT:ISOC_R_IACC_H(1.0),25/06/26 23:00:00,A,PC_HH,UKE,2007,58.10,,
ESTAT:ISOC_R_IACC_H(1.0),25/06/26 23:00:00,A,PC_HH,UKE,2008,68.03,,
ESTAT:ISOC_R_IACC_H(1.0),25/06/26 23:00:00,A,PC_HH,UKE,2009,71.69,,
ESTAT:ISOC_R_IACC_H(1.0),25/06/26 23:00:00,A,PC_HH,UKE,2010,74.71,,
ESTAT:ISOC_R_IACC_H(1.0),25/06/26 23:00:00,A,PC_HH,UKE,2011,78.64,,
ESTAT:ISOC_R_IACC_H(1.0),25/06/26 23:00:00,A,PC_HH,UKE,2012,86.59,,
ESTAT:ISOC_R_IACC_H(1.0),25/06/26 23:00:00,A,PC_HH,UKE,2013,85.78,,
ESTAT:ISOC_R_IACC_H(1.0),25/06/26 23:00:00,A,PC_HH,UKE,2014,89.74,,
ESTAT:ISOC_R_IACC_H(1.0),25/06/26 23:00:00,A,PC_HH,UKE,2015,89.88,,
ESTAT:ISOC_R_IACC_H(1.0),25/06/26 23:00:00,A,PC_HH,UKE,2016,92.85,,
ESTAT:ISOC_R_IACC_H(1.0),25/06/26 23:00:00,A,PC_HH,UKE,2017,93.23,,
ESTAT:ISOC_R_IACC_H(1.0),25/06/26 23:00:00,A,PC_HH,UKE,2018,94.71,,
ESTAT:ISOC_R_IACC_H(1.0),25/06/26 23:00:00,A,PC_HH,UKE,2019,94.69,,
ESTAT:ISOC_R_IACC_H(1.0),25/06/26 23:00:00,A,PC_HH,UKE,2020,95.43,,
ESTAT:ISOC_R_IACC_H(1.0),25/06/26 23:00:00,A,PC_HH,UKF,2006,59.13,,
ESTAT:ISOC_R_IACC_H(1.0),25/06/26 23:00:00,A,PC_HH,UKF,2007,66.00,,
ESTAT:ISOC_R_IACC_H(1.0),25/06/26 23:00:00,A,PC_HH,UKF,2008,69.48,,
ESTAT:ISOC_R_IACC_H(1.0),25/06/26 23:00:00,A,PC_HH,UKF,2009,74.56,,
ESTAT:ISOC_R_IACC_H(1.0),25/06/26 23:00:00,A,PC_HH,UKF,2010,82.24,,
ESTAT:ISOC_R_IACC_H(1.0),25/06/26 23:00:00,A,PC_HH,UKF,2011,85.88,,
ESTAT:ISOC_R_IACC_H(1.0),25/06/26 23:00:00,A,PC_HH,UKF,2012,87.64,,
ESTAT:ISOC_R_IACC_H(1.0),25/06/26 23:00:00,A,PC_HH,UKF,2013,89.29,,
ESTAT:ISOC_R_IACC_H(1.0),25/06/26 23:00:00,A,PC_HH,UKF,2014,91.03,,
ESTAT:ISOC_R_IACC_H(1.0),25/06/26 23:00:00,A,PC_HH,UKF,2015,91.28,,
ESTAT:ISOC_R_IACC_H(1.0),25/06/26 23:00:00,A,PC_HH,UKF,2016,89.82,,
ESTAT:ISOC_R_IACC_H(1.0),25/06/26 23:00:00,A,PC_HH,UKF,2017,91.88,,
ESTAT:ISOC_R_IACC_H(1.0),25/06/26 23:00:00,A,PC_HH,UKF,2018,95.33,,
ESTAT:ISOC_R_IACC_H(1.0),25/06/26 23:00:00,A,PC_HH,UKF,2019,92.87,,
ESTAT:ISOC_R_IACC_H(1.0),25/06/26 23:00:00,A,PC_HH,UKF,2020,94.89,,
ESTAT:ISOC_R_IACC_H(1.0),25/06/26 23:00:00,A,PC_HH,UKG,2006,58.45,,
ESTAT:ISOC_R_IACC_H(1.0),25/06/26 23:00:00,A,PC_HH,UKG,2007,61.66,,
ESTAT:ISOC_R_IACC_H(1.0),25/06/26 23:00:00,A,PC_HH,UKG,2008,66.47,,
ESTAT:ISOC_R_IACC_H(1.0),25/06/26 23:00:00,A,PC_HH,UKG,2009,75.88,,
ESTAT:ISOC_R_IACC_H(1.0),25/06/26 23:00:00,A,PC_HH,UKG,2010,78.29,,
ESTAT:ISOC_R_IACC_H(1.0),25/06/26 23:00:00,A,PC_HH,UKG,2011,76.34,,
ESTAT:ISOC_R_IACC_H(1.0),25/06/26 23:00:00,A,PC_HH,UKG,2012,82.82,,
ESTAT:ISOC_R_IACC_H(1.0),25/06/26 23:00:00,A,PC_HH,UKG,2013,83.42,,
ESTAT:ISOC_R_IACC_H(1.0),25/06/26 23:00:00,A,PC_HH,UKG,2014,91.53,,
ESTAT:ISOC_R_IACC_H(1.0),25/06/26 23:00:00,A,PC_HH,UKG,2015,88.90,,
ESTAT:ISOC_R_IACC_H(1.0),25/06/26 23:00:00,A,PC_HH,UKG,2016,91.19,,
ESTAT:ISOC_R_IACC_H(1.0),25/06/26 23:00:00,A,PC_HH,UKG,2017,94.99,,
ESTAT:ISOC_R_IACC_H(1.0),25/06/26 23:00:00,A,PC_HH,UKG,2018,97.34,,
ESTAT:ISOC_R_IACC_H(1.0),25/06/26 23:00:00,A,PC_HH,UKG,2019,97.79,,
ESTAT:ISOC_R_IACC_H(1.0),25/06/26 23:00:00,A,PC_HH,UKG,2020,97.12,,
ESTAT:ISOC_R_IACC_H(1.0),25/06/26 23:00:00,A,PC_HH,UKH,2006,70.98,,
ESTAT:ISOC_R_IACC_H(1.0),25/06/26 23:00:00,A,PC_HH,UKH,2007,73.53,,
ESTAT:ISOC_R_IACC_H(1.0),25/06/26 23:00:00,A,PC_HH,UKH,2008,77.55,,
ESTAT:ISOC_R_IACC_H(1.0),25/06/26 23:00:00,A,PC_HH,UKH,2009,81.91,,
ESTAT:ISOC_R_IACC_H(1.0),25/06/26 23:00:00,A,PC_HH,UKH,2010,86.62,,
ESTAT:ISOC_R_IACC_H(1.0),25/06/26 23:00:00,A,PC_HH,UKH,2011,83.26,,
ESTAT:ISOC_R_IACC_H(1.0),25/06/26 23:00:00,A,PC_HH,UKH,2012,89.46,,
ESTAT:ISOC_R_IACC_H(1.0),25/06/26 23:00:00,A,PC_HH,UKH,2013,91.39,,
ESTAT:ISOC_R_IACC_H(1.0),25/06/26 23:00:00,A,PC_HH,UKH,2014,89.96,,
ESTAT:ISOC_R_IACC_H(1.0),25/06/26 23:00:00,A,PC_HH,UKH,2015,94.41,,
ESTAT:ISOC_R_IACC_H(1.0),25/06/26 23:00:00,A,PC_HH,UKH,2016,93.22,,
ESTAT:ISOC_R_IACC_H(1.0),25/06/26 23:00:00,A,PC_HH,UKH,2017,93.87,,
ESTAT:ISOC_R_IACC_H(1.0),25/06/26 23:00:00,A,PC_HH,UKH,2018,95.10,,
ESTAT:ISOC_R_IACC_H(1.0),25/06/26 23:00:00,A,PC_HH,UKH,2019,97.13,,
ESTAT:ISOC_R_IACC_H(1.0),25/06/26 23:00:00,A,PC_HH,UKH,2020,96.12,,
ESTAT:ISOC_R_IACC_H(1.0),25/06/26 23:00:00,A,PC_HH,UKI,2006,68.43,,
ESTAT:ISOC_R_IACC_H(1.0),25/06/26 23:00:00,A,PC_HH,UKI,2007,73.34,,
ESTAT:ISOC_R_IACC_H(1.0),25/06/26 23:00:00,A,PC_HH,UKI,2008,76.59,,
ESTAT:ISOC_R_IACC_H(1.0),25/06/26 23:00:00,A,PC_HH,UKI,2009,84.22,,
ESTAT:ISOC_R_IACC_H(1.0),25/06/26 23:00:00,A,PC_HH,UKI,2010,87.49,,
ESTAT:ISOC_R_IACC_H(1.0),25/06/26 23:00:00,A,PC_HH,UKI,2011,85.92,,
ESTAT:ISOC_R_IACC_H(1.0),25/06/26 23:00:00,A,PC_HH,UKI,2012,91.72,,
ESTAT:ISOC_R_IACC_H(1.0),25/06/26 23:00:00,A,PC_HH,UKI,2013,93.54,,
ESTAT:ISOC_R_IACC_H(1.0),25/06/26 23:00:00,A,PC_HH,UKI,2014,93.41,,
ESTAT:ISOC_R_IACC_H(1.0),25/06/26 23:00:00,A,PC_HH,UKI,2015,93.52,,
ESTAT:ISOC_R_IACC_H(1.0),25/06/26 23:00:00,A,PC_HH,UKI,2016,95.56,,
ESTAT:ISOC_R_IACC_H(1.0),25/06/26 23:00:00,A,PC_HH,UKI,2017,96.03,,
ESTAT:ISOC_R_IACC_H(1.0),25/06/26 23:00:00,A,PC_HH,UKI,2018,95.41,,
ESTAT:ISOC_R_IACC_H(1.0),25/06/26 23:00:00,A,PC_HH,UKI,2019,97.78,,
ESTAT:ISOC_R_IACC_H(1.0),25/06/26 23:00:00,A,PC_HH,UKI,2020,99.00,,
ESTAT:ISOC_R_IACC_H(1.0),25/06/26 23:00:00,A,PC_HH,UKJ,2006,71.98,,
ESTAT:ISOC_R_IACC_H(1.0),25/06/26 23:00:00,A,PC_HH,UKJ,2007,70.55,,
ESTAT:ISOC_R_IACC_H(1.0),25/06/26 23:00:00,A,PC_HH,UKJ,2008,79.71,,
ESTAT:ISOC_R_IACC_H(1.0),25/06/26 23:00:00,A,PC_HH,UKJ,2009,81.09,,
ESTAT:ISOC_R_IACC_H(1.0),25/06/26 23:00:00,A,PC_HH,UKJ,2010,85.86,,
ESTAT:ISOC_R_IACC_H(1.0),25/06/26 23:00:00,A,PC_HH,UKJ,2011,86.68,,
ESTAT:ISOC_R_IACC_H(1.0),25/06/26 23:00:00,A,PC_HH,UKJ,2012,89.49,,
ESTAT:ISOC_R_IACC_H(1.0),25/06/26 23:00:00,A,PC_HH,UKJ,2013,90.95,,
ESTAT:ISOC_R_IACC_H(1.0),25/06/26 23:00:00,A,PC_HH,UKJ,2014,92.49,,
ESTAT:ISOC_R_IACC_H(1.0),25/06/26 23:00:00,A,PC_HH,UKJ,2015,94.95,,
ESTAT:ISOC_R_IACC_H(1.0),25/06/26 23:00:00,A,PC_HH,UKJ,2016,95.82,,
ESTAT:ISOC_R_IACC_H(1.0),25/06/26 23:00:00,A,PC_HH,UKJ,2017,96.86,,
ESTAT:ISOC_R_IACC_H(1.0),25/06/26 23:00:00,A,PC_HH,UKJ,2018,96.34,,
ESTAT:ISOC_R_IACC_H(1.0),25/06/26 23:00:00,A,PC_HH,UKJ,2019,98.59,,
ESTAT:ISOC_R_IACC_H(1.0),25/06/26 23:00:00,A,PC_HH,UKJ,2020,98.94,,
ESTAT:ISOC_R_IACC_H(1.0),25/06/26 23:00:00,A,PC_HH,UKK,2006,67.72,,
ESTAT:ISOC_R_IACC_H(1.0),25/06/26 23:00:00,A,PC_HH,UKK,2007,74.11,,
ESTAT:ISOC_R_IACC_H(1.0),25/06/26 23:00:00,A,PC_HH,UKK,2008,73.08,,
ESTAT:ISOC_R_IACC_H(1.0),25/06/26 23:00:00,A,PC_HH,UKK,2009,76.93,,
ESTAT:ISOC_R_IACC_H(1.0),25/06/26 23:00:00,A,PC_HH,UKK,2010,78.27,,
ESTAT:ISOC_R_IACC_H(1.0),25/06/26 23:00:00,A,PC_HH,UKK,2011,86.26,,
ESTAT:ISOC_R_IACC_H(1.0),25/06/26 23:00:00,A,PC_HH,UKK,2012,93.06,,
ESTAT:ISOC_R_IACC_H(1.0),25/06/26 23:00:00,A,PC_HH,UKK,2013,92.86,,
ESTAT:ISOC_R_IACC_H(1.0),25/06/26 23:00:00,A,PC_HH,UKK,2014,92.08,,
ESTAT:ISOC_R_IACC_H(1.0),25/06/26 23:00:00,A,PC_HH,UKK,2015,93.19,,
ESTAT:ISOC_R_IACC_H(1.0),25/06/26 23:00:00,A,PC_HH,UKK,2016,93.98,,
ESTAT:ISOC_R_IACC_H(1.0),25/06/26 23:00:00,A,PC_HH,UKK,2017,94.54,,
ESTAT:ISOC_R_IACC_H(1.0),25/06/26 23:00:00,A,PC_HH,UKK,2018,93.92,,
ESTAT:ISOC_R_IACC_H(1.0),25/06/26 23:00:00,A,PC_HH,UKK,2019,96.02,,
ESTAT:ISOC_R_IACC_H(1.0),25/06/26 23:00:00,A,PC_HH,UKK,2020,97.11,,
ESTAT:ISOC_R_IACC_H(1.0),25/06/26 23:00:00,A,PC_HH,UKL,2006,56.55,,
ESTAT:ISOC_R_IACC_H(1.0),25/06/26 23:00:00,A,PC_HH,UKL,2007,63.92,,
ESTAT:ISOC_R_IACC_H(1.0),25/06/26 23:00:00,A,PC_HH,UKL,2008,70.87,,
ESTAT:ISOC_R_IACC_H(1.0),25/06/26 23:00:00,A,PC_HH,UKL,2009,73.65,,
ESTAT:ISOC_R_IACC_H(1.0),25/06/26 23:00:00,A,PC_HH,UKL,2010,84.28,,
ESTAT:ISOC_R_IACC_H(1.0),25/06/26 23:00:00,A,PC_HH,UKL,2011,77.87,,
ESTAT:ISOC_R_IACC_H(1.0),25/06/26 23:00:00,A,PC_HH,UKL,2012,79.29,,
ESTAT:ISOC_R_IACC_H(1.0),25/06/26 23:00:00,A,PC_HH,UKL,2013,83.35,,
ESTAT:ISOC_R_IACC_H(1.0),25/06/26 23:00:00,A,PC_HH,UKL,2014,86.81,,
ESTAT:ISOC_R_IACC_H(1.0),25/06/26 23:00:00,A,PC_HH,UKL,2015,87.77,,
ESTAT:ISOC_R_IACC_H(1.0),25/06/26 23:00:00,A,PC_HH,UKL,2016,91.42,,
ESTAT:ISOC_R_IACC_H(1.0),25/06/26 23:00:00,A,PC_HH,UKL,2017,91.50,,
ESTAT:ISOC_R_IACC_H(1.0),25/06/26 23:00:00,A,PC_HH,UKL,2018,95.96,,
ESTAT:ISOC_R_IACC_H(1.0),25/06/26 23:00:00,A,PC_HH,UKL,2019,92.85,,
ESTAT:ISOC_R_IACC_H(1.0),25/06/26 23:00:00,A,PC_HH,UKL,2020,97.07,,
ESTAT:ISOC_R_IACC_H(1.0),25/06/26 23:00:00,A,PC_HH,UKM,2006,52.21,,
ESTAT:ISOC_R_IACC_H(1.0),25/06/26 23:00:00,A,PC_HH,UKM,2007,66.09,,
ESTAT:ISOC_R_IACC_H(1.0),25/06/26 23:00:00,A,PC_HH,UKM,2008,69.92,,
ESTAT:ISOC_R_IACC_H(1.0),25/06/26 23:00:00,A,PC_HH,UKM,2009,69.78,,
ESTAT:ISOC_R_IACC_H(1.0),25/06/26 23:00:00,A,PC_HH,UKM,2010,69.41,,
ESTAT:ISOC_R_IACC_H(1.0),25/06/26 23:00:00,A,PC_HH,UKM,2011,83.36,,
ESTAT:ISOC_R_IACC_H(1.0),25/06/26 23:00:00,A,PC_HH,UKM,2012,83.60,,
ESTAT:ISOC_R_IACC_H(1.0),25/06/26 23:00:00,A,PC_HH,UKM,2013,86.93,,
ESTAT:ISOC_R_IACC_H(1.0),25/06/26 23:00:00,A,PC_HH,UKM,2014,86.94,,
ESTAT:ISOC_R_IACC_H(1.0),25/06/26 23:00:00,A,PC_HH,UKM,2015,89.75,,
ESTAT:ISOC_R_IACC_H(1.0),25/06/26 23:00:00,A,PC_HH,UKM,2016,94.50,,
ESTAT:ISOC_R_IACC_H(1.0),25/06/26 23:00:00,A,PC_HH,UKM,2017,94.20,,
ESTAT:ISOC_R_IACC_H(1.0),25/06/26 23:00:00,A,PC_HH,UKM,2018,92.26,,
ESTAT:ISOC_R_IACC_H(1.0),25/06/26 23:00:00,A,PC_HH,UKM,2019,94.36,,
ESTAT:ISOC_R_IACC_H(1.0),25/06/26 23:00:00,A,PC_HH,UKM,2020,98.28,,
ESTAT:ISOC_R_IACC_H(1.0),25/06/26 23:00:00,A,PC_HH,UKN,2006,54.21,,
ESTAT:ISOC_R_IACC_H(1.0),25/06/26 23:00:00,A,PC_HH,UKN,2007,56.12,,
ESTAT:ISOC_R_IACC_H(1.0),25/06/26 23:00:00,A,PC_HH,UKN,2008,60.41,,
ESTAT:ISOC_R_IACC_H(1.0),25/06/26 23:00:00,A,PC_HH,UKN,2009,,u,
ESTAT:ISOC_R_IACC_H(1.0),25/06/26 23:00:00,A,PC_HH,UKN,2010,78.20,,
ESTAT:ISOC_R_IACC_H(1.0),25/06/26 23:00:00,A,PC_HH,UKN,2013,90.18,,
ESTAT:ISOC_R_IACC_H(1.0),25/06/26 23:00:00,A,PC_HH,UKN,2014,88.16,,
ESTAT:ISOC_R_IACC_H(1.0),25/06/26 23:00:00,A,PC_HH,UKN,2015,89.86,,
ESTAT:ISOC_R_IACC_H(1.0),25/06/26 23:00:00,A,PC_HH,UKN,2016,91.53,,
ESTAT:ISOC_R_IACC_H(1.0),25/06/26 23:00:00,A,PC_HH,UKN,2017,90.71,,
ESTAT:ISOC_R_IACC_H(1.0),25/06/26 23:00:00,A,PC_HH,UKN,2018,94.22,,
ESTAT:ISOC_R_IACC_H(1.0),25/06/26 23:00:00,A,PC_HH,UKN,2019,93.96,,
ESTAT:ISOC_R_IACC_H(1.0),25/06/26 23:00:00,A,PC_HH,XK,2017,88.77,,
ESTAT:ISOC_R_IACC_H(1.0),25/06/26 23:00:00,A,PC_HH,XK,2018,93.20,,
ESTAT:ISOC_R_IACC_H(1.0),25/06/26 23:00:00,A,PC_HH,XK,2019,93.19,,
ESTAT:ISOC_R_IACC_H(1.0),25/06/26 23:00:00,A,PC_HH,XK,2020,96.44,,
ESTAT:ISOC_R_IACC_H(1.0),25/06/26 23:00:00,A,PC_HH,XK,2024,99.05,,
ESTAT:ISOC_R_IACC_H(1.0),25/06/26 23:00:00,A,PC_HH,XK,2025,99.35,,
